Sr,Size,Latency
0,1,0.000005108
1,1,0.000001327
2,1,0.000000998
3,1,0.000000970
4,1,0.000000977
5,1,0.000002246
6,1,0.000001024
7,1,0.000000957
8,1,0.000000960
9,1,0.000000954
10,1,0.000000960
11,1,0.000000952
12,1,0.000000959
13,1,0.000000952
14,1,0.000000957
15,1,0.000000952
16,1,0.000000956
17,1,0.000000952
18,1,0.000000957
19,1,0.000000950
20,1,0.000000956
21,1,0.000000950
22,1,0.000000955
23,1,0.000000949
24,1,0.000000955
25,1,0.000000949
26,1,0.000000955
27,1,0.000000949
28,1,0.000000955
29,1,0.000001015
30,1,0.000001588
31,1,0.000002510
32,1,0.000001463
33,1,0.000001400
34,1,0.000001503
35,1,0.000001394
36,1,0.000001692
37,1,0.000001298
38,1,0.000001207
39,1,0.000001180
40,1,0.000001185
41,1,0.000001160
42,1,0.000001178
43,1,0.000001174
44,1,0.000001165
45,1,0.000001175
46,1,0.000001176
47,1,0.000001162
48,1,0.000001161
49,1,0.000001195
50,1,0.000001182
51,1,0.000001163
52,1,0.000001187
53,1,0.000001173
54,1,0.000001186
55,1,0.000001160
56,1,0.000001168
57,1,0.000001199
58,1,0.000001192
59,1,0.000001156
60,1,0.000001159
61,1,0.000002257
62,1,0.000001224
63,1,0.000001207
64,1,0.000001182
65,1,0.000001179
66,1,0.000001191
67,1,0.000001174
68,1,0.000001186
69,1,0.000001199
70,1,0.000001168
71,1,0.000001191
72,1,0.000001182
73,1,0.000001172
74,1,0.000001198
75,1,0.000001192
76,1,0.000001195
77,1,0.000001192
78,1,0.000001204
79,1,0.000001187
80,1,0.000001199
81,1,0.000001198
82,1,0.000001187
83,1,0.000001174
84,1,0.000001191
85,1,0.000001199
86,1,0.000001194
87,1,0.000001209
88,1,0.000001177
89,1,0.000001178
90,1,0.000001212
91,1,0.000001182
92,1,0.000001164
93,1,0.000002149
94,1,0.000001227
95,1,0.000001179
96,1,0.000001197
97,1,0.000001187
98,1,0.000001163
99,1,0.000001188
100,1,0.000001160
101,1,0.000001166
102,1,0.000001155
103,1,0.000001201
104,1,0.000001171
105,1,0.000001161
106,1,0.000001171
107,1,0.000001189
108,1,0.000001162
109,1,0.000001168
110,1,0.000001207
111,1,0.000001188
112,1,0.000001206
113,1,0.000001205
114,1,0.000001196
115,1,0.000001197
116,1,0.000001200
117,1,0.000001197
118,1,0.000001186
119,1,0.000001168
120,1,0.000001194
121,1,0.000001195
122,1,0.000001195
123,1,0.000001196
124,1,0.000001211
125,1,0.000002110
126,1,0.000001665
127,1,0.000001372
128,1,0.000001404
129,1,0.000001346
130,1,0.000001356
131,1,0.000001351
132,1,0.000001344
133,1,0.000001390
134,1,0.000001341
135,1,0.000001350
136,1,0.000001353
137,1,0.000001356
138,1,0.000001421
139,1,0.000001410
140,1,0.000001337
141,1,0.000001330
142,1,0.000001354
143,1,0.000001338
144,1,0.000001389
145,1,0.000001331
146,1,0.000001333
147,1,0.000001341
148,1,0.000001411
149,1,0.000001402
150,1,0.000001332
151,1,0.000001412
152,1,0.000001418
153,1,0.000002235
154,1,0.000001241
155,1,0.000001201
156,1,0.000001189
157,1,0.000001234
158,1,0.000001201
159,1,0.000001191
160,1,0.000001173
161,1,0.000001190
162,1,0.000001166
163,1,0.000001210
164,1,0.000001190
165,1,0.000001171
166,1,0.000001193
167,1,0.000001205
168,1,0.000001187
169,1,0.000001168
170,1,0.000001184
171,1,0.000001200
172,1,0.000001195
173,1,0.000001193
174,1,0.000001194
175,1,0.000001188
176,1,0.000001205
177,1,0.000001186
178,1,0.000001169
179,1,0.000001186
180,1,0.000001197
181,1,0.000001170
182,1,0.000001189
183,1,0.000001202
184,1,0.000002153
185,1,0.000001225
186,1,0.000001208
187,1,0.000001184
188,1,0.000001189
189,1,0.000001191
190,1,0.000001196
191,1,0.000001173
192,1,0.000001189
193,1,0.000001210
194,1,0.000001195
195,1,0.000001207
196,1,0.000001189
197,1,0.000001210
198,1,0.000001196
199,1,0.000001191
200,1,0.000001191
201,1,0.000001195
202,1,0.000001200
203,1,0.000001187
204,1,0.000001166
205,1,0.000001207
206,1,0.000001209
207,1,0.000001186
208,1,0.000001205
209,1,0.000001190
210,1,0.000001175
211,1,0.000001190
212,1,0.000001207
213,1,0.000001194
214,1,0.000001159
215,1,0.000001206
216,1,0.000001202
217,1,0.000001187
218,1,0.000001206
219,1,0.000001207
220,1,0.000001195
221,1,0.000001185
222,1,0.000001192
223,1,0.000001226
224,1,0.000002062
225,1,0.000001206
226,1,0.000001209
227,1,0.000001174
228,1,0.000001168
229,1,0.000001189
230,1,0.000001204
231,1,0.000001291
232,1,0.000001188
233,1,0.000001193
234,1,0.000001193
235,1,0.000001195
236,1,0.000001168
237,1,0.000001165
238,1,0.000001197
239,1,0.000001196
240,1,0.000001194
241,1,0.000001167
242,1,0.000001209
243,1,0.000001202
244,1,0.000001198
245,1,0.000001203
246,1,0.000001188
247,1,0.000001177
248,1,0.000001191
249,1,0.000001190
250,1,0.000001193
251,1,0.000001156
252,1,0.000001198
253,1,0.000001192
254,1,0.000001183
255,1,0.000001175
256,1,0.000001199
257,1,0.000001207
258,1,0.000001187
259,1,0.000001161
260,1,0.000001205
261,1,0.000001193
262,1,0.000001206
263,1,0.000001202
264,1,0.000001184
265,1,0.000002250
266,1,0.000001233
267,1,0.000001194
268,1,0.000001188
269,1,0.000001154
270,1,0.000001163
271,1,0.000001186
272,1,0.000001163
273,1,0.000001156
274,1,0.000001155
275,1,0.000001158
276,1,0.000001162
277,1,0.000001153
278,1,0.000001166
279,1,0.000001185
280,1,0.000001162
281,1,0.000001159
282,1,0.000001155
283,1,0.000001167
284,1,0.000001187
285,1,0.000001161
286,1,0.000001160
287,1,0.000001162
288,1,0.000001162
289,1,0.000001163
290,1,0.000001164
291,1,0.000001160
292,1,0.000001161
293,1,0.000001165
294,1,0.000001161
295,1,0.000001186
296,1,0.000001160
297,1,0.000001159
298,1,0.000001162
299,1,0.000001155
300,1,0.000001152
301,1,0.000001156
302,1,0.000001169
303,1,0.000001186
304,1,0.000001153
305,1,0.000001170
306,1,0.000001189
307,1,0.000001151
308,1,0.000002157
309,1,0.000001232
310,1,0.000001174
311,1,0.000001138
312,1,0.000001180
313,1,0.000001165
314,1,0.000001158
315,1,0.000001162
316,1,0.000001163
317,1,0.000001160
318,1,0.000001162
319,1,0.000001161
320,1,0.000001165
321,1,0.000001155
322,1,0.000001190
323,1,0.000001156
324,1,0.000001159
325,1,0.000001165
326,1,0.000001158
327,1,0.000001178
328,1,0.000001173
329,1,0.000001159
330,1,0.000001163
331,1,0.000001159
332,1,0.000001163
333,1,0.000001153
334,1,0.000001169
335,1,0.000001169
336,1,0.000001162
337,1,0.000001162
338,1,0.000001167
339,1,0.000001161
340,1,0.000001163
341,1,0.000001163
342,1,0.000001170
343,1,0.000001154
344,1,0.000001167
345,1,0.000001161
346,1,0.000001158
347,1,0.000001161
348,1,0.000001160
349,1,0.000001189
350,1,0.000002105
351,1,0.000001209
352,1,0.000001172
353,1,0.000001178
354,1,0.000001159
355,1,0.000001166
356,1,0.000001183
357,1,0.000001168
358,1,0.000001147
359,1,0.000001161
360,1,0.000001174
361,1,0.000001191
362,1,0.000001161
363,1,0.000001162
364,1,0.000001166
365,1,0.000001166
366,1,0.000001167
367,1,0.000001196
368,1,0.000001166
369,1,0.000001156
370,1,0.000001163
371,1,0.000001189
372,1,0.000001160
373,1,0.000001260
374,1,0.000001204
375,1,0.000001186
376,1,0.000001161
377,1,0.000001164
378,1,0.000001149
379,1,0.000001165
380,1,0.000001196
381,1,0.000001159
382,1,0.000001188
383,1,0.000001155
384,1,0.000001158
385,1,0.000001165
386,1,0.000001184
387,1,0.000001159
388,1,0.000001161
389,1,0.000001157
390,1,0.000001155
391,1,0.000001172
392,1,0.000002319
393,1,0.000001238
394,1,0.000001196
395,1,0.000001186
396,1,0.000001180
397,1,0.000001164
398,1,0.000001162
399,1,0.000001156
400,1,0.000001125
401,1,0.000001156
402,1,0.000001137
403,1,0.000001145
404,1,0.000001148
405,1,0.000001147
406,1,0.000001144
407,1,0.000001143
408,1,0.000001148
409,1,0.000001147
410,1,0.000001144
411,1,0.000001159
412,1,0.000001134
413,1,0.000001157
414,1,0.000001148
415,1,0.000001144
416,1,0.000001149
417,1,0.000001142
418,1,0.000001152
419,1,0.000001152
420,1,0.000001144
421,1,0.000001150
422,1,0.000001151
423,1,0.000001359
424,1,0.000002239
425,1,0.000001247
426,1,0.000001362
427,1,0.000001526
428,1,0.000001406
429,1,0.000001210
430,1,0.000001161
431,1,0.000001148
432,1,0.000001141
433,1,0.000001147
434,1,0.000001145
435,1,0.000001148
436,1,0.000001151
437,1,0.000001148
438,1,0.000001144
439,1,0.000001150
440,1,0.000001146
441,1,0.000001185
442,1,0.000002139
443,1,0.000001207
444,1,0.000001166
445,1,0.000001142
446,1,0.000001150
447,1,0.000001148
448,1,0.000001151
449,1,0.000001144
450,1,0.000001149
451,1,0.000001149
452,1,0.000001147
453,1,0.000001242
454,1,0.000001241
455,1,0.000001130
456,1,0.000001143
457,1,0.000001138
458,1,0.000001151
459,1,0.000001146
460,1,0.000001141
461,1,0.000001145
462,1,0.000002233
463,1,0.000001203
464,1,0.000001355
465,1,0.000001521
466,1,0.000001385
467,1,0.000001679
468,1,0.000001537
469,1,0.000001491
470,1,0.000001429
471,1,0.000001591
472,1,0.000001472
473,1,0.000001485
474,1,0.000001484
475,1,0.000001487
476,1,0.000001601
477,1,0.000001521
478,1,0.000013977
479,1,0.000002807
480,1,0.000001560
481,1,0.000001379
482,1,0.000000924
483,1,0.000000917
484,1,0.000000912
485,1,0.000000920
486,1,0.000000911
487,1,0.000000917
488,1,0.000000912
489,1,0.000000917
490,1,0.000000909
491,1,0.000000917
492,1,0.000000909
493,1,0.000001799
494,1,0.000000935
495,1,0.000000924
496,1,0.000000917
497,1,0.000000926
498,1,0.000000917
499,1,0.000000928
500,1,0.000000918
501,1,0.000000928
502,1,0.000000917
503,1,0.000000928
504,1,0.000000918
505,1,0.000000931
506,1,0.000000917
507,1,0.000000940
508,1,0.000001643
509,1,0.000000962
510,1,0.000000919
511,1,0.000000928
512,1,0.000000919
513,1,0.000000928
514,1,0.000000921
515,1,0.000000929
516,1,0.000000919
517,1,0.000000927
518,1,0.000000918
519,1,0.000000928
520,1,0.000000917
521,1,0.000000925
522,1,0.000000918
523,1,0.000000942
524,1,0.000001638
525,1,0.000000958
526,1,0.000000918
527,1,0.000000924
528,1,0.000000914
529,1,0.000000923
530,1,0.000000915
531,1,0.000000924
532,1,0.000000915
533,1,0.000000923
534,1,0.000000915
535,1,0.000000927
536,1,0.000000918
537,1,0.000000925
538,1,0.000000917
539,1,0.000000931
540,1,0.000001634
541,1,0.000000960
542,1,0.000000919
543,1,0.000000929
544,1,0.000000917
545,1,0.000000928
546,1,0.000000917
547,1,0.000000928
548,1,0.000000915
549,1,0.000000925
550,1,0.000000916
551,1,0.000000927
552,1,0.000000917
553,1,0.000000925
554,1,0.000000925
555,1,0.000001631
556,1,0.000000939
557,1,0.000000931
558,1,0.000000917
559,1,0.000000926
560,1,0.000000915
561,1,0.000000924
562,1,0.000000914
563,1,0.000000925
564,1,0.000000916
565,1,0.000000927
566,1,0.000000915
567,1,0.000000926
568,1,0.000000918
569,1,0.000000928
570,1,0.000000932
571,1,0.000001635
572,1,0.000000942
573,1,0.000000933
574,1,0.000000917
575,1,0.000000926
576,1,0.000000918
577,1,0.000000927
578,1,0.000000917
579,1,0.000000927
580,1,0.000000917
581,1,0.000000928
582,1,0.000000918
583,1,0.000000926
584,1,0.000000917
585,1,0.000000927
586,1,0.000000932
587,1,0.000001630
588,1,0.000000941
589,1,0.000000928
590,1,0.000000951
591,1,0.000000927
592,1,0.000000912
593,1,0.000000926
594,1,0.000000915
595,1,0.000000926
596,1,0.000000914
597,1,0.000000926
598,1,0.000000917
599,1,0.000000929
600,1,0.000000918
601,1,0.000000928
602,1,0.000000917
603,1,0.000000929
604,1,0.000000918
605,1,0.000000928
606,1,0.000000917
607,1,0.000000929
608,1,0.000000915
609,1,0.000000930
610,1,0.000000918
611,1,0.000000930
612,1,0.000012630
613,1,0.000001058
614,1,0.000000934
615,1,0.000000920
616,1,0.000000927
617,1,0.000000917
618,1,0.000000925
619,1,0.000000921
620,1,0.000000927
621,1,0.000000922
622,1,0.000000927
623,1,0.000000919
624,1,0.000000926
625,1,0.000000919
626,1,0.000000926
627,1,0.000000920
628,1,0.000000925
629,1,0.000000917
630,1,0.000000924
631,1,0.000000917
632,1,0.000000922
633,1,0.000000918
634,1,0.000000923
635,1,0.000000992
636,1,0.000001673
637,1,0.000002610
638,1,0.000001346
639,1,0.000015816
640,1,0.000001394
641,1,0.000001385
642,1,0.000001336
643,1,0.000001318
644,1,0.000001553
645,1,0.000001378
646,1,0.000001332
647,1,0.000001300
648,1,0.000001250
649,1,0.000001408
650,1,0.000001344
651,1,0.000001364
652,1,0.000001301
653,1,0.000001543
654,1,0.000001337
655,1,0.000001281
656,1,0.000001344
657,1,0.000001390
658,1,0.000001389
659,1,0.000001438
660,1,0.000001442
661,1,0.000001568
662,1,0.000001410
663,1,0.000002809
664,1,0.000001603
665,1,0.000001418
666,1,0.000001596
667,1,0.000001836
668,1,0.000000939
669,1,0.000000939
670,1,0.000000933
671,1,0.000000939
672,1,0.000000932
673,1,0.000000942
674,1,0.000000935
675,1,0.000000940
676,1,0.000000937
677,1,0.000000941
678,1,0.000000933
679,1,0.000000942
680,1,0.000000936
681,1,0.000000945
682,1,0.000000937
683,1,0.000000942
684,1,0.000000937
685,1,0.000000944
686,1,0.000000935
687,1,0.000000944
688,1,0.000000932
689,1,0.000000941
690,1,0.000000934
691,1,0.000000940
692,1,0.000000934
693,1,0.000000940
694,1,0.000000932
695,1,0.000000937
696,1,0.000000935
697,1,0.000000938
698,1,0.000000934
699,1,0.000000938
700,1,0.000000940
701,1,0.000002160
702,1,0.000000975
703,1,0.000000949
704,1,0.000000953
705,1,0.000000939
706,1,0.000000950
707,1,0.000000935
708,1,0.000000950
709,1,0.000000961
710,1,0.000000951
711,1,0.000000936
712,1,0.000000949
713,1,0.000000938
714,1,0.000000950
715,1,0.000000939
716,1,0.000000950
717,1,0.000000938
718,1,0.000000950
719,1,0.000000937
720,1,0.000000951
721,1,0.000000936
722,1,0.000000950
723,1,0.000000936
724,1,0.000000949
725,1,0.000000935
726,1,0.000000948
727,1,0.000000933
728,1,0.000000950
729,1,0.000000935
730,1,0.000000948
731,1,0.000000933
732,1,0.000000948
733,1,0.000000937
734,1,0.000000947
735,1,0.000000934
736,1,0.000000948
737,1,0.000000935
738,1,0.000000949
739,1,0.000000934
740,1,0.000000949
741,1,0.000000936
742,1,0.000000949
743,1,0.000000936
744,1,0.000000951
745,1,0.000000938
746,1,0.000000951
747,1,0.000000938
748,1,0.000000982
749,1,0.000001693
750,1,0.000000975
751,1,0.000000938
752,1,0.000000949
753,1,0.000000938
754,1,0.000000950
755,1,0.000000936
756,1,0.000000950
757,1,0.000000940
758,1,0.000000948
759,1,0.000000936
760,1,0.000000949
761,1,0.000000936
762,1,0.000000947
763,1,0.000000933
764,1,0.000000948
765,1,0.000121566
766,1,0.000002541
767,1,0.000001005
768,1,0.000000939
769,1,0.000000944
770,1,0.000000939
771,1,0.000000942
772,1,0.000000940
773,1,0.000000942
774,1,0.000000940
775,1,0.000000941
776,1,0.000000939
777,1,0.000000964
778,1,0.000001051
779,1,0.000000954
780,1,0.000000953
781,1,0.000000940
782,1,0.000000944
783,1,0.000000943
784,1,0.000000946
785,1,0.000000945
786,1,0.000000947
787,1,0.000000945
788,1,0.000000944
789,1,0.000000944
790,1,0.000000947
791,1,0.000000943
792,1,0.000000943
793,1,0.000000946
794,1,0.000000943
795,1,0.000000944
796,1,0.000000943
797,1,0.000000942
798,1,0.000000944
799,1,0.000000942
800,1,0.000000940
801,1,0.000000942
802,1,0.000000940
803,1,0.000000947
804,1,0.000001618
805,1,0.000000965
806,1,0.000000934
807,1,0.000000941
808,1,0.000000943
809,1,0.000000942
810,1,0.000000942
811,1,0.000000943
812,1,0.000000947
813,1,0.000000941
814,1,0.000000943
815,1,0.000000942
816,1,0.000000944
817,1,0.000000942
818,1,0.000000944
819,1,0.000000942
820,1,0.000000946
821,1,0.000000943
822,1,0.000000942
823,1,0.000000940
824,1,0.000000946
825,1,0.000000967
826,1,0.000001675
827,1,0.000000959
828,1,0.000000951
829,1,0.000000945
830,1,0.000000941
831,1,0.000000943
832,1,0.000000942
833,1,0.000000939
834,1,0.000000941
835,1,0.000000942
836,1,0.000000944
837,1,0.000000942
838,1,0.000000941
839,1,0.000000944
840,1,0.000000943
841,1,0.000000943
842,1,0.000000942
843,1,0.000000943
844,1,0.000000944
845,1,0.000000942
846,1,0.000000950
847,1,0.000001792
848,1,0.000001085
849,1,0.000000960
850,1,0.000000955
851,1,0.000000951
852,1,0.000000949
853,1,0.000000945
854,1,0.000000942
855,1,0.000000941
856,1,0.000000941
857,1,0.000000943
858,1,0.000000940
859,1,0.000000944
860,1,0.000000940
861,1,0.000000945
862,1,0.000000938
863,1,0.000000937
864,1,0.000000941
865,1,0.000000937
866,1,0.000000937
867,1,0.000000941
868,1,0.000000939
869,1,0.000000951
870,1,0.000001655
871,1,0.000000983
872,1,0.000000942
873,1,0.000000946
874,1,0.000000943
875,1,0.000000943
876,1,0.000000942
877,1,0.000001045
878,1,0.000000942
879,1,0.000000943
880,1,0.000000945
881,1,0.000000946
882,1,0.000000942
883,1,0.000000943
884,1,0.000000944
885,1,0.000000943
886,1,0.000000943
887,1,0.000000943
888,1,0.000000942
889,1,0.000000942
890,1,0.000000942
891,1,0.000000957
892,1,0.000001759
893,1,0.000000971
894,1,0.000000947
895,1,0.000000946
896,1,0.000000944
897,1,0.000000939
898,1,0.000000941
899,1,0.000000944
900,1,0.000000938
901,1,0.000000942
902,1,0.000000941
903,1,0.000000941
904,1,0.000000939
905,1,0.000000943
906,1,0.000000939
907,1,0.000000943
908,1,0.000000941
909,1,0.000000948
910,1,0.000000946
911,1,0.000000942
912,1,0.000000940
913,1,0.000000946
914,1,0.000000942
915,1,0.000000946
916,1,0.000000941
917,1,0.000000944
918,1,0.000000942
919,1,0.000000943
920,1,0.000000939
921,1,0.000000946
922,1,0.000000939
923,1,0.000000940
924,1,0.000000939
925,1,0.000000942
926,1,0.000000938
927,1,0.000000940
928,1,0.000000937
929,1,0.000000941
930,1,0.000000938
931,1,0.000000939
932,1,0.000000938
933,1,0.000000942
934,1,0.000000940
935,1,0.000000941
936,1,0.000000941
937,1,0.000001654
938,1,0.000000945
939,1,0.000000947
940,1,0.000000941
941,1,0.000000943
942,1,0.000000944
943,1,0.000000945
944,1,0.000000945
945,1,0.000000944
946,1,0.000000942
947,1,0.000000944
948,1,0.000000942
949,1,0.000000945
950,1,0.000000940
951,1,0.000000942
952,1,0.000000940
953,1,0.000000941
954,1,0.000000939
955,1,0.000000941
956,1,0.000000942
957,1,0.000000941
958,1,0.000000943
959,1,0.000000942
960,1,0.000000939
961,1,0.000000939
962,1,0.000000943
963,1,0.000000942
964,1,0.000000938
965,1,0.000000940
966,1,0.000000943
967,1,0.000000942
968,1,0.000000939
969,1,0.000000942
970,1,0.000000940
971,1,0.000000942
972,1,0.000000945
973,1,0.000000941
974,1,0.000001742
975,1,0.000000961
976,1,0.000000952
977,1,0.000000945
978,1,0.000000943
979,1,0.000000940
980,1,0.000000942
981,1,0.000000944
982,1,0.000000941
983,1,0.000000942
984,1,0.000000940
985,1,0.000000943
986,1,0.000000943
987,1,0.000000939
988,1,0.000000944
989,1,0.000000944
990,1,0.000000937
991,1,0.000000938
992,1,0.000000940
993,1,0.000000942
994,1,0.000000937
995,1,0.000000940
996,1,0.000000939
997,1,0.000000941
998,1,0.000000939
999,1,0.000000937
0,256,0.000002023
1,256,0.000001030
2,256,0.000000943
3,256,0.000000951
4,256,0.000000939
5,256,0.000000962
6,256,0.000000967
7,256,0.000000936
8,256,0.000000935
9,256,0.000000935
10,256,0.000000938
11,256,0.000000940
12,256,0.000000963
13,256,0.000000968
14,256,0.000000969
15,256,0.000000933
16,256,0.000004609
17,256,0.000001044
18,256,0.000000958
19,256,0.000000970
20,256,0.000000965
21,256,0.000000948
22,256,0.000000948
23,256,0.000000949
24,256,0.000000950
25,256,0.000000947
26,256,0.000000950
27,256,0.000000947
28,256,0.000000950
29,256,0.000000948
30,256,0.000000951
31,256,0.000000948
32,256,0.000002260
33,256,0.000001001
34,256,0.000000953
35,256,0.000000950
36,256,0.000000947
37,256,0.000000950
38,256,0.000000946
39,256,0.000000949
40,256,0.000000945
41,256,0.000000949
42,256,0.000000948
43,256,0.000000948
44,256,0.000000945
45,256,0.000000951
46,256,0.000000943
47,256,0.000000946
48,256,0.000002171
49,256,0.000000988
50,256,0.000000944
51,256,0.000000944
52,256,0.000000950
53,256,0.000000947
54,256,0.000000949
55,256,0.000000947
56,256,0.000000945
57,256,0.000000950
58,256,0.000000947
59,256,0.000000950
60,256,0.000000949
61,256,0.000000948
62,256,0.000000946
63,256,0.000000950
64,256,0.000002086
65,256,0.000000994
66,256,0.000000946
67,256,0.000000949
68,256,0.000000946
69,256,0.000000946
70,256,0.000000946
71,256,0.000000948
72,256,0.000000944
73,256,0.000000946
74,256,0.000000944
75,256,0.000000947
76,256,0.000000944
77,256,0.000000944
78,256,0.000000946
79,256,0.000000945
80,256,0.000002093
81,256,0.000000987
82,256,0.000000945
83,256,0.000000948
84,256,0.000000949
85,256,0.000000946
86,256,0.000000946
87,256,0.000000947
88,256,0.000000947
89,256,0.000000949
90,256,0.000000947
91,256,0.000000949
92,256,0.000000949
93,256,0.000000948
94,256,0.000000948
95,256,0.000000949
96,256,0.000002039
97,256,0.000000987
98,256,0.000000971
99,256,0.000001881
100,256,0.000001208
101,256,0.000001365
102,256,0.000001422
103,256,0.000001392
104,256,0.000001559
105,256,0.000001426
106,256,0.000001476
107,256,0.000001454
108,256,0.000001579
109,256,0.000001735
110,256,0.000000933
111,256,0.000000931
112,256,0.000002700
113,256,0.000000986
114,256,0.000000935
115,256,0.000000937
116,256,0.000000936
117,256,0.000000934
118,256,0.000000933
119,256,0.000000934
120,256,0.000015546
121,256,0.000001091
122,256,0.000000948
123,256,0.000000945
124,256,0.000000947
125,256,0.000000949
126,256,0.000000948
127,256,0.000000950
128,256,0.000002287
129,256,0.000002060
130,256,0.000001012
131,256,0.000000959
132,256,0.000000962
133,256,0.000001189
134,256,0.000001466
135,256,0.000001488
136,256,0.000001580
137,256,0.000001501
138,256,0.000001528
139,256,0.000001615
140,256,0.000001594
141,256,0.000000961
142,256,0.000000956
143,256,0.000000965
144,256,0.000002662
145,256,0.000001014
146,256,0.000000978
147,256,0.000000966
148,256,0.000000969
149,256,0.000000965
150,256,0.000000970
151,256,0.000014601
152,256,0.000000949
153,256,0.000000938
154,256,0.000000941
155,256,0.000000938
156,256,0.000000929
157,256,0.000000949
158,256,0.000000931
159,256,0.000000944
160,256,0.000002374
161,256,0.000002035
162,256,0.000000960
163,256,0.000000939
164,256,0.000000935
165,256,0.000000941
166,256,0.000000939
167,256,0.000000942
168,256,0.000000939
169,256,0.000000938
170,256,0.000000942
171,256,0.000000945
172,256,0.000000939
173,256,0.000000940
174,256,0.000000939
175,256,0.000000943
176,256,0.000002145
177,256,0.000000993
178,256,0.000000942
179,256,0.000000939
180,256,0.000000938
181,256,0.000000939
182,256,0.000000935
183,256,0.000000936
184,256,0.000000935
185,256,0.000000938
186,256,0.000000934
187,256,0.000000938
188,256,0.000000937
189,256,0.000000940
190,256,0.000000936
191,256,0.000000939
192,256,0.000002089
193,256,0.000000981
194,256,0.000000956
195,256,0.000001723
196,256,0.000000939
197,256,0.000000934
198,256,0.000000933
199,256,0.000000933
200,256,0.000000932
201,256,0.000000935
202,256,0.000000935
203,256,0.000000933
204,256,0.000000932
205,256,0.000000933
206,256,0.000000932
207,256,0.000000932
208,256,0.000002212
209,256,0.000000995
210,256,0.000000939
211,256,0.000000937
212,256,0.000000938
213,256,0.000000938
214,256,0.000000936
215,256,0.000000935
216,256,0.000000940
217,256,0.000000934
218,256,0.000000937
219,256,0.000000939
220,256,0.000000938
221,256,0.000000935
222,256,0.000000940
223,256,0.000000935
224,256,0.000002075
225,256,0.000000993
226,256,0.000011366
227,256,0.000000971
228,256,0.000000942
229,256,0.000000939
230,256,0.000000940
231,256,0.000000936
232,256,0.000000941
233,256,0.000000935
234,256,0.000000944
235,256,0.000000934
236,256,0.000000954
237,256,0.000001994
238,256,0.000000965
239,256,0.000000953
240,256,0.000005435
241,256,0.000001006
242,256,0.000000929
243,256,0.000000922
244,256,0.000000921
245,256,0.000000923
246,256,0.000000925
247,256,0.000000925
248,256,0.000000923
249,256,0.000000924
250,256,0.000000925
251,256,0.000000925
252,256,0.000000924
253,256,0.000000924
254,256,0.000000922
255,256,0.000000925
256,256,0.000002194
257,256,0.000000979
258,256,0.000000931
259,256,0.000000932
260,256,0.000000933
261,256,0.000000935
262,256,0.000000929
263,256,0.000000932
264,256,0.000000930
265,256,0.000000932
266,256,0.000000931
267,256,0.000000932
268,256,0.000000956
269,256,0.000001771
270,256,0.000000959
271,256,0.000000939
272,256,0.000002136
273,256,0.000000985
274,256,0.000000935
275,256,0.000000931
276,256,0.000000930
277,256,0.000000933
278,256,0.000000934
279,256,0.000000933
280,256,0.000000930
281,256,0.000000930
282,256,0.000000934
283,256,0.000000932
284,256,0.000000929
285,256,0.000000932
286,256,0.000000930
287,256,0.000000930
288,256,0.000002075
289,256,0.000000980
290,256,0.000000930
291,256,0.000000927
292,256,0.000000927
293,256,0.000000932
294,256,0.000000927
295,256,0.000000927
296,256,0.000000925
297,256,0.000000928
298,256,0.000000932
299,256,0.000000927
300,256,0.000000929
301,256,0.000000934
302,256,0.000000930
303,256,0.000000950
304,256,0.000002930
305,256,0.000001005
306,256,0.000000951
307,256,0.000000932
308,256,0.000000933
309,256,0.000000935
310,256,0.000000936
311,256,0.000000932
312,256,0.000000935
313,256,0.000000931
314,256,0.000000936
315,256,0.000000934
316,256,0.000000934
317,256,0.000000931
318,256,0.000000933
319,256,0.000000928
320,256,0.000002167
321,256,0.000000971
322,256,0.000000928
323,256,0.000000925
324,256,0.000000928
325,256,0.000000927
326,256,0.000000927
327,256,0.000000926
328,256,0.000000929
329,256,0.000000925
330,256,0.000000930
331,256,0.000000927
332,256,0.000000934
333,256,0.000000928
334,256,0.000000929
335,256,0.000000928
336,256,0.000002158
337,256,0.000001753
338,256,0.000000964
339,256,0.000000945
340,256,0.000000932
341,256,0.000000933
342,256,0.000000934
343,256,0.000000929
344,256,0.000000931
345,256,0.000000931
346,256,0.000000931
347,256,0.000000932
348,256,0.000000929
349,256,0.000000929
350,256,0.000000928
351,256,0.000000930
352,256,0.000002270
353,256,0.000000975
354,256,0.000000929
355,256,0.000000929
356,256,0.000000932
357,256,0.000000929
358,256,0.000000930
359,256,0.000000928
360,256,0.000000931
361,256,0.000000927
362,256,0.000000937
363,256,0.000000929
364,256,0.000000932
365,256,0.000000929
366,256,0.000000932
367,256,0.000000931
368,256,0.000002123
369,256,0.000000981
370,256,0.000000931
371,256,0.000000929
372,256,0.000001741
373,256,0.000000965
374,256,0.000000946
375,256,0.000000931
376,256,0.000000930
377,256,0.000000932
378,256,0.000000930
379,256,0.000000933
380,256,0.000000929
381,256,0.000000931
382,256,0.000000929
383,256,0.000000931
384,256,0.000002264
385,256,0.000000979
386,256,0.000000934
387,256,0.000000928
388,256,0.000000931
389,256,0.000000931
390,256,0.000000933
391,256,0.000000927
392,256,0.000000933
393,256,0.000000928
394,256,0.000000935
395,256,0.000000929
396,256,0.000000934
397,256,0.000000932
398,256,0.000000937
399,256,0.000000929
400,256,0.000002090
401,256,0.000000975
402,256,0.000000934
403,256,0.000000930
404,256,0.000000929
405,256,0.000000933
406,256,0.000000982
407,256,0.000001722
408,256,0.000001037
409,256,0.000000930
410,256,0.000000928
411,256,0.000000924
412,256,0.000000923
413,256,0.000000924
414,256,0.000000924
415,256,0.000000924
416,256,0.000002153
417,256,0.000000977
418,256,0.000000934
419,256,0.000000932
420,256,0.000000931
421,256,0.000000930
422,256,0.000000933
423,256,0.000000931
424,256,0.000000932
425,256,0.000000937
426,256,0.000000932
427,256,0.000000935
428,256,0.000000935
429,256,0.000000936
430,256,0.000000937
431,256,0.000000935
432,256,0.000002138
433,256,0.000000976
434,256,0.000000932
435,256,0.000000932
436,256,0.000000930
437,256,0.000000929
438,256,0.000000931
439,256,0.000000929
440,256,0.000000931
441,256,0.000000945
442,256,0.000001721
443,256,0.000001251
444,256,0.000001086
445,256,0.000001057
446,256,0.000001062
447,256,0.000001039
448,256,0.000002497
449,256,0.000001006
450,256,0.000000937
451,256,0.000000934
452,256,0.000000931
453,256,0.000000933
454,256,0.000000935
455,256,0.000000936
456,256,0.000000935
457,256,0.000000933
458,256,0.000000935
459,256,0.000000934
460,256,0.000000934
461,256,0.000000933
462,256,0.000000934
463,256,0.000000932
464,256,0.000002149
465,256,0.000000978
466,256,0.000000931
467,256,0.000000929
468,256,0.000000931
469,256,0.000000928
470,256,0.000000928
471,256,0.000000929
472,256,0.000000927
473,256,0.000000927
474,256,0.000000932
475,256,0.000000934
476,256,0.000001725
477,256,0.000000953
478,256,0.000000929
479,256,0.000000922
480,256,0.000002083
481,256,0.000000989
482,256,0.000000934
483,256,0.000000930
484,256,0.000000932
485,256,0.000000931
486,256,0.000000935
487,256,0.000000929
488,256,0.000000931
489,256,0.000000934
490,256,0.000000932
491,256,0.000000930
492,256,0.000000932
493,256,0.000000930
494,256,0.000000930
495,256,0.000000937
496,256,0.000002116
497,256,0.000000978
498,256,0.000000929
499,256,0.000000935
500,256,0.000000933
501,256,0.000000928
502,256,0.000000928
503,256,0.000000930
504,256,0.000000931
505,256,0.000000928
506,256,0.000000930
507,256,0.000000931
508,256,0.000000928
509,256,0.000000929
510,256,0.000000932
511,256,0.000001733
512,256,0.000002267
513,256,0.000000993
514,256,0.000000921
515,256,0.000000931
516,256,0.000000931
517,256,0.000000933
518,256,0.000000929
519,256,0.000000931
520,256,0.000000931
521,256,0.000000935
522,256,0.000000931
523,256,0.000000933
524,256,0.000000930
525,256,0.000000933
526,256,0.000000927
527,256,0.000000929
528,256,0.000002075
529,256,0.000000973
530,256,0.000000930
531,256,0.000000930
532,256,0.000000928
533,256,0.000000930
534,256,0.000000931
535,256,0.000000926
536,256,0.000000928
537,256,0.000000931
538,256,0.000000932
539,256,0.000000929
540,256,0.000000933
541,256,0.000000933
542,256,0.000000930
543,256,0.000000928
544,256,0.000002185
545,256,0.000001737
546,256,0.000000964
547,256,0.000000921
548,256,0.000000924
549,256,0.000000922
550,256,0.000000925
551,256,0.000000925
552,256,0.000000923
553,256,0.000000923
554,256,0.000000921
555,256,0.000000925
556,256,0.000000921
557,256,0.000000921
558,256,0.000000921
559,256,0.000000923
560,256,0.000002176
561,256,0.000000978
562,256,0.000000928
563,256,0.000000929
564,256,0.000000928
565,256,0.000000931
566,256,0.000000929
567,256,0.000000930
568,256,0.000000927
569,256,0.000000933
570,256,0.000000932
571,256,0.000000930
572,256,0.000000929
573,256,0.000000936
574,256,0.000000929
575,256,0.000000934
576,256,0.000002136
577,256,0.000000982
578,256,0.000000950
579,256,0.000001727
580,256,0.000000960
581,256,0.000000943
582,256,0.000000934
583,256,0.000000931
584,256,0.000000929
585,256,0.000000930
586,256,0.000000931
587,256,0.000000932
588,256,0.000000929
589,256,0.000000931
590,256,0.000000929
591,256,0.000000929
592,256,0.000002138
593,256,0.000000977
594,256,0.000000926
595,256,0.000000928
596,256,0.000000930
597,256,0.000000927
598,256,0.000000930
599,256,0.000000929
600,256,0.000000929
601,256,0.000000928
602,256,0.000000934
603,256,0.000000929
604,256,0.000000930
605,256,0.000000929
606,256,0.000000932
607,256,0.000000931
608,256,0.000002060
609,256,0.000000978
610,256,0.000000935
611,256,0.000000934
612,256,0.000000930
613,256,0.000000946
614,256,0.000001733
615,256,0.000000965
616,256,0.000000940
617,256,0.000000931
618,256,0.000000933
619,256,0.000000930
620,256,0.000000930
621,256,0.000000932
622,256,0.000000929
623,256,0.000000930
624,256,0.000002162
625,256,0.000000980
626,256,0.000000930
627,256,0.000000932
628,256,0.000000929
629,256,0.000000930
630,256,0.000000929
631,256,0.000000933
632,256,0.000000932
633,256,0.000000931
634,256,0.000000938
635,256,0.000000933
636,256,0.000000930
637,256,0.000000930
638,256,0.000000933
639,256,0.000000934
640,256,0.000003180
641,256,0.000001001
642,256,0.000000931
643,256,0.000000939
644,256,0.000000929
645,256,0.000000931
646,256,0.000000930
647,256,0.000000959
648,256,0.000001754
649,256,0.000000968
650,256,0.000000927
651,256,0.000000924
652,256,0.000000927
653,256,0.000000921
654,256,0.000000918
655,256,0.000000919
656,256,0.000002185
657,256,0.000000986
658,256,0.000000934
659,256,0.000000931
660,256,0.000000932
661,256,0.000000930
662,256,0.000000931
663,256,0.000000932
664,256,0.000000934
665,256,0.000000930
666,256,0.000000935
667,256,0.000000933
668,256,0.000000931
669,256,0.000000933
670,256,0.000000933
671,256,0.000000934
672,256,0.000002138
673,256,0.000000989
674,256,0.000000932
675,256,0.000000929
676,256,0.000000928
677,256,0.000000928
678,256,0.000000930
679,256,0.000000931
680,256,0.000000927
681,256,0.000000930
682,256,0.000001865
683,256,0.000000956
684,256,0.000000940
685,256,0.000000927
686,256,0.000000931
687,256,0.000000929
688,256,0.000002156
689,256,0.000000975
690,256,0.000000931
691,256,0.000000932
692,256,0.000000930
693,256,0.000000928
694,256,0.000000930
695,256,0.000000931
696,256,0.000000930
697,256,0.000000931
698,256,0.000000934
699,256,0.000000932
700,256,0.000000932
701,256,0.000000935
702,256,0.000000932
703,256,0.000000929
704,256,0.000002133
705,256,0.000000976
706,256,0.000000936
707,256,0.000000930
708,256,0.000000930
709,256,0.000000929
710,256,0.000000930
711,256,0.000000934
712,256,0.000000931
713,256,0.000000931
714,256,0.000000929
715,256,0.000000929
716,256,0.000000928
717,256,0.000001736
718,256,0.000000951
719,256,0.000000939
720,256,0.000002154
721,256,0.000000980
722,256,0.000000930
723,256,0.000000931
724,256,0.000000930
725,256,0.000000931
726,256,0.000000928
727,256,0.000000931
728,256,0.000000937
729,256,0.000000933
730,256,0.000000930
731,256,0.000000930
732,256,0.000000935
733,256,0.000000930
734,256,0.000000930
735,256,0.000000930
736,256,0.000004556
737,256,0.000000968
738,256,0.000000925
739,256,0.000000919
740,256,0.000000921
741,256,0.000000921
742,256,0.000000918
743,256,0.000000921
744,256,0.000000921
745,256,0.000000919
746,256,0.000000922
747,256,0.000000925
748,256,0.000000925
749,256,0.000000939
750,256,0.000001820
751,256,0.000000952
752,256,0.000002127
753,256,0.000000983
754,256,0.000000938
755,256,0.000000934
756,256,0.000000931
757,256,0.000000933
758,256,0.000000933
759,256,0.000000934
760,256,0.000000930
761,256,0.000000932
762,256,0.000000932
763,256,0.000000928
764,256,0.000000930
765,256,0.000000928
766,256,0.000000928
767,256,0.000000928
768,256,0.000002159
769,256,0.000000974
770,256,0.000000926
771,256,0.000000930
772,256,0.000000925
773,256,0.000000930
774,256,0.000000931
775,256,0.000000931
776,256,0.000000929
777,256,0.000000933
778,256,0.000000937
779,256,0.000000929
780,256,0.000000929
781,256,0.000000931
782,256,0.000000931
783,256,0.000000932
784,256,0.000003047
785,256,0.000000996
786,256,0.000000950
787,256,0.000000930
788,256,0.000000931
789,256,0.000000930
790,256,0.000000930
791,256,0.000000929
792,256,0.000000928
793,256,0.000000930
794,256,0.000000929
795,256,0.000000929
796,256,0.000000931
797,256,0.000000927
798,256,0.000000929
799,256,0.000000927
800,256,0.000002070
801,256,0.000000976
802,256,0.000000938
803,256,0.000000930
804,256,0.000000930
805,256,0.000000934
806,256,0.000000930
807,256,0.000000928
808,256,0.000000930
809,256,0.000000929
810,256,0.000000931
811,256,0.000000930
812,256,0.000000932
813,256,0.000000933
814,256,0.000000935
815,256,0.000000932
816,256,0.000002081
817,256,0.000000997
818,256,0.000001740
819,256,0.000000964
820,256,0.000000941
821,256,0.000000930
822,256,0.000000933
823,256,0.000000929
824,256,0.000000929
825,256,0.000000931
826,256,0.000000930
827,256,0.000000930
828,256,0.000000928
829,256,0.000000932
830,256,0.000000929
831,256,0.000000930
832,256,0.000002233
833,256,0.000000981
834,256,0.000000935
835,256,0.000000938
836,256,0.000000934
837,256,0.000000935
838,256,0.000000938
839,256,0.000000936
840,256,0.000000935
841,256,0.000000934
842,256,0.000000935
843,256,0.000000937
844,256,0.000000935
845,256,0.000000940
846,256,0.000000935
847,256,0.000000937
848,256,0.000002115
849,256,0.000000983
850,256,0.000000931
851,256,0.000000932
852,256,0.000000979
853,256,0.000001725
854,256,0.000000965
855,256,0.000000932
856,256,0.000000922
857,256,0.000000923
858,256,0.000000926
859,256,0.000000921
860,256,0.000000923
861,256,0.000000920
862,256,0.000000923
863,256,0.000000921
864,256,0.000002158
865,256,0.000000979
866,256,0.000000929
867,256,0.000000934
868,256,0.000000929
869,256,0.000000935
870,256,0.000000927
871,256,0.000000932
872,256,0.000000935
873,256,0.000000930
874,256,0.000000934
875,256,0.000000931
876,256,0.000000937
877,256,0.000000932
878,256,0.000000935
879,256,0.000000935
880,256,0.000002113
881,256,0.000000976
882,256,0.000000934
883,256,0.000000930
884,256,0.000000930
885,256,0.000000931
886,256,0.000000930
887,256,0.000000947
888,256,0.000001706
889,256,0.000000962
890,256,0.000000929
891,256,0.000000921
892,256,0.000000922
893,256,0.000000920
894,256,0.000000923
895,256,0.000000922
896,256,0.000002243
897,256,0.000000981
898,256,0.000000932
899,256,0.000000929
900,256,0.000000929
901,256,0.000000931
902,256,0.000000928
903,256,0.000000934
904,256,0.000000931
905,256,0.000000931
906,256,0.000000935
907,256,0.000000932
908,256,0.000000929
909,256,0.000000936
910,256,0.000000930
911,256,0.000000937
912,256,0.000002106
913,256,0.000000974
914,256,0.000000932
915,256,0.000000931
916,256,0.000000929
917,256,0.000000932
918,256,0.000000927
919,256,0.000000931
920,256,0.000000928
921,256,0.000000934
922,256,0.000000950
923,256,0.000001746
924,256,0.000000954
925,256,0.000000929
926,256,0.000000924
927,256,0.000000925
928,256,0.000002319
929,256,0.000000977
930,256,0.000000933
931,256,0.000000929
932,256,0.000000934
933,256,0.000000933
934,256,0.000000931
935,256,0.000000932
936,256,0.000000932
937,256,0.000000937
938,256,0.000000933
939,256,0.000000931
940,256,0.000000933
941,256,0.000000932
942,256,0.000000933
943,256,0.000000934
944,256,0.000002077
945,256,0.000000976
946,256,0.000000929
947,256,0.000000931
948,256,0.000000928
949,256,0.000000931
950,256,0.000000929
951,256,0.000000931
952,256,0.000000930
953,256,0.000000931
954,256,0.000000930
955,256,0.000000930
956,256,0.000000940
957,256,0.000001723
958,256,0.000000945
959,256,0.000000942
960,256,0.000002152
961,256,0.000000974
962,256,0.000000933
963,256,0.000000936
964,256,0.000000934
965,256,0.000000934
966,256,0.000000938
967,256,0.000000931
968,256,0.000000933
969,256,0.000000934
970,256,0.000000933
971,256,0.000000934
972,256,0.000000934
973,256,0.000000931
974,256,0.000000931
975,256,0.000000929
976,256,0.000002296
977,256,0.000000974
978,256,0.000000927
979,256,0.000000929
980,256,0.000000926
981,256,0.000000930
982,256,0.000000928
983,256,0.000000929
984,256,0.000000927
985,256,0.000000932
986,256,0.000000929
987,256,0.000000932
988,256,0.000000928
989,256,0.000000933
990,256,0.000000930
991,256,0.000000953
992,256,0.000002877
993,256,0.000001020
994,256,0.000000955
995,256,0.000000937
996,256,0.000000932
997,256,0.000000933
998,256,0.000000932
999,256,0.000000932
0,512,0.000002782
1,512,0.000001116
2,512,0.000000974
3,512,0.000000997
4,512,0.000000942
5,512,0.000001111
6,512,0.000000959
7,512,0.000000922
8,512,0.000000961
9,512,0.000000925
10,512,0.000000955
11,512,0.000000921
12,512,0.000000935
13,512,0.000000924
14,512,0.000000935
15,512,0.000000922
16,512,0.000000937
17,512,0.000000925
18,512,0.000000936
19,512,0.000000923
20,512,0.000000939
21,512,0.000000924
22,512,0.000000939
23,512,0.000000925
24,512,0.000001058
25,512,0.000000926
26,512,0.000000936
27,512,0.000000920
28,512,0.000000938
29,512,0.000000926
30,512,0.000000939
31,512,0.000000928
32,512,0.000000968
33,512,0.000000929
34,512,0.000000937
35,512,0.000000920
36,512,0.000000935
37,512,0.000000925
38,512,0.000000933
39,512,0.000000924
40,512,0.000000958
41,512,0.000000926
42,512,0.000000934
43,512,0.000000945
44,512,0.000000961
45,512,0.000000931
46,512,0.000000933
47,512,0.000000923
48,512,0.000000933
49,512,0.000000922
50,512,0.000000935
51,512,0.000000922
52,512,0.000000934
53,512,0.000000924
54,512,0.000000936
55,512,0.000000924
56,512,0.000000962
57,512,0.000000925
58,512,0.000000936
59,512,0.000000925
60,512,0.000000938
61,512,0.000000927
62,512,0.000000939
63,512,0.000000925
64,512,0.000000962
65,512,0.000000926
66,512,0.000000935
67,512,0.000000926
68,512,0.000000936
69,512,0.000000925
70,512,0.000000937
71,512,0.000000925
72,512,0.000000968
73,512,0.000000924
74,512,0.000000935
75,512,0.000000924
76,512,0.000000935
77,512,0.000000924
78,512,0.000000932
79,512,0.000000925
80,512,0.000000963
81,512,0.000000923
82,512,0.000000934
83,512,0.000000923
84,512,0.000000934
85,512,0.000000923
86,512,0.000000934
87,512,0.000000924
88,512,0.000000960
89,512,0.000000923
90,512,0.000000939
91,512,0.000000924
92,512,0.000000934
93,512,0.000000925
94,512,0.000000937
95,512,0.000000927
96,512,0.000000971
97,512,0.000000926
98,512,0.000000939
99,512,0.000000924
100,512,0.000000935
101,512,0.000000928
102,512,0.000000934
103,512,0.000000924
104,512,0.000000934
105,512,0.000000923
106,512,0.000000934
107,512,0.000000924
108,512,0.000000933
109,512,0.000000924
110,512,0.000000934
111,512,0.000000921
112,512,0.000000936
113,512,0.000000925
114,512,0.000000937
115,512,0.000000927
116,512,0.000000937
117,512,0.000000926
118,512,0.000000937
119,512,0.000000926
120,512,0.000000962
121,512,0.000001901
122,512,0.000000977
123,512,0.000000941
124,512,0.000000930
125,512,0.000000938
126,512,0.000000933
127,512,0.000000940
128,512,0.000000969
129,512,0.000000939
130,512,0.000000934
131,512,0.000000941
132,512,0.000000933
133,512,0.000000941
134,512,0.000000931
135,512,0.000000941
136,512,0.000000961
137,512,0.000000939
138,512,0.000000931
139,512,0.000000936
140,512,0.000000930
141,512,0.000000941
142,512,0.000000929
143,512,0.000000937
144,512,0.000000962
145,512,0.000000936
146,512,0.000000931
147,512,0.000000938
148,512,0.000000930
149,512,0.000000938
150,512,0.000000930
151,512,0.000000939
152,512,0.000000961
153,512,0.000000937
154,512,0.000000934
155,512,0.000000939
156,512,0.000000932
157,512,0.000000938
158,512,0.000000937
159,512,0.000000941
160,512,0.000001770
161,512,0.000000955
162,512,0.000000941
163,512,0.000000928
164,512,0.000000941
165,512,0.000000931
166,512,0.000000939
167,512,0.000000929
168,512,0.000000966
169,512,0.000000930
170,512,0.000000937
171,512,0.000000925
172,512,0.000000938
173,512,0.000000928
174,512,0.000000937
175,512,0.000000926
176,512,0.000000970
177,512,0.000000928
178,512,0.000000936
179,512,0.000000928
180,512,0.000000935
181,512,0.000000928
182,512,0.000000940
183,512,0.000000928
184,512,0.000000975
185,512,0.000000930
186,512,0.000000938
187,512,0.000000928
188,512,0.000000938
189,512,0.000000932
190,512,0.000000939
191,512,0.000000932
192,512,0.000000974
193,512,0.000000933
194,512,0.000000943
195,512,0.000000930
196,512,0.000000959
197,512,0.000001710
198,512,0.000000960
199,512,0.000000939
200,512,0.000000964
201,512,0.000000942
202,512,0.000000927
203,512,0.000000940
204,512,0.000000927
205,512,0.000000936
206,512,0.000000928
207,512,0.000000938
208,512,0.000000956
209,512,0.000000935
210,512,0.000000926
211,512,0.000000939
212,512,0.000000925
213,512,0.000000937
214,512,0.000000927
215,512,0.000000941
216,512,0.000000963
217,512,0.000000939
218,512,0.000000930
219,512,0.000000963
220,512,0.000000930
221,512,0.000000941
222,512,0.000000932
223,512,0.000000943
224,512,0.000000967
225,512,0.000000941
226,512,0.000000931
227,512,0.000000942
228,512,0.000000930
229,512,0.000000935
230,512,0.000000927
231,512,0.000000936
232,512,0.000000956
233,512,0.000000937
234,512,0.000001742
235,512,0.000000947
236,512,0.000000935
237,512,0.000000925
238,512,0.000000937
239,512,0.000000924
240,512,0.000000972
241,512,0.000000922
242,512,0.000000933
243,512,0.000000923
244,512,0.000000934
245,512,0.000000923
246,512,0.000000939
247,512,0.000000924
248,512,0.000000965
249,512,0.000000924
250,512,0.000000937
251,512,0.000000925
252,512,0.000000937
253,512,0.000000926
254,512,0.000000938
255,512,0.000000926
256,512,0.000000969
257,512,0.000000926
258,512,0.000000938
259,512,0.000000925
260,512,0.000000939
261,512,0.000000927
262,512,0.000000937
263,512,0.000000926
264,512,0.000000966
265,512,0.000000925
266,512,0.000000937
267,512,0.000000926
268,512,0.000000935
269,512,0.000000924
270,512,0.000000936
271,512,0.000000940
272,512,0.000001719
273,512,0.000000946
274,512,0.000000933
275,512,0.000000924
276,512,0.000000938
277,512,0.000000923
278,512,0.000000935
279,512,0.000000923
280,512,0.000001007
281,512,0.000000923
282,512,0.000000938
283,512,0.000000924
284,512,0.000000938
285,512,0.000000925
286,512,0.000000936
287,512,0.000000926
288,512,0.000000966
289,512,0.000000926
290,512,0.000000937
291,512,0.000000925
292,512,0.000000936
293,512,0.000000925
294,512,0.000000935
295,512,0.000000925
296,512,0.000001231
297,512,0.000000927
298,512,0.000000939
299,512,0.000000924
300,512,0.000000936
301,512,0.000000926
302,512,0.000000936
303,512,0.000000922
304,512,0.000000960
305,512,0.000000923
306,512,0.000000935
307,512,0.000000923
308,512,0.000000937
309,512,0.000001682
310,512,0.000000956
311,512,0.000000932
312,512,0.000000962
313,512,0.000000934
314,512,0.000000925
315,512,0.000000933
316,512,0.000000927
317,512,0.000000935
318,512,0.000000927
319,512,0.000000935
320,512,0.000000971
321,512,0.000000938
322,512,0.000000924
323,512,0.000000938
324,512,0.000000926
325,512,0.000000936
326,512,0.000000924
327,512,0.000000935
328,512,0.000001002
329,512,0.000000937
330,512,0.000000926
331,512,0.000000934
332,512,0.000000925
333,512,0.000000934
334,512,0.000000924
335,512,0.000000933
336,512,0.000000972
337,512,0.000000934
338,512,0.000000921
339,512,0.000000934
340,512,0.000000922
341,512,0.000000934
342,512,0.000000923
343,512,0.000000937
344,512,0.000000962
345,512,0.000000937
346,512,0.000000947
347,512,0.000001679
348,512,0.000000949
349,512,0.000000935
350,512,0.000000927
351,512,0.000000935
352,512,0.000001001
353,512,0.000000938
354,512,0.000000929
355,512,0.000000937
356,512,0.000000925
357,512,0.000000937
358,512,0.000000927
359,512,0.000000937
360,512,0.000001003
361,512,0.000000935
362,512,0.000000925
363,512,0.000000936
364,512,0.000000924
365,512,0.000000934
366,512,0.000000924
367,512,0.000000936
368,512,0.000000959
369,512,0.000000933
370,512,0.000000923
371,512,0.000000936
372,512,0.000000923
373,512,0.000000934
374,512,0.000000924
375,512,0.000000935
376,512,0.000000997
377,512,0.000000936
378,512,0.000000926
379,512,0.000000935
380,512,0.000000927
381,512,0.000000939
382,512,0.000000928
383,512,0.000000953
384,512,0.000001732
385,512,0.000000949
386,512,0.000000939
387,512,0.000000926
388,512,0.000000936
389,512,0.000000925
390,512,0.000000938
391,512,0.000000926
392,512,0.000000973
393,512,0.000000926
394,512,0.000000934
395,512,0.000000924
396,512,0.000000934
397,512,0.000000925
398,512,0.000000933
399,512,0.000000923
400,512,0.000001003
401,512,0.000000925
402,512,0.000000934
403,512,0.000000922
404,512,0.000000935
405,512,0.000000924
406,512,0.000000934
407,512,0.000000925
408,512,0.000000970
409,512,0.000000925
410,512,0.000000935
411,512,0.000000925
412,512,0.000000934
413,512,0.000000926
414,512,0.000000935
415,512,0.000000927
416,512,0.000000965
417,512,0.000000931
418,512,0.000000942
419,512,0.000000931
420,512,0.000000941
421,512,0.000000938
422,512,0.000001685
423,512,0.000000954
424,512,0.000001020
425,512,0.000000926
426,512,0.000000934
427,512,0.000000925
428,512,0.000000935
429,512,0.000000924
430,512,0.000000936
431,512,0.000000922
432,512,0.000001004
433,512,0.000000924
434,512,0.000000938
435,512,0.000000921
436,512,0.000000934
437,512,0.000000925
438,512,0.000000936
439,512,0.000000926
440,512,0.000000963
441,512,0.000000925
442,512,0.000000937
443,512,0.000000925
444,512,0.000000937
445,512,0.000000925
446,512,0.000000937
447,512,0.000000926
448,512,0.000001008
449,512,0.000000926
450,512,0.000000938
451,512,0.000000926
452,512,0.000000938
453,512,0.000000927
454,512,0.000000938
455,512,0.000000927
456,512,0.000000938
457,512,0.000000925
458,512,0.000000952
459,512,0.000001682
460,512,0.000000946
461,512,0.000000938
462,512,0.000000925
463,512,0.000000936
464,512,0.000000955
465,512,0.000000935
466,512,0.000000921
467,512,0.000000935
468,512,0.000000922
469,512,0.000000933
470,512,0.000000923
471,512,0.000000934
472,512,0.000000952
473,512,0.000000933
474,512,0.000000925
475,512,0.000000936
476,512,0.000000924
477,512,0.000000935
478,512,0.000000926
479,512,0.000000936
480,512,0.000000963
481,512,0.000000938
482,512,0.000000925
483,512,0.000000939
484,512,0.000000927
485,512,0.000000940
486,512,0.000000929
487,512,0.000000937
488,512,0.000000957
489,512,0.000000936
490,512,0.000000926
491,512,0.000000936
492,512,0.000000925
493,512,0.000000935
494,512,0.000000923
495,512,0.000000935
496,512,0.000000957
497,512,0.000001673
498,512,0.000000948
499,512,0.000000935
500,512,0.000000940
501,512,0.000000941
502,512,0.000000933
503,512,0.000000942
504,512,0.000003058
505,512,0.000001006
506,512,0.000000936
507,512,0.000000933
508,512,0.000000930
509,512,0.000000932
510,512,0.000000932
511,512,0.000000931
512,512,0.000003094
513,512,0.000001019
514,512,0.000000938
515,512,0.000000930
516,512,0.000000930
517,512,0.000000931
518,512,0.000000932
519,512,0.000000933
520,512,0.000002149
521,512,0.000000988
522,512,0.000000942
523,512,0.000000939
524,512,0.000000940
525,512,0.000000939
526,512,0.000000938
527,512,0.000000954
528,512,0.000003036
529,512,0.000001039
530,512,0.000000952
531,512,0.000000944
532,512,0.000000944
533,512,0.000000942
534,512,0.000000945
535,512,0.000000944
536,512,0.000002136
537,512,0.000000978
538,512,0.000000942
539,512,0.000000939
540,512,0.000000945
541,512,0.000000943
542,512,0.000000944
543,512,0.000000945
544,512,0.000002064
545,512,0.000000977
546,512,0.000000940
547,512,0.000000938
548,512,0.000000941
549,512,0.000000938
550,512,0.000000938
551,512,0.000000935
552,512,0.000002101
553,512,0.000000973
554,512,0.000000936
555,512,0.000000936
556,512,0.000000937
557,512,0.000000936
558,512,0.000000938
559,512,0.000000958
560,512,0.000002905
561,512,0.000001074
562,512,0.000000960
563,512,0.000000943
564,512,0.000000944
565,512,0.000000943
566,512,0.000000943
567,512,0.000000942
568,512,0.000002359
569,512,0.000001010
570,512,0.000000958
571,512,0.000000953
572,512,0.000000952
573,512,0.000000951
574,512,0.000000958
575,512,0.000000954
576,512,0.000004598
577,512,0.000000978
578,512,0.000000931
579,512,0.000000932
580,512,0.000000933
581,512,0.000000933
582,512,0.000000934
583,512,0.000000933
584,512,0.000002026
585,512,0.000000970
586,512,0.000000936
587,512,0.000000934
588,512,0.000000936
589,512,0.000001774
590,512,0.000000976
591,512,0.000000936
592,512,0.000003247
593,512,0.000001014
594,512,0.000000940
595,512,0.000000927
596,512,0.000000936
597,512,0.000000926
598,512,0.000000937
599,512,0.000000924
600,512,0.000002146
601,512,0.000000976
602,512,0.000000934
603,512,0.000000934
604,512,0.000000935
605,512,0.000000925
606,512,0.000000935
607,512,0.000000924
608,512,0.000002115
609,512,0.000000968
610,512,0.000000933
611,512,0.000000933
612,512,0.000000933
613,512,0.000000935
614,512,0.000000935
615,512,0.000000937
616,512,0.000002128
617,512,0.000000985
618,512,0.000000935
619,512,0.000000938
620,512,0.000001815
621,512,0.000000971
622,512,0.000000945
623,512,0.000000939
624,512,0.000002254
625,512,0.000000978
626,512,0.000000939
627,512,0.000000937
628,512,0.000000936
629,512,0.000000936
630,512,0.000000938
631,512,0.000000934
632,512,0.000002051
633,512,0.000000979
634,512,0.000000933
635,512,0.000000933
636,512,0.000000934
637,512,0.000000936
638,512,0.000000935
639,512,0.000000933
640,512,0.000002050
641,512,0.000000978
642,512,0.000000938
643,512,0.000000934
644,512,0.000000937
645,512,0.000000936
646,512,0.000000935
647,512,0.000000935
648,512,0.000002043
649,512,0.000000975
650,512,0.000000937
651,512,0.000000935
652,512,0.000000952
653,512,0.000001746
654,512,0.000000953
655,512,0.000000926
656,512,0.000002114
657,512,0.000000973
658,512,0.000000933
659,512,0.000000937
660,512,0.000000934
661,512,0.000000935
662,512,0.000000934
663,512,0.000000934
664,512,0.000002172
665,512,0.000000972
666,512,0.000000936
667,512,0.000000936
668,512,0.000000934
669,512,0.000000935
670,512,0.000000935
671,512,0.000000935
672,512,0.000002127
673,512,0.000000973
674,512,0.000000938
675,512,0.000000938
676,512,0.000000940
677,512,0.000000938
678,512,0.000000938
679,512,0.000000936
680,512,0.000002099
681,512,0.000000971
682,512,0.000000936
683,512,0.000000937
684,512,0.000000949
685,512,0.000001759
686,512,0.000000960
687,512,0.000000937
688,512,0.000002153
689,512,0.000000968
690,512,0.000000935
691,512,0.000000935
692,512,0.000000934
693,512,0.000000939
694,512,0.000000934
695,512,0.000000937
696,512,0.000002116
697,512,0.000000977
698,512,0.000000942
699,512,0.000000935
700,512,0.000000935
701,512,0.000000935
702,512,0.000000939
703,512,0.000000937
704,512,0.000002173
705,512,0.000000985
706,512,0.000000937
707,512,0.000000940
708,512,0.000000939
709,512,0.000000938
710,512,0.000000940
711,512,0.000000938
712,512,0.000002107
713,512,0.000000972
714,512,0.000000934
715,512,0.000000935
716,512,0.000000948
717,512,0.000001754
718,512,0.000000957
719,512,0.000000935
720,512,0.000002149
721,512,0.000000978
722,512,0.000000935
723,512,0.000000936
724,512,0.000000940
725,512,0.000000934
726,512,0.000000938
727,512,0.000000937
728,512,0.000002114
729,512,0.000000981
730,512,0.000000936
731,512,0.000000940
732,512,0.000000942
733,512,0.000000939
734,512,0.000000936
735,512,0.000000936
736,512,0.000002095
737,512,0.000000971
738,512,0.000000934
739,512,0.000000935
740,512,0.000000934
741,512,0.000000936
742,512,0.000000934
743,512,0.000000932
744,512,0.000002089
745,512,0.000000973
746,512,0.000000932
747,512,0.000000936
748,512,0.000000934
749,512,0.000000935
750,512,0.000000951
751,512,0.000001750
752,512,0.000003167
753,512,0.000001782
754,512,0.000001734
755,512,0.000001637
756,512,0.000001656
757,512,0.000010351
758,512,0.000001268
759,512,0.000001070
760,512,0.000002943
761,512,0.000001032
762,512,0.000000973
763,512,0.000000985
764,512,0.000002235
765,512,0.000000982
766,512,0.000000949
767,512,0.000000956
768,512,0.000002290
769,512,0.000000996
770,512,0.000000954
771,512,0.000000956
772,512,0.000000953
773,512,0.000000959
774,512,0.000000956
775,512,0.000000957
776,512,0.000002308
777,512,0.000001769
778,512,0.000000988
779,512,0.000000944
780,512,0.000000955
781,512,0.000000955
782,512,0.000000950
783,512,0.000000952
784,512,0.000002121
785,512,0.000000992
786,512,0.000000948
787,512,0.000000950
788,512,0.000000950
789,512,0.000000950
790,512,0.000000967
791,512,0.000001716
792,512,0.000002244
793,512,0.000001002
794,512,0.000000953
795,512,0.000000954
796,512,0.000000954
797,512,0.000000952
798,512,0.000000953
799,512,0.000000952
800,512,0.000002092
801,512,0.000000991
802,512,0.000000953
803,512,0.000001788
804,512,0.000000970
805,512,0.000000953
806,512,0.000013771
807,512,0.000001072
808,512,0.000002272
809,512,0.000001039
810,512,0.000000975
811,512,0.000000975
812,512,0.000000968
813,512,0.000000973
814,512,0.000001052
815,512,0.000001579
816,512,0.000003440
817,512,0.000002762
818,512,0.000001519
819,512,0.000001583
820,512,0.000001417
821,512,0.000000957
822,512,0.000000955
823,512,0.000000952
824,512,0.000005482
825,512,0.000013694
826,512,0.000001055
827,512,0.000000920
828,512,0.000000928
829,512,0.000000933
830,512,0.000001966
831,512,0.000000962
832,512,0.000002247
833,512,0.000000988
834,512,0.000000931
835,512,0.000000935
836,512,0.000000934
837,512,0.000000934
838,512,0.000000932
839,512,0.000000933
840,512,0.000002036
841,512,0.000000974
842,512,0.000001758
843,512,0.000000959
844,512,0.000000935
845,512,0.000000932
846,512,0.000000938
847,512,0.000000932
848,512,0.000002109
849,512,0.000000976
850,512,0.000000937
851,512,0.000000938
852,512,0.000000939
853,512,0.000000938
854,512,0.000000936
855,512,0.000000936
856,512,0.000002135
857,512,0.000001776
858,512,0.000000964
859,512,0.000000924
860,512,0.000000935
861,512,0.000000934
862,512,0.000000935
863,512,0.000000933
864,512,0.000002104
865,512,0.000000979
866,512,0.000000939
867,512,0.000000935
868,512,0.000000937
869,512,0.000001754
870,512,0.000000955
871,512,0.000000937
872,512,0.000002105
873,512,0.000000985
874,512,0.000000941
875,512,0.000000938
876,512,0.000000939
877,512,0.000000936
878,512,0.000000941
879,512,0.000000938
880,512,0.000002105
881,512,0.000000978
882,512,0.000001771
883,512,0.000000962
884,512,0.000000937
885,512,0.000000933
886,512,0.000000937
887,512,0.000000935
888,512,0.000002168
889,512,0.000000975
890,512,0.000000935
891,512,0.000000936
892,512,0.000000934
893,512,0.000000935
894,512,0.000000934
895,512,0.000000935
896,512,0.000003301
897,512,0.000001021
898,512,0.000000949
899,512,0.000000934
900,512,0.000000934
901,512,0.000000935
902,512,0.000000935
903,512,0.000000935
904,512,0.000003119
905,512,0.000001008
906,512,0.000000942
907,512,0.000000954
908,512,0.000001790
909,512,0.000000956
910,512,0.000000932
911,512,0.000000929
912,512,0.000002142
913,512,0.000000972
914,512,0.000000935
915,512,0.000000932
916,512,0.000000933
917,512,0.000000930
918,512,0.000000934
919,512,0.000000933
920,512,0.000002129
921,512,0.000001739
922,512,0.000000971
923,512,0.000000932
924,512,0.000000927
925,512,0.000000929
926,512,0.000000930
927,512,0.000000927
928,512,0.000002176
929,512,0.000000981
930,512,0.000000938
931,512,0.000000936
932,512,0.000000934
933,512,0.000000938
934,512,0.000000972
935,512,0.000001721
936,512,0.000002195
937,512,0.000000997
938,512,0.000000923
939,512,0.000000936
940,512,0.000000935
941,512,0.000000933
942,512,0.000000935
943,512,0.000000932
944,512,0.000002315
945,512,0.000000977
946,512,0.000000932
947,512,0.000000953
948,512,0.000001771
949,512,0.000000954
950,512,0.000000930
951,512,0.000000926
952,512,0.000002238
953,512,0.000000979
954,512,0.000000933
955,512,0.000000937
956,512,0.000000935
957,512,0.000000936
958,512,0.000000936
959,512,0.000000939
960,512,0.000002151
961,512,0.000001765
962,512,0.000000970
963,512,0.000000930
964,512,0.000000928
965,512,0.000000932
966,512,0.000000927
967,512,0.000000927
968,512,0.000002278
969,512,0.000000989
970,512,0.000000933
971,512,0.000000932
972,512,0.000000935
973,512,0.000000932
974,512,0.000001751
975,512,0.000000951
976,512,0.000002150
977,512,0.000000982
978,512,0.000000936
979,512,0.000000934
980,512,0.000000935
981,512,0.000000937
982,512,0.000000935
983,512,0.000000935
984,512,0.000002098
985,512,0.000000980
986,512,0.000000947
987,512,0.000001741
988,512,0.000000962
989,512,0.000000938
990,512,0.000000936
991,512,0.000000935
992,512,0.000002143
993,512,0.000000988
994,512,0.000000934
995,512,0.000000935
996,512,0.000000934
997,512,0.000000936
998,512,0.000000934
999,512,0.000000932
0,768,0.000002655
1,768,0.000001074
2,768,0.000000953
3,768,0.000000952
4,768,0.000000939
5,768,0.000001172
6,768,0.000000938
7,768,0.000000937
8,768,0.000000938
9,768,0.000000935
10,768,0.000001160
11,768,0.000000947
12,768,0.000000942
13,768,0.000000941
14,768,0.000000940
15,768,0.000000948
16,768,0.000001005
17,768,0.000000939
18,768,0.000000937
19,768,0.000000937
20,768,0.000000940
21,768,0.000015615
22,768,0.000001153
23,768,0.000000956
24,768,0.000000953
25,768,0.000000948
26,768,0.000001179
27,768,0.000000948
28,768,0.000000953
29,768,0.000000947
30,768,0.000000954
31,768,0.000000958
32,768,0.000000957
33,768,0.000000949
34,768,0.000000952
35,768,0.000000948
36,768,0.000000953
37,768,0.000001156
38,768,0.000000955
39,768,0.000000947
40,768,0.000000954
41,768,0.000000945
42,768,0.000001165
43,768,0.000000944
44,768,0.000000950
45,768,0.000000946
46,768,0.000000951
47,768,0.000000954
48,768,0.000000965
49,768,0.000000950
50,768,0.000013673
51,768,0.000000950
52,768,0.000000925
53,768,0.000001173
54,768,0.000000938
55,768,0.000000930
56,768,0.000000928
57,768,0.000000939
58,768,0.000001136
59,768,0.000000939
60,768,0.000000924
61,768,0.000000934
62,768,0.000000925
63,768,0.000000947
64,768,0.000000952
65,768,0.000000934
66,768,0.000000924
67,768,0.000000934
68,768,0.000000924
69,768,0.000001135
70,768,0.000000924
71,768,0.000000938
72,768,0.000000927
73,768,0.000000938
74,768,0.000001143
75,768,0.000000941
76,768,0.000000930
77,768,0.000000941
78,768,0.000000933
79,768,0.000000953
80,768,0.000000983
81,768,0.000000939
82,768,0.000000927
83,768,0.000000943
84,768,0.000001957
85,768,0.000001204
86,768,0.000000946
87,768,0.000000934
88,768,0.000000925
89,768,0.000000928
90,768,0.000001130
91,768,0.000000929
92,768,0.000000922
93,768,0.000000927
94,768,0.000000922
95,768,0.000000938
96,768,0.000000923
97,768,0.000000930
98,768,0.000000921
99,768,0.000000928
100,768,0.000000924
101,768,0.000001878
102,768,0.000000966
103,768,0.000000926
104,768,0.000000939
105,768,0.000000927
106,768,0.000001178
107,768,0.000000929
108,768,0.000000943
109,768,0.000000932
110,768,0.000000942
111,768,0.000000940
112,768,0.000000943
113,768,0.000000933
114,768,0.000000958
115,768,0.000001653
116,768,0.000000988
117,768,0.000001167
118,768,0.000000940
119,768,0.000000930
120,768,0.000000940
121,768,0.000000930
122,768,0.000001146
123,768,0.000000930
124,768,0.000000939
125,768,0.000000930
126,768,0.000000936
127,768,0.000000938
128,768,0.000000937
129,768,0.000000931
130,768,0.000001625
131,768,0.000000977
132,768,0.000000939
133,768,0.000001163
134,768,0.000000939
135,768,0.000000930
136,768,0.000000941
137,768,0.000000934
138,768,0.000001146
139,768,0.000000931
140,768,0.000000942
141,768,0.000000932
142,768,0.000000943
143,768,0.000000938
144,768,0.000000976
145,768,0.000001635
146,768,0.000000987
147,768,0.000000933
148,768,0.000000955
149,768,0.000001176
150,768,0.000000940
151,768,0.000000930
152,768,0.000000938
153,768,0.000000926
154,768,0.000001144
155,768,0.000000928
156,768,0.000000939
157,768,0.000000927
158,768,0.000000940
159,768,0.000000940
160,768,0.000001648
161,768,0.000000975
162,768,0.000000941
163,768,0.000000928
164,768,0.000000940
165,768,0.000001138
166,768,0.000000939
167,768,0.000000928
168,768,0.000000942
169,768,0.000000928
170,768,0.000001147
171,768,0.000000930
172,768,0.000000943
173,768,0.000000929
174,768,0.000000950
175,768,0.000001637
176,768,0.000000983
177,768,0.000000937
178,768,0.000000940
179,768,0.000000933
180,768,0.000000944
181,768,0.000001140
182,768,0.000000939
183,768,0.000000931
184,768,0.000000963
185,768,0.000000930
186,768,0.000001142
187,768,0.000000931
188,768,0.000000938
189,768,0.000000933
190,768,0.000001626
191,768,0.000000986
192,768,0.000000963
193,768,0.000000930
194,768,0.000000942
195,768,0.000000927
196,768,0.000000939
197,768,0.000001141
198,768,0.000000940
199,768,0.000000934
200,768,0.000000944
201,768,0.000000932
202,768,0.000001180
203,768,0.000000933
204,768,0.000000950
205,768,0.000001642
206,768,0.000000988
207,768,0.000000941
208,768,0.000000964
209,768,0.000000929
210,768,0.000000938
211,768,0.000000926
212,768,0.000000935
213,768,0.000001140
214,768,0.000000945
215,768,0.000000924
216,768,0.000000934
217,768,0.000000922
218,768,0.000001183
219,768,0.000000924
220,768,0.000001637
221,768,0.000000971
222,768,0.000000936
223,768,0.000000934
224,768,0.000000934
225,768,0.000000924
226,768,0.000000935
227,768,0.000000928
228,768,0.000000936
229,768,0.000001136
230,768,0.000000938
231,768,0.000000928
232,768,0.000000938
233,768,0.000000927
234,768,0.000001143
235,768,0.000001635
236,768,0.000000983
237,768,0.000000928
238,768,0.000000941
239,768,0.000000936
240,768,0.000000959
241,768,0.000000927
242,768,0.000000935
243,768,0.000000926
244,768,0.000000936
245,768,0.000001138
246,768,0.000000936
247,768,0.000000925
248,768,0.000000936
249,768,0.000000925
250,768,0.000001140
251,768,0.000001624
252,768,0.000000980
253,768,0.000000927
254,768,0.000000939
255,768,0.000000938
256,768,0.000000937
257,768,0.000000927
258,768,0.000000939
259,768,0.000000929
260,768,0.000000938
261,768,0.000001138
262,768,0.000000936
263,768,0.000000928
264,768,0.000000938
265,768,0.000000947
266,768,0.000001916
267,768,0.000000973
268,768,0.000000936
269,768,0.000000928
270,768,0.000000937
271,768,0.000000936
272,768,0.000000935
273,768,0.000000925
274,768,0.000000935
275,768,0.000000927
276,768,0.000000935
277,768,0.000001138
278,768,0.000000941
279,768,0.000000929
280,768,0.000000953
281,768,0.000001626
282,768,0.000001192
283,768,0.000000926
284,768,0.000000933
285,768,0.000000925
286,768,0.000000935
287,768,0.000000934
288,768,0.000000974
289,768,0.000000926
290,768,0.000000937
291,768,0.000000925
292,768,0.000000936
293,768,0.000001159
294,768,0.000000941
295,768,0.000000939
296,768,0.000001642
297,768,0.000000973
298,768,0.000001144
299,768,0.000000928
300,768,0.000000934
301,768,0.000000927
302,768,0.000000934
303,768,0.000000935
304,768,0.000000934
305,768,0.000000927
306,768,0.000000933
307,768,0.000000924
308,768,0.000000935
309,768,0.000001151
310,768,0.000000966
311,768,0.000001638
312,768,0.000000977
313,768,0.000000925
314,768,0.000001142
315,768,0.000000922
316,768,0.000000933
317,768,0.000000924
318,768,0.000000937
319,768,0.000000935
320,768,0.000000938
321,768,0.000000925
322,768,0.000000937
323,768,0.000000927
324,768,0.000000938
325,768,0.000001145
326,768,0.000001650
327,768,0.000000973
328,768,0.000000939
329,768,0.000000927
330,768,0.000001175
331,768,0.000000931
332,768,0.000000935
333,768,0.000000926
334,768,0.000000936
335,768,0.000000936
336,768,0.000000935
337,768,0.000000926
338,768,0.000000935
339,768,0.000000924
340,768,0.000000935
341,768,0.000001204
342,768,0.000001636
343,768,0.000000969
344,768,0.000000937
345,768,0.000000926
346,768,0.000001176
347,768,0.000000926
348,768,0.000000936
349,768,0.000000926
350,768,0.000000936
351,768,0.000000938
352,768,0.000000940
353,768,0.000000929
354,768,0.000000943
355,768,0.000000931
356,768,0.000000942
357,768,0.000001855
358,768,0.000000971
359,768,0.000000939
360,768,0.000000926
361,768,0.000000939
362,768,0.000001162
363,768,0.000000964
364,768,0.000000927
365,768,0.000000938
366,768,0.000000926
367,768,0.000000946
368,768,0.000000985
369,768,0.000000936
370,768,0.000000925
371,768,0.000000933
372,768,0.000001638
373,768,0.000001216
374,768,0.000000925
375,768,0.000000934
376,768,0.000000924
377,768,0.000000935
378,768,0.000001190
379,768,0.000000938
380,768,0.000000930
381,768,0.000000941
382,768,0.000000932
383,768,0.000000959
384,768,0.000000929
385,768,0.000000936
386,768,0.000001773
387,768,0.000000988
388,768,0.000000943
389,768,0.000001174
390,768,0.000000926
391,768,0.000000937
392,768,0.000000925
393,768,0.000000939
394,768,0.000001158
395,768,0.000000933
396,768,0.000000924
397,768,0.000000934
398,768,0.000000926
399,768,0.000000946
400,768,0.000000955
401,768,0.000000938
402,768,0.000001642
403,768,0.000000955
404,768,0.000000924
405,768,0.000001143
406,768,0.000000927
407,768,0.000000936
408,768,0.000000926
409,768,0.000000941
410,768,0.000001162
411,768,0.000000970
412,768,0.000000928
413,768,0.000000938
414,768,0.000000927
415,768,0.000000945
416,768,0.000001646
417,768,0.000000971
418,768,0.000000931
419,768,0.000000940
420,768,0.000000931
421,768,0.000001146
422,768,0.000000928
423,768,0.000000939
424,768,0.000000925
425,768,0.000000937
426,768,0.000001136
427,768,0.000000940
428,768,0.000000926
429,768,0.000000937
430,768,0.000000925
431,768,0.000001652
432,768,0.000000988
433,768,0.000000927
434,768,0.000000935
435,768,0.000000925
436,768,0.000000937
437,768,0.000001155
438,768,0.000000935
439,768,0.000000925
440,768,0.000000936
441,768,0.000000924
442,768,0.000001171
443,768,0.000000927
444,768,0.000000938
445,768,0.000000925
446,768,0.000001654
447,768,0.000000971
448,768,0.000001011
449,768,0.000000931
450,768,0.000000937
451,768,0.000000930
452,768,0.000007876
453,768,0.000001421
454,768,0.000000934
455,768,0.000000935
456,768,0.000000927
457,768,0.000000937
458,768,0.000001166
459,768,0.000000953
460,768,0.000000931
461,768,0.000000936
462,768,0.000000930
463,768,0.000000947
464,768,0.000000960
465,768,0.000000937
466,768,0.000000928
467,768,0.000000941
468,768,0.000000934
469,768,0.000001159
470,768,0.000000932
471,768,0.000000942
472,768,0.000001300
473,768,0.000001426
474,768,0.000001694
475,768,0.000001495
476,768,0.000001438
477,768,0.000001459
478,768,0.000003123
479,768,0.000002024
480,768,0.000000951
481,768,0.000000932
482,768,0.000000928
483,768,0.000000930
484,768,0.000000925
485,768,0.000001156
486,768,0.000000927
487,768,0.000000929
488,768,0.000000928
489,768,0.000000928
490,768,0.000001158
491,768,0.000000951
492,768,0.000000959
493,768,0.000001787
494,768,0.000000983
495,768,0.000000945
496,768,0.000000945
497,768,0.000000936
498,768,0.000000940
499,768,0.000000929
500,768,0.000000939
501,768,0.000001141
502,768,0.000000937
503,768,0.000000925
504,768,0.000000937
505,768,0.000000925
506,768,0.000001141
507,768,0.000000939
508,768,0.000001679
509,768,0.000000961
510,768,0.000000943
511,768,0.000000943
512,768,0.000000970
513,768,0.000000927
514,768,0.000000934
515,768,0.000000925
516,768,0.000000955
517,768,0.000001136
518,768,0.000000934
519,768,0.000000925
520,768,0.000000934
521,768,0.000000927
522,768,0.000001208
523,768,0.000001643
524,768,0.000000969
525,768,0.000000930
526,768,0.000000937
527,768,0.000000935
528,768,0.000000965
529,768,0.000000930
530,768,0.000000936
531,768,0.000000929
532,768,0.000000938
533,768,0.000001138
534,768,0.000000935
535,768,0.000000926
536,768,0.000000939
537,768,0.000000940
538,768,0.000001844
539,768,0.000000978
540,768,0.000000933
541,768,0.000000925
542,768,0.000000934
543,768,0.000000935
544,768,0.000000955
545,768,0.000000926
546,768,0.000000932
547,768,0.000000924
548,768,0.000000936
549,768,0.000001181
550,768,0.000000933
551,768,0.000000924
552,768,0.000000939
553,768,0.000001645
554,768,0.000001170
555,768,0.000000930
556,768,0.000000936
557,768,0.000000925
558,768,0.000000934
559,768,0.000015516
560,768,0.000001037
561,768,0.000000947
562,768,0.000000940
563,768,0.000000948
564,768,0.000000952
565,768,0.000001193
566,768,0.000000948
567,768,0.000000949
568,768,0.000001779
569,768,0.000000986
570,768,0.000001170
571,768,0.000000950
572,768,0.000000955
573,768,0.000001320
574,768,0.000001480
575,768,0.000001571
576,768,0.000001423
577,768,0.000001457
578,768,0.000001484
579,768,0.000001958
580,768,0.000001073
581,768,0.000001215
582,768,0.000000964
583,768,0.000000963
584,768,0.000000961
585,768,0.000001031
586,768,0.000002153
587,768,0.000001025
588,768,0.000000943
589,768,0.000000948
590,768,0.000000944
591,768,0.000013456
592,768,0.000001136
593,768,0.000000930
594,768,0.000000929
595,768,0.000000924
596,768,0.000000928
597,768,0.000001132
598,768,0.000000929
599,768,0.000000920
600,768,0.000000944
601,768,0.000001764
602,768,0.000001216
603,768,0.000000954
604,768,0.000000935
605,768,0.000000922
606,768,0.000000937
607,768,0.000000933
608,768,0.000000994
609,768,0.000000925
610,768,0.000000935
611,768,0.000000924
612,768,0.000000936
613,768,0.000001162
614,768,0.000000937
615,768,0.000000941
616,768,0.000001670
617,768,0.000001265
618,768,0.000001332
619,768,0.000001071
620,768,0.000001065
621,768,0.000001039
622,768,0.000001047
623,768,0.000001047
624,768,0.000001084
625,768,0.000001034
626,768,0.000001044
627,768,0.000001033
628,768,0.000001041
629,768,0.000001277
630,768,0.000001755
631,768,0.000000986
632,768,0.000000940
633,768,0.000000948
634,768,0.000001216
635,768,0.000000957
636,768,0.000000925
637,768,0.000000934
638,768,0.000000924
639,768,0.000000945
640,768,0.000000948
641,768,0.000000935
642,768,0.000000924
643,768,0.000000942
644,768,0.000001663
645,768,0.000001171
646,768,0.000000926
647,768,0.000000938
648,768,0.000000928
649,768,0.000000940
650,768,0.000001221
651,768,0.000000963
652,768,0.000000929
653,768,0.000000940
654,768,0.000000927
655,768,0.000000948
656,768,0.000000959
657,768,0.000000939
658,768,0.000000931
659,768,0.000001658
660,768,0.000000955
661,768,0.000001160
662,768,0.000000926
663,768,0.000000935
664,768,0.000000925
665,768,0.000000936
666,768,0.000003824
667,768,0.000001014
668,768,0.000000928
669,768,0.000000934
670,768,0.000000932
671,768,0.000001764
672,768,0.000002320
673,768,0.000000998
674,768,0.000000942
675,768,0.000000943
676,768,0.000000940
677,768,0.000002350
678,768,0.000000991
679,768,0.000000939
680,768,0.000000944
681,768,0.000000939
682,768,0.000002787
683,768,0.000001764
684,768,0.000000969
685,768,0.000000928
686,768,0.000000940
687,768,0.000000952
688,768,0.000004636
689,768,0.000000996
690,768,0.000000938
691,768,0.000000939
692,768,0.000000937
693,768,0.000003167
694,768,0.000001020
695,768,0.000000942
696,768,0.000000938
697,768,0.000000941
698,768,0.000002286
699,768,0.000000985
700,768,0.000000938
701,768,0.000000938
702,768,0.000000941
703,768,0.000000945
704,768,0.000002396
705,768,0.000001761
706,768,0.000000983
707,768,0.000000945
708,768,0.000000944
709,768,0.000002376
710,768,0.000000979
711,768,0.000000936
712,768,0.000000938
713,768,0.000000936
714,768,0.000002283
715,768,0.000000982
716,768,0.000001731
717,768,0.000000958
718,768,0.000000943
719,768,0.000000948
720,768,0.000002186
721,768,0.000000982
722,768,0.000000940
723,768,0.000000939
724,768,0.000000938
725,768,0.000002265
726,768,0.000000986
727,768,0.000000940
728,768,0.000000964
729,768,0.000001739
730,768,0.000002353
731,768,0.000000985
732,768,0.000000934
733,768,0.000000942
734,768,0.000000935
735,768,0.000000942
736,768,0.000002124
737,768,0.000000983
738,768,0.000000933
739,768,0.000000938
740,768,0.000000938
741,768,0.000002359
742,768,0.000001770
743,768,0.000000983
744,768,0.000000940
745,768,0.000000946
746,768,0.000002347
747,768,0.000000992
748,768,0.000000952
749,768,0.000000949
750,768,0.000000946
751,768,0.000000960
752,768,0.000002111
753,768,0.000001760
754,768,0.000000988
755,768,0.000000939
756,768,0.000000938
757,768,0.000002414
758,768,0.000000988
759,768,0.000000943
760,768,0.000000944
761,768,0.000000945
762,768,0.000002483
763,768,0.000000984
764,768,0.000000963
765,768,0.000001739
766,768,0.000000961
767,768,0.000000961
768,768,0.000002205
769,768,0.000000992
770,768,0.000000947
771,768,0.000000949
772,768,0.000000948
773,768,0.000002297
774,768,0.000000986
775,768,0.000000946
776,768,0.000000952
777,768,0.000001748
778,768,0.000002461
779,768,0.000000994
780,768,0.000000946
781,768,0.000000949
782,768,0.000000945
783,768,0.000000954
784,768,0.000003502
785,768,0.000001164
786,768,0.000001072
787,768,0.000001090
788,768,0.000001846
789,768,0.000002466
790,768,0.000001006
791,768,0.000000953
792,768,0.000000953
793,768,0.000000950
794,768,0.000002326
795,768,0.000000988
796,768,0.000000950
797,768,0.000000947
798,768,0.000000951
799,768,0.000000985
800,768,0.000002958
801,768,0.000001019
802,768,0.000000951
803,768,0.000000941
804,768,0.000000947
805,768,0.000002326
806,768,0.000000987
807,768,0.000000947
808,768,0.000000944
809,768,0.000000945
810,768,0.000002335
811,768,0.000001775
812,768,0.000000988
813,768,0.000000941
814,768,0.000000947
815,768,0.000000961
816,768,0.000002176
817,768,0.000000990
818,768,0.000000948
819,768,0.000000948
820,768,0.000000950
821,768,0.000002315
822,768,0.000000984
823,768,0.000001739
824,768,0.000000964
825,768,0.000000946
826,768,0.000002388
827,768,0.000000987
828,768,0.000000946
829,768,0.000000946
830,768,0.000000943
831,768,0.000000954
832,768,0.000002368
833,768,0.000000989
834,768,0.000000950
835,768,0.000000979
836,768,0.000001739
837,768,0.000002362
838,768,0.000000992
839,768,0.000000948
840,768,0.000000948
841,768,0.000000949
842,768,0.000002493
843,768,0.000000987
844,768,0.000000951
845,768,0.000000947
846,768,0.000000950
847,768,0.000001010
848,768,0.000002856
849,768,0.000001015
850,768,0.000000960
851,768,0.000000946
852,768,0.000000946
853,768,0.000004740
854,768,0.000000987
855,768,0.000000945
856,768,0.000000952
857,768,0.000000975
858,768,0.000003100
859,768,0.000001030
860,768,0.000000952
861,768,0.000000948
862,768,0.000000949
863,768,0.000000958
864,768,0.000002142
865,768,0.000001642
866,768,0.000000973
867,768,0.000000957
868,768,0.000000954
869,768,0.000003098
870,768,0.000001034
871,768,0.000000944
872,768,0.000000947
873,768,0.000000947
874,768,0.000002362
875,768,0.000000981
876,768,0.000000945
877,768,0.000000945
878,768,0.000000946
879,768,0.000000954
880,768,0.000002366
881,768,0.000001764
882,768,0.000000977
883,768,0.000000939
884,768,0.000000939
885,768,0.000002361
886,768,0.000000986
887,768,0.000000946
888,768,0.000000946
889,768,0.000000947
890,768,0.000002280
891,768,0.000000983
892,768,0.000000971
893,768,0.000001722
894,768,0.000000968
895,768,0.000000954
896,768,0.000002173
897,768,0.000000987
898,768,0.000000944
899,768,0.000000944
900,768,0.000000944
901,768,0.000002324
902,768,0.000000986
903,768,0.000000945
904,768,0.000000959
905,768,0.000001733
906,768,0.000002431
907,768,0.000000992
908,768,0.000000953
909,768,0.000000947
910,768,0.000000949
911,768,0.000000956
912,768,0.000002103
913,768,0.000000998
914,768,0.000000947
915,768,0.000000951
916,768,0.000000945
917,768,0.000002296
918,768,0.000001760
919,768,0.000000983
920,768,0.000000940
921,768,0.000000945
922,768,0.000002353
923,768,0.000000989
924,768,0.000000942
925,768,0.000000945
926,768,0.000000945
927,768,0.000000952
928,768,0.000002374
929,768,0.000001762
930,768,0.000000987
931,768,0.000000940
932,768,0.000000937
933,768,0.000002552
934,768,0.000001123
935,768,0.000001079
936,768,0.000001077
937,768,0.000001058
938,768,0.000002428
939,768,0.000001035
940,768,0.000001771
941,768,0.000000964
942,768,0.000000947
943,768,0.000000957
944,768,0.000002257
945,768,0.000000994
946,768,0.000000943
947,768,0.000000944
948,768,0.000000943
949,768,0.000002410
950,768,0.000000987
951,768,0.000000963
952,768,0.000001749
953,768,0.000000961
954,768,0.000002339
955,768,0.000000983
956,768,0.000000949
957,768,0.000000945
958,768,0.000000946
959,768,0.000000958
960,768,0.000002182
961,768,0.000000987
962,768,0.000000950
963,768,0.000000948
964,768,0.000000964
965,768,0.000003149
966,768,0.000001027
967,768,0.000000954
968,768,0.000000946
969,768,0.000000945
970,768,0.000002312
971,768,0.000000997
972,768,0.000000941
973,768,0.000000947
974,768,0.000000939
975,768,0.000000953
976,768,0.000002102
977,768,0.000001750
978,768,0.000000976
979,768,0.000000939
980,768,0.000000947
981,768,0.000002565
982,768,0.000000992
983,768,0.000000947
984,768,0.000000950
985,768,0.000000947
986,768,0.000002375
987,768,0.000000990
988,768,0.000001753
989,768,0.000000960
990,768,0.000000950
991,768,0.000000960
992,768,0.000002961
993,768,0.000001035
994,768,0.000000944
995,768,0.000000947
996,768,0.000000945
997,768,0.000002327
998,768,0.000000987
999,768,0.000001764
0,1024,0.000002502
1,1024,0.000001051
2,1024,0.000000974
3,1024,0.000000966
4,1024,0.000000948
5,1024,0.000000938
6,1024,0.000000926
7,1024,0.000000939
8,1024,0.000000940
9,1024,0.000000942
10,1024,0.000000930
11,1024,0.000000945
12,1024,0.000001016
13,1024,0.000000939
14,1024,0.000000927
15,1024,0.000000937
16,1024,0.000000971
17,1024,0.000000939
18,1024,0.000000930
19,1024,0.000000938
20,1024,0.000000935
21,1024,0.000000940
22,1024,0.000000929
23,1024,0.000000937
24,1024,0.000000939
25,1024,0.000000933
26,1024,0.000000931
27,1024,0.000000933
28,1024,0.000000935
29,1024,0.000000936
30,1024,0.000000925
31,1024,0.000000937
32,1024,0.000000937
33,1024,0.000000935
34,1024,0.000000930
35,1024,0.000000939
36,1024,0.000000936
37,1024,0.000000937
38,1024,0.000000928
39,1024,0.000000938
40,1024,0.000000938
41,1024,0.000000938
42,1024,0.000000933
43,1024,0.000000942
44,1024,0.000000956
45,1024,0.000000937
46,1024,0.000000932
47,1024,0.000000937
48,1024,0.000000961
49,1024,0.000000938
50,1024,0.000000931
51,1024,0.000000940
52,1024,0.000000931
53,1024,0.000000936
54,1024,0.000000933
55,1024,0.000000938
56,1024,0.000000944
57,1024,0.000000951
58,1024,0.000001078
59,1024,0.000000956
60,1024,0.000001224
61,1024,0.000008785
62,1024,0.000001303
63,1024,0.000000942
64,1024,0.000000947
65,1024,0.000000935
66,1024,0.000000941
67,1024,0.000000934
68,1024,0.000000948
69,1024,0.000000937
70,1024,0.000000944
71,1024,0.000000936
72,1024,0.000000948
73,1024,0.000000932
74,1024,0.000000943
75,1024,0.000000931
76,1024,0.000000944
77,1024,0.000000932
78,1024,0.000000942
79,1024,0.000000932
80,1024,0.000000998
81,1024,0.000000937
82,1024,0.000000943
83,1024,0.000000934
84,1024,0.000000945
85,1024,0.000000940
86,1024,0.000000946
87,1024,0.000000936
88,1024,0.000000974
89,1024,0.000000940
90,1024,0.000000948
91,1024,0.000000937
92,1024,0.000000948
93,1024,0.000000938
94,1024,0.000000946
95,1024,0.000000940
96,1024,0.000000951
97,1024,0.000000940
98,1024,0.000000948
99,1024,0.000000940
100,1024,0.000000974
101,1024,0.000000942
102,1024,0.000000966
103,1024,0.000001988
104,1024,0.000000982
105,1024,0.000000940
106,1024,0.000000946
107,1024,0.000000945
108,1024,0.000000970
109,1024,0.000000941
110,1024,0.000000950
111,1024,0.000000962
112,1024,0.000000969
113,1024,0.000000943
114,1024,0.000000944
115,1024,0.000000942
116,1024,0.000000978
117,1024,0.000000956
118,1024,0.000000941
119,1024,0.000000940
120,1024,0.000000946
121,1024,0.000000937
122,1024,0.000000947
123,1024,0.000000938
124,1024,0.000000950
125,1024,0.000000939
126,1024,0.000000945
127,1024,0.000000940
128,1024,0.000000949
129,1024,0.000000940
130,1024,0.000000951
131,1024,0.000000938
132,1024,0.000000948
133,1024,0.000000942
134,1024,0.000000948
135,1024,0.000000940
136,1024,0.000000952
137,1024,0.000000943
138,1024,0.000000945
139,1024,0.000000954
140,1024,0.000001751
141,1024,0.000000985
142,1024,0.000000950
143,1024,0.000000956
144,1024,0.000000969
145,1024,0.000000954
146,1024,0.000000952
147,1024,0.000000956
148,1024,0.000000946
149,1024,0.000000955
150,1024,0.000000946
151,1024,0.000000955
152,1024,0.000000976
153,1024,0.000000957
154,1024,0.000000947
155,1024,0.000000958
156,1024,0.000000964
157,1024,0.000000958
158,1024,0.000000948
159,1024,0.000000958
160,1024,0.000000953
161,1024,0.000000957
162,1024,0.000000950
163,1024,0.000000959
164,1024,0.000000952
165,1024,0.000000956
166,1024,0.000000946
167,1024,0.000000955
168,1024,0.000000954
169,1024,0.000001161
170,1024,0.000001430
171,1024,0.000001455
172,1024,0.000001592
173,1024,0.000001463
174,1024,0.000001447
175,1024,0.000002590
176,1024,0.000001588
177,1024,0.000001351
178,1024,0.000000958
179,1024,0.000000940
180,1024,0.000000962
181,1024,0.000000938
182,1024,0.000000942
183,1024,0.000000937
184,1024,0.000000940
185,1024,0.000000947
186,1024,0.000000935
187,1024,0.000000945
188,1024,0.000001001
189,1024,0.000000968
190,1024,0.000001817
191,1024,0.000000970
192,1024,0.000000942
193,1024,0.000000959
194,1024,0.000000937
195,1024,0.000000945
196,1024,0.000000995
197,1024,0.000000947
198,1024,0.000000942
199,1024,0.000000945
200,1024,0.000000946
201,1024,0.000000946
202,1024,0.000000940
203,1024,0.000000944
204,1024,0.000000943
205,1024,0.000001684
206,1024,0.000000962
207,1024,0.000000942
208,1024,0.000000981
209,1024,0.000000958
210,1024,0.000000939
211,1024,0.000000953
212,1024,0.000000939
213,1024,0.000000947
214,1024,0.000000938
215,1024,0.000000951
216,1024,0.000000961
217,1024,0.000000951
218,1024,0.000000934
219,1024,0.000000957
220,1024,0.000000948
221,1024,0.000001674
222,1024,0.000000974
223,1024,0.000000949
224,1024,0.000000950
225,1024,0.000000945
226,1024,0.000000941
227,1024,0.000000945
228,1024,0.000000948
229,1024,0.000000944
230,1024,0.000000942
231,1024,0.000000944
232,1024,0.000000943
233,1024,0.000000943
234,1024,0.000000940
235,1024,0.000000961
236,1024,0.000001665
237,1024,0.000000973
238,1024,0.000000937
239,1024,0.000000959
240,1024,0.000000940
241,1024,0.000000956
242,1024,0.000000936
243,1024,0.000000953
244,1024,0.000000939
245,1024,0.000000955
246,1024,0.000000938
247,1024,0.000000955
248,1024,0.000000954
249,1024,0.000000946
250,1024,0.000000947
251,1024,0.000001662
252,1024,0.000000971
253,1024,0.000000949
254,1024,0.000000949
255,1024,0.000000946
256,1024,0.000000948
257,1024,0.000000943
258,1024,0.000000944
259,1024,0.000000946
260,1024,0.000000974
261,1024,0.000000958
262,1024,0.000000934
263,1024,0.000000952
264,1024,0.000000944
265,1024,0.000000953
266,1024,0.000000945
267,1024,0.000001654
268,1024,0.000001068
269,1024,0.000000956
270,1024,0.000000936
271,1024,0.000000942
272,1024,0.000000953
273,1024,0.000000938
274,1024,0.000000929
275,1024,0.000000938
276,1024,0.000000986
277,1024,0.000000940
278,1024,0.000000928
279,1024,0.000000939
280,1024,0.000000935
281,1024,0.000001001
282,1024,0.000016308
283,1024,0.000001066
284,1024,0.000000991
285,1024,0.000000972
286,1024,0.000000967
287,1024,0.000000960
288,1024,0.000000950
289,1024,0.000000952
290,1024,0.000000950
291,1024,0.000000953
292,1024,0.000000974
293,1024,0.000000954
294,1024,0.000000949
295,1024,0.000000952
296,1024,0.000000952
297,1024,0.000002553
298,1024,0.000001639
299,1024,0.000001446
300,1024,0.000001593
301,1024,0.000001505
302,1024,0.000001496
303,1024,0.000001249
304,1024,0.000000961
305,1024,0.000000954
306,1024,0.000000950
307,1024,0.000000954
308,1024,0.000000948
309,1024,0.000000955
310,1024,0.000000948
311,1024,0.000000954
312,1024,0.000001008
313,1024,0.000000953
314,1024,0.000000947
315,1024,0.000001983
316,1024,0.000000996
317,1024,0.000000947
318,1024,0.000000955
319,1024,0.000000949
320,1024,0.000000979
321,1024,0.000000948
322,1024,0.000013626
323,1024,0.000001126
324,1024,0.000000958
325,1024,0.000000931
326,1024,0.000000929
327,1024,0.000000928
328,1024,0.000000925
329,1024,0.000000929
330,1024,0.000000929
331,1024,0.000001766
332,1024,0.000000968
333,1024,0.000000929
334,1024,0.000000939
335,1024,0.000000929
336,1024,0.000000959
337,1024,0.000000927
338,1024,0.000000939
339,1024,0.000000929
340,1024,0.000000940
341,1024,0.000000931
342,1024,0.000000939
343,1024,0.000000930
344,1024,0.000000942
345,1024,0.000000931
346,1024,0.000000939
347,1024,0.000001689
348,1024,0.000001005
349,1024,0.000000931
350,1024,0.000000945
351,1024,0.000000931
352,1024,0.000001298
353,1024,0.000000936
354,1024,0.000000941
355,1024,0.000000930
356,1024,0.000000943
357,1024,0.000000929
358,1024,0.000000937
359,1024,0.000000926
360,1024,0.000000942
361,1024,0.000000931
362,1024,0.000001671
363,1024,0.000000955
364,1024,0.000000962
365,1024,0.000000929
366,1024,0.000000957
367,1024,0.000000929
368,1024,0.000000942
369,1024,0.000000928
370,1024,0.000000939
371,1024,0.000000928
372,1024,0.000000940
373,1024,0.000000929
374,1024,0.000000940
375,1024,0.000000929
376,1024,0.000000962
377,1024,0.000001678
378,1024,0.000000974
379,1024,0.000000931
380,1024,0.000000942
381,1024,0.000000929
382,1024,0.000000943
383,1024,0.000000927
384,1024,0.000000976
385,1024,0.000000928
386,1024,0.000000937
387,1024,0.000000937
388,1024,0.000000940
389,1024,0.000000930
390,1024,0.000000938
391,1024,0.000000927
392,1024,0.000000944
393,1024,0.000001658
394,1024,0.000000966
395,1024,0.000000926
396,1024,0.000000940
397,1024,0.000000926
398,1024,0.000000940
399,1024,0.000000928
400,1024,0.000000942
401,1024,0.000000926
402,1024,0.000000938
403,1024,0.000000928
404,1024,0.000000973
405,1024,0.000000927
406,1024,0.000000943
407,1024,0.000000928
408,1024,0.000001675
409,1024,0.000000961
410,1024,0.000000944
411,1024,0.000000932
412,1024,0.000000960
413,1024,0.000000930
414,1024,0.000000941
415,1024,0.000000933
416,1024,0.000000944
417,1024,0.000000951
418,1024,0.000000938
419,1024,0.000000930
420,1024,0.000000940
421,1024,0.000000930
422,1024,0.000000938
423,1024,0.000000926
424,1024,0.000001666
425,1024,0.000001280
426,1024,0.000001107
427,1024,0.000001052
428,1024,0.000001071
429,1024,0.000001038
430,1024,0.000001051
431,1024,0.000001040
432,1024,0.000001053
433,1024,0.000001039
434,1024,0.000001049
435,1024,0.000001040
436,1024,0.000001055
437,1024,0.000001763
438,1024,0.000000994
439,1024,0.000000950
440,1024,0.000000961
441,1024,0.000000950
442,1024,0.000000942
443,1024,0.000000932
444,1024,0.000000944
445,1024,0.000000932
446,1024,0.000000945
447,1024,0.000000930
448,1024,0.000000943
449,1024,0.000000929
450,1024,0.000000941
451,1024,0.000000927
452,1024,0.000000970
453,1024,0.000001678
454,1024,0.000000972
455,1024,0.000000928
456,1024,0.000000963
457,1024,0.000000931
458,1024,0.000000941
459,1024,0.000000931
460,1024,0.000000943
461,1024,0.000000929
462,1024,0.000000944
463,1024,0.000000930
464,1024,0.000000966
465,1024,0.000000933
466,1024,0.000000945
467,1024,0.000000948
468,1024,0.000001690
469,1024,0.000000958
470,1024,0.000000945
471,1024,0.000000933
472,1024,0.000000965
473,1024,0.000000934
474,1024,0.000000941
475,1024,0.000000931
476,1024,0.000000942
477,1024,0.000000931
478,1024,0.000000943
479,1024,0.000000930
480,1024,0.000000966
481,1024,0.000000931
482,1024,0.000000941
483,1024,0.000001726
484,1024,0.000001032
485,1024,0.000000933
486,1024,0.000000941
487,1024,0.000000929
488,1024,0.000000967
489,1024,0.000000927
490,1024,0.000000944
491,1024,0.000000928
492,1024,0.000000963
493,1024,0.000000928
494,1024,0.000000943
495,1024,0.000000930
496,1024,0.000000943
497,1024,0.000000926
498,1024,0.000000941
499,1024,0.000001667
500,1024,0.000000985
501,1024,0.000000940
502,1024,0.000000943
503,1024,0.000000929
504,1024,0.000000969
505,1024,0.000000928
506,1024,0.000000940
507,1024,0.000000929
508,1024,0.000000941
509,1024,0.000000928
510,1024,0.000000939
511,1024,0.000000928
512,1024,0.000000941
513,1024,0.000000964
514,1024,0.000001680
515,1024,0.000000957
516,1024,0.000000943
517,1024,0.000000928
518,1024,0.000000937
519,1024,0.000000926
520,1024,0.000000941
521,1024,0.000000925
522,1024,0.000000939
523,1024,0.000000927
524,1024,0.000000962
525,1024,0.000000928
526,1024,0.000000940
527,1024,0.000000927
528,1024,0.000000974
529,1024,0.000001695
530,1024,0.000000975
531,1024,0.000000940
532,1024,0.000000970
533,1024,0.000000932
534,1024,0.000000943
535,1024,0.000000930
536,1024,0.000000962
537,1024,0.000000931
538,1024,0.000000943
539,1024,0.000000930
540,1024,0.000000960
541,1024,0.000000929
542,1024,0.000000942
543,1024,0.000000930
544,1024,0.000000955
545,1024,0.000001666
546,1024,0.000000965
547,1024,0.000000928
548,1024,0.000000957
549,1024,0.000000929
550,1024,0.000000940
551,1024,0.000000929
552,1024,0.000000940
553,1024,0.000000929
554,1024,0.000000941
555,1024,0.000000931
556,1024,0.000000944
557,1024,0.000000929
558,1024,0.000000943
559,1024,0.000000930
560,1024,0.000001685
561,1024,0.000000962
562,1024,0.000000945
563,1024,0.000000932
564,1024,0.000000974
565,1024,0.000000930
566,1024,0.000000944
567,1024,0.000000929
568,1024,0.000000961
569,1024,0.000000929
570,1024,0.000000939
571,1024,0.000000927
572,1024,0.000000962
573,1024,0.000000930
574,1024,0.000000937
575,1024,0.000000960
576,1024,0.000001688
577,1024,0.000000957
578,1024,0.000000941
579,1024,0.000000928
580,1024,0.000000968
581,1024,0.000000925
582,1024,0.000000938
583,1024,0.000000925
584,1024,0.000000970
585,1024,0.000000930
586,1024,0.000000940
587,1024,0.000000929
588,1024,0.000000966
589,1024,0.000000927
590,1024,0.000000947
591,1024,0.000001669
592,1024,0.000000992
593,1024,0.000000934
594,1024,0.000000943
595,1024,0.000000933
596,1024,0.000000962
597,1024,0.000000931
598,1024,0.000000940
599,1024,0.000000929
600,1024,0.000000961
601,1024,0.000000928
602,1024,0.000000939
603,1024,0.000000928
604,1024,0.000001126
605,1024,0.000000930
606,1024,0.000001685
607,1024,0.000000964
608,1024,0.000000965
609,1024,0.000000926
610,1024,0.000000939
611,1024,0.000000925
612,1024,0.000000969
613,1024,0.000000926
614,1024,0.000000940
615,1024,0.000000925
616,1024,0.000000968
617,1024,0.000000927
618,1024,0.000000941
619,1024,0.000000927
620,1024,0.000000967
621,1024,0.000000942
622,1024,0.000001680
623,1024,0.000000958
624,1024,0.000001036
625,1024,0.000000936
626,1024,0.000000947
627,1024,0.000000933
628,1024,0.000001025
629,1024,0.000000928
630,1024,0.000000940
631,1024,0.000000928
632,1024,0.000000963
633,1024,0.000000926
634,1024,0.000000940
635,1024,0.000000928
636,1024,0.000000968
637,1024,0.000001660
638,1024,0.000000960
639,1024,0.000000928
640,1024,0.000000942
641,1024,0.000000924
642,1024,0.000000938
643,1024,0.000000926
644,1024,0.000000966
645,1024,0.000000925
646,1024,0.000000938
647,1024,0.000000926
648,1024,0.000000969
649,1024,0.000000927
650,1024,0.000000940
651,1024,0.000000926
652,1024,0.000000964
653,1024,0.000001669
654,1024,0.000000966
655,1024,0.000000933
656,1024,0.000000968
657,1024,0.000000939
658,1024,0.000000939
659,1024,0.000000933
660,1024,0.000000962
661,1024,0.000000929
662,1024,0.000000938
663,1024,0.000000930
664,1024,0.000000960
665,1024,0.000000928
666,1024,0.000000939
667,1024,0.000000944
668,1024,0.000001674
669,1024,0.000000957
670,1024,0.000000942
671,1024,0.000000928
672,1024,0.000000956
673,1024,0.000000930
674,1024,0.000000942
675,1024,0.000000929
676,1024,0.000000958
677,1024,0.000000931
678,1024,0.000000938
679,1024,0.000000930
680,1024,0.000000960
681,1024,0.000000930
682,1024,0.000000944
683,1024,0.000001687
684,1024,0.000000975
685,1024,0.000000935
686,1024,0.000000943
687,1024,0.000000933
688,1024,0.000000946
689,1024,0.000000932
690,1024,0.000000942
691,1024,0.000000934
692,1024,0.000000963
693,1024,0.000000934
694,1024,0.000000940
695,1024,0.000000929
696,1024,0.000000943
697,1024,0.000000932
698,1024,0.000000958
699,1024,0.000001694
700,1024,0.000000992
701,1024,0.000000928
702,1024,0.000000940
703,1024,0.000000928
704,1024,0.000000942
705,1024,0.000000928
706,1024,0.000000936
707,1024,0.000000927
708,1024,0.000000968
709,1024,0.000000929
710,1024,0.000000939
711,1024,0.000000931
712,1024,0.000000942
713,1024,0.000000931
714,1024,0.000001671
715,1024,0.000000956
716,1024,0.000000969
717,1024,0.000000932
718,1024,0.000000943
719,1024,0.000000934
720,1024,0.000000990
721,1024,0.000000931
722,1024,0.000000943
723,1024,0.000000933
724,1024,0.000000944
725,1024,0.000000931
726,1024,0.000000943
727,1024,0.000000930
728,1024,0.000000970
729,1024,0.000000950
730,1024,0.000001686
731,1024,0.000000955
732,1024,0.000000939
733,1024,0.000000925
734,1024,0.000000936
735,1024,0.000000926
736,1024,0.000000957
737,1024,0.000000925
738,1024,0.000000936
739,1024,0.000000926
740,1024,0.000000966
741,1024,0.000000925
742,1024,0.000000936
743,1024,0.000000927
744,1024,0.000000955
745,1024,0.000001673
746,1024,0.000000966
747,1024,0.000000930
748,1024,0.000000947
749,1024,0.000000931
750,1024,0.000000960
751,1024,0.000000939
752,1024,0.000003727
753,1024,0.000001030
754,1024,0.000000939
755,1024,0.000000928
756,1024,0.000002329
757,1024,0.000001807
758,1024,0.000000986
759,1024,0.000000938
760,1024,0.000002112
761,1024,0.000000990
762,1024,0.000000939
763,1024,0.000000941
764,1024,0.000002051
765,1024,0.000000992
766,1024,0.000000941
767,1024,0.000000940
768,1024,0.000002714
769,1024,0.000001764
770,1024,0.000000980
771,1024,0.000000933
772,1024,0.000002242
773,1024,0.000000991
774,1024,0.000000942
775,1024,0.000000945
776,1024,0.000002186
777,1024,0.000000990
778,1024,0.000000944
779,1024,0.000000954
780,1024,0.000002923
781,1024,0.000001035
782,1024,0.000000961
783,1024,0.000000938
784,1024,0.000002087
785,1024,0.000000982
786,1024,0.000000938
787,1024,0.000000942
788,1024,0.000002248
789,1024,0.000000988
790,1024,0.000000958
791,1024,0.000001767
792,1024,0.000002174
793,1024,0.000001007
794,1024,0.000000932
795,1024,0.000000944
796,1024,0.000002082
797,1024,0.000000987
798,1024,0.000000941
799,1024,0.000000945
800,1024,0.000002172
801,1024,0.000000987
802,1024,0.000001745
803,1024,0.000000979
804,1024,0.000002141
805,1024,0.000000997
806,1024,0.000000943
807,1024,0.000000942
808,1024,0.000002178
809,1024,0.000000984
810,1024,0.000000943
811,1024,0.000000940
812,1024,0.000002029
813,1024,0.000000997
814,1024,0.000001749
815,1024,0.000000969
816,1024,0.000002175
817,1024,0.000000985
818,1024,0.000000948
819,1024,0.000000938
820,1024,0.000002100
821,1024,0.000000985
822,1024,0.000000944
823,1024,0.000000944
824,1024,0.000002078
825,1024,0.000001002
826,1024,0.000001725
827,1024,0.000000976
828,1024,0.000002139
829,1024,0.000000990
830,1024,0.000000938
831,1024,0.000000944
832,1024,0.000002036
833,1024,0.000000979
834,1024,0.000000938
835,1024,0.000000939
836,1024,0.000002023
837,1024,0.000001765
838,1024,0.000001090
839,1024,0.000000948
840,1024,0.000002150
841,1024,0.000000987
842,1024,0.000000946
843,1024,0.000000941
844,1024,0.000002102
845,1024,0.000000987
846,1024,0.000000945
847,1024,0.000000939
848,1024,0.000002105
849,1024,0.000001790
850,1024,0.000000987
851,1024,0.000000938
852,1024,0.000002242
853,1024,0.000000999
854,1024,0.000000940
855,1024,0.000000939
856,1024,0.000002102
857,1024,0.000000984
858,1024,0.000000944
859,1024,0.000000938
860,1024,0.000002482
861,1024,0.000001857
862,1024,0.000000991
863,1024,0.000000941
864,1024,0.000002142
865,1024,0.000000998
866,1024,0.000000942
867,1024,0.000000944
868,1024,0.000002068
869,1024,0.000000988
870,1024,0.000000944
871,1024,0.000000943
872,1024,0.000004565
873,1024,0.000001791
874,1024,0.000000967
875,1024,0.000000939
876,1024,0.000002093
877,1024,0.000000990
878,1024,0.000000939
879,1024,0.000000939
880,1024,0.000002050
881,1024,0.000001767
882,1024,0.000000990
883,1024,0.000000940
884,1024,0.000003986
885,1024,0.000001022
886,1024,0.000000932
887,1024,0.000000937
888,1024,0.000002138
889,1024,0.000000987
890,1024,0.000000946
891,1024,0.000000958
892,1024,0.000002968
893,1024,0.000001033
894,1024,0.000000964
895,1024,0.000000941
896,1024,0.000002059
897,1024,0.000000998
898,1024,0.000000941
899,1024,0.000000939
900,1024,0.000002008
901,1024,0.000000987
902,1024,0.000000937
903,1024,0.000000961
904,1024,0.000002951
905,1024,0.000001034
906,1024,0.000000963
907,1024,0.000000940
908,1024,0.000002110
909,1024,0.000000993
910,1024,0.000000942
911,1024,0.000000942
912,1024,0.000002069
913,1024,0.000000982
914,1024,0.000000962
915,1024,0.000001770
916,1024,0.000002144
917,1024,0.000001011
918,1024,0.000000929
919,1024,0.000000942
920,1024,0.000002057
921,1024,0.000000988
922,1024,0.000000943
923,1024,0.000000938
924,1024,0.000002261
925,1024,0.000000987
926,1024,0.000000946
927,1024,0.000001756
928,1024,0.000002254
929,1024,0.000001021
930,1024,0.000000933
931,1024,0.000000945
932,1024,0.000002046
933,1024,0.000000991
934,1024,0.000000945
935,1024,0.000000942
936,1024,0.000002095
937,1024,0.000001024
938,1024,0.000001743
939,1024,0.000000972
940,1024,0.000002147
941,1024,0.000000987
942,1024,0.000000943
943,1024,0.000000941
944,1024,0.000002124
945,1024,0.000000983
946,1024,0.000000942
947,1024,0.000000942
948,1024,0.000002026
949,1024,0.000000992
950,1024,0.000008497
951,1024,0.000001301
952,1024,0.000002436
953,1024,0.000001009
954,1024,0.000000945
955,1024,0.000000946
956,1024,0.000002091
957,1024,0.000000992
958,1024,0.000000950
959,1024,0.000000953
960,1024,0.000002084
961,1024,0.000000990
962,1024,0.000000952
963,1024,0.000000950
964,1024,0.000002055
965,1024,0.000000988
966,1024,0.000000950
967,1024,0.000000946
968,1024,0.000002054
969,1024,0.000000989
970,1024,0.000000950
971,1024,0.000000950
972,1024,0.000002087
973,1024,0.000000996
974,1024,0.000000951
975,1024,0.000000976
976,1024,0.000003081
977,1024,0.000001050
978,1024,0.000000968
979,1024,0.000000954
980,1024,0.000002124
981,1024,0.000001000
982,1024,0.000000949
983,1024,0.000023523
984,1024,0.000002887
985,1024,0.000001026
986,1024,0.000000976
987,1024,0.000000958
988,1024,0.000002250
989,1024,0.000000998
990,1024,0.000000965
991,1024,0.000000969
992,1024,0.000003282
993,1024,0.000001038
994,1024,0.000000973
995,1024,0.000000964
996,1024,0.000017418
997,1024,0.000001055
998,1024,0.000000936
999,1024,0.000000941
0,1280,0.000003386
1,1280,0.000001131
2,1280,0.000000968
3,1280,0.000001189
4,1280,0.000000979
5,1280,0.000000954
6,1280,0.000001164
7,1280,0.000000952
8,1280,0.000000951
9,1280,0.000001215
10,1280,0.000000953
11,1280,0.000000949
12,1280,0.000001184
13,1280,0.000000952
14,1280,0.000000952
15,1280,0.000000949
16,1280,0.000000950
17,1280,0.000000955
18,1280,0.000000955
19,1280,0.000001163
20,1280,0.000000969
21,1280,0.000000953
22,1280,0.000001161
23,1280,0.000000950
24,1280,0.000000954
25,1280,0.000001163
26,1280,0.000000953
27,1280,0.000000950
28,1280,0.000001159
29,1280,0.000000950
30,1280,0.000000957
31,1280,0.000000949
32,1280,0.000000949
33,1280,0.000000957
34,1280,0.000000954
35,1280,0.000001180
36,1280,0.000000968
37,1280,0.000000951
38,1280,0.000001176
39,1280,0.000000949
40,1280,0.000000950
41,1280,0.000001189
42,1280,0.000000950
43,1280,0.000000953
44,1280,0.000001164
45,1280,0.000000953
46,1280,0.000000960
47,1280,0.000000953
48,1280,0.000000973
49,1280,0.000000960
50,1280,0.000000957
51,1280,0.000001164
52,1280,0.000000974
53,1280,0.000000956
54,1280,0.000001185
55,1280,0.000000954
56,1280,0.000000956
57,1280,0.000001191
58,1280,0.000000958
59,1280,0.000000957
60,1280,0.000001194
61,1280,0.000000955
62,1280,0.000000961
63,1280,0.000000955
64,1280,0.000000975
65,1280,0.000000962
66,1280,0.000000959
67,1280,0.000001195
68,1280,0.000000968
69,1280,0.000000955
70,1280,0.000001177
71,1280,0.000000952
72,1280,0.000000955
73,1280,0.000001160
74,1280,0.000000954
75,1280,0.000000954
76,1280,0.000001193
77,1280,0.000000956
78,1280,0.000000962
79,1280,0.000000956
80,1280,0.000001019
81,1280,0.000000962
82,1280,0.000000957
83,1280,0.000001164
84,1280,0.000000975
85,1280,0.000000959
86,1280,0.000001190
87,1280,0.000000955
88,1280,0.000000972
89,1280,0.000001188
90,1280,0.000000973
91,1280,0.000000956
92,1280,0.000001463
93,1280,0.000000963
94,1280,0.000000961
95,1280,0.000000953
96,1280,0.000000975
97,1280,0.000000962
98,1280,0.000000955
99,1280,0.000001205
100,1280,0.000000970
101,1280,0.000000952
102,1280,0.000001159
103,1280,0.000000953
104,1280,0.000000954
105,1280,0.000001163
106,1280,0.000000955
107,1280,0.000000954
108,1280,0.000001162
109,1280,0.000000956
110,1280,0.000000965
111,1280,0.000000956
112,1280,0.000000959
113,1280,0.000000964
114,1280,0.000000957
115,1280,0.000001187
116,1280,0.000000974
117,1280,0.000000956
118,1280,0.000001187
119,1280,0.000000953
120,1280,0.000000957
121,1280,0.000001204
122,1280,0.000000955
123,1280,0.000000999
124,1280,0.000001241
125,1280,0.000000954
126,1280,0.000000958
127,1280,0.000000956
128,1280,0.000001004
129,1280,0.000000958
130,1280,0.000000956
131,1280,0.000001182
132,1280,0.000000970
133,1280,0.000000955
134,1280,0.000001163
135,1280,0.000000952
136,1280,0.000000957
137,1280,0.000001179
138,1280,0.000000958
139,1280,0.000000960
140,1280,0.000001192
141,1280,0.000000958
142,1280,0.000000964
143,1280,0.000000959
144,1280,0.000001000
145,1280,0.000000965
146,1280,0.000000960
147,1280,0.000001163
148,1280,0.000000980
149,1280,0.000000958
150,1280,0.000001182
151,1280,0.000000949
152,1280,0.000000952
153,1280,0.000001157
154,1280,0.000000951
155,1280,0.000000953
156,1280,0.000001172
157,1280,0.000000950
158,1280,0.000000955
159,1280,0.000000950
160,1280,0.000000966
161,1280,0.000000955
162,1280,0.000000954
163,1280,0.000001179
164,1280,0.000000968
165,1280,0.000000952
166,1280,0.000001190
167,1280,0.000000955
168,1280,0.000000957
169,1280,0.000001163
170,1280,0.000000954
171,1280,0.000000950
172,1280,0.000001186
173,1280,0.000000953
174,1280,0.000000960
175,1280,0.000000953
176,1280,0.000000976
177,1280,0.000000962
178,1280,0.000000953
179,1280,0.000001162
180,1280,0.000000969
181,1280,0.000000953
182,1280,0.000001214
183,1280,0.000000965
184,1280,0.000000973
185,1280,0.000001180
186,1280,0.000000984
187,1280,0.000000962
188,1280,0.000001159
189,1280,0.000000948
190,1280,0.000000956
191,1280,0.000000950
192,1280,0.000000950
193,1280,0.000000954
194,1280,0.000000952
195,1280,0.000001158
196,1280,0.000000968
197,1280,0.000000952
198,1280,0.000001184
199,1280,0.000000951
200,1280,0.000000955
201,1280,0.000001159
202,1280,0.000000953
203,1280,0.000000956
204,1280,0.000001158
205,1280,0.000000950
206,1280,0.000000956
207,1280,0.000000953
208,1280,0.000000984
209,1280,0.000000959
210,1280,0.000000955
211,1280,0.000001189
212,1280,0.000000975
213,1280,0.000000959
214,1280,0.000001185
215,1280,0.000000950
216,1280,0.000000952
217,1280,0.000001192
218,1280,0.000001858
219,1280,0.000001005
220,1280,0.000001181
221,1280,0.000000930
222,1280,0.000000935
223,1280,0.000000926
224,1280,0.000000937
225,1280,0.000000939
226,1280,0.000000935
227,1280,0.000001163
228,1280,0.000000959
229,1280,0.000000937
230,1280,0.000001170
231,1280,0.000000934
232,1280,0.000001747
233,1280,0.000001207
234,1280,0.000000944
235,1280,0.000000954
236,1280,0.000001179
237,1280,0.000000948
238,1280,0.000000942
239,1280,0.000000946
240,1280,0.000000937
241,1280,0.000000953
242,1280,0.000000934
243,1280,0.000001155
244,1280,0.000000954
245,1280,0.000000944
246,1280,0.000001147
247,1280,0.000001696
248,1280,0.000000977
249,1280,0.000001173
250,1280,0.000000943
251,1280,0.000000930
252,1280,0.000001181
253,1280,0.000000953
254,1280,0.000000951
255,1280,0.000000935
256,1280,0.000000966
257,1280,0.000000939
258,1280,0.000000945
259,1280,0.000001167
260,1280,0.000000967
261,1280,0.000001699
262,1280,0.000001206
263,1280,0.000000935
264,1280,0.000000950
265,1280,0.000001170
266,1280,0.000000945
267,1280,0.000000938
268,1280,0.000001187
269,1280,0.000000936
270,1280,0.000000950
271,1280,0.000000938
272,1280,0.000000946
273,1280,0.000000944
274,1280,0.000000949
275,1280,0.000001228
276,1280,0.000001702
277,1280,0.000000967
278,1280,0.000001163
279,1280,0.000000942
280,1280,0.000000933
281,1280,0.000001178
282,1280,0.000000935
283,1280,0.000000955
284,1280,0.000001151
285,1280,0.000000946
286,1280,0.000000941
287,1280,0.000000947
288,1280,0.000000954
289,1280,0.000000952
290,1280,0.000001709
291,1280,0.000001209
292,1280,0.000000959
293,1280,0.000000949
294,1280,0.000001170
295,1280,0.000000946
296,1280,0.000000955
297,1280,0.000001155
298,1280,0.000000937
299,1280,0.000000944
300,1280,0.000001142
301,1280,0.000000943
302,1280,0.000000942
303,1280,0.000000946
304,1280,0.000000963
305,1280,0.000001720
306,1280,0.000000972
307,1280,0.000001219
308,1280,0.000000966
309,1280,0.000000931
310,1280,0.000001179
311,1280,0.000000930
312,1280,0.000000944
313,1280,0.000001161
314,1280,0.000000941
315,1280,0.000000932
316,1280,0.000001147
317,1280,0.000000936
318,1280,0.000000950
319,1280,0.000001691
320,1280,0.000001320
321,1280,0.000001092
322,1280,0.000001068
323,1280,0.000001290
324,1280,0.000001073
325,1280,0.000001045
326,1280,0.000001326
327,1280,0.000001043
328,1280,0.000001052
329,1280,0.000001275
330,1280,0.000001054
331,1280,0.000001048
332,1280,0.000002004
333,1280,0.000001002
334,1280,0.000000954
335,1280,0.000000959
336,1280,0.000000952
337,1280,0.000000953
338,1280,0.000000933
339,1280,0.000001171
340,1280,0.000000951
341,1280,0.000000945
342,1280,0.000001160
343,1280,0.000000943
344,1280,0.000000933
345,1280,0.000001184
346,1280,0.000000937
347,1280,0.000001696
348,1280,0.000001509
349,1280,0.000000945
350,1280,0.000000952
351,1280,0.000000935
352,1280,0.000000945
353,1280,0.000000947
354,1280,0.000000950
355,1280,0.000001145
356,1280,0.000000963
357,1280,0.000000936
358,1280,0.000001177
359,1280,0.000000936
360,1280,0.000000962
361,1280,0.000001895
362,1280,0.000000971
363,1280,0.000000941
364,1280,0.000001153
365,1280,0.000000935
366,1280,0.000000953
367,1280,0.000000930
368,1280,0.000000960
369,1280,0.000000938
370,1280,0.000000945
371,1280,0.000001168
372,1280,0.000000960
373,1280,0.000000938
374,1280,0.000001180
375,1280,0.000001661
376,1280,0.000000967
377,1280,0.000001176
378,1280,0.000000947
379,1280,0.000000937
380,1280,0.000001173
381,1280,0.000000937
382,1280,0.000000948
383,1280,0.000000935
384,1280,0.000000967
385,1280,0.000000946
386,1280,0.000000947
387,1280,0.000001167
388,1280,0.000000968
389,1280,0.000000976
390,1280,0.000001894
391,1280,0.000000970
392,1280,0.000000937
393,1280,0.000001234
394,1280,0.000000933
395,1280,0.000000952
396,1280,0.000001164
397,1280,0.000000943
398,1280,0.000000937
399,1280,0.000000945
400,1280,0.000000934
401,1280,0.000000953
402,1280,0.000000935
403,1280,0.000001179
404,1280,0.000001689
405,1280,0.000000966
406,1280,0.000001173
407,1280,0.000000946
408,1280,0.000000937
409,1280,0.000001180
410,1280,0.000000937
411,1280,0.000000964
412,1280,0.000001148
413,1280,0.000000947
414,1280,0.000000937
415,1280,0.000000947
416,1280,0.000001108
417,1280,0.000000958
418,1280,0.000000968
419,1280,0.000001911
420,1280,0.000000978
421,1280,0.000000938
422,1280,0.000001178
423,1280,0.000000936
424,1280,0.000000945
425,1280,0.000001168
426,1280,0.000000945
427,1280,0.000000933
428,1280,0.000001218
429,1280,0.000000935
430,1280,0.000000947
431,1280,0.000000934
432,1280,0.000000961
433,1280,0.000001719
434,1280,0.000000958
435,1280,0.000001171
436,1280,0.000000966
437,1280,0.000000935
438,1280,0.000001180
439,1280,0.000000934
440,1280,0.000000951
441,1280,0.000001178
442,1280,0.000000947
443,1280,0.000000942
444,1280,0.000001155
445,1280,0.000000936
446,1280,0.000000949
447,1280,0.000000950
448,1280,0.000001683
449,1280,0.000000970
450,1280,0.000000937
451,1280,0.000001156
452,1280,0.000000946
453,1280,0.000000945
454,1280,0.000001164
455,1280,0.000000943
456,1280,0.000000936
457,1280,0.000001174
458,1280,0.000000935
459,1280,0.000000947
460,1280,0.000001188
461,1280,0.000000945
462,1280,0.000001689
463,1280,0.000000959
464,1280,0.000000957
465,1280,0.000000960
466,1280,0.000000935
467,1280,0.000001437
468,1280,0.000000946
469,1280,0.000000956
470,1280,0.000001175
471,1280,0.000000944
472,1280,0.000000935
473,1280,0.000001176
474,1280,0.000000939
475,1280,0.000000952
476,1280,0.000001148
477,1280,0.000001684
478,1280,0.000000972
479,1280,0.000000935
480,1280,0.000000972
481,1280,0.000000940
482,1280,0.000000942
483,1280,0.000001198
484,1280,0.000000960
485,1280,0.000000935
486,1280,0.000001174
487,1280,0.000000934
488,1280,0.000000947
489,1280,0.000001164
490,1280,0.000000947
491,1280,0.000001676
492,1280,0.000001205
493,1280,0.000000941
494,1280,0.000000949
495,1280,0.000000936
496,1280,0.000000946
497,1280,0.000000946
498,1280,0.000000948
499,1280,0.000001175
500,1280,0.000000972
501,1280,0.000000943
502,1280,0.000001178
503,1280,0.000000938
504,1280,0.000000949
505,1280,0.000001173
506,1280,0.000001695
507,1280,0.000000968
508,1280,0.000001381
509,1280,0.000000944
510,1280,0.000000946
511,1280,0.000000945
512,1280,0.000000932
513,1280,0.000000959
514,1280,0.000000956
515,1280,0.000001173
516,1280,0.000000949
517,1280,0.000000944
518,1280,0.000001166
519,1280,0.000000958
520,1280,0.000001670
521,1280,0.000001192
522,1280,0.000000938
523,1280,0.000000949
524,1280,0.000001160
525,1280,0.000000945
526,1280,0.000000944
527,1280,0.000000948
528,1280,0.000000960
529,1280,0.000000955
530,1280,0.000000937
531,1280,0.000001178
532,1280,0.000000955
533,1280,0.000000950
534,1280,0.000001174
535,1280,0.000001672
536,1280,0.000000964
537,1280,0.000001164
538,1280,0.000000943
539,1280,0.000000936
540,1280,0.000001147
541,1280,0.000000935
542,1280,0.000000951
543,1280,0.000000935
544,1280,0.000000970
545,1280,0.000000941
546,1280,0.000000962
547,1280,0.000001140
548,1280,0.000000974
549,1280,0.000001669
550,1280,0.000001197
551,1280,0.000000936
552,1280,0.000000944
553,1280,0.000001167
554,1280,0.000000948
555,1280,0.000000945
556,1280,0.000001156
557,1280,0.000000941
558,1280,0.000000955
559,1280,0.000000938
560,1280,0.000000947
561,1280,0.000000943
562,1280,0.000000949
563,1280,0.000001169
564,1280,0.000001677
565,1280,0.000000962
566,1280,0.000001167
567,1280,0.000000943
568,1280,0.000000933
569,1280,0.000001147
570,1280,0.000000933
571,1280,0.000000947
572,1280,0.000001178
573,1280,0.000000944
574,1280,0.000000942
575,1280,0.000000944
576,1280,0.000000962
577,1280,0.000000951
578,1280,0.000001686
579,1280,0.000001171
580,1280,0.000000955
581,1280,0.000000950
582,1280,0.000001146
583,1280,0.000000942
584,1280,0.000000933
585,1280,0.000001151
586,1280,0.000000936
587,1280,0.000000952
588,1280,0.000001175
589,1280,0.000000949
590,1280,0.000000941
591,1280,0.000000947
592,1280,0.000000953
593,1280,0.000000954
594,1280,0.000000934
595,1280,0.000001154
596,1280,0.000000952
597,1280,0.000000949
598,1280,0.000001144
599,1280,0.000000942
600,1280,0.000000935
601,1280,0.000010565
602,1280,0.000001024
603,1280,0.000000955
604,1280,0.000001165
605,1280,0.000000958
606,1280,0.000000957
607,1280,0.000000953
608,1280,0.000001751
609,1280,0.000000989
610,1280,0.000000946
611,1280,0.000001163
612,1280,0.000000961
613,1280,0.000000963
614,1280,0.000001183
615,1280,0.000000943
616,1280,0.000000947
617,1280,0.000001157
618,1280,0.000000944
619,1280,0.000000945
620,1280,0.000001187
621,1280,0.000000950
622,1280,0.000000946
623,1280,0.000001762
624,1280,0.000000994
625,1280,0.000000958
626,1280,0.000000953
627,1280,0.000001190
628,1280,0.000000973
629,1280,0.000000969
630,1280,0.000001185
631,1280,0.000000973
632,1280,0.000000968
633,1280,0.000001163
634,1280,0.000000954
635,1280,0.000000956
636,1280,0.000001196
637,1280,0.000001721
638,1280,0.000000968
639,1280,0.000000956
640,1280,0.000000976
641,1280,0.000000962
642,1280,0.000000955
643,1280,0.000001195
644,1280,0.000000968
645,1280,0.000000954
646,1280,0.000001188
647,1280,0.000000953
648,1280,0.000000954
649,1280,0.000001186
650,1280,0.000000953
651,1280,0.000001725
652,1280,0.000001200
653,1280,0.000000976
654,1280,0.000000955
655,1280,0.000000973
656,1280,0.000000972
657,1280,0.000000960
658,1280,0.000000974
659,1280,0.000001193
660,1280,0.000000969
661,1280,0.000000954
662,1280,0.000001215
663,1280,0.000000967
664,1280,0.000000953
665,1280,0.000001978
666,1280,0.000000993
667,1280,0.000000966
668,1280,0.000001202
669,1280,0.000000963
670,1280,0.000000957
671,1280,0.000000954
672,1280,0.000000976
673,1280,0.000000959
674,1280,0.000000955
675,1280,0.000001187
676,1280,0.000000969
677,1280,0.000000954
678,1280,0.000001489
679,1280,0.000001751
680,1280,0.000000967
681,1280,0.000001192
682,1280,0.000000948
683,1280,0.000000952
684,1280,0.000001193
685,1280,0.000000975
686,1280,0.000000973
687,1280,0.000000952
688,1280,0.000000980
689,1280,0.000000959
690,1280,0.000000954
691,1280,0.000001188
692,1280,0.000000973
693,1280,0.000000955
694,1280,0.000002089
695,1280,0.000000962
696,1280,0.000000956
697,1280,0.000001165
698,1280,0.000000955
699,1280,0.000000958
700,1280,0.000001161
701,1280,0.000000967
702,1280,0.000000957
703,1280,0.000000953
704,1280,0.000000971
705,1280,0.000000959
706,1280,0.000000975
707,1280,0.000001182
708,1280,0.000001722
709,1280,0.000000966
710,1280,0.000001190
711,1280,0.000000951
712,1280,0.000000952
713,1280,0.000001185
714,1280,0.000000952
715,1280,0.000000956
716,1280,0.000001212
717,1280,0.000000958
718,1280,0.000000956
719,1280,0.000000955
720,1280,0.000000972
721,1280,0.000000963
722,1280,0.000000961
723,1280,0.000001947
724,1280,0.000000983
725,1280,0.000000957
726,1280,0.000001243
727,1280,0.000000974
728,1280,0.000000955
729,1280,0.000001305
730,1280,0.000000950
731,1280,0.000000961
732,1280,0.000001195
733,1280,0.000000951
734,1280,0.000000960
735,1280,0.000000952
736,1280,0.000000983
737,1280,0.000001747
738,1280,0.000000955
739,1280,0.000001190
740,1280,0.000000969
741,1280,0.000000955
742,1280,0.000001190
743,1280,0.000000968
744,1280,0.000000954
745,1280,0.000001194
746,1280,0.000000968
747,1280,0.000000957
748,1280,0.000001196
749,1280,0.000000971
750,1280,0.000000978
751,1280,0.000001724
752,1280,0.000001001
753,1280,0.000000964
754,1280,0.000000959
755,1280,0.000001194
756,1280,0.000000973
757,1280,0.000000957
758,1280,0.000001197
759,1280,0.000000954
760,1280,0.000000953
761,1280,0.000001195
762,1280,0.000000953
763,1280,0.000000976
764,1280,0.000001248
765,1280,0.000001713
766,1280,0.000000964
767,1280,0.000000956
768,1280,0.000000976
769,1280,0.000000960
770,1280,0.000000952
771,1280,0.000001183
772,1280,0.000000968
773,1280,0.000000955
774,1280,0.000001237
775,1280,0.000000952
776,1280,0.000000974
777,1280,0.000001189
778,1280,0.000000970
779,1280,0.000001726
780,1280,0.000001205
781,1280,0.000000978
782,1280,0.000000961
783,1280,0.000001019
784,1280,0.000000953
785,1280,0.000000965
786,1280,0.000000957
787,1280,0.000001165
788,1280,0.000000971
789,1280,0.000000955
790,1280,0.000001247
791,1280,0.000000955
792,1280,0.000000953
793,1280,0.000002018
794,1280,0.000000959
795,1280,0.000000955
796,1280,0.000001160
797,1280,0.000000948
798,1280,0.000000960
799,1280,0.000000954
800,1280,0.000003421
801,1280,0.000001024
802,1280,0.000000962
803,1280,0.000002432
804,1280,0.000001814
805,1280,0.000015619
806,1280,0.000002562
807,1280,0.000001031
808,1280,0.000000957
809,1280,0.000002377
810,1280,0.000001027
811,1280,0.000000961
812,1280,0.000004087
813,1280,0.000002761
814,1280,0.000001701
815,1280,0.000001507
816,1280,0.000003617
817,1280,0.000001737
818,1280,0.000001140
819,1280,0.000002935
820,1280,0.000002053
821,1280,0.000000993
822,1280,0.000002674
823,1280,0.000001145
824,1280,0.000001101
825,1280,0.000002455
826,1280,0.000001026
827,1280,0.000000970
828,1280,0.000002358
829,1280,0.000001013
830,1280,0.000001884
831,1280,0.000000989
832,1280,0.000002288
833,1280,0.000001020
834,1280,0.000000972
835,1280,0.000002527
836,1280,0.000001032
837,1280,0.000000973
838,1280,0.000002461
839,1280,0.000001018
840,1280,0.000000968
841,1280,0.000003328
842,1280,0.000001055
843,1280,0.000000983
844,1280,0.000002396
845,1280,0.000001039
846,1280,0.000000960
847,1280,0.000000971
848,1280,0.000002162
849,1280,0.000001024
850,1280,0.000000974
851,1280,0.000002382
852,1280,0.000001833
853,1280,0.000001001
854,1280,0.000002454
855,1280,0.000001025
856,1280,0.000000973
857,1280,0.000002383
858,1280,0.000001014
859,1280,0.000000969
860,1280,0.000002433
861,1280,0.000001033
862,1280,0.000001791
863,1280,0.000000991
864,1280,0.000002229
865,1280,0.000001023
866,1280,0.000000971
867,1280,0.000002382
868,1280,0.000001029
869,1280,0.000000972
870,1280,0.000002373
871,1280,0.000001012
872,1280,0.000000968
873,1280,0.000006034
874,1280,0.000001051
875,1280,0.000000982
876,1280,0.000002549
877,1280,0.000001120
878,1280,0.000001527
879,1280,0.000001498
880,1280,0.000003520
881,1280,0.000001642
882,1280,0.000003105
883,1280,0.000002893
884,1280,0.000001045
885,1280,0.000000955
886,1280,0.000002369
887,1280,0.000001015
888,1280,0.000000972
889,1280,0.000002348
890,1280,0.000001026
891,1280,0.000013593
892,1280,0.000002543
893,1280,0.000000991
894,1280,0.000000932
895,1280,0.000000943
896,1280,0.000002115
897,1280,0.000001015
898,1280,0.000000952
899,1280,0.000002378
900,1280,0.000001014
901,1280,0.000000934
902,1280,0.000002403
903,1280,0.000000986
904,1280,0.000000953
905,1280,0.000002276
906,1280,0.000000998
907,1280,0.000000950
908,1280,0.000003240
909,1280,0.000001040
910,1280,0.000000949
911,1280,0.000000935
912,1280,0.000002333
913,1280,0.000000986
914,1280,0.000000940
915,1280,0.000002263
916,1280,0.000000992
917,1280,0.000000941
918,1280,0.000002318
919,1280,0.000000972
920,1280,0.000000941
921,1280,0.000002316
922,1280,0.000000973
923,1280,0.000000947
924,1280,0.000002538
925,1280,0.000001114
926,1280,0.000001074
927,1280,0.000001073
928,1280,0.000002244
929,1280,0.000000993
930,1280,0.000000941
931,1280,0.000002455
932,1280,0.000000998
933,1280,0.000000947
934,1280,0.000002421
935,1280,0.000000995
936,1280,0.000001875
937,1280,0.000003276
938,1280,0.000001019
939,1280,0.000000951
940,1280,0.000002362
941,1280,0.000000987
942,1280,0.000000955
943,1280,0.000000953
944,1280,0.000002122
945,1280,0.000000995
946,1280,0.000000953
947,1280,0.000002306
948,1280,0.000001008
949,1280,0.000000959
950,1280,0.000002298
951,1280,0.000000989
952,1280,0.000000953
953,1280,0.000002341
954,1280,0.000001809
955,1280,0.000000976
956,1280,0.000002483
957,1280,0.000000989
958,1280,0.000000951
959,1280,0.000000948
960,1280,0.000002067
961,1280,0.000000994
962,1280,0.000000953
963,1280,0.000002276
964,1280,0.000001023
965,1280,0.000000954
966,1280,0.000002338
967,1280,0.000000993
968,1280,0.000000959
969,1280,0.000002449
970,1280,0.000001987
971,1280,0.000001016
972,1280,0.000004964
973,1280,0.000001022
974,1280,0.000000958
975,1280,0.000000952
976,1280,0.000002126
977,1280,0.000001002
978,1280,0.000000955
979,1280,0.000002275
980,1280,0.000001011
981,1280,0.000000957
982,1280,0.000002275
983,1280,0.000001002
984,1280,0.000000965
985,1280,0.000002457
986,1280,0.000001795
987,1280,0.000000976
988,1280,0.000002387
989,1280,0.000000999
990,1280,0.000000960
991,1280,0.000000958
992,1280,0.000002138
993,1280,0.000001001
994,1280,0.000000956
995,1280,0.000002307
996,1280,0.000001009
997,1280,0.000000956
998,1280,0.000002335
999,1280,0.000000995
0,1536,0.000002837
1,1536,0.000001087
2,1536,0.000001200
3,1536,0.000000980
4,1536,0.000000970
5,1536,0.000001161
6,1536,0.000000955
7,1536,0.000000942
8,1536,0.000000995
9,1536,0.000000944
10,1536,0.000001326
11,1536,0.000000943
12,1536,0.000000935
13,1536,0.000001154
14,1536,0.000000954
15,1536,0.000000942
16,1536,0.000000941
17,1536,0.000000951
18,1536,0.000001190
19,1536,0.000000947
20,1536,0.000000935
21,1536,0.000001151
22,1536,0.000000954
23,1536,0.000000947
24,1536,0.000000956
25,1536,0.000000956
26,1536,0.000001144
27,1536,0.000000945
28,1536,0.000000937
29,1536,0.000001189
30,1536,0.000000953
31,1536,0.000000943
32,1536,0.000000963
33,1536,0.000000952
34,1536,0.000001195
35,1536,0.000000943
36,1536,0.000000935
37,1536,0.000001154
38,1536,0.000000956
39,1536,0.000000946
40,1536,0.000001390
41,1536,0.000000952
42,1536,0.000001149
43,1536,0.000000945
44,1536,0.000000942
45,1536,0.000001170
46,1536,0.000000963
47,1536,0.000000960
48,1536,0.000000956
49,1536,0.000000955
50,1536,0.000001170
51,1536,0.000000948
52,1536,0.000000957
53,1536,0.000001210
54,1536,0.000000959
55,1536,0.000000950
56,1536,0.000001048
57,1536,0.000000955
58,1536,0.000001180
59,1536,0.000000951
60,1536,0.000000948
61,1536,0.000001171
62,1536,0.000000963
63,1536,0.000000949
64,1536,0.000000969
65,1536,0.000000960
66,1536,0.000001354
67,1536,0.000000949
68,1536,0.000000938
69,1536,0.000001182
70,1536,0.000000957
71,1536,0.000000945
72,1536,0.000000963
73,1536,0.000000964
74,1536,0.000001176
75,1536,0.000000966
76,1536,0.000000939
77,1536,0.000001178
78,1536,0.000000959
79,1536,0.000000950
80,1536,0.000000969
81,1536,0.000000956
82,1536,0.000001179
83,1536,0.000000947
84,1536,0.000000943
85,1536,0.000001179
86,1536,0.000000962
87,1536,0.000000966
88,1536,0.000000942
89,1536,0.000000962
90,1536,0.000001177
91,1536,0.000000950
92,1536,0.000000942
93,1536,0.000001154
94,1536,0.000000957
95,1536,0.000000963
96,1536,0.000000967
97,1536,0.000000955
98,1536,0.000001168
99,1536,0.000000948
100,1536,0.000000940
101,1536,0.000001179
102,1536,0.000000957
103,1536,0.000000944
104,1536,0.000000962
105,1536,0.000000953
106,1536,0.000001186
107,1536,0.000000948
108,1536,0.000000951
109,1536,0.000001178
110,1536,0.000000961
111,1536,0.000000947
112,1536,0.000000945
113,1536,0.000000957
114,1536,0.000001174
115,1536,0.000000951
116,1536,0.000000942
117,1536,0.000001185
118,1536,0.000000961
119,1536,0.000000949
120,1536,0.000000957
121,1536,0.000000955
122,1536,0.000001148
123,1536,0.000000949
124,1536,0.000000940
125,1536,0.000001174
126,1536,0.000000958
127,1536,0.000000947
128,1536,0.000001143
129,1536,0.000000953
130,1536,0.000001183
131,1536,0.000000946
132,1536,0.000000939
133,1536,0.000001174
134,1536,0.000000960
135,1536,0.000000961
136,1536,0.000000936
137,1536,0.000000957
138,1536,0.000001174
139,1536,0.000000948
140,1536,0.000000941
141,1536,0.000001155
142,1536,0.000000959
143,1536,0.000000951
144,1536,0.000000966
145,1536,0.000000955
146,1536,0.000001172
147,1536,0.000000946
148,1536,0.000000937
149,1536,0.000001153
150,1536,0.000000956
151,1536,0.000000947
152,1536,0.000000986
153,1536,0.000000956
154,1536,0.000001167
155,1536,0.000000958
156,1536,0.000000937
157,1536,0.000001179
158,1536,0.000000953
159,1536,0.000000945
160,1536,0.000000962
161,1536,0.000000950
162,1536,0.000001156
163,1536,0.000000945
164,1536,0.000000934
165,1536,0.000001252
166,1536,0.000000953
167,1536,0.000001050
168,1536,0.000000953
169,1536,0.000000950
170,1536,0.000001215
171,1536,0.000000948
172,1536,0.000000935
173,1536,0.000001185
174,1536,0.000000955
175,1536,0.000000963
176,1536,0.000000957
177,1536,0.000000960
178,1536,0.000001173
179,1536,0.000000950
180,1536,0.000000940
181,1536,0.000001175
182,1536,0.000000956
183,1536,0.000000948
184,1536,0.000000984
185,1536,0.000000952
186,1536,0.000001292
187,1536,0.000000947
188,1536,0.000000936
189,1536,0.000001156
190,1536,0.000000958
191,1536,0.000000950
192,1536,0.000000938
193,1536,0.000000951
194,1536,0.000001139
195,1536,0.000000944
196,1536,0.000000932
197,1536,0.000001149
198,1536,0.000000952
199,1536,0.000000944
200,1536,0.000000940
201,1536,0.000000954
202,1536,0.000001146
203,1536,0.000000945
204,1536,0.000000933
205,1536,0.000001157
206,1536,0.000000959
207,1536,0.000000948
208,1536,0.000000947
209,1536,0.000000971
210,1536,0.000001167
211,1536,0.000000948
212,1536,0.000000937
213,1536,0.000001201
214,1536,0.000000959
215,1536,0.000000948
216,1536,0.000000968
217,1536,0.000000953
218,1536,0.000008518
219,1536,0.000001085
220,1536,0.000000963
221,1536,0.000001172
222,1536,0.000000962
223,1536,0.000000943
224,1536,0.000000972
225,1536,0.000000961
226,1536,0.000001332
227,1536,0.000000943
228,1536,0.000000944
229,1536,0.000001493
230,1536,0.000000967
231,1536,0.000000947
232,1536,0.000000947
233,1536,0.000000957
234,1536,0.000001201
235,1536,0.000000952
236,1536,0.000000948
237,1536,0.000001204
238,1536,0.000000965
239,1536,0.000000945
240,1536,0.000000975
241,1536,0.000000974
242,1536,0.000001174
243,1536,0.000000948
244,1536,0.000000942
245,1536,0.000015911
246,1536,0.000001084
247,1536,0.000001038
248,1536,0.000000973
249,1536,0.000000975
250,1536,0.000001182
251,1536,0.000000968
252,1536,0.000000964
253,1536,0.000001200
254,1536,0.000000986
255,1536,0.000000958
256,1536,0.000001047
257,1536,0.000000963
258,1536,0.000001224
259,1536,0.000000961
260,1536,0.000000971
261,1536,0.000001292
262,1536,0.000000985
263,1536,0.000000963
264,1536,0.000000977
265,1536,0.000000960
266,1536,0.000001212
267,1536,0.000000963
268,1536,0.000000962
269,1536,0.000001191
270,1536,0.000000980
271,1536,0.000000960
272,1536,0.000000977
273,1536,0.000000969
274,1536,0.000001216
275,1536,0.000000980
276,1536,0.000000972
277,1536,0.000001230
278,1536,0.000000991
279,1536,0.000000964
280,1536,0.000001045
281,1536,0.000000970
282,1536,0.000001243
283,1536,0.000000961
284,1536,0.000000967
285,1536,0.000001236
286,1536,0.000000988
287,1536,0.000000976
288,1536,0.000002108
289,1536,0.000001242
290,1536,0.000001237
291,1536,0.000000957
292,1536,0.000000963
293,1536,0.000001173
294,1536,0.000000979
295,1536,0.000000951
296,1536,0.000000962
297,1536,0.000000961
298,1536,0.000001204
299,1536,0.000000951
300,1536,0.000000957
301,1536,0.000001183
302,1536,0.000000981
303,1536,0.000000960
304,1536,0.000000987
305,1536,0.000000970
306,1536,0.000001195
307,1536,0.000000956
308,1536,0.000000965
309,1536,0.000001231
310,1536,0.000000983
311,1536,0.000000975
312,1536,0.000001175
313,1536,0.000000965
314,1536,0.000001220
315,1536,0.000000965
316,1536,0.000001016
317,1536,0.000001182
318,1536,0.000000983
319,1536,0.000000955
320,1536,0.000000980
321,1536,0.000000958
322,1536,0.000001189
323,1536,0.000000954
324,1536,0.000000958
325,1536,0.000001177
326,1536,0.000000979
327,1536,0.000000952
328,1536,0.000001293
329,1536,0.000000993
330,1536,0.000001235
331,1536,0.000000953
332,1536,0.000000964
333,1536,0.000001243
334,1536,0.000000979
335,1536,0.000000956
336,1536,0.000001014
337,1536,0.000000978
338,1536,0.000001222
339,1536,0.000000956
340,1536,0.000000976
341,1536,0.000001189
342,1536,0.000000984
343,1536,0.000000955
344,1536,0.000000969
345,1536,0.000000962
346,1536,0.000001368
347,1536,0.000000954
348,1536,0.000000963
349,1536,0.000001215
350,1536,0.000000977
351,1536,0.000000955
352,1536,0.000001060
353,1536,0.000000968
354,1536,0.000001290
355,1536,0.000000952
356,1536,0.000001149
357,1536,0.000001289
358,1536,0.000000980
359,1536,0.000000963
360,1536,0.000000986
361,1536,0.000000960
362,1536,0.000001768
363,1536,0.000000967
364,1536,0.000000966
365,1536,0.000001198
366,1536,0.000000981
367,1536,0.000000958
368,1536,0.000000989
369,1536,0.000000964
370,1536,0.000001212
371,1536,0.000001027
372,1536,0.000001039
373,1536,0.000001196
374,1536,0.000000980
375,1536,0.000000951
376,1536,0.000000997
377,1536,0.000001879
378,1536,0.000001237
379,1536,0.000000968
380,1536,0.000000963
381,1536,0.000001193
382,1536,0.000000980
383,1536,0.000000979
384,1536,0.000001032
385,1536,0.000000975
386,1536,0.000001210
387,1536,0.000000966
388,1536,0.000000964
389,1536,0.000001227
390,1536,0.000000983
391,1536,0.000000968
392,1536,0.000001003
393,1536,0.000001098
394,1536,0.000001218
395,1536,0.000000972
396,1536,0.000000959
397,1536,0.000001201
398,1536,0.000000982
399,1536,0.000000967
400,1536,0.000000982
401,1536,0.000001126
402,1536,0.000001223
403,1536,0.000000966
404,1536,0.000000974
405,1536,0.000001233
406,1536,0.000000981
407,1536,0.000000974
408,1536,0.000000970
409,1536,0.000000973
410,1536,0.000001253
411,1536,0.000000968
412,1536,0.000000957
413,1536,0.000001199
414,1536,0.000000981
415,1536,0.000000997
416,1536,0.000001873
417,1536,0.000001023
418,1536,0.000001477
419,1536,0.000000969
420,1536,0.000000971
421,1536,0.000001204
422,1536,0.000000993
423,1536,0.000000986
424,1536,0.000000989
425,1536,0.000000977
426,1536,0.000001192
427,1536,0.000000968
428,1536,0.000000982
429,1536,0.000001228
430,1536,0.000000979
431,1536,0.000000973
432,1536,0.000000984
433,1536,0.000000975
434,1536,0.000001265
435,1536,0.000000983
436,1536,0.000000981
437,1536,0.000001207
438,1536,0.000000977
439,1536,0.000000967
440,1536,0.000001030
441,1536,0.000000975
442,1536,0.000001212
443,1536,0.000000966
444,1536,0.000000978
445,1536,0.000001226
446,1536,0.000000978
447,1536,0.000001122
448,1536,0.000000972
449,1536,0.000000975
450,1536,0.000001239
451,1536,0.000001739
452,1536,0.000001022
453,1536,0.000001204
454,1536,0.000000992
455,1536,0.000000981
456,1536,0.000000991
457,1536,0.000000963
458,1536,0.000001209
459,1536,0.000000957
460,1536,0.000000974
461,1536,0.000001202
462,1536,0.000000992
463,1536,0.000000956
464,1536,0.000000996
465,1536,0.000000962
466,1536,0.000001203
467,1536,0.000000954
468,1536,0.000000974
469,1536,0.000001191
470,1536,0.000000992
471,1536,0.000000956
472,1536,0.000000993
473,1536,0.000000968
474,1536,0.000001177
475,1536,0.000000957
476,1536,0.000000967
477,1536,0.000001232
478,1536,0.000000990
479,1536,0.000000986
480,1536,0.000000994
481,1536,0.000000961
482,1536,0.000001221
483,1536,0.000000959
484,1536,0.000000972
485,1536,0.000001205
486,1536,0.000001721
487,1536,0.000001000
488,1536,0.000000983
489,1536,0.000000986
490,1536,0.000001198
491,1536,0.000000970
492,1536,0.000000957
493,1536,0.000001203
494,1536,0.000000979
495,1536,0.000000970
496,1536,0.000000981
497,1536,0.000000969
498,1536,0.000001220
499,1536,0.000000968
500,1536,0.000000958
501,1536,0.000001207
502,1536,0.000000978
503,1536,0.000000986
504,1536,0.000000980
505,1536,0.000000987
506,1536,0.000001196
507,1536,0.000001078
508,1536,0.000000972
509,1536,0.000001238
510,1536,0.000001130
511,1536,0.000001480
512,1536,0.000001578
513,1536,0.000001501
514,1536,0.000002289
515,1536,0.000001447
516,1536,0.000001569
517,1536,0.000003596
518,1536,0.000001137
519,1536,0.000000962
520,1536,0.000000990
521,1536,0.000000969
522,1536,0.000001207
523,1536,0.000000983
524,1536,0.000000964
525,1536,0.000001198
526,1536,0.000000993
527,1536,0.000000997
528,1536,0.000000983
529,1536,0.000000983
530,1536,0.000001293
531,1536,0.000000966
532,1536,0.000000978
533,1536,0.000001188
534,1536,0.000000987
535,1536,0.000000995
536,1536,0.000000993
537,1536,0.000001007
538,1536,0.000001246
539,1536,0.000000965
540,1536,0.000000975
541,1536,0.000001187
542,1536,0.000000984
543,1536,0.000000971
544,1536,0.000000973
545,1536,0.000001075
546,1536,0.000001340
547,1536,0.000000964
548,1536,0.000000975
549,1536,0.000002182
550,1536,0.000001350
551,1536,0.000001126
552,1536,0.000001131
553,1536,0.000001127
554,1536,0.000001350
555,1536,0.000001155
556,1536,0.000001101
557,1536,0.000001351
558,1536,0.000001123
559,1536,0.000001085
560,1536,0.000001115
561,1536,0.000001107
562,1536,0.000001362
563,1536,0.000001114
564,1536,0.000001106
565,1536,0.000001349
566,1536,0.000001111
567,1536,0.000001095
568,1536,0.000001126
569,1536,0.000001106
570,1536,0.000001379
571,1536,0.000001099
572,1536,0.000001092
573,1536,0.000001356
574,1536,0.000001114
575,1536,0.000001109
576,1536,0.000001151
577,1536,0.000001109
578,1536,0.000001344
579,1536,0.000001101
580,1536,0.000001852
581,1536,0.000001292
582,1536,0.000001008
583,1536,0.000000982
584,1536,0.000000984
585,1536,0.000000983
586,1536,0.000001253
587,1536,0.000000978
588,1536,0.000000986
589,1536,0.000001290
590,1536,0.000000989
591,1536,0.000000968
592,1536,0.000001043
593,1536,0.000000974
594,1536,0.000001318
595,1536,0.000000978
596,1536,0.000000982
597,1536,0.000001225
598,1536,0.000000989
599,1536,0.000000965
600,1536,0.000001053
601,1536,0.000001334
602,1536,0.000001898
603,1536,0.000001603
604,1536,0.000001498
605,1536,0.000001936
606,1536,0.000001668
607,1536,0.000001856
608,1536,0.000001038
609,1536,0.000000981
610,1536,0.000002334
611,1536,0.000000996
612,1536,0.000000972
613,1536,0.000001269
614,1536,0.000000976
615,1536,0.000013772
616,1536,0.000001093
617,1536,0.000000952
618,1536,0.000001195
619,1536,0.000001017
620,1536,0.000000936
621,1536,0.000001194
622,1536,0.000000965
623,1536,0.000000938
624,1536,0.000000966
625,1536,0.000000964
626,1536,0.000001194
627,1536,0.000000937
628,1536,0.000000938
629,1536,0.000001161
630,1536,0.000000971
631,1536,0.000000958
632,1536,0.000001187
633,1536,0.000000940
634,1536,0.000001200
635,1536,0.000000960
636,1536,0.000000959
637,1536,0.000001242
638,1536,0.000000967
639,1536,0.000000935
640,1536,0.000000946
641,1536,0.000000939
642,1536,0.000001221
643,1536,0.000000956
644,1536,0.000000996
645,1536,0.000002106
646,1536,0.000000992
647,1536,0.000000938
648,1536,0.000000960
649,1536,0.000000945
650,1536,0.000001249
651,1536,0.000000939
652,1536,0.000000948
653,1536,0.000001213
654,1536,0.000000967
655,1536,0.000000954
656,1536,0.000000963
657,1536,0.000000941
658,1536,0.000001226
659,1536,0.000000939
660,1536,0.000000952
661,1536,0.000001170
662,1536,0.000000968
663,1536,0.000000939
664,1536,0.000000963
665,1536,0.000000941
666,1536,0.000001232
667,1536,0.000000938
668,1536,0.000000937
669,1536,0.000001183
670,1536,0.000000962
671,1536,0.000000954
672,1536,0.000000944
673,1536,0.000000940
674,1536,0.000001288
675,1536,0.000000935
676,1536,0.000000936
677,1536,0.000001188
678,1536,0.000000967
679,1536,0.000001679
680,1536,0.000000997
681,1536,0.000000950
682,1536,0.000001176
683,1536,0.000000936
684,1536,0.000000934
685,1536,0.000001225
686,1536,0.000001118
687,1536,0.000000953
688,1536,0.000001123
689,1536,0.000000967
690,1536,0.000001176
691,1536,0.000000957
692,1536,0.000000936
693,1536,0.000001197
694,1536,0.000000958
695,1536,0.000000939
696,1536,0.000001017
697,1536,0.000000970
698,1536,0.000001220
699,1536,0.000000938
700,1536,0.000000933
701,1536,0.000001344
702,1536,0.000000956
703,1536,0.000000935
704,1536,0.000001004
705,1536,0.000000961
706,1536,0.000001175
707,1536,0.000000959
708,1536,0.000000949
709,1536,0.000001200
710,1536,0.000000955
711,1536,0.000000950
712,1536,0.000001017
713,1536,0.000001760
714,1536,0.000001233
715,1536,0.000000949
716,1536,0.000000940
717,1536,0.000001196
718,1536,0.000000966
719,1536,0.000000960
720,1536,0.000000953
721,1536,0.000000941
722,1536,0.000001231
723,1536,0.000000945
724,1536,0.000000955
725,1536,0.000001198
726,1536,0.000001105
727,1536,0.000000956
728,1536,0.000000958
729,1536,0.000000972
730,1536,0.000001153
731,1536,0.000000959
732,1536,0.000000951
733,1536,0.000001157
734,1536,0.000000963
735,1536,0.000000935
736,1536,0.000001072
737,1536,0.000000937
738,1536,0.000001234
739,1536,0.000000937
740,1536,0.000000934
741,1536,0.000001190
742,1536,0.000000963
743,1536,0.000000936
744,1536,0.000000966
745,1536,0.000000949
746,1536,0.000001196
747,1536,0.000000949
748,1536,0.000001768
749,1536,0.000001267
750,1536,0.000000970
751,1536,0.000000959
752,1536,0.000001020
753,1536,0.000001300
754,1536,0.000001247
755,1536,0.000000953
756,1536,0.000000945
757,1536,0.000001213
758,1536,0.000000968
759,1536,0.000000956
760,1536,0.000000966
761,1536,0.000000962
762,1536,0.000001197
763,1536,0.000000954
764,1536,0.000000943
765,1536,0.000001188
766,1536,0.000000960
767,1536,0.000000959
768,1536,0.000001008
769,1536,0.000000958
770,1536,0.000001204
771,1536,0.000000954
772,1536,0.000000948
773,1536,0.000001380
774,1536,0.000000963
775,1536,0.000000958
776,1536,0.000001011
777,1536,0.000000975
778,1536,0.000001267
779,1536,0.000000979
780,1536,0.000000965
781,1536,0.000001990
782,1536,0.000001009
783,1536,0.000000957
784,1536,0.000000971
785,1536,0.000000985
786,1536,0.000001225
787,1536,0.000000972
788,1536,0.000000959
789,1536,0.000001209
790,1536,0.000000959
791,1536,0.000000954
792,1536,0.000001011
793,1536,0.000000975
794,1536,0.000001583
795,1536,0.000000972
796,1536,0.000000938
797,1536,0.000001244
798,1536,0.000000961
799,1536,0.000000975
800,1536,0.000000976
801,1536,0.000000965
802,1536,0.000001254
803,1536,0.000000975
804,1536,0.000000941
805,1536,0.000001221
806,1536,0.000000964
807,1536,0.000000962
808,1536,0.000001019
809,1536,0.000000968
810,1536,0.000001288
811,1536,0.000000957
812,1536,0.000000945
813,1536,0.000001275
814,1536,0.000001801
815,1536,0.000000977
816,1536,0.000001077
817,1536,0.000000951
818,1536,0.000001190
819,1536,0.000000960
820,1536,0.000000969
821,1536,0.000001320
822,1536,0.000000969
823,1536,0.000000935
824,1536,0.000001345
825,1536,0.000000959
826,1536,0.000001217
827,1536,0.000000957
828,1536,0.000000958
829,1536,0.000001226
830,1536,0.000000971
831,1536,0.000000940
832,1536,0.000000982
833,1536,0.000000970
834,1536,0.000004386
835,1536,0.000001044
836,1536,0.000000941
837,1536,0.000002430
838,1536,0.000001026
839,1536,0.000000937
840,1536,0.000002168
841,1536,0.000000997
842,1536,0.000002357
843,1536,0.000001883
844,1536,0.000000986
845,1536,0.000002330
846,1536,0.000001008
847,1536,0.000000943
848,1536,0.000002125
849,1536,0.000000989
850,1536,0.000002349
851,1536,0.000000989
852,1536,0.000000946
853,1536,0.000003071
854,1536,0.000001011
855,1536,0.000000945
856,1536,0.000002147
857,1536,0.000000987
858,1536,0.000002329
859,1536,0.000000992
860,1536,0.000000947
861,1536,0.000002282
862,1536,0.000001006
863,1536,0.000000945
864,1536,0.000002094
865,1536,0.000000995
866,1536,0.000003173
867,1536,0.000001060
868,1536,0.000000954
869,1536,0.000002286
870,1536,0.000001006
871,1536,0.000000951
872,1536,0.000003477
873,1536,0.000001019
874,1536,0.000002370
875,1536,0.000000996
876,1536,0.000000948
877,1536,0.000002344
878,1536,0.000001020
879,1536,0.000000947
880,1536,0.000004817
881,1536,0.000000994
882,1536,0.000002319
883,1536,0.000000988
884,1536,0.000000947
885,1536,0.000002588
886,1536,0.000001025
887,1536,0.000001824
888,1536,0.000002200
889,1536,0.000001006
890,1536,0.000002303
891,1536,0.000000984
892,1536,0.000000949
893,1536,0.000002333
894,1536,0.000001006
895,1536,0.000000947
896,1536,0.000002225
897,1536,0.000000994
898,1536,0.000002561
899,1536,0.000001005
900,1536,0.000000957
901,1536,0.000002254
902,1536,0.000001007
903,1536,0.000000943
904,1536,0.000002105
905,1536,0.000000984
906,1536,0.000002357
907,1536,0.000000989
908,1536,0.000000946
909,1536,0.000002855
910,1536,0.000001840
911,1536,0.000000985
912,1536,0.000002143
913,1536,0.000001012
914,1536,0.000002338
915,1536,0.000001001
916,1536,0.000000947
917,1536,0.000002307
918,1536,0.000001009
919,1536,0.000000946
920,1536,0.000002194
921,1536,0.000001063
922,1536,0.000002329
923,1536,0.000000993
924,1536,0.000000950
925,1536,0.000002491
926,1536,0.000001005
927,1536,0.000000945
928,1536,0.000002170
929,1536,0.000000986
930,1536,0.000002301
931,1536,0.000000987
932,1536,0.000000948
933,1536,0.000002320
934,1536,0.000001816
935,1536,0.000000983
936,1536,0.000002232
937,1536,0.000001012
938,1536,0.000002314
939,1536,0.000000993
940,1536,0.000000950
941,1536,0.000002332
942,1536,0.000001003
943,1536,0.000000946
944,1536,0.000002122
945,1536,0.000000994
946,1536,0.000002258
947,1536,0.000000989
948,1536,0.000000943
949,1536,0.000002329
950,1536,0.000001009
951,1536,0.000000948
952,1536,0.000002186
953,1536,0.000000989
954,1536,0.000002347
955,1536,0.000000989
956,1536,0.000000949
957,1536,0.000002402
958,1536,0.000001798
959,1536,0.000000983
960,1536,0.000002182
961,1536,0.000001010
962,1536,0.000004707
963,1536,0.000000991
964,1536,0.000000956
965,1536,0.000002321
966,1536,0.000001007
967,1536,0.000000950
968,1536,0.000002063
969,1536,0.000000995
970,1536,0.000002309
971,1536,0.000001000
972,1536,0.000000950
973,1536,0.000002355
974,1536,0.000001020
975,1536,0.000000955
976,1536,0.000003151
977,1536,0.000001045
978,1536,0.000002353
979,1536,0.000000997
980,1536,0.000001832
981,1536,0.000002400
982,1536,0.000001021
983,1536,0.000000948
984,1536,0.000002362
985,1536,0.000000990
986,1536,0.000002401
987,1536,0.000001059
988,1536,0.000000961
989,1536,0.000002470
990,1536,0.000001020
991,1536,0.000000950
992,1536,0.000002091
993,1536,0.000000994
994,1536,0.000002320
995,1536,0.000000994
996,1536,0.000000955
997,1536,0.000002343
998,1536,0.000001017
999,1536,0.000000954
0,1792,0.000002713
1,1792,0.000001094
2,1792,0.000001186
3,1792,0.000000965
4,1792,0.000001168
5,1792,0.000000944
6,1792,0.000001207
7,1792,0.000001095
8,1792,0.000000931
9,1792,0.000001171
10,1792,0.000000944
11,1792,0.000001147
12,1792,0.000000958
13,1792,0.000001150
14,1792,0.000000935
15,1792,0.000000948
16,1792,0.000000953
17,1792,0.000000958
18,1792,0.000001182
19,1792,0.000000959
20,1792,0.000001167
21,1792,0.000000948
22,1792,0.000001218
23,1792,0.000000949
24,1792,0.000000959
25,1792,0.000001208
26,1792,0.000000946
27,1792,0.000001171
28,1792,0.000001078
29,1792,0.000001196
30,1792,0.000000945
31,1792,0.000000943
32,1792,0.000000943
33,1792,0.000000951
34,1792,0.000001157
35,1792,0.000000962
36,1792,0.000001188
37,1792,0.000000949
38,1792,0.000001167
39,1792,0.000000984
40,1792,0.000001134
41,1792,0.000001216
42,1792,0.000000955
43,1792,0.000001170
44,1792,0.000001071
45,1792,0.000001257
46,1792,0.000000962
47,1792,0.000000973
48,1792,0.000001019
49,1792,0.000000960
50,1792,0.000001172
51,1792,0.000000966
52,1792,0.000001453
53,1792,0.000000964
54,1792,0.000001205
55,1792,0.000000969
56,1792,0.000000945
57,1792,0.000001217
58,1792,0.000000961
59,1792,0.000001181
60,1792,0.000000969
61,1792,0.000001191
62,1792,0.000000944
63,1792,0.000000961
64,1792,0.000000973
65,1792,0.000000961
66,1792,0.000001198
67,1792,0.000000969
68,1792,0.000001204
69,1792,0.000000949
70,1792,0.000001201
71,1792,0.000000959
72,1792,0.000000947
73,1792,0.000001181
74,1792,0.000000952
75,1792,0.000001152
76,1792,0.000000964
77,1792,0.000001180
78,1792,0.000000943
79,1792,0.000000950
80,1792,0.000000945
81,1792,0.000000964
82,1792,0.000001220
83,1792,0.000000966
84,1792,0.000001228
85,1792,0.000000954
86,1792,0.000001185
87,1792,0.000000968
88,1792,0.000000940
89,1792,0.000001174
90,1792,0.000000952
91,1792,0.000001181
92,1792,0.000000965
93,1792,0.000001254
94,1792,0.000000941
95,1792,0.000000949
96,1792,0.000000954
97,1792,0.000000967
98,1792,0.000001201
99,1792,0.000000969
100,1792,0.000001168
101,1792,0.000000948
102,1792,0.000001189
103,1792,0.000000966
104,1792,0.000000948
105,1792,0.000001182
106,1792,0.000000946
107,1792,0.000001181
108,1792,0.000000966
109,1792,0.000001180
110,1792,0.000000941
111,1792,0.000000950
112,1792,0.000000962
113,1792,0.000000964
114,1792,0.000001375
115,1792,0.000001981
116,1792,0.000001268
117,1792,0.000000954
118,1792,0.000001293
119,1792,0.000000939
120,1792,0.000000951
121,1792,0.000001219
122,1792,0.000000961
123,1792,0.000001244
124,1792,0.000000975
125,1792,0.000001319
126,1792,0.000000961
127,1792,0.000000963
128,1792,0.000001004
129,1792,0.000000960
130,1792,0.000001939
131,1792,0.000001000
132,1792,0.000001176
133,1792,0.000000967
134,1792,0.000001197
135,1792,0.000000960
136,1792,0.000000942
137,1792,0.000001185
138,1792,0.000000951
139,1792,0.000001175
140,1792,0.000000963
141,1792,0.000001186
142,1792,0.000000941
143,1792,0.000000977
144,1792,0.000001732
145,1792,0.000000972
146,1792,0.000001191
147,1792,0.000000963
148,1792,0.000001178
149,1792,0.000000957
150,1792,0.000001202
151,1792,0.000000958
152,1792,0.000000941
153,1792,0.000001171
154,1792,0.000000944
155,1792,0.000001286
156,1792,0.000000965
157,1792,0.000001178
158,1792,0.000001705
159,1792,0.000000972
160,1792,0.000000941
161,1792,0.000000948
162,1792,0.000001148
163,1792,0.000000963
164,1792,0.000001148
165,1792,0.000000950
166,1792,0.000001145
167,1792,0.000000960
168,1792,0.000000937
169,1792,0.000001171
170,1792,0.000000950
171,1792,0.000001168
172,1792,0.000001709
173,1792,0.000001185
174,1792,0.000000940
175,1792,0.000000952
176,1792,0.000001008
177,1792,0.000000959
178,1792,0.000001179
179,1792,0.000000959
180,1792,0.000001304
181,1792,0.000000946
182,1792,0.000001165
183,1792,0.000000947
184,1792,0.000000935
185,1792,0.000001184
186,1792,0.000001743
187,1792,0.000001529
188,1792,0.000000966
189,1792,0.000001176
190,1792,0.000000937
191,1792,0.000000952
192,1792,0.000000962
193,1792,0.000015490
194,1792,0.000001536
195,1792,0.000000981
196,1792,0.000001197
197,1792,0.000000957
198,1792,0.000001219
199,1792,0.000000994
200,1792,0.000001841
201,1792,0.000001271
202,1792,0.000000974
203,1792,0.000001201
204,1792,0.000001264
205,1792,0.000001771
206,1792,0.000001470
207,1792,0.000001647
208,1792,0.000001484
209,1792,0.000001491
210,1792,0.000002117
211,1792,0.000002934
212,1792,0.000001446
213,1792,0.000001006
214,1792,0.000001204
215,1792,0.000000979
216,1792,0.000000971
217,1792,0.000001203
218,1792,0.000000988
219,1792,0.000001191
220,1792,0.000001001
221,1792,0.000001221
222,1792,0.000001220
223,1792,0.000001812
224,1792,0.000001015
225,1792,0.000000974
226,1792,0.000001219
227,1792,0.000000999
228,1792,0.000001238
229,1792,0.000000974
230,1792,0.000001230
231,1792,0.000000976
232,1792,0.000000995
233,1792,0.000001197
234,1792,0.000000995
235,1792,0.000001245
236,1792,0.000001726
237,1792,0.000001298
238,1792,0.000000990
239,1792,0.000000976
240,1792,0.000001029
241,1792,0.000000976
242,1792,0.000001195
243,1792,0.000000992
244,1792,0.000001249
245,1792,0.000000972
246,1792,0.000001202
247,1792,0.000000974
248,1792,0.000000962
249,1792,0.000001241
250,1792,0.000001713
251,1792,0.000001225
252,1792,0.000001052
253,1792,0.000001202
254,1792,0.000000975
255,1792,0.000000964
256,1792,0.000001034
257,1792,0.000000964
258,1792,0.000001200
259,1792,0.000000983
260,1792,0.000001267
261,1792,0.000000962
262,1792,0.000001214
263,1792,0.000001716
264,1792,0.000001005
265,1792,0.000001213
266,1792,0.000000977
267,1792,0.000001219
268,1792,0.000000986
269,1792,0.000001205
270,1792,0.000000972
271,1792,0.000000992
272,1792,0.000000974
273,1792,0.000000980
274,1792,0.000001207
275,1792,0.000001098
276,1792,0.000001873
277,1792,0.000001540
278,1792,0.000001851
279,1792,0.000001627
280,1792,0.000002917
281,1792,0.000001579
282,1792,0.000000998
283,1792,0.000001254
284,1792,0.000000988
285,1792,0.000001185
286,1792,0.000000963
287,1792,0.000000971
288,1792,0.000000980
289,1792,0.000000983
290,1792,0.000013734
291,1792,0.000001002
292,1792,0.000001184
293,1792,0.000000947
294,1792,0.000001142
295,1792,0.000000942
296,1792,0.000000940
297,1792,0.000001210
298,1792,0.000000948
299,1792,0.000001216
300,1792,0.000000964
301,1792,0.000001267
302,1792,0.000000941
303,1792,0.000000944
304,1792,0.000001003
305,1792,0.000000947
306,1792,0.000001166
307,1792,0.000000958
308,1792,0.000001171
309,1792,0.000000942
310,1792,0.000001142
311,1792,0.000000942
312,1792,0.000000936
313,1792,0.000001189
314,1792,0.000001818
315,1792,0.000001240
316,1792,0.000000963
317,1792,0.000001186
318,1792,0.000000958
319,1792,0.000000973
320,1792,0.000000955
321,1792,0.000000956
322,1792,0.000001172
323,1792,0.000000965
324,1792,0.000001243
325,1792,0.000000952
326,1792,0.000001149
327,1792,0.000000962
328,1792,0.000000944
329,1792,0.000001219
330,1792,0.000000951
331,1792,0.000001569
332,1792,0.000000965
333,1792,0.000001187
334,1792,0.000000941
335,1792,0.000000952
336,1792,0.000000966
337,1792,0.000000954
338,1792,0.000001167
339,1792,0.000000968
340,1792,0.000001179
341,1792,0.000000948
342,1792,0.000001173
343,1792,0.000000949
344,1792,0.000000939
345,1792,0.000001210
346,1792,0.000000968
347,1792,0.000001922
348,1792,0.000001003
349,1792,0.000001182
350,1792,0.000000941
351,1792,0.000000946
352,1792,0.000000961
353,1792,0.000000957
354,1792,0.000001241
355,1792,0.000000967
356,1792,0.000001183
357,1792,0.000000955
358,1792,0.000001189
359,1792,0.000000955
360,1792,0.000000961
361,1792,0.000001420
362,1792,0.000000957
363,1792,0.000001189
364,1792,0.000000964
365,1792,0.000001183
366,1792,0.000000940
367,1792,0.000000952
368,1792,0.000001003
369,1792,0.000000953
370,1792,0.000001197
371,1792,0.000000962
372,1792,0.000001248
373,1792,0.000000949
374,1792,0.000001209
375,1792,0.000000954
376,1792,0.000000939
377,1792,0.000001306
378,1792,0.000000947
379,1792,0.000001177
380,1792,0.000001701
381,1792,0.000001219
382,1792,0.000000964
383,1792,0.000000952
384,1792,0.000000942
385,1792,0.000000957
386,1792,0.000001156
387,1792,0.000000967
388,1792,0.000001179
389,1792,0.000000953
390,1792,0.000001168
391,1792,0.000000972
392,1792,0.000000941
393,1792,0.000001158
394,1792,0.000000952
395,1792,0.000001178
396,1792,0.000000965
397,1792,0.000001160
398,1792,0.000000941
399,1792,0.000000950
400,1792,0.000000954
401,1792,0.000000952
402,1792,0.000001170
403,1792,0.000000960
404,1792,0.000001179
405,1792,0.000000952
406,1792,0.000001145
407,1792,0.000000948
408,1792,0.000000941
409,1792,0.000001187
410,1792,0.000000952
411,1792,0.000001525
412,1792,0.000000958
413,1792,0.000001181
414,1792,0.000001672
415,1792,0.000000983
416,1792,0.000000963
417,1792,0.000000958
418,1792,0.000001174
419,1792,0.000000967
420,1792,0.000001181
421,1792,0.000000953
422,1792,0.000001175
423,1792,0.000000963
424,1792,0.000000963
425,1792,0.000001177
426,1792,0.000000943
427,1792,0.000001182
428,1792,0.000000966
429,1792,0.000001184
430,1792,0.000000940
431,1792,0.000000953
432,1792,0.000000943
433,1792,0.000000953
434,1792,0.000001195
435,1792,0.000000965
436,1792,0.000001175
437,1792,0.000000962
438,1792,0.000001233
439,1792,0.000000950
440,1792,0.000000944
441,1792,0.000001221
442,1792,0.000000964
443,1792,0.000001328
444,1792,0.000000966
445,1792,0.000001189
446,1792,0.000000962
447,1792,0.000001687
448,1792,0.000001029
449,1792,0.000000955
450,1792,0.000001182
451,1792,0.000000974
452,1792,0.000001200
453,1792,0.000000948
454,1792,0.000001175
455,1792,0.000000951
456,1792,0.000000966
457,1792,0.000001192
458,1792,0.000000945
459,1792,0.000001181
460,1792,0.000000967
461,1792,0.000001157
462,1792,0.000000940
463,1792,0.000000947
464,1792,0.000000940
465,1792,0.000000952
466,1792,0.000001150
467,1792,0.000000962
468,1792,0.000001223
469,1792,0.000000948
470,1792,0.000001170
471,1792,0.000000971
472,1792,0.000000946
473,1792,0.000001159
474,1792,0.000000957
475,1792,0.000001368
476,1792,0.000000969
477,1792,0.000001190
478,1792,0.000000941
479,1792,0.000000954
480,1792,0.000001115
481,1792,0.000001684
482,1792,0.000001209
483,1792,0.000000965
484,1792,0.000001173
485,1792,0.000001292
486,1792,0.000001177
487,1792,0.000000950
488,1792,0.000000939
489,1792,0.000001236
490,1792,0.000000945
491,1792,0.000001181
492,1792,0.000000962
493,1792,0.000001190
494,1792,0.000000936
495,1792,0.000000980
496,1792,0.000000961
497,1792,0.000000955
498,1792,0.000001190
499,1792,0.000000964
500,1792,0.000001166
501,1792,0.000000951
502,1792,0.000001182
503,1792,0.000000974
504,1792,0.000000966
505,1792,0.000001185
506,1792,0.000000952
507,1792,0.000001214
508,1792,0.000000966
509,1792,0.000001281
510,1792,0.000001194
511,1792,0.000000952
512,1792,0.000000941
513,1792,0.000001004
514,1792,0.000001919
515,1792,0.000001056
516,1792,0.000001243
517,1792,0.000000936
518,1792,0.000001576
519,1792,0.000000934
520,1792,0.000000972
521,1792,0.000001149
522,1792,0.000000959
523,1792,0.000001256
524,1792,0.000000973
525,1792,0.000001336
526,1792,0.000000949
527,1792,0.000000941
528,1792,0.000000957
529,1792,0.000000944
530,1792,0.000001174
531,1792,0.000000955
532,1792,0.000001165
533,1792,0.000000945
534,1792,0.000001184
535,1792,0.000000939
536,1792,0.000000953
537,1792,0.000001144
538,1792,0.000000956
539,1792,0.000001170
540,1792,0.000000975
541,1792,0.000001174
542,1792,0.000000951
543,1792,0.000000939
544,1792,0.000000971
545,1792,0.000000942
546,1792,0.000001258
547,1792,0.000001693
548,1792,0.000001222
549,1792,0.000000940
550,1792,0.000001182
551,1792,0.000000952
552,1792,0.000000958
553,1792,0.000001240
554,1792,0.000000963
555,1792,0.000001173
556,1792,0.000000976
557,1792,0.000001181
558,1792,0.000000950
559,1792,0.000000958
560,1792,0.000000970
561,1792,0.000000947
562,1792,0.000001163
563,1792,0.000000958
564,1792,0.000001212
565,1792,0.000000941
566,1792,0.000001186
567,1792,0.000000943
568,1792,0.000000951
569,1792,0.000001166
570,1792,0.000000963
571,1792,0.000001219
572,1792,0.000000976
573,1792,0.000001234
574,1792,0.000000949
575,1792,0.000000935
576,1792,0.000000949
577,1792,0.000000940
578,1792,0.000001217
579,1792,0.000000968
580,1792,0.000001969
581,1792,0.000001003
582,1792,0.000001150
583,1792,0.000000962
584,1792,0.000000944
585,1792,0.000001181
586,1792,0.000000955
587,1792,0.000001225
588,1792,0.000000967
589,1792,0.000001184
590,1792,0.000000944
591,1792,0.000000957
592,1792,0.000000968
593,1792,0.000000965
594,1792,0.000001210
595,1792,0.000000967
596,1792,0.000001186
597,1792,0.000000954
598,1792,0.000001207
599,1792,0.000000967
600,1792,0.000000944
601,1792,0.000001178
602,1792,0.000000953
603,1792,0.000001242
604,1792,0.000000964
605,1792,0.000001189
606,1792,0.000000957
607,1792,0.000000953
608,1792,0.000000967
609,1792,0.000000956
610,1792,0.000001231
611,1792,0.000000964
612,1792,0.000001174
613,1792,0.000000955
614,1792,0.000001920
615,1792,0.000000979
616,1792,0.000000976
617,1792,0.000001185
618,1792,0.000000970
619,1792,0.000001179
620,1792,0.000000980
621,1792,0.000001224
622,1792,0.000000953
623,1792,0.000000940
624,1792,0.000000958
625,1792,0.000000949
626,1792,0.000001165
627,1792,0.000000954
628,1792,0.000001160
629,1792,0.000000941
630,1792,0.000001243
631,1792,0.000000942
632,1792,0.000000954
633,1792,0.000001151
634,1792,0.000000958
635,1792,0.000001173
636,1792,0.000000975
637,1792,0.000001180
638,1792,0.000000951
639,1792,0.000000941
640,1792,0.000000966
641,1792,0.000000942
642,1792,0.000001209
643,1792,0.000000956
644,1792,0.000001192
645,1792,0.000000945
646,1792,0.000001231
647,1792,0.000001680
648,1792,0.000001003
649,1792,0.000001180
650,1792,0.000000967
651,1792,0.000001183
652,1792,0.000000979
653,1792,0.000001416
654,1792,0.000000954
655,1792,0.000000941
656,1792,0.000000971
657,1792,0.000000953
658,1792,0.000001254
659,1792,0.000000956
660,1792,0.000001187
661,1792,0.000000940
662,1792,0.000001248
663,1792,0.000000938
664,1792,0.000000954
665,1792,0.000001213
666,1792,0.000000967
667,1792,0.000001217
668,1792,0.000000977
669,1792,0.000001180
670,1792,0.000000949
671,1792,0.000000939
672,1792,0.000000968
673,1792,0.000000944
674,1792,0.000001225
675,1792,0.000000954
676,1792,0.000001185
677,1792,0.000000939
678,1792,0.000001239
679,1792,0.000000944
680,1792,0.000002022
681,1792,0.000001220
682,1792,0.000001081
683,1792,0.000001282
684,1792,0.000000971
685,1792,0.000001229
686,1792,0.000000937
687,1792,0.000000949
688,1792,0.000000963
689,1792,0.000000951
690,1792,0.000001190
691,1792,0.000000966
692,1792,0.000001222
693,1792,0.000000948
694,1792,0.000001264
695,1792,0.000000956
696,1792,0.000000941
697,1792,0.000001219
698,1792,0.000000948
699,1792,0.000001239
700,1792,0.000000965
701,1792,0.000001251
702,1792,0.000000942
703,1792,0.000000955
704,1792,0.000000962
705,1792,0.000000959
706,1792,0.000001557
707,1792,0.000000971
708,1792,0.000001211
709,1792,0.000000955
710,1792,0.000001176
711,1792,0.000000952
712,1792,0.000000941
713,1792,0.000001996
714,1792,0.000000999
715,1792,0.000001182
716,1792,0.000000975
717,1792,0.000001188
718,1792,0.000000949
719,1792,0.000000940
720,1792,0.000000968
721,1792,0.000000944
722,1792,0.000001266
723,1792,0.000009634
724,1792,0.000001541
725,1792,0.000000973
726,1792,0.000001196
727,1792,0.000000976
728,1792,0.000000957
729,1792,0.000001262
730,1792,0.000001010
731,1792,0.000001236
732,1792,0.000000982
733,1792,0.000001206
734,1792,0.000000955
735,1792,0.000000959
736,1792,0.000000970
737,1792,0.000000961
738,1792,0.000001162
739,1792,0.000000970
740,1792,0.000001192
741,1792,0.000000955
742,1792,0.000001185
743,1792,0.000000971
744,1792,0.000000956
745,1792,0.000001170
746,1792,0.000001948
747,1792,0.000001246
748,1792,0.000000999
749,1792,0.000001282
750,1792,0.000000978
751,1792,0.000000957
752,1792,0.000001039
753,1792,0.000000969
754,1792,0.000001224
755,1792,0.000000980
756,1792,0.000001260
757,1792,0.000000953
758,1792,0.000001220
759,1792,0.000000975
760,1792,0.000024714
761,1792,0.000002488
762,1792,0.000000998
763,1792,0.000001229
764,1792,0.000000985
765,1792,0.000001211
766,1792,0.000000961
767,1792,0.000000966
768,1792,0.000000967
769,1792,0.000000983
770,1792,0.000002269
771,1792,0.000001013
772,1792,0.000001228
773,1792,0.000000978
774,1792,0.000001225
775,1792,0.000000976
776,1792,0.000013856
777,1792,0.000001345
778,1792,0.000000947
779,1792,0.000001191
780,1792,0.000000968
781,1792,0.000001218
782,1792,0.000000943
783,1792,0.000000956
784,1792,0.000001794
785,1792,0.000000985
786,1792,0.000001213
787,1792,0.000000965
788,1792,0.000001175
789,1792,0.000000947
790,1792,0.000001228
791,1792,0.000000964
792,1792,0.000000940
793,1792,0.000001175
794,1792,0.000000950
795,1792,0.000001238
796,1792,0.000000965
797,1792,0.000001216
798,1792,0.000001676
799,1792,0.000000987
800,1792,0.000000966
801,1792,0.000000964
802,1792,0.000001226
803,1792,0.000000968
804,1792,0.000001176
805,1792,0.000000953
806,1792,0.000001180
807,1792,0.000000973
808,1792,0.000000969
809,1792,0.000001172
810,1792,0.000000954
811,1792,0.000001230
812,1792,0.000001661
813,1792,0.000001210
814,1792,0.000000942
815,1792,0.000000950
816,1792,0.000000938
817,1792,0.000000955
818,1792,0.000001245
819,1792,0.000000965
820,1792,0.000001174
821,1792,0.000000947
822,1792,0.000001232
823,1792,0.000000963
824,1792,0.000000940
825,1792,0.000001189
826,1792,0.000001659
827,1792,0.000001197
828,1792,0.000000967
829,1792,0.000001304
830,1792,0.000000945
831,1792,0.000000952
832,1792,0.000000956
833,1792,0.000000953
834,1792,0.000001172
835,1792,0.000000965
836,1792,0.000001235
837,1792,0.000000951
838,1792,0.000001252
839,1792,0.000001655
840,1792,0.000000967
841,1792,0.000001231
842,1792,0.000000955
843,1792,0.000001184
844,1792,0.000000969
845,1792,0.000001209
846,1792,0.000000952
847,1792,0.000000952
848,1792,0.000000961
849,1792,0.000000950
850,1792,0.000001172
851,1792,0.000000963
852,1792,0.000001215
853,1792,0.000001662
854,1792,0.000001255
855,1792,0.000000962
856,1792,0.000000940
857,1792,0.000004087
858,1792,0.000001053
859,1792,0.000002671
860,1792,0.000001045
861,1792,0.000002382
862,1792,0.000001890
863,1792,0.000000986
864,1792,0.000002218
865,1792,0.000001013
866,1792,0.000002317
867,1792,0.000000998
868,1792,0.000002436
869,1792,0.000000991
870,1792,0.000002349
871,1792,0.000001791
872,1792,0.000000983
873,1792,0.000002362
874,1792,0.000001000
875,1792,0.000002301
876,1792,0.000001022
877,1792,0.000002727
878,1792,0.000001000
879,1792,0.000000948
880,1792,0.000002102
881,1792,0.000001786
882,1792,0.000002355
883,1792,0.000001012
884,1792,0.000004890
885,1792,0.000000992
886,1792,0.000002328
887,1792,0.000000979
888,1792,0.000001759
889,1792,0.000002449
890,1792,0.000001005
891,1792,0.000002334
892,1792,0.000001008
893,1792,0.000002717
894,1792,0.000000988
895,1792,0.000000955
896,1792,0.000002111
897,1792,0.000001797
898,1792,0.000002359
899,1792,0.000000999
900,1792,0.000002383
901,1792,0.000000983
902,1792,0.000002337
903,1792,0.000000978
904,1792,0.000000947
905,1792,0.000002313
906,1792,0.000001797
907,1792,0.000002531
908,1792,0.000001001
909,1792,0.000002404
910,1792,0.000001007
911,1792,0.000000956
912,1792,0.000002083
913,1792,0.000000990
914,1792,0.000004799
915,1792,0.000001867
916,1792,0.000002466
917,1792,0.000000998
918,1792,0.000002358
919,1792,0.000000988
920,1792,0.000000954
921,1792,0.000002390
922,1792,0.000000990
923,1792,0.000003181
924,1792,0.000001064
925,1792,0.000002336
926,1792,0.000000986
927,1792,0.000000959
928,1792,0.000002206
929,1792,0.000000994
930,1792,0.000002383
931,1792,0.000001000
932,1792,0.000002399
933,1792,0.000001803
934,1792,0.000002481
935,1792,0.000000993
936,1792,0.000000953
937,1792,0.000002341
938,1792,0.000000985
939,1792,0.000002340
940,1792,0.000001002
941,1792,0.000002387
942,1792,0.000001799
943,1792,0.000000978
944,1792,0.000002135
945,1792,0.000001008
946,1792,0.000002305
947,1792,0.000001000
948,1792,0.000002319
949,1792,0.000000990
950,1792,0.000002477
951,1792,0.000001805
952,1792,0.000000998
953,1792,0.000002339
954,1792,0.000000997
955,1792,0.000004630
956,1792,0.000001006
957,1792,0.000002310
958,1792,0.000001039
959,1792,0.000001774
960,1792,0.000002174
961,1792,0.000001004
962,1792,0.000002265
963,1792,0.000000993
964,1792,0.000002361
965,1792,0.000000986
966,1792,0.000002324
967,1792,0.000001808
968,1792,0.000000999
969,1792,0.000002339
970,1792,0.000000995
971,1792,0.000002378
972,1792,0.000001016
973,1792,0.000002352
974,1792,0.000000990
975,1792,0.000000964
976,1792,0.000002112
977,1792,0.000001783
978,1792,0.000002418
979,1792,0.000001000
980,1792,0.000002342
981,1792,0.000000989
982,1792,0.000002322
983,1792,0.000000991
984,1792,0.000000963
985,1792,0.000002337
986,1792,0.000001794
987,1792,0.000002436
988,1792,0.000001021
989,1792,0.000002323
990,1792,0.000000998
991,1792,0.000000964
992,1792,0.000002326
993,1792,0.000001142
994,1792,0.000002539
995,1792,0.000001799
996,1792,0.000002381
997,1792,0.000000996
998,1792,0.000002300
999,1792,0.000000985
0,2048,0.000002789
1,2048,0.000001133
2,2048,0.000000993
3,2048,0.000000960
4,2048,0.000000966
5,2048,0.000000955
6,2048,0.000001010
7,2048,0.000000955
8,2048,0.000000975
9,2048,0.000000942
10,2048,0.000000951
11,2048,0.000000940
12,2048,0.000000948
13,2048,0.000000942
14,2048,0.000000952
15,2048,0.000000942
16,2048,0.000000971
17,2048,0.000000945
18,2048,0.000001358
19,2048,0.000000955
20,2048,0.000000996
21,2048,0.000000945
22,2048,0.000000968
23,2048,0.000000949
24,2048,0.000000972
25,2048,0.000000948
26,2048,0.000000960
27,2048,0.000000944
28,2048,0.000000961
29,2048,0.000000954
30,2048,0.000000966
31,2048,0.000000951
32,2048,0.000001298
33,2048,0.000001006
34,2048,0.000000968
35,2048,0.000000985
36,2048,0.000000964
37,2048,0.000000958
38,2048,0.000000956
39,2048,0.000000965
40,2048,0.000001010
41,2048,0.000000957
42,2048,0.000000960
43,2048,0.000000960
44,2048,0.000001039
45,2048,0.000000958
46,2048,0.000000947
47,2048,0.000000968
48,2048,0.000000958
49,2048,0.000000957
50,2048,0.000000966
51,2048,0.000000961
52,2048,0.000000949
53,2048,0.000000957
54,2048,0.000000955
55,2048,0.000000960
56,2048,0.000000962
57,2048,0.000000963
58,2048,0.000000960
59,2048,0.000000970
60,2048,0.000000965
61,2048,0.000000961
62,2048,0.000000957
63,2048,0.000000959
64,2048,0.000000992
65,2048,0.000000960
66,2048,0.000000947
67,2048,0.000000960
68,2048,0.000000963
69,2048,0.000000958
70,2048,0.000000956
71,2048,0.000000957
72,2048,0.000000958
73,2048,0.000000957
74,2048,0.000000960
75,2048,0.000000962
76,2048,0.000000965
77,2048,0.000000957
78,2048,0.000000960
79,2048,0.000000958
80,2048,0.000000962
81,2048,0.000000966
82,2048,0.000000946
83,2048,0.000000959
84,2048,0.000000962
85,2048,0.000000962
86,2048,0.000000965
87,2048,0.000000966
88,2048,0.000000966
89,2048,0.000000965
90,2048,0.000000963
91,2048,0.000000970
92,2048,0.000000957
93,2048,0.000000962
94,2048,0.000000960
95,2048,0.000000961
96,2048,0.000000957
97,2048,0.000000957
98,2048,0.000000968
99,2048,0.000000960
100,2048,0.000000979
101,2048,0.000000970
102,2048,0.000000956
103,2048,0.000000969
104,2048,0.000000963
105,2048,0.000000963
106,2048,0.000000954
107,2048,0.000000958
108,2048,0.000001011
109,2048,0.000000957
110,2048,0.000001847
111,2048,0.000000995
112,2048,0.000000997
113,2048,0.000000961
114,2048,0.000000974
115,2048,0.000000959
116,2048,0.000000962
117,2048,0.000000961
118,2048,0.000000950
119,2048,0.000000959
120,2048,0.000000968
121,2048,0.000000965
122,2048,0.000000952
123,2048,0.000000964
124,2048,0.000000954
125,2048,0.000000960
126,2048,0.000000953
127,2048,0.000000961
128,2048,0.000000945
129,2048,0.000000963
130,2048,0.000000970
131,2048,0.000000965
132,2048,0.000000968
133,2048,0.000000960
134,2048,0.000000950
135,2048,0.000000953
136,2048,0.000000964
137,2048,0.000000954
138,2048,0.000000944
139,2048,0.000000960
140,2048,0.000000952
141,2048,0.000000959
142,2048,0.000000962
143,2048,0.000000971
144,2048,0.000000948
145,2048,0.000000976
146,2048,0.000001768
147,2048,0.000000992
148,2048,0.000000976
149,2048,0.000000964
150,2048,0.000000951
151,2048,0.000000967
152,2048,0.000000954
153,2048,0.000000962
154,2048,0.000000968
155,2048,0.000000966
156,2048,0.000000960
157,2048,0.000000957
158,2048,0.000000966
159,2048,0.000000959
160,2048,0.000000963
161,2048,0.000000956
162,2048,0.000000983
163,2048,0.000000958
164,2048,0.000001009
165,2048,0.000000960
166,2048,0.000000954
167,2048,0.000000959
168,2048,0.000000965
169,2048,0.000000959
170,2048,0.000000959
171,2048,0.000000956
172,2048,0.000000963
173,2048,0.000000960
174,2048,0.000000965
175,2048,0.000000967
176,2048,0.000000970
177,2048,0.000000960
178,2048,0.000000950
179,2048,0.000000966
180,2048,0.000000961
181,2048,0.000000963
182,2048,0.000000964
183,2048,0.000001742
184,2048,0.000000977
185,2048,0.000000972
186,2048,0.000000963
187,2048,0.000000947
188,2048,0.000000961
189,2048,0.000000953
190,2048,0.000000966
191,2048,0.000000946
192,2048,0.000000969
193,2048,0.000000953
194,2048,0.000000951
195,2048,0.000000945
196,2048,0.000000955
197,2048,0.000000942
198,2048,0.000000956
199,2048,0.000000946
200,2048,0.000000968
201,2048,0.000000951
202,2048,0.000000959
203,2048,0.000000945
204,2048,0.000000958
205,2048,0.000000942
206,2048,0.000000999
207,2048,0.000000940
208,2048,0.000000965
209,2048,0.000000947
210,2048,0.000000958
211,2048,0.000000943
212,2048,0.000001299
213,2048,0.000000957
214,2048,0.000000970
215,2048,0.000000945
216,2048,0.000000967
217,2048,0.000000949
218,2048,0.000000986
219,2048,0.000001709
220,2048,0.000000984
221,2048,0.000000948
222,2048,0.000000961
223,2048,0.000000952
224,2048,0.000000973
225,2048,0.000000955
226,2048,0.000000972
227,2048,0.000000951
228,2048,0.000000954
229,2048,0.000000943
230,2048,0.000000957
231,2048,0.000000947
232,2048,0.000000957
233,2048,0.000000944
234,2048,0.000000967
235,2048,0.000000951
236,2048,0.000000967
237,2048,0.000000944
238,2048,0.000000977
239,2048,0.000000941
240,2048,0.000000969
241,2048,0.000000942
242,2048,0.000000956
243,2048,0.000000945
244,2048,0.000000965
245,2048,0.000000944
246,2048,0.000000968
247,2048,0.000000948
248,2048,0.000000969
249,2048,0.000000947
250,2048,0.000000951
251,2048,0.000000950
252,2048,0.000000971
253,2048,0.000000946
254,2048,0.000000972
255,2048,0.000001692
256,2048,0.000000990
257,2048,0.000000944
258,2048,0.000000960
259,2048,0.000000948
260,2048,0.000000966
261,2048,0.000000946
262,2048,0.000000957
263,2048,0.000000951
264,2048,0.000001045
265,2048,0.000000954
266,2048,0.000000958
267,2048,0.000000953
268,2048,0.000000977
269,2048,0.000000947
270,2048,0.000000959
271,2048,0.000000950
272,2048,0.000000975
273,2048,0.000000946
274,2048,0.000000964
275,2048,0.000000951
276,2048,0.000000960
277,2048,0.000000948
278,2048,0.000000958
279,2048,0.000000972
280,2048,0.000001012
281,2048,0.000000945
282,2048,0.000008954
283,2048,0.000000975
284,2048,0.000000961
285,2048,0.000000947
286,2048,0.000000942
287,2048,0.000000945
288,2048,0.000000947
289,2048,0.000000945
290,2048,0.000000947
291,2048,0.000000947
292,2048,0.000000963
293,2048,0.000002019
294,2048,0.000001013
295,2048,0.000000955
296,2048,0.000000956
297,2048,0.000000944
298,2048,0.000000952
299,2048,0.000000946
300,2048,0.000000965
301,2048,0.000000951
302,2048,0.000000969
303,2048,0.000000957
304,2048,0.000000956
305,2048,0.000000944
306,2048,0.000000962
307,2048,0.000000947
308,2048,0.000000969
309,2048,0.000000949
310,2048,0.000000972
311,2048,0.000000949
312,2048,0.000000974
313,2048,0.000000951
314,2048,0.000000955
315,2048,0.000000944
316,2048,0.000000952
317,2048,0.000000969
318,2048,0.000000965
319,2048,0.000000943
320,2048,0.000001225
321,2048,0.000000945
322,2048,0.000000954
323,2048,0.000000941
324,2048,0.000000954
325,2048,0.000000942
326,2048,0.000000967
327,2048,0.000000944
328,2048,0.000000957
329,2048,0.000000944
330,2048,0.000000989
331,2048,0.000001713
332,2048,0.000000983
333,2048,0.000000946
334,2048,0.000000974
335,2048,0.000000947
336,2048,0.000000956
337,2048,0.000000944
338,2048,0.000000954
339,2048,0.000000946
340,2048,0.000000955
341,2048,0.000000946
342,2048,0.000000953
343,2048,0.000000940
344,2048,0.000000953
345,2048,0.000000948
346,2048,0.000000954
347,2048,0.000000940
348,2048,0.000000954
349,2048,0.000000943
350,2048,0.000000951
351,2048,0.000000940
352,2048,0.000000954
353,2048,0.000000943
354,2048,0.000000953
355,2048,0.000000938
356,2048,0.000000964
357,2048,0.000000942
358,2048,0.000000974
359,2048,0.000000959
360,2048,0.000000982
361,2048,0.000000945
362,2048,0.000000996
363,2048,0.000000945
364,2048,0.000000953
365,2048,0.000000946
366,2048,0.000001748
367,2048,0.000000970
368,2048,0.000000968
369,2048,0.000000949
370,2048,0.000000977
371,2048,0.000000947
372,2048,0.000000956
373,2048,0.000000943
374,2048,0.000000952
375,2048,0.000000940
376,2048,0.000000970
377,2048,0.000000947
378,2048,0.000000957
379,2048,0.000000946
380,2048,0.000000962
381,2048,0.000000946
382,2048,0.000000953
383,2048,0.000000964
384,2048,0.000000955
385,2048,0.000000942
386,2048,0.000000953
387,2048,0.000000943
388,2048,0.000000968
389,2048,0.000000969
390,2048,0.000000971
391,2048,0.000000940
392,2048,0.000000969
393,2048,0.000000943
394,2048,0.000000965
395,2048,0.000000941
396,2048,0.000000982
397,2048,0.000000948
398,2048,0.000000952
399,2048,0.000000949
400,2048,0.000000956
401,2048,0.000000947
402,2048,0.000001001
403,2048,0.000001743
404,2048,0.000000989
405,2048,0.000000948
406,2048,0.000000955
407,2048,0.000000951
408,2048,0.000000956
409,2048,0.000000946
410,2048,0.000000951
411,2048,0.000000946
412,2048,0.000000983
413,2048,0.000000971
414,2048,0.000000952
415,2048,0.000000943
416,2048,0.000000968
417,2048,0.000000958
418,2048,0.000000951
419,2048,0.000000940
420,2048,0.000000965
421,2048,0.000000945
422,2048,0.000000953
423,2048,0.000000949
424,2048,0.000000957
425,2048,0.000000943
426,2048,0.000000953
427,2048,0.000000946
428,2048,0.000000958
429,2048,0.000000944
430,2048,0.000000953
431,2048,0.000000946
432,2048,0.000000969
433,2048,0.000000945
434,2048,0.000000968
435,2048,0.000000943
436,2048,0.000000954
437,2048,0.000000946
438,2048,0.000000974
439,2048,0.000000993
440,2048,0.000001728
441,2048,0.000000985
442,2048,0.000000957
443,2048,0.000000943
444,2048,0.000000969
445,2048,0.000000941
446,2048,0.000001052
447,2048,0.000000986
448,2048,0.000000959
449,2048,0.000000947
450,2048,0.000000965
451,2048,0.000000945
452,2048,0.000000952
453,2048,0.000000960
454,2048,0.000000953
455,2048,0.000000942
456,2048,0.000000959
457,2048,0.000000945
458,2048,0.000000956
459,2048,0.000000942
460,2048,0.000000963
461,2048,0.000000950
462,2048,0.000000961
463,2048,0.000000947
464,2048,0.000000967
465,2048,0.000000947
466,2048,0.000000954
467,2048,0.000000943
468,2048,0.000000958
469,2048,0.000000946
470,2048,0.000000965
471,2048,0.000000945
472,2048,0.000000965
473,2048,0.000000944
474,2048,0.000000955
475,2048,0.000000944
476,2048,0.000001734
477,2048,0.000000970
478,2048,0.000000953
479,2048,0.000000953
480,2048,0.000000959
481,2048,0.000000940
482,2048,0.000000951
483,2048,0.000000948
484,2048,0.000000970
485,2048,0.000000942
486,2048,0.000000962
487,2048,0.000000942
488,2048,0.000000953
489,2048,0.000000943
490,2048,0.000000954
491,2048,0.000000944
492,2048,0.000000965
493,2048,0.000000944
494,2048,0.000001063
495,2048,0.000000950
496,2048,0.000000969
497,2048,0.000000944
498,2048,0.000000965
499,2048,0.000000944
500,2048,0.000000953
501,2048,0.000000954
502,2048,0.000001011
503,2048,0.000000943
504,2048,0.000000954
505,2048,0.000000953
506,2048,0.000000957
507,2048,0.000000951
508,2048,0.000000956
509,2048,0.000000944
510,2048,0.000000953
511,2048,0.000000939
512,2048,0.000000980
513,2048,0.000001690
514,2048,0.000000981
515,2048,0.000000943
516,2048,0.000000963
517,2048,0.000000945
518,2048,0.000000973
519,2048,0.000000948
520,2048,0.000000963
521,2048,0.000000946
522,2048,0.000000972
523,2048,0.000000947
524,2048,0.000000994
525,2048,0.000000950
526,2048,0.000000955
527,2048,0.000000942
528,2048,0.000001001
529,2048,0.000000949
530,2048,0.000000968
531,2048,0.000000945
532,2048,0.000000965
533,2048,0.000000952
534,2048,0.000001017
535,2048,0.000000944
536,2048,0.000000955
537,2048,0.000000945
538,2048,0.000000954
539,2048,0.000000953
540,2048,0.000000954
541,2048,0.000000946
542,2048,0.000000952
543,2048,0.000000945
544,2048,0.000000983
545,2048,0.000000961
546,2048,0.000000954
547,2048,0.000000955
548,2048,0.000000954
549,2048,0.000001782
550,2048,0.000000992
551,2048,0.000000956
552,2048,0.000001035
553,2048,0.000000949
554,2048,0.000000955
555,2048,0.000000945
556,2048,0.000000969
557,2048,0.000000946
558,2048,0.000001185
559,2048,0.000000948
560,2048,0.000000958
561,2048,0.000000945
562,2048,0.000000970
563,2048,0.000000946
564,2048,0.000000968
565,2048,0.000000945
566,2048,0.000000967
567,2048,0.000000952
568,2048,0.000000969
569,2048,0.000000946
570,2048,0.000000973
571,2048,0.000000940
572,2048,0.000000969
573,2048,0.000000943
574,2048,0.000000964
575,2048,0.000000943
576,2048,0.000000953
577,2048,0.000000944
578,2048,0.000000955
579,2048,0.000000945
580,2048,0.000000954
581,2048,0.000000945
582,2048,0.000000970
583,2048,0.000000946
584,2048,0.000000964
585,2048,0.000000972
586,2048,0.000001718
587,2048,0.000000975
588,2048,0.000000979
589,2048,0.000000949
590,2048,0.000000967
591,2048,0.000000960
592,2048,0.000000971
593,2048,0.000000945
594,2048,0.000000953
595,2048,0.000000958
596,2048,0.000001029
597,2048,0.000000946
598,2048,0.000000955
599,2048,0.000000944
600,2048,0.000000975
601,2048,0.000000950
602,2048,0.000000957
603,2048,0.000000941
604,2048,0.000000952
605,2048,0.000000949
606,2048,0.000000997
607,2048,0.000000938
608,2048,0.000001095
609,2048,0.000000954
610,2048,0.000001010
611,2048,0.000000942
612,2048,0.000001005
613,2048,0.000000953
614,2048,0.000000961
615,2048,0.000000945
616,2048,0.000000954
617,2048,0.000000947
618,2048,0.000000962
619,2048,0.000000941
620,2048,0.000000968
621,2048,0.000000963
622,2048,0.000001704
623,2048,0.000000967
624,2048,0.000000970
625,2048,0.000000945
626,2048,0.000000966
627,2048,0.000000944
628,2048,0.000000956
629,2048,0.000000943
630,2048,0.000001015
631,2048,0.000000950
632,2048,0.000000959
633,2048,0.000000943
634,2048,0.000000965
635,2048,0.000000954
636,2048,0.000000954
637,2048,0.000000946
638,2048,0.000001010
639,2048,0.000000957
640,2048,0.000000963
641,2048,0.000000962
642,2048,0.000000964
643,2048,0.000000941
644,2048,0.000000963
645,2048,0.000000942
646,2048,0.000000954
647,2048,0.000000942
648,2048,0.000000952
649,2048,0.000000948
650,2048,0.000000969
651,2048,0.000000942
652,2048,0.000000952
653,2048,0.000000946
654,2048,0.000000959
655,2048,0.000000945
656,2048,0.000000968
657,2048,0.000000944
658,2048,0.000000988
659,2048,0.000001701
660,2048,0.000000978
661,2048,0.000000947
662,2048,0.000001021
663,2048,0.000000944
664,2048,0.000000983
665,2048,0.000000944
666,2048,0.000000960
667,2048,0.000000942
668,2048,0.000000955
669,2048,0.000000947
670,2048,0.000000955
671,2048,0.000000942
672,2048,0.000000957
673,2048,0.000000946
674,2048,0.000000980
675,2048,0.000000954
676,2048,0.000000965
677,2048,0.000000950
678,2048,0.000000957
679,2048,0.000000943
680,2048,0.000000951
681,2048,0.000000944
682,2048,0.000000953
683,2048,0.000000944
684,2048,0.000000974
685,2048,0.000000945
686,2048,0.000000968
687,2048,0.000000946
688,2048,0.000000980
689,2048,0.000000940
690,2048,0.000000965
691,2048,0.000000947
692,2048,0.000000959
693,2048,0.000000943
694,2048,0.000000951
695,2048,0.000001685
696,2048,0.000000980
697,2048,0.000000965
698,2048,0.000000970
699,2048,0.000000949
700,2048,0.000000965
701,2048,0.000000942
702,2048,0.000000967
703,2048,0.000000940
704,2048,0.000000967
705,2048,0.000000947
706,2048,0.000000966
707,2048,0.000000948
708,2048,0.000000964
709,2048,0.000000958
710,2048,0.000000957
711,2048,0.000000956
712,2048,0.000000979
713,2048,0.000000955
714,2048,0.000000963
715,2048,0.000000957
716,2048,0.000000969
717,2048,0.000001167
718,2048,0.000000957
719,2048,0.000000945
720,2048,0.000001148
721,2048,0.000000945
722,2048,0.000000954
723,2048,0.000000946
724,2048,0.000000957
725,2048,0.000000943
726,2048,0.000000953
727,2048,0.000000955
728,2048,0.000000952
729,2048,0.000000944
730,2048,0.000000964
731,2048,0.000001944
732,2048,0.000001037
733,2048,0.000000961
734,2048,0.000000955
735,2048,0.000000947
736,2048,0.000000966
737,2048,0.000000942
738,2048,0.000000970
739,2048,0.000000951
740,2048,0.000000970
741,2048,0.000000947
742,2048,0.000000965
743,2048,0.000000952
744,2048,0.000000973
745,2048,0.000000950
746,2048,0.000000970
747,2048,0.000000945
748,2048,0.000000966
749,2048,0.000000961
750,2048,0.000000971
751,2048,0.000000944
752,2048,0.000000966
753,2048,0.000000946
754,2048,0.000001020
755,2048,0.000000941
756,2048,0.000000965
757,2048,0.000000941
758,2048,0.000000967
759,2048,0.000000949
760,2048,0.000000982
761,2048,0.000000950
762,2048,0.000000971
763,2048,0.000000942
764,2048,0.000000968
765,2048,0.000000942
766,2048,0.000000971
767,2048,0.000000978
768,2048,0.000001706
769,2048,0.000000971
770,2048,0.000000955
771,2048,0.000000942
772,2048,0.000000978
773,2048,0.000000944
774,2048,0.000001348
775,2048,0.000000963
776,2048,0.000000962
777,2048,0.000000947
778,2048,0.000000983
779,2048,0.000000943
780,2048,0.000000972
781,2048,0.000000946
782,2048,0.000000968
783,2048,0.000000944
784,2048,0.000000952
785,2048,0.000000946
786,2048,0.000000962
787,2048,0.000000942
788,2048,0.000000975
789,2048,0.000000944
790,2048,0.000000950
791,2048,0.000000943
792,2048,0.000000956
793,2048,0.000000946
794,2048,0.000000994
795,2048,0.000000947
796,2048,0.000000974
797,2048,0.000000946
798,2048,0.000000971
799,2048,0.000000941
800,2048,0.000000960
801,2048,0.000000948
802,2048,0.000000987
803,2048,0.000000961
804,2048,0.000001741
805,2048,0.000000981
806,2048,0.000000973
807,2048,0.000000947
808,2048,0.000000975
809,2048,0.000000949
810,2048,0.000000969
811,2048,0.000000948
812,2048,0.000000963
813,2048,0.000000948
814,2048,0.000000965
815,2048,0.000000946
816,2048,0.000000978
817,2048,0.000000951
818,2048,0.000000980
819,2048,0.000000951
820,2048,0.000000968
821,2048,0.000000943
822,2048,0.000001020
823,2048,0.000000950
824,2048,0.000001006
825,2048,0.000000940
826,2048,0.000000966
827,2048,0.000000941
828,2048,0.000001022
829,2048,0.000000953
830,2048,0.000000968
831,2048,0.000000944
832,2048,0.000001020
833,2048,0.000015694
834,2048,0.000001052
835,2048,0.000000975
836,2048,0.000000984
837,2048,0.000000975
838,2048,0.000000987
839,2048,0.000000971
840,2048,0.000002959
841,2048,0.000001573
842,2048,0.000001816
843,2048,0.000001497
844,2048,0.000001560
845,2048,0.000001699
846,2048,0.000001668
847,2048,0.000001525
848,2048,0.000001487
849,2048,0.000001603
850,2048,0.000001658
851,2048,0.000000977
852,2048,0.000001032
853,2048,0.000000963
854,2048,0.000000979
855,2048,0.000000965
856,2048,0.000000977
857,2048,0.000000964
858,2048,0.000001030
859,2048,0.000000960
860,2048,0.000000975
861,2048,0.000000961
862,2048,0.000001023
863,2048,0.000000962
864,2048,0.000000967
865,2048,0.000000962
866,2048,0.000000966
867,2048,0.000000964
868,2048,0.000001008
869,2048,0.000000966
870,2048,0.000002227
871,2048,0.000001021
872,2048,0.000000967
873,2048,0.000000969
874,2048,0.000000969
875,2048,0.000000992
876,2048,0.000004004
877,2048,0.000001589
878,2048,0.000003656
879,2048,0.000001651
880,2048,0.000003359
881,2048,0.000001139
882,2048,0.000002228
883,2048,0.000001033
884,2048,0.000002090
885,2048,0.000001021
886,2048,0.000002104
887,2048,0.000001027
888,2048,0.000004661
889,2048,0.000001030
890,2048,0.000003422
891,2048,0.000001391
892,2048,0.000002229
893,2048,0.000001024
894,2048,0.000002075
895,2048,0.000001021
896,2048,0.000002618
897,2048,0.000001034
898,2048,0.000014840
899,2048,0.000001060
900,2048,0.000002096
901,2048,0.000001025
902,2048,0.000002014
903,2048,0.000001007
904,2048,0.000001988
905,2048,0.000001020
906,2048,0.000002018
907,2048,0.000001019
908,2048,0.000002035
909,2048,0.000001009
910,2048,0.000002039
911,2048,0.000001009
912,2048,0.000002367
913,2048,0.000001898
914,2048,0.000002102
915,2048,0.000000994
916,2048,0.000002008
917,2048,0.000000994
918,2048,0.000002055
919,2048,0.000000992
920,2048,0.000002047
921,2048,0.000001003
922,2048,0.000002179
923,2048,0.000001006
924,2048,0.000002015
925,2048,0.000000995
926,2048,0.000002038
927,2048,0.000000994
928,2048,0.000002001
929,2048,0.000000996
930,2048,0.000002049
931,2048,0.000000992
932,2048,0.000002169
933,2048,0.000000993
934,2048,0.000002004
935,2048,0.000001768
936,2048,0.000002279
937,2048,0.000001016
938,2048,0.000002111
939,2048,0.000001005
940,2048,0.000002448
941,2048,0.000000996
942,2048,0.000002077
943,2048,0.000001008
944,2048,0.000002079
945,2048,0.000000999
946,2048,0.000003029
947,2048,0.000001037
948,2048,0.000002084
949,2048,0.000000992
950,2048,0.000004603
951,2048,0.000001126
952,2048,0.000002140
953,2048,0.000001003
954,2048,0.000002036
955,2048,0.000001031
956,2048,0.000002931
957,2048,0.000001065
958,2048,0.000002081
959,2048,0.000001008
960,2048,0.000002037
961,2048,0.000000996
962,2048,0.000002078
963,2048,0.000000995
964,2048,0.000002055
965,2048,0.000000993
966,2048,0.000002038
967,2048,0.000001001
968,2048,0.000002214
969,2048,0.000001002
970,2048,0.000002163
971,2048,0.000001001
972,2048,0.000002113
973,2048,0.000001003
974,2048,0.000002061
975,2048,0.000000999
976,2048,0.000002069
977,2048,0.000001000
978,2048,0.000002293
979,2048,0.000001824
980,2048,0.000002179
981,2048,0.000001016
982,2048,0.000002125
983,2048,0.000001014
984,2048,0.000002141
985,2048,0.000001008
986,2048,0.000002167
987,2048,0.000001024
988,2048,0.000002066
989,2048,0.000001005
990,2048,0.000002222
991,2048,0.000000996
992,2048,0.000001989
993,2048,0.000000997
994,2048,0.000002103
995,2048,0.000000994
996,2048,0.000002016
997,2048,0.000001004
998,2048,0.000002056
999,2048,0.000002285
0,2304,0.000002684
1,2304,0.000001330
2,2304,0.000000971
3,2304,0.000001186
4,2304,0.000000986
5,2304,0.000001169
6,2304,0.000000967
7,2304,0.000001196
8,2304,0.000001160
9,2304,0.000000942
10,2304,0.000001162
11,2304,0.000000947
12,2304,0.000001156
13,2304,0.000000961
14,2304,0.000001166
15,2304,0.000000952
16,2304,0.000000996
17,2304,0.000001192
18,2304,0.000000951
19,2304,0.000001148
20,2304,0.000000979
21,2304,0.000001168
22,2304,0.000000977
23,2304,0.000001156
24,2304,0.000001165
25,2304,0.000000945
26,2304,0.000001178
27,2304,0.000000949
28,2304,0.000001175
29,2304,0.000000968
30,2304,0.000001176
31,2304,0.000000963
32,2304,0.000000973
33,2304,0.000001164
34,2304,0.000000958
35,2304,0.000001193
36,2304,0.000000989
37,2304,0.000001270
38,2304,0.000000995
39,2304,0.000001301
40,2304,0.000001164
41,2304,0.000000963
42,2304,0.000001171
43,2304,0.000000969
44,2304,0.000001171
45,2304,0.000000976
46,2304,0.000001151
47,2304,0.000000963
48,2304,0.000001253
49,2304,0.000001202
50,2304,0.000000947
51,2304,0.000001171
52,2304,0.000000974
53,2304,0.000001164
54,2304,0.000000961
55,2304,0.000001168
56,2304,0.000001162
57,2304,0.000000976
58,2304,0.000001206
59,2304,0.000000957
60,2304,0.000001165
61,2304,0.000000977
62,2304,0.000001215
63,2304,0.000000975
64,2304,0.000000967
65,2304,0.000001209
66,2304,0.000000951
67,2304,0.000001182
68,2304,0.000000980
69,2304,0.000001176
70,2304,0.000000963
71,2304,0.000001190
72,2304,0.000001214
73,2304,0.000000958
74,2304,0.000001154
75,2304,0.000000956
76,2304,0.000001175
77,2304,0.000000973
78,2304,0.000001154
79,2304,0.000000962
80,2304,0.000000955
81,2304,0.000001162
82,2304,0.000000954
83,2304,0.000001162
84,2304,0.000000977
85,2304,0.000001171
86,2304,0.000000961
87,2304,0.000001191
88,2304,0.000002333
89,2304,0.000001204
90,2304,0.000001196
91,2304,0.000000971
92,2304,0.000001181
93,2304,0.000000978
94,2304,0.000001167
95,2304,0.000000968
96,2304,0.000001020
97,2304,0.000001193
98,2304,0.000000966
99,2304,0.000001170
100,2304,0.000000979
101,2304,0.000001165
102,2304,0.000000960
103,2304,0.000001168
104,2304,0.000001160
105,2304,0.000000953
106,2304,0.000001156
107,2304,0.000000958
108,2304,0.000001208
109,2304,0.000001737
110,2304,0.000001187
111,2304,0.000000960
112,2304,0.000000954
113,2304,0.000001204
114,2304,0.000000955
115,2304,0.000001201
116,2304,0.000000987
117,2304,0.000001191
118,2304,0.000000971
119,2304,0.000001169
120,2304,0.000001197
121,2304,0.000000947
122,2304,0.000001192
123,2304,0.000000946
124,2304,0.000001167
125,2304,0.000000968
126,2304,0.000001256
127,2304,0.000000956
128,2304,0.000000951
129,2304,0.000001531
130,2304,0.000001011
131,2304,0.000001951
132,2304,0.000000993
133,2304,0.000001158
134,2304,0.000001017
135,2304,0.000001157
136,2304,0.000001179
137,2304,0.000000965
138,2304,0.000001213
139,2304,0.000000955
140,2304,0.000001170
141,2304,0.000000977
142,2304,0.000001496
143,2304,0.000000967
144,2304,0.000000961
145,2304,0.000001224
146,2304,0.000000942
147,2304,0.000001175
148,2304,0.000000976
149,2304,0.000001182
150,2304,0.000000959
151,2304,0.000001201
152,2304,0.000001192
153,2304,0.000001868
154,2304,0.000001235
155,2304,0.000000960
156,2304,0.000001218
157,2304,0.000000960
158,2304,0.000001174
159,2304,0.000000948
160,2304,0.000000979
161,2304,0.000001164
162,2304,0.000000948
163,2304,0.000001198
164,2304,0.000000986
165,2304,0.000001167
166,2304,0.000000964
167,2304,0.000001148
168,2304,0.000001175
169,2304,0.000000947
170,2304,0.000001181
171,2304,0.000000942
172,2304,0.000001184
173,2304,0.000000957
174,2304,0.000001169
175,2304,0.000000949
176,2304,0.000000953
177,2304,0.000001184
178,2304,0.000000976
179,2304,0.000001934
180,2304,0.000001000
181,2304,0.000001551
182,2304,0.000000974
183,2304,0.000001234
184,2304,0.000001287
185,2304,0.000000955
186,2304,0.000001208
187,2304,0.000000947
188,2304,0.000001175
189,2304,0.000000962
190,2304,0.000001169
191,2304,0.000000960
192,2304,0.000000957
193,2304,0.000001173
194,2304,0.000000958
195,2304,0.000001172
196,2304,0.000000981
197,2304,0.000001148
198,2304,0.000000963
199,2304,0.000001164
200,2304,0.000001160
201,2304,0.000000948
202,2304,0.000002086
203,2304,0.000000990
204,2304,0.000001174
205,2304,0.000000970
206,2304,0.000001169
207,2304,0.000000964
208,2304,0.000000976
209,2304,0.000001187
210,2304,0.000000942
211,2304,0.000001220
212,2304,0.000000972
213,2304,0.000001217
214,2304,0.000000957
215,2304,0.000001160
216,2304,0.000001187
217,2304,0.000000954
218,2304,0.000001201
219,2304,0.000000977
220,2304,0.000001181
221,2304,0.000000967
222,2304,0.000001177
223,2304,0.000000961
224,2304,0.000000971
225,2304,0.000001186
226,2304,0.000000937
227,2304,0.000002217
228,2304,0.000000996
229,2304,0.000001193
230,2304,0.000000966
231,2304,0.000001224
232,2304,0.000001238
233,2304,0.000000954
234,2304,0.000001235
235,2304,0.000000954
236,2304,0.000001221
237,2304,0.000000959
238,2304,0.000001177
239,2304,0.000000951
240,2304,0.000000957
241,2304,0.000001175
242,2304,0.000000953
243,2304,0.000001196
244,2304,0.000000981
245,2304,0.000001164
246,2304,0.000000963
247,2304,0.000001177
248,2304,0.000001239
249,2304,0.000000945
250,2304,0.000001154
251,2304,0.000000942
252,2304,0.000001949
253,2304,0.000000980
254,2304,0.000001149
255,2304,0.000000962
256,2304,0.000000984
257,2304,0.000001200
258,2304,0.000000943
259,2304,0.000001178
260,2304,0.000000976
261,2304,0.000001180
262,2304,0.000001129
263,2304,0.000001492
264,2304,0.000001188
265,2304,0.000000961
266,2304,0.000001178
267,2304,0.000000966
268,2304,0.000001178
269,2304,0.000000969
270,2304,0.000001150
271,2304,0.000000961
272,2304,0.000000941
273,2304,0.000001180
274,2304,0.000000953
275,2304,0.000001917
276,2304,0.000000993
277,2304,0.000001223
278,2304,0.000000958
279,2304,0.000001200
280,2304,0.000001172
281,2304,0.000000954
282,2304,0.000001180
283,2304,0.000000953
284,2304,0.000001173
285,2304,0.000000980
286,2304,0.000001202
287,2304,0.000000959
288,2304,0.000000958
289,2304,0.000001240
290,2304,0.000000946
291,2304,0.000001160
292,2304,0.000000974
293,2304,0.000001222
294,2304,0.000000955
295,2304,0.000001220
296,2304,0.000002026
297,2304,0.000000979
298,2304,0.000001189
299,2304,0.000000952
300,2304,0.000001171
301,2304,0.000001010
302,2304,0.000001235
303,2304,0.000001041
304,2304,0.000015885
305,2304,0.000001834
306,2304,0.000001509
307,2304,0.000001762
308,2304,0.000001677
309,2304,0.000001785
310,2304,0.000001538
311,2304,0.000001999
312,2304,0.000003265
313,2304,0.000001599
314,2304,0.000002042
315,2304,0.000001138
316,2304,0.000001197
317,2304,0.000000990
318,2304,0.000001212
319,2304,0.000000996
320,2304,0.000000989
321,2304,0.000001263
322,2304,0.000000978
323,2304,0.000001199
324,2304,0.000001206
325,2304,0.000001706
326,2304,0.000001508
327,2304,0.000001929
328,2304,0.000003156
329,2304,0.000001715
330,2304,0.000001764
331,2304,0.000000976
332,2304,0.000001304
333,2304,0.000000992
334,2304,0.000001205
335,2304,0.000001030
336,2304,0.000013351
337,2304,0.000001498
338,2304,0.000000958
339,2304,0.000001181
340,2304,0.000000977
341,2304,0.000001173
342,2304,0.000000957
343,2304,0.000001208
344,2304,0.000001190
345,2304,0.000000951
346,2304,0.000001192
347,2304,0.000001860
348,2304,0.000001278
349,2304,0.000000965
350,2304,0.000001197
351,2304,0.000000962
352,2304,0.000000997
353,2304,0.000001211
354,2304,0.000000958
355,2304,0.000001160
356,2304,0.000000991
357,2304,0.000001185
358,2304,0.000000980
359,2304,0.000001195
360,2304,0.000001180
361,2304,0.000000955
362,2304,0.000001172
363,2304,0.000000953
364,2304,0.000001204
365,2304,0.000000977
366,2304,0.000001213
367,2304,0.000000979
368,2304,0.000001060
369,2304,0.000001195
370,2304,0.000001722
371,2304,0.000001210
372,2304,0.000000989
373,2304,0.000001160
374,2304,0.000000972
375,2304,0.000001166
376,2304,0.000001164
377,2304,0.000000957
378,2304,0.000001225
379,2304,0.000000950
380,2304,0.000001270
381,2304,0.000000976
382,2304,0.000001180
383,2304,0.000000963
384,2304,0.000000971
385,2304,0.000001175
386,2304,0.000000966
387,2304,0.000001207
388,2304,0.000000989
389,2304,0.000001175
390,2304,0.000000973
391,2304,0.000001162
392,2304,0.000001207
393,2304,0.000000970
394,2304,0.000001987
395,2304,0.000000993
396,2304,0.000001237
397,2304,0.000000970
398,2304,0.000001180
399,2304,0.000000955
400,2304,0.000001016
401,2304,0.000001178
402,2304,0.000000955
403,2304,0.000001531
404,2304,0.000000980
405,2304,0.000001221
406,2304,0.000000968
407,2304,0.000001211
408,2304,0.000001246
409,2304,0.000000946
410,2304,0.000001223
411,2304,0.000000945
412,2304,0.000001175
413,2304,0.000000963
414,2304,0.000001206
415,2304,0.000000961
416,2304,0.000001701
417,2304,0.000001235
418,2304,0.000000964
419,2304,0.000001185
420,2304,0.000000979
421,2304,0.000001294
422,2304,0.000000962
423,2304,0.000001243
424,2304,0.000001258
425,2304,0.000000960
426,2304,0.000001168
427,2304,0.000000965
428,2304,0.000001294
429,2304,0.000001035
430,2304,0.000001224
431,2304,0.000000980
432,2304,0.000000957
433,2304,0.000001224
434,2304,0.000000955
435,2304,0.000001535
436,2304,0.000000975
437,2304,0.000001202
438,2304,0.000000962
439,2304,0.000001164
440,2304,0.000001159
441,2304,0.000000971
442,2304,0.000001272
443,2304,0.000000963
444,2304,0.000001222
445,2304,0.000000982
446,2304,0.000001221
447,2304,0.000000977
448,2304,0.000000963
449,2304,0.000001960
450,2304,0.000000984
451,2304,0.000001217
452,2304,0.000000992
453,2304,0.000001193
454,2304,0.000001007
455,2304,0.000001160
456,2304,0.000001162
457,2304,0.000000957
458,2304,0.000001168
459,2304,0.000000945
460,2304,0.000001178
461,2304,0.000000958
462,2304,0.000001192
463,2304,0.000000952
464,2304,0.000001055
465,2304,0.000001245
466,2304,0.000000974
467,2304,0.000001150
468,2304,0.000000988
469,2304,0.000001247
470,2304,0.000000979
471,2304,0.000001192
472,2304,0.000001201
473,2304,0.000000953
474,2304,0.000001245
475,2304,0.000000952
476,2304,0.000001182
477,2304,0.000001837
478,2304,0.000001248
479,2304,0.000000971
480,2304,0.000001026
481,2304,0.000001199
482,2304,0.000000962
483,2304,0.000001190
484,2304,0.000000988
485,2304,0.000001188
486,2304,0.000000975
487,2304,0.000001170
488,2304,0.000001263
489,2304,0.000000953
490,2304,0.000001197
491,2304,0.000000952
492,2304,0.000001200
493,2304,0.000000962
494,2304,0.000001191
495,2304,0.000000954
496,2304,0.000001000
497,2304,0.000001197
498,2304,0.000000963
499,2304,0.000001191
500,2304,0.000000988
501,2304,0.000001229
502,2304,0.000000975
503,2304,0.000001189
504,2304,0.000001172
505,2304,0.000000962
506,2304,0.000001909
507,2304,0.000000987
508,2304,0.000001216
509,2304,0.000000965
510,2304,0.000001317
511,2304,0.000000960
512,2304,0.000001009
513,2304,0.000001186
514,2304,0.000000953
515,2304,0.000001376
516,2304,0.000001029
517,2304,0.000001185
518,2304,0.000000963
519,2304,0.000001265
520,2304,0.000001197
521,2304,0.000000944
522,2304,0.000001231
523,2304,0.000001008
524,2304,0.000001509
525,2304,0.000001117
526,2304,0.000001260
527,2304,0.000000954
528,2304,0.000001022
529,2304,0.000001245
530,2304,0.000000975
531,2304,0.000001179
532,2304,0.000000988
533,2304,0.000001224
534,2304,0.000000977
535,2304,0.000001254
536,2304,0.000001192
537,2304,0.000000953
538,2304,0.000001274
539,2304,0.000000952
540,2304,0.000001243
541,2304,0.000000971
542,2304,0.000001178
543,2304,0.000000952
544,2304,0.000001025
545,2304,0.000001174
546,2304,0.000000957
547,2304,0.000001182
548,2304,0.000000988
549,2304,0.000001232
550,2304,0.000000987
551,2304,0.000001450
552,2304,0.000001231
553,2304,0.000000983
554,2304,0.000001390
555,2304,0.000000950
556,2304,0.000001181
557,2304,0.000000963
558,2304,0.000001260
559,2304,0.000000956
560,2304,0.000001005
561,2304,0.000001248
562,2304,0.000001050
563,2304,0.000001241
564,2304,0.000000988
565,2304,0.000001168
566,2304,0.000000971
567,2304,0.000001214
568,2304,0.000001219
569,2304,0.000000948
570,2304,0.000001220
571,2304,0.000002017
572,2304,0.000001203
573,2304,0.000001074
574,2304,0.000001165
575,2304,0.000000955
576,2304,0.000000970
577,2304,0.000001314
578,2304,0.000001016
579,2304,0.000001174
580,2304,0.000000987
581,2304,0.000001314
582,2304,0.000000971
583,2304,0.000001265
584,2304,0.000001211
585,2304,0.000000960
586,2304,0.000001180
587,2304,0.000000948
588,2304,0.000001228
589,2304,0.000000967
590,2304,0.000001245
591,2304,0.000000955
592,2304,0.000001043
593,2304,0.000001193
594,2304,0.000000966
595,2304,0.000009809
596,2304,0.000002208
597,2304,0.000001255
598,2304,0.000000976
599,2304,0.000001177
600,2304,0.000001312
601,2304,0.000001714
602,2304,0.000001277
603,2304,0.000000973
604,2304,0.000001596
605,2304,0.000000973
606,2304,0.000001391
607,2304,0.000000974
608,2304,0.000001065
609,2304,0.000001193
610,2304,0.000000983
611,2304,0.000001203
612,2304,0.000001002
613,2304,0.000001303
614,2304,0.000001749
615,2304,0.000001191
616,2304,0.000001198
617,2304,0.000000960
618,2304,0.000001236
619,2304,0.000000969
620,2304,0.000001567
621,2304,0.000000982
622,2304,0.000001184
623,2304,0.000000974
624,2304,0.000001039
625,2304,0.000001199
626,2304,0.000000990
627,2304,0.000001965
628,2304,0.000001023
629,2304,0.000001192
630,2304,0.000000976
631,2304,0.000001174
632,2304,0.000001248
633,2304,0.000000979
634,2304,0.000001184
635,2304,0.000000975
636,2304,0.000001176
637,2304,0.000000998
638,2304,0.000001176
639,2304,0.000001000
640,2304,0.000001748
641,2304,0.000001265
642,2304,0.000000965
643,2304,0.000001431
644,2304,0.000000992
645,2304,0.000001185
646,2304,0.000000974
647,2304,0.000001208
648,2304,0.000001181
649,2304,0.000000985
650,2304,0.000001239
651,2304,0.000001000
652,2304,0.000001217
653,2304,0.000001776
654,2304,0.000001196
655,2304,0.000000988
656,2304,0.000001039
657,2304,0.000001194
658,2304,0.000000971
659,2304,0.000001190
660,2304,0.000000989
661,2304,0.000001266
662,2304,0.000000978
663,2304,0.000001183
664,2304,0.000001188
665,2304,0.000000974
666,2304,0.000001909
667,2304,0.000000988
668,2304,0.000001254
669,2304,0.000000975
670,2304,0.000001250
671,2304,0.000001099
672,2304,0.000001052
673,2304,0.000001205
674,2304,0.000000967
675,2304,0.000001244
676,2304,0.000001002
677,2304,0.000001179
678,2304,0.000000988
679,2304,0.000001189
680,2304,0.000002003
681,2304,0.000000984
682,2304,0.000001305
683,2304,0.000000965
684,2304,0.000001200
685,2304,0.000000983
686,2304,0.000001187
687,2304,0.000000972
688,2304,0.000001082
689,2304,0.000001597
690,2304,0.000000967
691,2304,0.000001199
692,2304,0.000001673
693,2304,0.000001277
694,2304,0.000000992
695,2304,0.000001303
696,2304,0.000001199
697,2304,0.000000961
698,2304,0.000001220
699,2304,0.000000962
700,2304,0.000001178
701,2304,0.000000973
702,2304,0.000001186
703,2304,0.000000967
704,2304,0.000000992
705,2304,0.000001238
706,2304,0.000001691
707,2304,0.000001225
708,2304,0.000001005
709,2304,0.000001191
710,2304,0.000000990
711,2304,0.000001266
712,2304,0.000001301
713,2304,0.000000961
714,2304,0.000001256
715,2304,0.000000957
716,2304,0.000001237
717,2304,0.000000981
718,2304,0.000001218
719,2304,0.000001696
720,2304,0.000001064
721,2304,0.000001552
722,2304,0.000000992
723,2304,0.000001215
724,2304,0.000000997
725,2304,0.000001188
726,2304,0.000000983
727,2304,0.000001162
728,2304,0.000001214
729,2304,0.000000968
730,2304,0.000001254
731,2304,0.000000983
732,2304,0.000001906
733,2304,0.000001010
734,2304,0.000001201
735,2304,0.000000975
736,2304,0.000001056
737,2304,0.000001197
738,2304,0.000000988
739,2304,0.000001299
740,2304,0.000001000
741,2304,0.000001314
742,2304,0.000000984
743,2304,0.000001179
744,2304,0.000001297
745,2304,0.000001677
746,2304,0.000001210
747,2304,0.000000971
748,2304,0.000001239
749,2304,0.000000980
750,2304,0.000001239
751,2304,0.000000969
752,2304,0.000000973
753,2304,0.000001176
754,2304,0.000000966
755,2304,0.000001235
756,2304,0.000001001
757,2304,0.000001228
758,2304,0.000001677
759,2304,0.000001208
760,2304,0.000001181
761,2304,0.000000970
762,2304,0.000001439
763,2304,0.000000998
764,2304,0.000001213
765,2304,0.000000983
766,2304,0.000001233
767,2304,0.000000970
768,2304,0.000001027
769,2304,0.000001201
770,2304,0.000000973
771,2304,0.000001225
772,2304,0.000001002
773,2304,0.000001189
774,2304,0.000000988
775,2304,0.000001159
776,2304,0.000001203
777,2304,0.000000986
778,2304,0.000001931
779,2304,0.000000998
780,2304,0.000001267
781,2304,0.000000978
782,2304,0.000001237
783,2304,0.000000973
784,2304,0.000001051
785,2304,0.000001205
786,2304,0.000000984
787,2304,0.000001239
788,2304,0.000001002
789,2304,0.000001181
790,2304,0.000000996
791,2304,0.000001211
792,2304,0.000001929
793,2304,0.000000995
794,2304,0.000001263
795,2304,0.000000958
796,2304,0.000001232
797,2304,0.000000981
798,2304,0.000001232
799,2304,0.000000979
800,2304,0.000000971
801,2304,0.000001162
802,2304,0.000000969
803,2304,0.000001190
804,2304,0.000001001
805,2304,0.000001898
806,2304,0.000000994
807,2304,0.000001256
808,2304,0.000001213
809,2304,0.000000984
810,2304,0.000001496
811,2304,0.000000996
812,2304,0.000001189
813,2304,0.000000989
814,2304,0.000001167
815,2304,0.000000975
816,2304,0.000001040
817,2304,0.000001218
818,2304,0.000001681
819,2304,0.000001217
820,2304,0.000000999
821,2304,0.000001217
822,2304,0.000000978
823,2304,0.000001230
824,2304,0.000001234
825,2304,0.000000981
826,2304,0.000001187
827,2304,0.000000978
828,2304,0.000001278
829,2304,0.000000985
830,2304,0.000001196
831,2304,0.000001675
832,2304,0.000001042
833,2304,0.000001206
834,2304,0.000000970
835,2304,0.000001239
836,2304,0.000000989
837,2304,0.000001207
838,2304,0.000000980
839,2304,0.000001200
840,2304,0.000001305
841,2304,0.000000978
842,2304,0.000001187
843,2304,0.000000981
844,2304,0.000001242
845,2304,0.000001719
846,2304,0.000001245
847,2304,0.000000982
848,2304,0.000001016
849,2304,0.000001204
850,2304,0.000000973
851,2304,0.000001263
852,2304,0.000000993
853,2304,0.000001234
854,2304,0.000000995
855,2304,0.000001339
856,2304,0.000001249
857,2304,0.000000988
858,2304,0.000001966
859,2304,0.000001145
860,2304,0.000001387
861,2304,0.000000976
862,2304,0.000001262
863,2304,0.000000974
864,2304,0.000001024
865,2304,0.000001262
866,2304,0.000000966
867,2304,0.000001187
868,2304,0.000001002
869,2304,0.000001203
870,2304,0.000001003
871,2304,0.000001893
872,2304,0.000001230
873,2304,0.000000988
874,2304,0.000001254
875,2304,0.000000985
876,2304,0.000001245
877,2304,0.000000989
878,2304,0.000001189
879,2304,0.000000988
880,2304,0.000001034
881,2304,0.000001223
882,2304,0.000000968
883,2304,0.000001220
884,2304,0.000002071
885,2304,0.000001222
886,2304,0.000000978
887,2304,0.000001203
888,2304,0.000004240
889,2304,0.000001065
890,2304,0.000004912
891,2304,0.000001889
892,2304,0.000002511
893,2304,0.000001015
894,2304,0.000002323
895,2304,0.000001021
896,2304,0.000002061
897,2304,0.000002350
898,2304,0.000001001
899,2304,0.000002302
900,2304,0.000001788
901,2304,0.000003808
902,2304,0.000001175
903,2304,0.000002481
904,2304,0.000002394
905,2304,0.000001009
906,2304,0.000002392
907,2304,0.000001831
908,2304,0.000002460
909,2304,0.000001020
910,2304,0.000003177
911,2304,0.000001032
912,2304,0.000002198
913,2304,0.000002371
914,2304,0.000001056
915,2304,0.000003195
916,2304,0.000001068
917,2304,0.000002361
918,2304,0.000001033
919,2304,0.000002236
920,2304,0.000002317
921,2304,0.000001004
922,2304,0.000002346
923,2304,0.000001788
924,2304,0.000002406
925,2304,0.000001034
926,2304,0.000002336
927,2304,0.000001022
928,2304,0.000002445
929,2304,0.000002360
930,2304,0.000000997
931,2304,0.000002300
932,2304,0.000001782
933,2304,0.000002496
934,2304,0.000001069
935,2304,0.000002412
936,2304,0.000002421
937,2304,0.000000993
938,2304,0.000002348
939,2304,0.000001800
940,2304,0.000002450
941,2304,0.000001007
942,2304,0.000002335
943,2304,0.000001003
944,2304,0.000002044
945,2304,0.000004712
946,2304,0.000001051
947,2304,0.000003203
948,2304,0.000001056
949,2304,0.000002315
950,2304,0.000001027
951,2304,0.000002422
952,2304,0.000002379
953,2304,0.000001008
954,2304,0.000002758
955,2304,0.000001964
956,2304,0.000002463
957,2304,0.000001027
958,2304,0.000002345
959,2304,0.000001013
960,2304,0.000002078
961,2304,0.000002356
962,2304,0.000001003
963,2304,0.000003486
964,2304,0.000001068
965,2304,0.000002530
966,2304,0.000001017
967,2304,0.000002295
968,2304,0.000002821
969,2304,0.000001005
970,2304,0.000003150
971,2304,0.000001831
972,2304,0.000002398
973,2304,0.000001025
974,2304,0.000002246
975,2304,0.000001007
976,2304,0.000002105
977,2304,0.000002337
978,2304,0.000001814
979,2304,0.000002394
980,2304,0.000001035
981,2304,0.000002338
982,2304,0.000001005
983,2304,0.000002282
984,2304,0.000002610
985,2304,0.000000998
986,2304,0.000002428
987,2304,0.000001816
988,2304,0.000002589
989,2304,0.000001018
990,2304,0.000002295
991,2304,0.000001004
992,2304,0.000002077
993,2304,0.000002365
994,2304,0.000001011
995,2304,0.000002431
996,2304,0.000001827
997,2304,0.000002478
998,2304,0.000001000
999,2304,0.000002326
0,2560,0.000003573
1,2560,0.000001325
2,2560,0.000001040
3,2560,0.000001258
4,2560,0.000001199
5,2560,0.000000967
6,2560,0.000001208
7,2560,0.000000983
8,2560,0.000000967
9,2560,0.000001165
10,2560,0.000001006
11,2560,0.000001177
12,2560,0.000001182
13,2560,0.000000972
14,2560,0.000001187
15,2560,0.000000981
16,2560,0.000001041
17,2560,0.000001204
18,2560,0.000001006
19,2560,0.000001212
20,2560,0.000001210
21,2560,0.000001004
22,2560,0.000001170
23,2560,0.000000992
24,2560,0.000001009
25,2560,0.000001215
26,2560,0.000001009
27,2560,0.000001180
28,2560,0.000001222
29,2560,0.000000974
30,2560,0.000001168
31,2560,0.000000993
32,2560,0.000001108
33,2560,0.000001413
34,2560,0.000001003
35,2560,0.000001256
36,2560,0.000001171
37,2560,0.000000970
38,2560,0.000001204
39,2560,0.000000998
40,2560,0.000001024
41,2560,0.000001186
42,2560,0.000001004
43,2560,0.000001190
44,2560,0.000001211
45,2560,0.000000988
46,2560,0.000001238
47,2560,0.000000981
48,2560,0.000000997
49,2560,0.000001196
50,2560,0.000001312
51,2560,0.000001201
52,2560,0.000001238
53,2560,0.000000970
54,2560,0.000001230
55,2560,0.000000989
56,2560,0.000001051
57,2560,0.000001288
58,2560,0.000001007
59,2560,0.000001182
60,2560,0.000001212
61,2560,0.000000981
62,2560,0.000001210
63,2560,0.000000990
64,2560,0.000001130
65,2560,0.000001242
66,2560,0.000001003
67,2560,0.000001233
68,2560,0.000001254
69,2560,0.000000972
70,2560,0.000001182
71,2560,0.000000985
72,2560,0.000001006
73,2560,0.000001192
74,2560,0.000001004
75,2560,0.000001179
76,2560,0.000001252
77,2560,0.000000975
78,2560,0.000001280
79,2560,0.000000988
80,2560,0.000001023
81,2560,0.000001249
82,2560,0.000001006
83,2560,0.000001184
84,2560,0.000001249
85,2560,0.000000977
86,2560,0.000001340
87,2560,0.000000993
88,2560,0.000001000
89,2560,0.000001486
90,2560,0.000001003
91,2560,0.000001183
92,2560,0.000001431
93,2560,0.000001001
94,2560,0.000001221
95,2560,0.000000985
96,2560,0.000000975
97,2560,0.000001169
98,2560,0.000001006
99,2560,0.000001196
100,2560,0.000001204
101,2560,0.000000970
102,2560,0.000001269
103,2560,0.000000990
104,2560,0.000001333
105,2560,0.000001207
106,2560,0.000001007
107,2560,0.000001241
108,2560,0.000001249
109,2560,0.000001017
110,2560,0.000001213
111,2560,0.000000996
112,2560,0.000000978
113,2560,0.000001168
114,2560,0.000001007
115,2560,0.000001202
116,2560,0.000001200
117,2560,0.000000993
118,2560,0.000001243
119,2560,0.000000983
120,2560,0.000000967
121,2560,0.000001185
122,2560,0.000001000
123,2560,0.000001351
124,2560,0.000001249
125,2560,0.000000971
126,2560,0.000001291
127,2560,0.000000990
128,2560,0.000008930
129,2560,0.000001597
130,2560,0.000001008
131,2560,0.000001241
132,2560,0.000001181
133,2560,0.000000967
134,2560,0.000001248
135,2560,0.000000996
136,2560,0.000001051
137,2560,0.000001186
138,2560,0.000001003
139,2560,0.000001234
140,2560,0.000001194
141,2560,0.000000961
142,2560,0.000015835
143,2560,0.000001093
144,2560,0.000001047
145,2560,0.000001251
146,2560,0.000001019
147,2560,0.000001451
148,2560,0.000001209
149,2560,0.000001094
150,2560,0.000001278
151,2560,0.000001005
152,2560,0.000001009
153,2560,0.000001246
154,2560,0.000001023
155,2560,0.000001216
156,2560,0.000001258
157,2560,0.000001087
158,2560,0.000001193
159,2560,0.000001034
160,2560,0.000001056
161,2560,0.000001206
162,2560,0.000001017
163,2560,0.000001331
164,2560,0.000001258
165,2560,0.000000982
166,2560,0.000001302
167,2560,0.000001018
168,2560,0.000001028
169,2560,0.000001184
170,2560,0.000001026
171,2560,0.000001207
172,2560,0.000001498
173,2560,0.000000987
174,2560,0.000010705
175,2560,0.000002096
176,2560,0.000001428
177,2560,0.000001246
178,2560,0.000001040
179,2560,0.000001254
180,2560,0.000001186
181,2560,0.000000976
182,2560,0.000001201
183,2560,0.000000996
184,2560,0.000000999
185,2560,0.000001240
186,2560,0.000001023
187,2560,0.000001267
188,2560,0.000001270
189,2560,0.000001005
190,2560,0.000001263
191,2560,0.000000994
192,2560,0.000001003
193,2560,0.000001390
194,2560,0.000001016
195,2560,0.000001201
196,2560,0.000001217
197,2560,0.000000999
198,2560,0.000001279
199,2560,0.000000992
200,2560,0.000001102
201,2560,0.000001264
202,2560,0.000001017
203,2560,0.000002704
204,2560,0.000001297
205,2560,0.000001014
206,2560,0.000001216
207,2560,0.000001031
208,2560,0.000001015
209,2560,0.000001271
210,2560,0.000001015
211,2560,0.000001290
212,2560,0.000001241
213,2560,0.000001001
214,2560,0.000001254
215,2560,0.000001020
216,2560,0.000000996
217,2560,0.000002154
218,2560,0.000001109
219,2560,0.000001248
220,2560,0.000001237
221,2560,0.000000984
222,2560,0.000001289
223,2560,0.000001069
224,2560,0.000001220
225,2560,0.000001206
226,2560,0.000001030
227,2560,0.000001239
228,2560,0.000001230
229,2560,0.000001765
230,2560,0.000001574
231,2560,0.000001000
232,2560,0.000001067
233,2560,0.000001263
234,2560,0.000001028
235,2560,0.000001228
236,2560,0.000001240
237,2560,0.000000981
238,2560,0.000001498
239,2560,0.000001013
240,2560,0.000001054
241,2560,0.000001213
242,2560,0.000001032
243,2560,0.000002329
244,2560,0.000001301
245,2560,0.000000990
246,2560,0.000001240
247,2560,0.000001002
248,2560,0.000001007
249,2560,0.000001399
250,2560,0.000001034
251,2560,0.000001241
252,2560,0.000001230
253,2560,0.000001023
254,2560,0.000001468
255,2560,0.000000997
256,2560,0.000001079
257,2560,0.000001566
258,2560,0.000001025
259,2560,0.000001270
260,2560,0.000001483
261,2560,0.000000995
262,2560,0.000001225
263,2560,0.000000998
264,2560,0.000001067
265,2560,0.000001213
266,2560,0.000001029
267,2560,0.000001269
268,2560,0.000002397
269,2560,0.000001008
270,2560,0.000001227
271,2560,0.000001024
272,2560,0.000013837
273,2560,0.000001576
274,2560,0.000000991
275,2560,0.000001196
276,2560,0.000001191
277,2560,0.000000974
278,2560,0.000001165
279,2560,0.000000976
280,2560,0.000001769
281,2560,0.000001218
282,2560,0.000000992
283,2560,0.000001218
284,2560,0.000001238
285,2560,0.000000970
286,2560,0.000001196
287,2560,0.000000989
288,2560,0.000000957
289,2560,0.000001219
290,2560,0.000000984
291,2560,0.000001180
292,2560,0.000001163
293,2560,0.000001003
294,2560,0.000001949
295,2560,0.000001010
296,2560,0.000000968
297,2560,0.000001190
298,2560,0.000000985
299,2560,0.000001238
300,2560,0.000001202
301,2560,0.000001078
302,2560,0.000001185
303,2560,0.000000971
304,2560,0.000001035
305,2560,0.000001198
306,2560,0.000000987
307,2560,0.000002003
308,2560,0.000001293
309,2560,0.000000961
310,2560,0.000001182
311,2560,0.000000975
312,2560,0.000001044
313,2560,0.000001223
314,2560,0.000001293
315,2560,0.000001201
316,2560,0.000001210
317,2560,0.000000981
318,2560,0.000001193
319,2560,0.000000983
320,2560,0.000001779
321,2560,0.000001251
322,2560,0.000000989
323,2560,0.000001187
324,2560,0.000001215
325,2560,0.000000962
326,2560,0.000001161
327,2560,0.000000982
328,2560,0.000001031
329,2560,0.000001205
330,2560,0.000000989
331,2560,0.000001211
332,2560,0.000001194
333,2560,0.000001691
334,2560,0.000001221
335,2560,0.000000972
336,2560,0.000001005
337,2560,0.000001166
338,2560,0.000001014
339,2560,0.000001178
340,2560,0.000001238
341,2560,0.000000960
342,2560,0.000001393
343,2560,0.000000973
344,2560,0.000000993
345,2560,0.000001146
346,2560,0.000001004
347,2560,0.000002002
348,2560,0.000001336
349,2560,0.000000964
350,2560,0.000001162
351,2560,0.000000988
352,2560,0.000001010
353,2560,0.000001194
354,2560,0.000000988
355,2560,0.000001378
356,2560,0.000001283
357,2560,0.000000991
358,2560,0.000001464
359,2560,0.000001706
360,2560,0.000001063
361,2560,0.000001181
362,2560,0.000000991
363,2560,0.000001221
364,2560,0.000001500
365,2560,0.000000966
366,2560,0.000001270
367,2560,0.000000988
368,2560,0.000000961
369,2560,0.000001268
370,2560,0.000000986
371,2560,0.000001264
372,2560,0.000001932
373,2560,0.000001018
374,2560,0.000001213
375,2560,0.000000982
376,2560,0.000001004
377,2560,0.000001532
378,2560,0.000000999
379,2560,0.000001216
380,2560,0.000001193
381,2560,0.000000983
382,2560,0.000001266
383,2560,0.000000970
384,2560,0.000001005
385,2560,0.000001915
386,2560,0.000001019
387,2560,0.000001281
388,2560,0.000001203
389,2560,0.000000963
390,2560,0.000001380
391,2560,0.000000996
392,2560,0.000000982
393,2560,0.000001249
394,2560,0.000000981
395,2560,0.000001276
396,2560,0.000001236
397,2560,0.000001005
398,2560,0.000001870
399,2560,0.000000994
400,2560,0.000001030
401,2560,0.000001202
402,2560,0.000000996
403,2560,0.000001444
404,2560,0.000001165
405,2560,0.000000949
406,2560,0.000001552
407,2560,0.000000968
408,2560,0.000000977
409,2560,0.000001295
410,2560,0.000001013
411,2560,0.000001940
412,2560,0.000001576
413,2560,0.000000991
414,2560,0.000001183
415,2560,0.000000993
416,2560,0.000000957
417,2560,0.000001243
418,2560,0.000000981
419,2560,0.000001351
420,2560,0.000001207
421,2560,0.000000965
422,2560,0.000001206
423,2560,0.000000990
424,2560,0.000001750
425,2560,0.000001241
426,2560,0.000000983
427,2560,0.000001249
428,2560,0.000001187
429,2560,0.000000959
430,2560,0.000001227
431,2560,0.000000993
432,2560,0.000001010
433,2560,0.000001245
434,2560,0.000000987
435,2560,0.000001320
436,2560,0.000001208
437,2560,0.000001681
438,2560,0.000001262
439,2560,0.000000987
440,2560,0.000000946
441,2560,0.000001326
442,2560,0.000000984
443,2560,0.000001472
444,2560,0.000001173
445,2560,0.000000964
446,2560,0.000001193
447,2560,0.000001000
448,2560,0.000001019
449,2560,0.000001280
450,2560,0.000001681
451,2560,0.000001356
452,2560,0.000001215
453,2560,0.000000981
454,2560,0.000001164
455,2560,0.000000985
456,2560,0.000001235
457,2560,0.000001205
458,2560,0.000000985
459,2560,0.000001215
460,2560,0.000001231
461,2560,0.000000965
462,2560,0.000001230
463,2560,0.000001686
464,2560,0.000001018
465,2560,0.000001235
466,2560,0.000000992
467,2560,0.000001305
468,2560,0.000001203
469,2560,0.000000965
470,2560,0.000001225
471,2560,0.000000986
472,2560,0.000001085
473,2560,0.000001261
474,2560,0.000000989
475,2560,0.000001251
476,2560,0.000001976
477,2560,0.000001022
478,2560,0.000001249
479,2560,0.000000967
480,2560,0.000001020
481,2560,0.000001234
482,2560,0.000001001
483,2560,0.000001184
484,2560,0.000001299
485,2560,0.000000949
486,2560,0.000001281
487,2560,0.000000968
488,2560,0.000001029
489,2560,0.000002045
490,2560,0.000001031
491,2560,0.000001189
492,2560,0.000001261
493,2560,0.000000971
494,2560,0.000001247
495,2560,0.000000999
496,2560,0.000000990
497,2560,0.000001264
498,2560,0.000000984
499,2560,0.000001202
500,2560,0.000001417
501,2560,0.000000982
502,2560,0.000001961
503,2560,0.000001009
504,2560,0.000001047
505,2560,0.000001252
506,2560,0.000000998
507,2560,0.000001193
508,2560,0.000001240
509,2560,0.000000956
510,2560,0.000001177
511,2560,0.000000983
512,2560,0.000001028
513,2560,0.000001368
514,2560,0.000001010
515,2560,0.000001912
516,2560,0.000001209
517,2560,0.000000964
518,2560,0.000001196
519,2560,0.000000988
520,2560,0.000001013
521,2560,0.000001182
522,2560,0.000000985
523,2560,0.000001249
524,2560,0.000001299
525,2560,0.000000976
526,2560,0.000001228
527,2560,0.000001023
528,2560,0.000001680
529,2560,0.000001290
530,2560,0.000000982
531,2560,0.000001246
532,2560,0.000001285
533,2560,0.000000976
534,2560,0.000001199
535,2560,0.000000989
536,2560,0.000001015
537,2560,0.000001290
538,2560,0.000000978
539,2560,0.000001298
540,2560,0.000001710
541,2560,0.000001706
542,2560,0.000001233
543,2560,0.000000987
544,2560,0.000001062
545,2560,0.000001287
546,2560,0.000000985
547,2560,0.000001263
548,2560,0.000001190
549,2560,0.000000994
550,2560,0.000001246
551,2560,0.000000990
552,2560,0.000000977
553,2560,0.000001198
554,2560,0.000001667
555,2560,0.000001236
556,2560,0.000001480
557,2560,0.000000990
558,2560,0.000001243
559,2560,0.000001007
560,2560,0.000000978
561,2560,0.000001198
562,2560,0.000001010
563,2560,0.000001216
564,2560,0.000001232
565,2560,0.000000966
566,2560,0.000001231
567,2560,0.000001671
568,2560,0.000000994
569,2560,0.000001252
570,2560,0.000000992
571,2560,0.000001199
572,2560,0.000001184
573,2560,0.000000981
574,2560,0.000001327
575,2560,0.000000979
576,2560,0.000001046
577,2560,0.000001187
578,2560,0.000001167
579,2560,0.000001243
580,2560,0.000002182
581,2560,0.000001031
582,2560,0.000001321
583,2560,0.000000969
584,2560,0.000000991
585,2560,0.000001411
586,2560,0.000000997
587,2560,0.000001239
588,2560,0.000001259
589,2560,0.000000965
590,2560,0.000001388
591,2560,0.000000976
592,2560,0.000000994
593,2560,0.000001944
594,2560,0.000001018
595,2560,0.000001242
596,2560,0.000001415
597,2560,0.000000966
598,2560,0.000001250
599,2560,0.000000986
600,2560,0.000000963
601,2560,0.000001264
602,2560,0.000000983
603,2560,0.000001226
604,2560,0.000001832
605,2560,0.000001685
606,2560,0.000001231
607,2560,0.000000999
608,2560,0.000001018
609,2560,0.000001214
610,2560,0.000000988
611,2560,0.000001246
612,2560,0.000001242
613,2560,0.000000992
614,2560,0.000001284
615,2560,0.000000980
616,2560,0.000001048
617,2560,0.000001205
618,2560,0.000001936
619,2560,0.000001267
620,2560,0.000001255
621,2560,0.000000974
622,2560,0.000001246
623,2560,0.000000993
624,2560,0.000001054
625,2560,0.000001243
626,2560,0.000000995
627,2560,0.000001192
628,2560,0.000001254
629,2560,0.000000977
630,2560,0.000001193
631,2560,0.000001696
632,2560,0.000001016
633,2560,0.000001191
634,2560,0.000000988
635,2560,0.000001250
636,2560,0.000001227
637,2560,0.000000972
638,2560,0.000001190
639,2560,0.000000987
640,2560,0.000001065
641,2560,0.000001292
642,2560,0.000000988
643,2560,0.000001297
644,2560,0.000002110
645,2560,0.000001014
646,2560,0.000001164
647,2560,0.000000974
648,2560,0.000001033
649,2560,0.000001222
650,2560,0.000001000
651,2560,0.000001237
652,2560,0.000001485
653,2560,0.000000979
654,2560,0.000001220
655,2560,0.000000989
656,2560,0.000001100
657,2560,0.000002010
658,2560,0.000001353
659,2560,0.000001262
660,2560,0.000001237
661,2560,0.000000968
662,2560,0.000001247
663,2560,0.000000982
664,2560,0.000001057
665,2560,0.000001290
666,2560,0.000000988
667,2560,0.000001248
668,2560,0.000001203
669,2560,0.000001900
670,2560,0.000001269
671,2560,0.000000988
672,2560,0.000001065
673,2560,0.000001227
674,2560,0.000000993
675,2560,0.000001236
676,2560,0.000001201
677,2560,0.000000965
678,2560,0.000001189
679,2560,0.000000984
680,2560,0.000000968
681,2560,0.000001198
682,2560,0.000001672
683,2560,0.000001288
684,2560,0.000001205
685,2560,0.000000963
686,2560,0.000001226
687,2560,0.000000993
688,2560,0.000000990
689,2560,0.000001183
690,2560,0.000000985
691,2560,0.000001246
692,2560,0.000001242
693,2560,0.000000973
694,2560,0.000001316
695,2560,0.000001689
696,2560,0.000000997
697,2560,0.000001235
698,2560,0.000000990
699,2560,0.000001193
700,2560,0.000001641
701,2560,0.000000975
702,2560,0.000001240
703,2560,0.000000987
704,2560,0.000001051
705,2560,0.000001298
706,2560,0.000000992
707,2560,0.000001268
708,2560,0.000001989
709,2560,0.000001010
710,2560,0.000001278
711,2560,0.000000990
712,2560,0.000001046
713,2560,0.000001176
714,2560,0.000001000
715,2560,0.000001236
716,2560,0.000001203
717,2560,0.000000950
718,2560,0.000001267
719,2560,0.000000973
720,2560,0.000001023
721,2560,0.000001961
722,2560,0.000001020
723,2560,0.000001204
724,2560,0.000001397
725,2560,0.000000965
726,2560,0.000001262
727,2560,0.000000987
728,2560,0.000001005
729,2560,0.000001206
730,2560,0.000000993
731,2560,0.000001198
732,2560,0.000001187
733,2560,0.000000966
734,2560,0.000001240
735,2560,0.000001702
736,2560,0.000001029
737,2560,0.000001289
738,2560,0.000000989
739,2560,0.000001178
740,2560,0.000001186
741,2560,0.000000995
742,2560,0.000001352
743,2560,0.000001424
744,2560,0.000001569
745,2560,0.000001928
746,2560,0.000017214
747,2560,0.000001915
748,2560,0.000001988
749,2560,0.000001444
750,2560,0.000001715
751,2560,0.000001503
752,2560,0.000001525
753,2560,0.000001815
754,2560,0.000001469
755,2560,0.000003259
756,2560,0.000002212
757,2560,0.000001692
758,2560,0.000001804
759,2560,0.000001520
760,2560,0.000001704
761,2560,0.000001863
762,2560,0.000001578
763,2560,0.000003351
764,2560,0.000001413
765,2560,0.000001039
766,2560,0.000001411
767,2560,0.000001018
768,2560,0.000001067
769,2560,0.000001332
770,2560,0.000001030
771,2560,0.000001277
772,2560,0.000001247
773,2560,0.000000999
774,2560,0.000001436
775,2560,0.000014653
776,2560,0.000001208
777,2560,0.000001687
778,2560,0.000001016
779,2560,0.000001218
780,2560,0.000001201
781,2560,0.000000986
782,2560,0.000001361
783,2560,0.000000985
784,2560,0.000001004
785,2560,0.000001199
786,2560,0.000001019
787,2560,0.000002157
788,2560,0.000001291
789,2560,0.000000959
790,2560,0.000001239
791,2560,0.000000985
792,2560,0.000001104
793,2560,0.000001232
794,2560,0.000000998
795,2560,0.000001293
796,2560,0.000001257
797,2560,0.000000969
798,2560,0.000001252
799,2560,0.000000983
800,2560,0.000001881
801,2560,0.000001237
802,2560,0.000001012
803,2560,0.000001202
804,2560,0.000001490
805,2560,0.000000991
806,2560,0.000001208
807,2560,0.000000983
808,2560,0.000001024
809,2560,0.000001264
810,2560,0.000001002
811,2560,0.000001183
812,2560,0.000001772
813,2560,0.000001708
814,2560,0.000001300
815,2560,0.000000982
816,2560,0.000001044
817,2560,0.000001307
818,2560,0.000001004
819,2560,0.000001311
820,2560,0.000001298
821,2560,0.000000992
822,2560,0.000001257
823,2560,0.000000983
824,2560,0.000001085
825,2560,0.000001999
826,2560,0.000001029
827,2560,0.000001265
828,2560,0.000001281
829,2560,0.000000975
830,2560,0.000001245
831,2560,0.000001000
832,2560,0.000001105
833,2560,0.000001243
834,2560,0.000000982
835,2560,0.000001402
836,2560,0.000001244
837,2560,0.000000998
838,2560,0.000001976
839,2560,0.000001009
840,2560,0.000001040
841,2560,0.000001241
842,2560,0.000000994
843,2560,0.000001374
844,2560,0.000001260
845,2560,0.000000983
846,2560,0.000001209
847,2560,0.000000981
848,2560,0.000001040
849,2560,0.000001218
850,2560,0.000001013
851,2560,0.000001925
852,2560,0.000001263
853,2560,0.000000974
854,2560,0.000001184
855,2560,0.000000988
856,2560,0.000000978
857,2560,0.000001246
858,2560,0.000000986
859,2560,0.000001275
860,2560,0.000001258
861,2560,0.000000976
862,2560,0.000001185
863,2560,0.000001019
864,2560,0.000001768
865,2560,0.000001241
866,2560,0.000000984
867,2560,0.000001254
868,2560,0.000001254
869,2560,0.000000958
870,2560,0.000001222
871,2560,0.000000993
872,2560,0.000001126
873,2560,0.000001258
874,2560,0.000000984
875,2560,0.000001310
876,2560,0.000001404
877,2560,0.000001716
878,2560,0.000001215
879,2560,0.000000995
880,2560,0.000000995
881,2560,0.000001220
882,2560,0.000000986
883,2560,0.000001200
884,2560,0.000001366
885,2560,0.000000995
886,2560,0.000001244
887,2560,0.000000978
888,2560,0.000001021
889,2560,0.000001289
890,2560,0.000001683
891,2560,0.000001724
892,2560,0.000001401
893,2560,0.000001101
894,2560,0.000001343
895,2560,0.000001092
896,2560,0.000001268
897,2560,0.000001403
898,2560,0.000001098
899,2560,0.000001571
900,2560,0.000004674
901,2560,0.000001960
902,2560,0.000002474
903,2560,0.000001047
904,2560,0.000010948
905,2560,0.000002739
906,2560,0.000001094
907,2560,0.000003437
908,2560,0.000002697
909,2560,0.000001057
910,2560,0.000002325
911,2560,0.000001027
912,2560,0.000002081
913,2560,0.000002423
914,2560,0.000001065
915,2560,0.000003155
916,2560,0.000002398
917,2560,0.000001018
918,2560,0.000002415
919,2560,0.000001017
920,2560,0.000002142
921,2560,0.000003027
922,2560,0.000001859
923,2560,0.000002384
924,2560,0.000002348
925,2560,0.000001028
926,2560,0.000002254
927,2560,0.000001032
928,2560,0.000003765
929,2560,0.000002721
930,2560,0.000001832
931,2560,0.000002456
932,2560,0.000002384
933,2560,0.000001017
934,2560,0.000002293
935,2560,0.000001024
936,2560,0.000002046
937,2560,0.000002350
938,2560,0.000001810
939,2560,0.000002491
940,2560,0.000002389
941,2560,0.000001020
942,2560,0.000004959
943,2560,0.000001030
944,2560,0.000003017
945,2560,0.000002431
946,2560,0.000001052
947,2560,0.000002313
948,2560,0.000002382
949,2560,0.000001018
950,2560,0.000002312
951,2560,0.000001026
952,2560,0.000003021
953,2560,0.000002368
954,2560,0.000001048
955,2560,0.000002315
956,2560,0.000002410
957,2560,0.000001019
958,2560,0.000002359
959,2560,0.000001025
960,2560,0.000002968
961,2560,0.000002385
962,2560,0.000001055
963,2560,0.000002308
964,2560,0.000002458
965,2560,0.000001016
966,2560,0.000002311
967,2560,0.000001022
968,2560,0.000002874
969,2560,0.000002401
970,2560,0.000001054
971,2560,0.000002389
972,2560,0.000002478
973,2560,0.000001015
974,2560,0.000002331
975,2560,0.000001015
976,2560,0.000002830
977,2560,0.000002384
978,2560,0.000001044
979,2560,0.000002333
980,2560,0.000002423
981,2560,0.000001093
982,2560,0.000002325
983,2560,0.000001021
984,2560,0.000002120
985,2560,0.000003341
986,2560,0.000001069
987,2560,0.000002360
988,2560,0.000002391
989,2560,0.000001007
990,2560,0.000003116
991,2560,0.000001076
992,2560,0.000005260
993,2560,0.000002469
994,2560,0.000001043
995,2560,0.000002418
996,2560,0.000002462
997,2560,0.000001024
998,2560,0.000002302
999,2560,0.000001834
0,2816,0.000002830
1,2816,0.000001395
2,2816,0.000001277
3,2816,0.000000970
4,2816,0.000001173
5,2816,0.000001232
6,2816,0.000000959
7,2816,0.000001164
8,2816,0.000001156
9,2816,0.000000981
10,2816,0.000001232
11,2816,0.000001201
12,2816,0.000000999
13,2816,0.000001183
14,2816,0.000001218
15,2816,0.000001002
16,2816,0.000000971
17,2816,0.000001211
18,2816,0.000001238
19,2816,0.000000974
20,2816,0.000001175
21,2816,0.000001204
22,2816,0.000000959
23,2816,0.000001174
24,2816,0.000001206
25,2816,0.000000998
26,2816,0.000001189
27,2816,0.000001240
28,2816,0.000000997
29,2816,0.000001286
30,2816,0.000001233
31,2816,0.000001001
32,2816,0.000000979
33,2816,0.000001173
34,2816,0.000001497
35,2816,0.000001089
36,2816,0.000001202
37,2816,0.000001511
38,2816,0.000000961
39,2816,0.000001176
40,2816,0.000001183
41,2816,0.000000990
42,2816,0.000001328
43,2816,0.000001228
44,2816,0.000001024
45,2816,0.000001168
46,2816,0.000001286
47,2816,0.000001008
48,2816,0.000000960
49,2816,0.000001219
50,2816,0.000001259
51,2816,0.000000990
52,2816,0.000001295
53,2816,0.000001204
54,2816,0.000000960
55,2816,0.000001221
56,2816,0.000001195
57,2816,0.000000973
58,2816,0.000001201
59,2816,0.000001268
60,2816,0.000000997
61,2816,0.000001254
62,2816,0.000001235
63,2816,0.000001000
64,2816,0.000000990
65,2816,0.000001528
66,2816,0.000001216
67,2816,0.000000976
68,2816,0.000001169
69,2816,0.000001215
70,2816,0.000000971
71,2816,0.000001256
72,2816,0.000001212
73,2816,0.000001007
74,2816,0.000001176
75,2816,0.000001248
76,2816,0.000000994
77,2816,0.000001249
78,2816,0.000001217
79,2816,0.000001038
80,2816,0.000001008
81,2816,0.000001285
82,2816,0.000001202
83,2816,0.000000997
84,2816,0.000002222
85,2816,0.000001229
86,2816,0.000000974
87,2816,0.000001186
88,2816,0.000001192
89,2816,0.000000972
90,2816,0.000001197
91,2816,0.000001200
92,2816,0.000001006
93,2816,0.000001182
94,2816,0.000001472
95,2816,0.000000991
96,2816,0.000001816
97,2816,0.000001220
98,2816,0.000001215
99,2816,0.000000986
100,2816,0.000001228
101,2816,0.000001190
102,2816,0.000000958
103,2816,0.000001162
104,2816,0.000001181
105,2816,0.000000969
106,2816,0.000001180
107,2816,0.000001240
108,2816,0.000000998
109,2816,0.000001166
110,2816,0.000001924
111,2816,0.000001005
112,2816,0.000001036
113,2816,0.000001179
114,2816,0.000001253
115,2816,0.000000987
116,2816,0.000001192
117,2816,0.000001208
118,2816,0.000000971
119,2816,0.000001258
120,2816,0.000001215
121,2816,0.000000972
122,2816,0.000001231
123,2816,0.000001974
124,2816,0.000001035
125,2816,0.000001163
126,2816,0.000001223
127,2816,0.000001135
128,2816,0.000001034
129,2816,0.000001452
130,2816,0.000001218
131,2816,0.000000980
132,2816,0.000001197
133,2816,0.000001194
134,2816,0.000001199
135,2816,0.000002057
136,2816,0.000001244
137,2816,0.000000958
138,2816,0.000001198
139,2816,0.000001245
140,2816,0.000001013
141,2816,0.000001197
142,2816,0.000001186
143,2816,0.000000988
144,2816,0.000000980
145,2816,0.000001173
146,2816,0.000001176
147,2816,0.000000960
148,2816,0.000001915
149,2816,0.000001270
150,2816,0.000000974
151,2816,0.000001290
152,2816,0.000001199
153,2816,0.000000974
154,2816,0.000001167
155,2816,0.000001231
156,2816,0.000000991
157,2816,0.000001182
158,2816,0.000001171
159,2816,0.000000991
160,2816,0.000000971
161,2816,0.000001883
162,2816,0.000001271
163,2816,0.000000962
164,2816,0.000001160
165,2816,0.000001242
166,2816,0.000000972
167,2816,0.000001183
168,2816,0.000001203
169,2816,0.000000991
170,2816,0.000001241
171,2816,0.000001225
172,2816,0.000001002
173,2816,0.000001280
174,2816,0.000001928
175,2816,0.000001016
176,2816,0.000001039
177,2816,0.000001183
178,2816,0.000001198
179,2816,0.000000977
180,2816,0.000001222
181,2816,0.000001243
182,2816,0.000000974
183,2816,0.000001225
184,2816,0.000001189
185,2816,0.000000970
186,2816,0.000001234
187,2816,0.000001920
188,2816,0.000001188
189,2816,0.000001210
190,2816,0.000001251
191,2816,0.000000988
192,2816,0.000000975
193,2816,0.000001219
194,2816,0.000001200
195,2816,0.000000961
196,2816,0.000001171
197,2816,0.000001185
198,2816,0.000000965
199,2816,0.000001178
200,2816,0.000001919
201,2816,0.000000988
202,2816,0.000001233
203,2816,0.000001253
204,2816,0.000000990
205,2816,0.000001159
206,2816,0.000001166
207,2816,0.000000985
208,2816,0.000000980
209,2816,0.000001197
210,2816,0.000001205
211,2816,0.000000970
212,2816,0.000001224
213,2816,0.000001910
214,2816,0.000000996
215,2816,0.000001162
216,2816,0.000001196
217,2816,0.000000979
218,2816,0.000001200
219,2816,0.000001187
220,2816,0.000001004
221,2816,0.000001211
222,2816,0.000001163
223,2816,0.000000976
224,2816,0.000000978
225,2816,0.000001170
226,2816,0.000001963
227,2816,0.000000999
228,2816,0.000001191
229,2816,0.000001192
230,2816,0.000000986
231,2816,0.000001174
232,2816,0.000001287
233,2816,0.000000969
234,2816,0.000001259
235,2816,0.000001177
236,2816,0.000000989
237,2816,0.000001583
238,2816,0.000001894
239,2816,0.000001008
240,2816,0.000001025
241,2816,0.000001184
242,2816,0.000001200
243,2816,0.000000980
244,2816,0.000001209
245,2816,0.000001209
246,2816,0.000000961
247,2816,0.000001188
248,2816,0.000001240
249,2816,0.000000974
250,2816,0.000001188
251,2816,0.000001909
252,2816,0.000001020
253,2816,0.000001157
254,2816,0.000001170
255,2816,0.000000969
256,2816,0.000001153
257,2816,0.000001168
258,2816,0.000001229
259,2816,0.000000959
260,2816,0.000001194
261,2816,0.000001249
262,2816,0.000000985
263,2816,0.000001222
264,2816,0.000001927
265,2816,0.000000986
266,2816,0.000001151
267,2816,0.000001404
268,2816,0.000000997
269,2816,0.000001168
270,2816,0.000001178
271,2816,0.000000997
272,2816,0.000001335
273,2816,0.000001202
274,2816,0.000001308
275,2816,0.000000968
276,2816,0.000001276
277,2816,0.000001938
278,2816,0.000001002
279,2816,0.000001163
280,2816,0.000001188
281,2816,0.000000954
282,2816,0.000001188
283,2816,0.000001217
284,2816,0.000001000
285,2816,0.000001223
286,2816,0.000001315
287,2816,0.000000985
288,2816,0.000001015
289,2816,0.000001194
290,2816,0.000001984
291,2816,0.000000991
292,2816,0.000001188
293,2816,0.000001197
294,2816,0.000000954
295,2816,0.000001230
296,2816,0.000001176
297,2816,0.000000980
298,2816,0.000001190
299,2816,0.000001449
300,2816,0.000001007
301,2816,0.000001192
302,2816,0.000001911
303,2816,0.000001019
304,2816,0.000000955
305,2816,0.000001486
306,2816,0.000001196
307,2816,0.000000988
308,2816,0.000001162
309,2816,0.000001301
310,2816,0.000001028
311,2816,0.000001227
312,2816,0.000001179
313,2816,0.000000970
314,2816,0.000001178
315,2816,0.000001927
316,2816,0.000001026
317,2816,0.000001158
318,2816,0.000001181
319,2816,0.000000977
320,2816,0.000000977
321,2816,0.000001168
322,2816,0.000001240
323,2816,0.000000963
324,2816,0.000001279
325,2816,0.000001195
326,2816,0.000000970
327,2816,0.000001245
328,2816,0.000001925
329,2816,0.000001000
330,2816,0.000001221
331,2816,0.000001280
332,2816,0.000000991
333,2816,0.000001258
334,2816,0.000001151
335,2816,0.000000987
336,2816,0.000001026
337,2816,0.000001240
338,2816,0.000001195
339,2816,0.000001225
340,2816,0.000001230
341,2816,0.000001930
342,2816,0.000000996
343,2816,0.000001209
344,2816,0.000001200
345,2816,0.000000964
346,2816,0.000001194
347,2816,0.000001186
348,2816,0.000001005
349,2816,0.000001159
350,2816,0.000001538
351,2816,0.000000986
352,2816,0.000001226
353,2816,0.000001896
354,2816,0.000001571
355,2816,0.000001456
356,2816,0.000001728
357,2816,0.000001816
358,2816,0.000001483
359,2816,0.000016734
360,2816,0.000001879
361,2816,0.000001844
362,2816,0.000003255
363,2816,0.000001937
364,2816,0.000002158
365,2816,0.000001364
366,2816,0.000001589
367,2816,0.000001549
368,2816,0.000001565
369,2816,0.000001965
370,2816,0.000002300
371,2816,0.000001736
372,2816,0.000001849
373,2816,0.000001283
374,2816,0.000001008
375,2816,0.000001408
376,2816,0.000002259
377,2816,0.000001161
378,2816,0.000001225
379,2816,0.000001259
380,2816,0.000013813
381,2816,0.000001626
382,2816,0.000001242
383,2816,0.000000974
384,2816,0.000001023
385,2816,0.000001178
386,2816,0.000001279
387,2816,0.000001101
388,2816,0.000002040
389,2816,0.000001269
390,2816,0.000000984
391,2816,0.000001251
392,2816,0.000001242
393,2816,0.000000973
394,2816,0.000001203
395,2816,0.000001624
396,2816,0.000001060
397,2816,0.000001188
398,2816,0.000001488
399,2816,0.000000991
400,2816,0.000001747
401,2816,0.000001282
402,2816,0.000001210
403,2816,0.000000960
404,2816,0.000001178
405,2816,0.000001191
406,2816,0.000000984
407,2816,0.000001223
408,2816,0.000001202
409,2816,0.000000956
410,2816,0.000001256
411,2816,0.000001225
412,2816,0.000001009
413,2816,0.000001905
414,2816,0.000001199
415,2816,0.000000994
416,2816,0.000000991
417,2816,0.000001278
418,2816,0.000001181
419,2816,0.000000982
420,2816,0.000001231
421,2816,0.000001252
422,2816,0.000000963
423,2816,0.000001238
424,2816,0.000001231
425,2816,0.000000990
426,2816,0.000001909
427,2816,0.000001260
428,2816,0.000001004
429,2816,0.000001286
430,2816,0.000001258
431,2816,0.000000976
432,2816,0.000001026
433,2816,0.000001227
434,2816,0.000001268
435,2816,0.000000958
436,2816,0.000001258
437,2816,0.000001250
438,2816,0.000000996
439,2816,0.000001889
440,2816,0.000001280
441,2816,0.000000975
442,2816,0.000001233
443,2816,0.000001165
444,2816,0.000000995
445,2816,0.000001232
446,2816,0.000001201
447,2816,0.000008906
448,2816,0.000001268
449,2816,0.000001237
450,2816,0.000001224
451,2816,0.000000974
452,2816,0.000001258
453,2816,0.000001197
454,2816,0.000000975
455,2816,0.000001224
456,2816,0.000001240
457,2816,0.000000964
458,2816,0.000001229
459,2816,0.000001269
460,2816,0.000002074
461,2816,0.000001557
462,2816,0.000001197
463,2816,0.000000994
464,2816,0.000001065
465,2816,0.000001196
466,2816,0.000001215
467,2816,0.000000978
468,2816,0.000001171
469,2816,0.000001205
470,2816,0.000000966
471,2816,0.000001178
472,2816,0.000001245
473,2816,0.000001748
474,2816,0.000001195
475,2816,0.000001249
476,2816,0.000001011
477,2816,0.000001216
478,2816,0.000001245
479,2816,0.000000985
480,2816,0.000000971
481,2816,0.000001241
482,2816,0.000001560
483,2816,0.000000966
484,2816,0.000001197
485,2816,0.000001217
486,2816,0.000001735
487,2816,0.000001263
488,2816,0.000001304
489,2816,0.000001001
490,2816,0.000001258
491,2816,0.000001567
492,2816,0.000000992
493,2816,0.000001189
494,2816,0.000001602
495,2816,0.000000992
496,2816,0.000001094
497,2816,0.000001200
498,2816,0.000001942
499,2816,0.000000999
500,2816,0.000001330
501,2816,0.000001202
502,2816,0.000000966
503,2816,0.000001188
504,2816,0.000001194
505,2816,0.000000978
506,2816,0.000001245
507,2816,0.000001266
508,2816,0.000001002
509,2816,0.000001228
510,2816,0.000001201
511,2816,0.000001718
512,2816,0.000001049
513,2816,0.000001233
514,2816,0.000001207
515,2816,0.000000970
516,2816,0.000001172
517,2816,0.000001255
518,2816,0.000000989
519,2816,0.000001161
520,2816,0.000001262
521,2816,0.000000971
522,2816,0.000001179
523,2816,0.000001191
524,2816,0.000001721
525,2816,0.000001214
526,2816,0.000001225
527,2816,0.000000995
528,2816,0.000000985
529,2816,0.000001355
530,2816,0.000001205
531,2816,0.000000979
532,2816,0.000001242
533,2816,0.000001225
534,2816,0.000000964
535,2816,0.000001247
536,2816,0.000001383
537,2816,0.000001709
538,2816,0.000001706
539,2816,0.000001427
540,2816,0.000001144
541,2816,0.000001360
542,2816,0.000001309
543,2816,0.000001099
544,2816,0.000001204
545,2816,0.000001292
546,2816,0.000001328
547,2816,0.000001074
548,2816,0.000002069
549,2816,0.000001306
550,2816,0.000000984
551,2816,0.000001194
552,2816,0.000001208
553,2816,0.000000986
554,2816,0.000001159
555,2816,0.000001229
556,2816,0.000001002
557,2816,0.000001196
558,2816,0.000001239
559,2816,0.000000991
560,2816,0.000001031
561,2816,0.000001941
562,2816,0.000001281
563,2816,0.000000978
564,2816,0.000001356
565,2816,0.000001261
566,2816,0.000000965
567,2816,0.000001298
568,2816,0.000001300
569,2816,0.000000978
570,2816,0.000001197
571,2816,0.000001261
572,2816,0.000001005
573,2816,0.000001938
574,2816,0.000001204
575,2816,0.000000997
576,2816,0.000000974
577,2816,0.000001202
578,2816,0.000001249
579,2816,0.000000985
580,2816,0.000001191
581,2816,0.000001308
582,2816,0.000000968
583,2816,0.000001503
584,2816,0.000001251
585,2816,0.000000994
586,2816,0.000001975
587,2816,0.000001542
588,2816,0.000001008
589,2816,0.000001227
590,2816,0.000001582
591,2816,0.000000991
592,2816,0.000001047
593,2816,0.000001177
594,2816,0.000001257
595,2816,0.000000970
596,2816,0.000001240
597,2816,0.000001283
598,2816,0.000001721
599,2816,0.000001266
600,2816,0.000001300
601,2816,0.000000962
602,2816,0.000001239
603,2816,0.000001245
604,2816,0.000001009
605,2816,0.000001266
606,2816,0.000001203
607,2816,0.000000984
608,2816,0.000000994
609,2816,0.000001222
610,2816,0.000001262
611,2816,0.000001754
612,2816,0.000001317
613,2816,0.000001247
614,2816,0.000000974
615,2816,0.000001174
616,2816,0.000001199
617,2816,0.000000971
618,2816,0.000001177
619,2816,0.000001199
620,2816,0.000001013
621,2816,0.000001172
622,2816,0.000001308
623,2816,0.000001717
624,2816,0.000001145
625,2816,0.000001208
626,2816,0.000001246
627,2816,0.000000961
628,2816,0.000001242
629,2816,0.000001251
630,2816,0.000000978
631,2816,0.000001232
632,2816,0.000001391
633,2816,0.000000967
634,2816,0.000001166
635,2816,0.000001182
636,2816,0.000001723
637,2816,0.000001300
638,2816,0.000001180
639,2816,0.000000989
640,2816,0.000001005
641,2816,0.000001188
642,2816,0.000001220
643,2816,0.000000970
644,2816,0.000001455
645,2816,0.000001318
646,2816,0.000001001
647,2816,0.000001523
648,2816,0.000001202
649,2816,0.000001723
650,2816,0.000001220
651,2816,0.000001168
652,2816,0.000001010
653,2816,0.000001275
654,2816,0.000001231
655,2816,0.000000986
656,2816,0.000000980
657,2816,0.000001180
658,2816,0.000001217
659,2816,0.000000972
660,2816,0.000001253
661,2816,0.000001202
662,2816,0.000001715
663,2816,0.000001190
664,2816,0.000001419
665,2816,0.000000970
666,2816,0.000001195
667,2816,0.000001189
668,2816,0.000001014
669,2816,0.000001198
670,2816,0.000001249
671,2816,0.000001003
672,2816,0.000000996
673,2816,0.000001191
674,2816,0.000001953
675,2816,0.000000993
676,2816,0.000001189
677,2816,0.000001272
678,2816,0.000000978
679,2816,0.000001161
680,2816,0.000001191
681,2816,0.000000967
682,2816,0.000001165
683,2816,0.000001219
684,2816,0.000001011
685,2816,0.000001228
686,2816,0.000001204
687,2816,0.000001709
688,2816,0.000001043
689,2816,0.000001180
690,2816,0.000001190
691,2816,0.000000971
692,2816,0.000001209
693,2816,0.000001502
694,2816,0.000000998
695,2816,0.000001181
696,2816,0.000001195
697,2816,0.000000974
698,2816,0.000001223
699,2816,0.000001204
700,2816,0.000001701
701,2816,0.000001245
702,2816,0.000001223
703,2816,0.000000987
704,2816,0.000000999
705,2816,0.000001219
706,2816,0.000001328
707,2816,0.000000975
708,2816,0.000001191
709,2816,0.000001436
710,2816,0.000001006
711,2816,0.000001198
712,2816,0.000001242
713,2816,0.000001693
714,2816,0.000001231
715,2816,0.000001383
716,2816,0.000001013
717,2816,0.000001167
718,2816,0.000001192
719,2816,0.000000989
720,2816,0.000001000
721,2816,0.000001246
722,2816,0.000001291
723,2816,0.000000969
724,2816,0.000001275
725,2816,0.000001950
726,2816,0.000000993
727,2816,0.000001244
728,2816,0.000001198
729,2816,0.000000973
730,2816,0.000001199
731,2816,0.000001189
732,2816,0.000001003
733,2816,0.000001199
734,2816,0.000001180
735,2816,0.000000997
736,2816,0.000000975
737,2816,0.000001187
738,2816,0.000001990
739,2816,0.000001004
740,2816,0.000001258
741,2816,0.000001203
742,2816,0.000001004
743,2816,0.000001285
744,2816,0.000001206
745,2816,0.000000979
746,2816,0.000001412
747,2816,0.000001307
748,2816,0.000001013
749,2816,0.000001231
750,2816,0.000001220
751,2816,0.000001712
752,2816,0.000001064
753,2816,0.000001415
754,2816,0.000001226
755,2816,0.000001031
756,2816,0.000001249
757,2816,0.000001207
758,2816,0.000000977
759,2816,0.000001261
760,2816,0.000001196
761,2816,0.000000969
762,2816,0.000001212
763,2816,0.000002004
764,2816,0.000001030
765,2816,0.000001244
766,2816,0.000001247
767,2816,0.000000994
768,2816,0.000001003
769,2816,0.000001192
770,2816,0.000001270
771,2816,0.000000980
772,2816,0.000001214
773,2816,0.000001257
774,2816,0.000000979
775,2816,0.000001261
776,2816,0.000001935
777,2816,0.000001021
778,2816,0.000001180
779,2816,0.000001230
780,2816,0.000001014
781,2816,0.000001178
782,2816,0.000001245
783,2816,0.000000986
784,2816,0.000000993
785,2816,0.000001374
786,2816,0.000001213
787,2816,0.000000964
788,2816,0.000001220
789,2816,0.000001985
790,2816,0.000000993
791,2816,0.000001171
792,2816,0.000001334
793,2816,0.000000984
794,2816,0.000001223
795,2816,0.000001196
796,2816,0.000001006
797,2816,0.000001260
798,2816,0.000001187
799,2816,0.000001003
800,2816,0.000000995
801,2816,0.000001271
802,2816,0.000001937
803,2816,0.000000996
804,2816,0.000001191
805,2816,0.000001250
806,2816,0.000000978
807,2816,0.000001178
808,2816,0.000001297
809,2816,0.000000974
810,2816,0.000001258
811,2816,0.000001184
812,2816,0.000001008
813,2816,0.000001162
814,2816,0.000002076
815,2816,0.000001017
816,2816,0.000000985
817,2816,0.000001195
818,2816,0.000001207
819,2816,0.000000978
820,2816,0.000001189
821,2816,0.000001222
822,2816,0.000000981
823,2816,0.000001303
824,2816,0.000001198
825,2816,0.000000990
826,2816,0.000001200
827,2816,0.000001929
828,2816,0.000001029
829,2816,0.000001203
830,2816,0.000001188
831,2816,0.000000999
832,2816,0.000001031
833,2816,0.000001293
834,2816,0.000001216
835,2816,0.000000987
836,2816,0.000001274
837,2816,0.000001259
838,2816,0.000000969
839,2816,0.000001258
840,2816,0.000001917
841,2816,0.000000993
842,2816,0.000001172
843,2816,0.000001165
844,2816,0.000001013
845,2816,0.000001184
846,2816,0.000001202
847,2816,0.000000988
848,2816,0.000001006
849,2816,0.000001306
850,2816,0.000001189
851,2816,0.000000985
852,2816,0.000001514
853,2816,0.000001954
854,2816,0.000000986
855,2816,0.000001190
856,2816,0.000001208
857,2816,0.000000982
858,2816,0.000001288
859,2816,0.000001200
860,2816,0.000001006
861,2816,0.000001234
862,2816,0.000001243
863,2816,0.000000999
864,2816,0.000000988
865,2816,0.000001245
866,2816,0.000001984
867,2816,0.000001018
868,2816,0.000001208
869,2816,0.000001344
870,2816,0.000000985
871,2816,0.000001176
872,2816,0.000001199
873,2816,0.000000977
874,2816,0.000001209
875,2816,0.000001191
876,2816,0.000001016
877,2816,0.000001194
878,2816,0.000001957
879,2816,0.000001011
880,2816,0.000001012
881,2816,0.000001213
882,2816,0.000001289
883,2816,0.000000980
884,2816,0.000001191
885,2816,0.000001209
886,2816,0.000000976
887,2816,0.000001162
888,2816,0.000001199
889,2816,0.000000977
890,2816,0.000001189
891,2816,0.000002041
892,2816,0.000001031
893,2816,0.000001176
894,2816,0.000001232
895,2816,0.000000988
896,2816,0.000001042
897,2816,0.000001189
898,2816,0.000001224
899,2816,0.000000971
900,2816,0.000001187
901,2816,0.000001272
902,2816,0.000000984
903,2816,0.000001197
904,2816,0.000002100
905,2816,0.000001174
906,2816,0.000001912
907,2816,0.000001747
908,2816,0.000001489
909,2816,0.000005194
910,2816,0.000003430
911,2816,0.000002595
912,2816,0.000002860
913,2816,0.000002996
914,2816,0.000003177
915,2816,0.000001369
916,2816,0.000003565
917,2816,0.000004330
918,2816,0.000001700
919,2816,0.000003312
920,2816,0.000003285
921,2816,0.000003024
922,2816,0.000003842
923,2816,0.000004287
924,2816,0.000001058
925,2816,0.000002281
926,2816,0.000002387
927,2816,0.000002010
928,2816,0.000002216
929,2816,0.000002321
930,2816,0.000006072
931,2816,0.000001077
932,2816,0.000002312
933,2816,0.000003229
934,2816,0.000001036
935,2816,0.000002261
936,2816,0.000002385
937,2816,0.000001012
938,2816,0.000002282
939,2816,0.000004986
940,2816,0.000001853
941,2816,0.000002369
942,2816,0.000002401
943,2816,0.000001014
944,2816,0.000002141
945,2816,0.000002368
946,2816,0.000002432
947,2816,0.000001798
948,2816,0.000002427
949,2816,0.000003230
950,2816,0.000001051
951,2816,0.000002293
952,2816,0.000002359
953,2816,0.000001835
954,2816,0.000002392
955,2816,0.000002380
956,2816,0.000001058
957,2816,0.000002285
958,2816,0.000002357
959,2816,0.000001028
960,2816,0.000002037
961,2816,0.000002388
962,2816,0.000003267
963,2816,0.000001069
964,2816,0.000002359
965,2816,0.000002401
966,2816,0.000001019
967,2816,0.000002304
968,2816,0.000002518
969,2816,0.000001831
970,2816,0.000002559
971,2816,0.000002461
972,2816,0.000001046
973,2816,0.000002284
974,2816,0.000002446
975,2816,0.000001028
976,2816,0.000002047
977,2816,0.000003199
978,2816,0.000002435
979,2816,0.000001027
980,2816,0.000002300
981,2816,0.000002377
982,2816,0.000001008
983,2816,0.000002363
984,2816,0.000005530
985,2816,0.000001081
986,2816,0.000002370
987,2816,0.000002352
988,2816,0.000001037
989,2816,0.000002293
990,2816,0.000003225
991,2816,0.000001085
992,2816,0.000002039
993,2816,0.000002382
994,2816,0.000002325
995,2816,0.000001022
996,2816,0.000002267
997,2816,0.000002687
998,2816,0.000001838
999,2816,0.000002374
0,3072,0.000002968
1,3072,0.000001359
2,3072,0.000001266
3,3072,0.000001025
4,3072,0.000000997
5,3072,0.000001211
6,3072,0.000001190
7,3072,0.000001019
8,3072,0.000000992
9,3072,0.000001215
10,3072,0.000001210
11,3072,0.000001017
12,3072,0.000001006
13,3072,0.000001232
14,3072,0.000001209
15,3072,0.000001020
16,3072,0.000001024
17,3072,0.000001181
18,3072,0.000001197
19,3072,0.000001016
20,3072,0.000001013
21,3072,0.000001182
22,3072,0.000001201
23,3072,0.000001017
24,3072,0.000001011
25,3072,0.000001184
26,3072,0.000001263
27,3072,0.000001019
28,3072,0.000001111
29,3072,0.000001189
30,3072,0.000001195
31,3072,0.000001021
32,3072,0.000001325
33,3072,0.000001209
34,3072,0.000001176
35,3072,0.000001020
36,3072,0.000000999
37,3072,0.000001496
38,3072,0.000001261
39,3072,0.000001012
40,3072,0.000000988
41,3072,0.000001177
42,3072,0.000001184
43,3072,0.000001018
44,3072,0.000000982
45,3072,0.000001190
46,3072,0.000001232
47,3072,0.000001021
48,3072,0.000000993
49,3072,0.000001189
50,3072,0.000001198
51,3072,0.000001018
52,3072,0.000001010
53,3072,0.000001229
54,3072,0.000001308
55,3072,0.000001020
56,3072,0.000001065
57,3072,0.000001249
58,3072,0.000002171
59,3072,0.000001036
60,3072,0.000001102
61,3072,0.000001200
62,3072,0.000001213
63,3072,0.000001018
64,3072,0.000000996
65,3072,0.000001425
66,3072,0.000001221
67,3072,0.000001031
68,3072,0.000001366
69,3072,0.000001262
70,3072,0.000001229
71,3072,0.000001018
72,3072,0.000001050
73,3072,0.000001218
74,3072,0.000001287
75,3072,0.000001785
76,3072,0.000000999
77,3072,0.000001221
78,3072,0.000001200
79,3072,0.000001018
80,3072,0.000000995
81,3072,0.000001187
82,3072,0.000001205
83,3072,0.000001119
84,3072,0.000001022
85,3072,0.000001189
86,3072,0.000001212
87,3072,0.000001022
88,3072,0.000001019
89,3072,0.000001189
90,3072,0.000001227
91,3072,0.000001021
92,3072,0.000001044
93,3072,0.000001188
94,3072,0.000002170
95,3072,0.000001166
96,3072,0.000000984
97,3072,0.000001176
98,3072,0.000001261
99,3072,0.000001016
100,3072,0.000000988
101,3072,0.000001218
102,3072,0.000001210
103,3072,0.000001020
104,3072,0.000001005
105,3072,0.000001250
106,3072,0.000001191
107,3072,0.000001018
108,3072,0.000000987
109,3072,0.000001231
110,3072,0.000001219
111,3072,0.000001015
112,3072,0.000000993
113,3072,0.000001262
114,3072,0.000001950
115,3072,0.000001030
116,3072,0.000000990
117,3072,0.000001209
118,3072,0.000001253
119,3072,0.000001018
120,3072,0.000001009
121,3072,0.000001248
122,3072,0.000001198
123,3072,0.000001011
124,3072,0.000000979
125,3072,0.000001176
126,3072,0.000001191
127,3072,0.000001014
128,3072,0.000000990
129,3072,0.000001206
130,3072,0.000001217
131,3072,0.000001012
132,3072,0.000000984
133,3072,0.000001210
134,3072,0.000001172
135,3072,0.000001013
136,3072,0.000001018
137,3072,0.000001197
138,3072,0.000001190
139,3072,0.000001013
140,3072,0.000001038
141,3072,0.000001237
142,3072,0.000001216
143,3072,0.000001018
144,3072,0.000000994
145,3072,0.000001211
146,3072,0.000001193
147,3072,0.000001014
148,3072,0.000000978
149,3072,0.000001245
150,3072,0.000001188
151,3072,0.000001015
152,3072,0.000000994
153,3072,0.000001180
154,3072,0.000001208
155,3072,0.000001013
156,3072,0.000001072
157,3072,0.000001210
158,3072,0.000001199
159,3072,0.000001013
160,3072,0.000001006
161,3072,0.000001231
162,3072,0.000001211
163,3072,0.000001022
164,3072,0.000000984
165,3072,0.000001404
166,3072,0.000001177
167,3072,0.000001020
168,3072,0.000001066
169,3072,0.000001210
170,3072,0.000001236
171,3072,0.000001015
172,3072,0.000001025
173,3072,0.000001271
174,3072,0.000001253
175,3072,0.000001013
176,3072,0.000001027
177,3072,0.000001233
178,3072,0.000001207
179,3072,0.000001013
180,3072,0.000000978
181,3072,0.000001182
182,3072,0.000001196
183,3072,0.000001010
184,3072,0.000001005
185,3072,0.000001264
186,3072,0.000001210
187,3072,0.000001011
188,3072,0.000000975
189,3072,0.000001182
190,3072,0.000001192
191,3072,0.000001014
192,3072,0.000001007
193,3072,0.000001227
194,3072,0.000001207
195,3072,0.000001017
196,3072,0.000001030
197,3072,0.000001535
198,3072,0.000001215
199,3072,0.000001018
200,3072,0.000001011
201,3072,0.000001233
202,3072,0.000001205
203,3072,0.000001012
204,3072,0.000000978
205,3072,0.000001236
206,3072,0.000001192
207,3072,0.000001013
208,3072,0.000001171
209,3072,0.000001211
210,3072,0.000001190
211,3072,0.000001014
212,3072,0.000000985
213,3072,0.000001176
214,3072,0.000001396
215,3072,0.000001050
216,3072,0.000000982
217,3072,0.000001180
218,3072,0.000001186
219,3072,0.000001014
220,3072,0.000001076
221,3072,0.000001215
222,3072,0.000001201
223,3072,0.000001017
224,3072,0.000001212
225,3072,0.000001208
226,3072,0.000001205
227,3072,0.000001020
228,3072,0.000001041
229,3072,0.000001207
230,3072,0.000001205
231,3072,0.000001014
232,3072,0.000000979
233,3072,0.000001176
234,3072,0.000001170
235,3072,0.000001014
236,3072,0.000000983
237,3072,0.000001223
238,3072,0.000001195
239,3072,0.000001013
240,3072,0.000001044
241,3072,0.000001466
242,3072,0.000001177
243,3072,0.000001013
244,3072,0.000000983
245,3072,0.000001191
246,3072,0.000001214
247,3072,0.000001014
248,3072,0.000001001
249,3072,0.000001259
250,3072,0.000001199
251,3072,0.000001020
252,3072,0.000001012
253,3072,0.000001250
254,3072,0.000001202
255,3072,0.000001017
256,3072,0.000001059
257,3072,0.000001367
258,3072,0.000001200
259,3072,0.000001822
260,3072,0.000001063
261,3072,0.000001392
262,3072,0.000001219
263,3072,0.000001010
264,3072,0.000001007
265,3072,0.000001211
266,3072,0.000001324
267,3072,0.000001016
268,3072,0.000001009
269,3072,0.000001247
270,3072,0.000001252
271,3072,0.000001012
272,3072,0.000000991
273,3072,0.000001248
274,3072,0.000001215
275,3072,0.000001791
276,3072,0.000001310
277,3072,0.000001342
278,3072,0.000001428
279,3072,0.000001160
280,3072,0.000001127
281,3072,0.000001294
282,3072,0.000001305
283,3072,0.000001132
284,3072,0.000001088
285,3072,0.000001332
286,3072,0.000001389
287,3072,0.000001845
288,3072,0.000001034
289,3072,0.000001249
290,3072,0.000001224
291,3072,0.000001090
292,3072,0.000000998
293,3072,0.000001513
294,3072,0.000001205
295,3072,0.000001016
296,3072,0.000001029
297,3072,0.000001291
298,3072,0.000001220
299,3072,0.000001734
300,3072,0.000001066
301,3072,0.000001219
302,3072,0.000001306
303,3072,0.000001016
304,3072,0.000001415
305,3072,0.000001272
306,3072,0.000001181
307,3072,0.000001015
308,3072,0.000001043
309,3072,0.000001241
310,3072,0.000001212
311,3072,0.000001046
312,3072,0.000001754
313,3072,0.000001213
314,3072,0.000001236
315,3072,0.000001015
316,3072,0.000001012
317,3072,0.000001201
318,3072,0.000001264
319,3072,0.000001010
320,3072,0.000001334
321,3072,0.000001209
322,3072,0.000001320
323,3072,0.000001014
324,3072,0.000001740
325,3072,0.000001219
326,3072,0.000001216
327,3072,0.000001016
328,3072,0.000001036
329,3072,0.000001225
330,3072,0.000001239
331,3072,0.000001020
332,3072,0.000000979
333,3072,0.000001233
334,3072,0.000001249
335,3072,0.000001017
336,3072,0.000000982
337,3072,0.000001210
338,3072,0.000001977
339,3072,0.000001028
340,3072,0.000000993
341,3072,0.000001270
342,3072,0.000001176
343,3072,0.000001015
344,3072,0.000000994
345,3072,0.000001169
346,3072,0.000001197
347,3072,0.000001011
348,3072,0.000000988
349,3072,0.000001178
350,3072,0.000001205
351,3072,0.000001797
352,3072,0.000000995
353,3072,0.000001185
354,3072,0.000001198
355,3072,0.000001020
356,3072,0.000001049
357,3072,0.000001180
358,3072,0.000001206
359,3072,0.000001018
360,3072,0.000001124
361,3072,0.000001227
362,3072,0.000001591
363,3072,0.000001854
364,3072,0.000000989
365,3072,0.000001237
366,3072,0.000001184
367,3072,0.000001015
368,3072,0.000001242
369,3072,0.000001200
370,3072,0.000001191
371,3072,0.000001015
372,3072,0.000001024
373,3072,0.000001199
374,3072,0.000001204
375,3072,0.000001015
376,3072,0.000001810
377,3072,0.000001244
378,3072,0.000001206
379,3072,0.000001021
380,3072,0.000001008
381,3072,0.000001188
382,3072,0.000001207
383,3072,0.000001014
384,3072,0.000000981
385,3072,0.000001188
386,3072,0.000001297
387,3072,0.000001017
388,3072,0.000001051
389,3072,0.000001364
390,3072,0.000001978
391,3072,0.000001024
392,3072,0.000000992
393,3072,0.000001230
394,3072,0.000001257
395,3072,0.000001010
396,3072,0.000001046
397,3072,0.000001237
398,3072,0.000001217
399,3072,0.000001017
400,3072,0.000001041
401,3072,0.000001216
402,3072,0.000001983
403,3072,0.000001027
404,3072,0.000001178
405,3072,0.000001285
406,3072,0.000001263
407,3072,0.000001019
408,3072,0.000001062
409,3072,0.000001195
410,3072,0.000001202
411,3072,0.000001017
412,3072,0.000001015
413,3072,0.000001531
414,3072,0.000001319
415,3072,0.000001752
416,3072,0.000001060
417,3072,0.000001201
418,3072,0.000001279
419,3072,0.000001012
420,3072,0.000001139
421,3072,0.000001269
422,3072,0.000001427
423,3072,0.000001012
424,3072,0.000001014
425,3072,0.000001202
426,3072,0.000001297
427,3072,0.000001738
428,3072,0.000001018
429,3072,0.000001196
430,3072,0.000001194
431,3072,0.000001017
432,3072,0.000000980
433,3072,0.000001190
434,3072,0.000001239
435,3072,0.000001184
436,3072,0.000001045
437,3072,0.000001246
438,3072,0.000001197
439,3072,0.000001018
440,3072,0.000000993
441,3072,0.000002031
442,3072,0.000001338
443,3072,0.000001022
444,3072,0.000001002
445,3072,0.000001180
446,3072,0.000001280
447,3072,0.000001015
448,3072,0.000001084
449,3072,0.000001273
450,3072,0.000001259
451,3072,0.000001018
452,3072,0.000000997
453,3072,0.000002073
454,3072,0.000001322
455,3072,0.000001019
456,3072,0.000000999
457,3072,0.000001298
458,3072,0.000001261
459,3072,0.000001021
460,3072,0.000001038
461,3072,0.000001180
462,3072,0.000001198
463,3072,0.000001016
464,3072,0.000001120
465,3072,0.000001302
466,3072,0.000001964
467,3072,0.000001028
468,3072,0.000000992
469,3072,0.000001175
470,3072,0.000001253
471,3072,0.000001014
472,3072,0.000000990
473,3072,0.000001329
474,3072,0.000001257
475,3072,0.000001018
476,3072,0.000000974
477,3072,0.000001204
478,3072,0.000001207
479,3072,0.000001757
480,3072,0.000001029
481,3072,0.000001191
482,3072,0.000001240
483,3072,0.000001014
484,3072,0.000000997
485,3072,0.000001197
486,3072,0.000001205
487,3072,0.000001017
488,3072,0.000001051
489,3072,0.000001273
490,3072,0.000001200
491,3072,0.000001015
492,3072,0.000001771
493,3072,0.000001198
494,3072,0.000001203
495,3072,0.000001014
496,3072,0.000001009
497,3072,0.000001208
498,3072,0.000001234
499,3072,0.000001010
500,3072,0.000001009
501,3072,0.000001197
502,3072,0.000001198
503,3072,0.000001235
504,3072,0.000001342
505,3072,0.000001934
506,3072,0.000001273
507,3072,0.000001019
508,3072,0.000001027
509,3072,0.000001200
510,3072,0.000001245
511,3072,0.000001017
512,3072,0.000001033
513,3072,0.000001250
514,3072,0.000001198
515,3072,0.000001019
516,3072,0.000001065
517,3072,0.000001478
518,3072,0.000001957
519,3072,0.000001031
520,3072,0.000001083
521,3072,0.000001246
522,3072,0.000001202
523,3072,0.000001014
524,3072,0.000001031
525,3072,0.000001188
526,3072,0.000001218
527,3072,0.000001017
528,3072,0.000000977
529,3072,0.000001209
530,3072,0.000001216
531,3072,0.000001741
532,3072,0.000000997
533,3072,0.000001250
534,3072,0.000001221
535,3072,0.000001014
536,3072,0.000000989
537,3072,0.000001190
538,3072,0.000001193
539,3072,0.000001022
540,3072,0.000001036
541,3072,0.000001212
542,3072,0.000001305
543,3072,0.000001016
544,3072,0.000001779
545,3072,0.000001232
546,3072,0.000001250
547,3072,0.000001017
548,3072,0.000001045
549,3072,0.000001196
550,3072,0.000001212
551,3072,0.000001013
552,3072,0.000001293
553,3072,0.000001180
554,3072,0.000001274
555,3072,0.000001252
556,3072,0.000002132
557,3072,0.000001206
558,3072,0.000001178
559,3072,0.000001015
560,3072,0.000001052
561,3072,0.000001229
562,3072,0.000001196
563,3072,0.000001017
564,3072,0.000000989
565,3072,0.000001187
566,3072,0.000001246
567,3072,0.000001014
568,3072,0.000001050
569,3072,0.000001986
570,3072,0.000001201
571,3072,0.000001020
572,3072,0.000001082
573,3072,0.000001199
574,3072,0.000001241
575,3072,0.000001010
576,3072,0.000000987
577,3072,0.000001240
578,3072,0.000001234
579,3072,0.000001012
580,3072,0.000001070
581,3072,0.000001197
582,3072,0.000001946
583,3072,0.000001031
584,3072,0.000001030
585,3072,0.000001497
586,3072,0.000001204
587,3072,0.000001020
588,3072,0.000001065
589,3072,0.000001219
590,3072,0.000001199
591,3072,0.000001015
592,3072,0.000001034
593,3072,0.000001583
594,3072,0.000001227
595,3072,0.000001749
596,3072,0.000001000
597,3072,0.000001177
598,3072,0.000001242
599,3072,0.000001015
600,3072,0.000001037
601,3072,0.000001173
602,3072,0.000001186
603,3072,0.000001017
604,3072,0.000000983
605,3072,0.000001201
606,3072,0.000001205
607,3072,0.000001050
608,3072,0.000001755
609,3072,0.000001185
610,3072,0.000001202
611,3072,0.000001016
612,3072,0.000001021
613,3072,0.000001236
614,3072,0.000001204
615,3072,0.000001016
616,3072,0.000001005
617,3072,0.000001214
618,3072,0.000001203
619,3072,0.000001018
620,3072,0.000000996
621,3072,0.000001933
622,3072,0.000001221
623,3072,0.000001021
624,3072,0.000000982
625,3072,0.000001179
626,3072,0.000001246
627,3072,0.000001016
628,3072,0.000001007
629,3072,0.000001181
630,3072,0.000001196
631,3072,0.000001015
632,3072,0.000000976
633,3072,0.000001189
634,3072,0.000002082
635,3072,0.000001022
636,3072,0.000000993
637,3072,0.000001183
638,3072,0.000001203
639,3072,0.000001017
640,3072,0.000001047
641,3072,0.000001184
642,3072,0.000001248
643,3072,0.000001016
644,3072,0.000001080
645,3072,0.000001510
646,3072,0.000001317
647,3072,0.000001741
648,3072,0.000001127
649,3072,0.000001203
650,3072,0.000001207
651,3072,0.000001012
652,3072,0.000001046
653,3072,0.000001174
654,3072,0.000001199
655,3072,0.000001015
656,3072,0.000001349
657,3072,0.000001185
658,3072,0.000001171
659,3072,0.000001741
660,3072,0.000001088
661,3072,0.000001181
662,3072,0.000001258
663,3072,0.000001014
664,3072,0.000001054
665,3072,0.000001187
666,3072,0.000001347
667,3072,0.000001018
668,3072,0.000000992
669,3072,0.000001174
670,3072,0.000001235
671,3072,0.000001015
672,3072,0.000001783
673,3072,0.000001558
674,3072,0.000001207
675,3072,0.000001018
676,3072,0.000001006
677,3072,0.000001223
678,3072,0.000001230
679,3072,0.000001014
680,3072,0.000001039
681,3072,0.000001217
682,3072,0.000001260
683,3072,0.000001014
684,3072,0.000001107
685,3072,0.000001964
686,3072,0.000001249
687,3072,0.000001016
688,3072,0.000001012
689,3072,0.000001629
690,3072,0.000001261
691,3072,0.000001016
692,3072,0.000001006
693,3072,0.000001255
694,3072,0.000001262
695,3072,0.000001017
696,3072,0.000001036
697,3072,0.000001185
698,3072,0.000001935
699,3072,0.000001020
700,3072,0.000001070
701,3072,0.000001235
702,3072,0.000001266
703,3072,0.000001008
704,3072,0.000000997
705,3072,0.000001515
706,3072,0.000001234
707,3072,0.000001007
708,3072,0.000001035
709,3072,0.000001238
710,3072,0.000001292
711,3072,0.000001851
712,3072,0.000000992
713,3072,0.000001247
714,3072,0.000001544
715,3072,0.000001014
716,3072,0.000001003
717,3072,0.000001202
718,3072,0.000001207
719,3072,0.000001015
720,3072,0.000001001
721,3072,0.000001199
722,3072,0.000001274
723,3072,0.000001794
724,3072,0.000000987
725,3072,0.000001184
726,3072,0.000001288
727,3072,0.000001024
728,3072,0.000001104
729,3072,0.000001197
730,3072,0.000001499
731,3072,0.000000993
732,3072,0.000000980
733,3072,0.000001231
734,3072,0.000001230
735,3072,0.000001030
736,3072,0.000001714
737,3072,0.000001361
738,3072,0.000001180
739,3072,0.000001019
740,3072,0.000001043
741,3072,0.000001225
742,3072,0.000001236
743,3072,0.000001017
744,3072,0.000001039
745,3072,0.000001232
746,3072,0.000001243
747,3072,0.000001017
748,3072,0.000001268
749,3072,0.000002062
750,3072,0.000001212
751,3072,0.000001016
752,3072,0.000001003
753,3072,0.000001282
754,3072,0.000001281
755,3072,0.000001013
756,3072,0.000001042
757,3072,0.000001185
758,3072,0.000001235
759,3072,0.000001012
760,3072,0.000001025
761,3072,0.000001261
762,3072,0.000001922
763,3072,0.000001020
764,3072,0.000001065
765,3072,0.000001196
766,3072,0.000008926
767,3072,0.000001458
768,3072,0.000000996
769,3072,0.000001190
770,3072,0.000001564
771,3072,0.000001483
772,3072,0.000001518
773,3072,0.000001814
774,3072,0.000003372
775,3072,0.000001617
776,3072,0.000001580
777,3072,0.000001797
778,3072,0.000002131
779,3072,0.000001704
780,3072,0.000001454
781,3072,0.000001246
782,3072,0.000001186
783,3072,0.000000993
784,3072,0.000001023
785,3072,0.000001205
786,3072,0.000001185
787,3072,0.000000995
788,3072,0.000001201
789,3072,0.000001222
790,3072,0.000001171
791,3072,0.000000993
792,3072,0.000001067
793,3072,0.000001293
794,3072,0.000001194
795,3072,0.000000996
796,3072,0.000001151
797,3072,0.000016964
798,3072,0.000001294
799,3072,0.000001038
800,3072,0.000001067
801,3072,0.000001239
802,3072,0.000001265
803,3072,0.000001024
804,3072,0.000001047
805,3072,0.000010815
806,3072,0.000002459
807,3072,0.000001659
808,3072,0.000001632
809,3072,0.000002256
810,3072,0.000001726
811,3072,0.000001598
812,3072,0.000001599
813,3072,0.000002020
814,3072,0.000001420
815,3072,0.000001035
816,3072,0.000001013
817,3072,0.000001375
818,3072,0.000001199
819,3072,0.000001025
820,3072,0.000001086
821,3072,0.000001329
822,3072,0.000001558
823,3072,0.000013490
824,3072,0.000002638
825,3072,0.000001240
826,3072,0.000001179
827,3072,0.000001030
828,3072,0.000001039
829,3072,0.000001219
830,3072,0.000001262
831,3072,0.000001026
832,3072,0.000000991
833,3072,0.000001201
834,3072,0.000001301
835,3072,0.000001024
836,3072,0.000001008
837,3072,0.000001197
838,3072,0.000001198
839,3072,0.000001024
840,3072,0.000001012
841,3072,0.000001203
842,3072,0.000001267
843,3072,0.000001023
844,3072,0.000001050
845,3072,0.000001197
846,3072,0.000001254
847,3072,0.000001021
848,3072,0.000001215
849,3072,0.000001229
850,3072,0.000001253
851,3072,0.000001020
852,3072,0.000001043
853,3072,0.000001265
854,3072,0.000001286
855,3072,0.000001802
856,3072,0.000001036
857,3072,0.000001543
858,3072,0.000001215
859,3072,0.000001021
860,3072,0.000001062
861,3072,0.000001206
862,3072,0.000001270
863,3072,0.000001024
864,3072,0.000001041
865,3072,0.000001254
866,3072,0.000001191
867,3072,0.000001017
868,3072,0.000000992
869,3072,0.000001250
870,3072,0.000001279
871,3072,0.000001017
872,3072,0.000001020
873,3072,0.000001230
874,3072,0.000001196
875,3072,0.000001017
876,3072,0.000000981
877,3072,0.000001199
878,3072,0.000001245
879,3072,0.000001018
880,3072,0.000001031
881,3072,0.000001214
882,3072,0.000001239
883,3072,0.000001026
884,3072,0.000001400
885,3072,0.000001206
886,3072,0.000002006
887,3072,0.000001047
888,3072,0.000001002
889,3072,0.000001190
890,3072,0.000001199
891,3072,0.000001025
892,3072,0.000001012
893,3072,0.000001262
894,3072,0.000001169
895,3072,0.000001018
896,3072,0.000000997
897,3072,0.000001191
898,3072,0.000001231
899,3072,0.000001020
900,3072,0.000001000
901,3072,0.000001242
902,3072,0.000001238
903,3072,0.000001018
904,3072,0.000001043
905,3072,0.000001280
906,3072,0.000001204
907,3072,0.000001019
908,3072,0.000000987
909,3072,0.000001206
910,3072,0.000001189
911,3072,0.000001022
912,3072,0.000000987
913,3072,0.000001205
914,3072,0.000001334
915,3072,0.000001023
916,3072,0.000001006
917,3072,0.000005073
918,3072,0.000002569
919,3072,0.000001070
920,3072,0.000002092
921,3072,0.000002412
922,3072,0.000002317
923,3072,0.000001070
924,3072,0.000002077
925,3072,0.000002409
926,3072,0.000002734
927,3072,0.000001178
928,3072,0.000002190
929,3072,0.000002302
930,3072,0.000002316
931,3072,0.000001064
932,3072,0.000002030
933,3072,0.000002378
934,3072,0.000003431
935,3072,0.000001089
936,3072,0.000002068
937,3072,0.000004896
938,3072,0.000002924
939,3072,0.000001040
940,3072,0.000002113
941,3072,0.000016812
942,3072,0.000002507
943,3072,0.000001095
944,3072,0.000002055
945,3072,0.000002375
946,3072,0.000002512
947,3072,0.000001120
948,3072,0.000002194
949,3072,0.000002371
950,3072,0.000002409
951,3072,0.000001179
952,3072,0.000002150
953,3072,0.000003536
954,3072,0.000002490
955,3072,0.000001071
956,3072,0.000002231
957,3072,0.000002417
958,3072,0.000002550
959,3072,0.000001047
960,3072,0.000002128
961,3072,0.000002416
962,3072,0.000002474
963,3072,0.000002163
964,3072,0.000002369
965,3072,0.000002568
966,3072,0.000002510
967,3072,0.000001088
968,3072,0.000003767
969,3072,0.000002488
970,3072,0.000003222
971,3072,0.000001632
972,3072,0.000003053
973,3072,0.000003402
974,3072,0.000005151
975,3072,0.000001606
976,3072,0.000002941
977,3072,0.000003451
978,3072,0.000019702
979,3072,0.000001888
980,3072,0.000005915
981,3072,0.000004761
982,3072,0.000003730
983,3072,0.000001698
984,3072,0.000003374
985,3072,0.000018136
986,3072,0.000003695
987,3072,0.000001619
988,3072,0.000003283
989,3072,0.000004249
990,3072,0.000003438
991,3072,0.000003681
992,3072,0.000003836
993,3072,0.000004346
994,3072,0.000004315
995,3072,0.000002285
996,3072,0.000003833
997,3072,0.000003978
998,3072,0.000003966
999,3072,0.000001853
0,3328,0.000002880
1,3328,0.000001337
2,3328,0.000001274
3,3328,0.000001219
4,3328,0.000001495
5,3328,0.000000966
6,3328,0.000001190
7,3328,0.000001167
8,3328,0.000001194
9,3328,0.000001204
10,3328,0.000000994
11,3328,0.000001241
12,3328,0.000001554
13,3328,0.000001215
14,3328,0.000001248
15,3328,0.000001023
16,3328,0.000001003
17,3328,0.000001204
18,3328,0.000001195
19,3328,0.000001219
20,3328,0.000001285
21,3328,0.000001012
22,3328,0.000001328
23,3328,0.000001252
24,3328,0.000002103
25,3328,0.000001290
26,3328,0.000001007
27,3328,0.000001323
28,3328,0.000001244
29,3328,0.000001211
30,3328,0.000001280
31,3328,0.000000989
32,3328,0.000000985
33,3328,0.000001209
34,3328,0.000001221
35,3328,0.000001657
36,3328,0.000002026
37,3328,0.000000995
38,3328,0.000001259
39,3328,0.000001295
40,3328,0.000001264
41,3328,0.000001228
42,3328,0.000000996
43,3328,0.000001277
44,3328,0.000001207
45,3328,0.000001180
46,3328,0.000001216
47,3328,0.000001224
48,3328,0.000001962
49,3328,0.000001247
50,3328,0.000001259
51,3328,0.000001569
52,3328,0.000001244
53,3328,0.000000975
54,3328,0.000001272
55,3328,0.000001284
56,3328,0.000001207
57,3328,0.000001213
58,3328,0.000001001
59,3328,0.000001229
60,3328,0.000001965
61,3328,0.000001313
62,3328,0.000001219
63,3328,0.000000977
64,3328,0.000001115
65,3328,0.000001250
66,3328,0.000001525
67,3328,0.000001214
68,3328,0.000001290
69,3328,0.000001006
70,3328,0.000001210
71,3328,0.000001200
72,3328,0.000001919
73,3328,0.000001233
74,3328,0.000000992
75,3328,0.000001237
76,3328,0.000001197
77,3328,0.000001228
78,3328,0.000001246
79,3328,0.000000964
80,3328,0.000001125
81,3328,0.000001215
82,3328,0.000001206
83,3328,0.000001551
84,3328,0.000002138
85,3328,0.000001005
86,3328,0.000001225
87,3328,0.000001354
88,3328,0.000001203
89,3328,0.000001214
90,3328,0.000001001
91,3328,0.000001276
92,3328,0.000001329
93,3328,0.000001276
94,3328,0.000001277
95,3328,0.000001006
96,3328,0.000001881
97,3328,0.000001376
98,3328,0.000001198
99,3328,0.000001368
100,3328,0.000001278
101,3328,0.000000998
102,3328,0.000001194
103,3328,0.000001253
104,3328,0.000001291
105,3328,0.000001219
106,3328,0.000001007
107,3328,0.000001314
108,3328,0.000001939
109,3328,0.000001293
110,3328,0.000001227
111,3328,0.000001178
112,3328,0.000001033
113,3328,0.000001297
114,3328,0.000001293
115,3328,0.000001191
116,3328,0.000001257
117,3328,0.000000982
118,3328,0.000001280
119,3328,0.000001270
120,3328,0.000002207
121,3328,0.000001261
122,3328,0.000001006
123,3328,0.000001224
124,3328,0.000001208
125,3328,0.000001185
126,3328,0.000001496
127,3328,0.000001010
128,3328,0.000001080
129,3328,0.000001188
130,3328,0.000001193
131,3328,0.000001338
132,3328,0.000002073
133,3328,0.000001011
134,3328,0.000001222
135,3328,0.000001175
136,3328,0.000001193
137,3328,0.000001270
138,3328,0.000001015
139,3328,0.000001254
140,3328,0.000001281
141,3328,0.000001189
142,3328,0.000001287
143,3328,0.000001228
144,3328,0.000001794
145,3328,0.000001305
146,3328,0.000001262
147,3328,0.000001438
148,3328,0.000001291
149,3328,0.000000968
150,3328,0.000001182
151,3328,0.000001235
152,3328,0.000001245
153,3328,0.000001281
154,3328,0.000000997
155,3328,0.000001248
156,3328,0.000002025
157,3328,0.000001288
158,3328,0.000001263
159,3328,0.000000996
160,3328,0.000001108
161,3328,0.000001257
162,3328,0.000001226
163,3328,0.000001249
164,3328,0.000001249
165,3328,0.000000977
166,3328,0.000001203
167,3328,0.000001194
168,3328,0.000001243
169,3328,0.000001934
170,3328,0.000000997
171,3328,0.000001252
172,3328,0.000001247
173,3328,0.000001183
174,3328,0.000001199
175,3328,0.000000988
176,3328,0.000001013
177,3328,0.000001298
178,3328,0.000001466
179,3328,0.000001229
180,3328,0.000001245
181,3328,0.000001731
182,3328,0.000001216
183,3328,0.000001197
184,3328,0.000001208
185,3328,0.000001252
186,3328,0.000000989
187,3328,0.000001207
188,3328,0.000001227
189,3328,0.000001219
190,3328,0.000001219
191,3328,0.000001016
192,3328,0.000001422
193,3328,0.000001349
194,3328,0.000002260
195,3328,0.000001250
196,3328,0.000001226
197,3328,0.000000987
198,3328,0.000001306
199,3328,0.000001193
200,3328,0.000001197
201,3328,0.000001219
202,3328,0.000000988
203,3328,0.000001255
204,3328,0.000001220
205,3328,0.000001233
206,3328,0.000001930
207,3328,0.000000998
208,3328,0.000000996
209,3328,0.000001215
210,3328,0.000001251
211,3328,0.000001197
212,3328,0.000001248
213,3328,0.000000970
214,3328,0.000001182
215,3328,0.000001191
216,3328,0.000001214
217,3328,0.000009834
218,3328,0.000001090
219,3328,0.000001281
220,3328,0.000002141
221,3328,0.000001261
222,3328,0.000001256
223,3328,0.000000987
224,3328,0.000001003
225,3328,0.000001186
226,3328,0.000001186
227,3328,0.000001212
228,3328,0.000001225
229,3328,0.000001014
230,3328,0.000001273
231,3328,0.000001275
232,3328,0.000001231
233,3328,0.000001239
234,3328,0.000000998
235,3328,0.000001236
236,3328,0.000001328
237,3328,0.000001313
238,3328,0.000001248
239,3328,0.000001003
240,3328,0.000001039
241,3328,0.000001301
242,3328,0.000001458
243,3328,0.000002093
244,3328,0.000001288
245,3328,0.000000988
246,3328,0.000001242
247,3328,0.000001200
248,3328,0.000001187
249,3328,0.000001204
250,3328,0.000001003
251,3328,0.000001416
252,3328,0.000001259
253,3328,0.000001195
254,3328,0.000001359
255,3328,0.000001731
256,3328,0.000001040
257,3328,0.000001202
258,3328,0.000001189
259,3328,0.000001192
260,3328,0.000001283
261,3328,0.000000976
262,3328,0.000001183
263,3328,0.000001621
264,3328,0.000001212
265,3328,0.000001215
266,3328,0.000000991
267,3328,0.000001251
268,3328,0.000001895
269,3328,0.000001653
270,3328,0.000001761
271,3328,0.000001544
272,3328,0.000001587
273,3328,0.000001912
274,3328,0.000001862
275,3328,0.000001976
276,3328,0.000001975
277,3328,0.000002904
278,3328,0.000002050
279,3328,0.000001718
280,3328,0.000001267
281,3328,0.000001313
282,3328,0.000000982
283,3328,0.000001190
284,3328,0.000001222
285,3328,0.000001250
286,3328,0.000001537
287,3328,0.000001019
288,3328,0.000001020
289,3328,0.000001196
290,3328,0.000001268
291,3328,0.000001265
292,3328,0.000002129
293,3328,0.000001011
294,3328,0.000001279
295,3328,0.000001235
296,3328,0.000001200
297,3328,0.000001289
298,3328,0.000001008
299,3328,0.000001204
300,3328,0.000001268
301,3328,0.000001196
302,3328,0.000001267
303,3328,0.000000973
304,3328,0.000001058
305,3328,0.000001973
306,3328,0.000001204
307,3328,0.000001252
308,3328,0.000001284
309,3328,0.000001084
310,3328,0.000001204
311,3328,0.000001191
312,3328,0.000001402
313,3328,0.000001272
314,3328,0.000000972
315,3328,0.000001273
316,3328,0.000001252
317,3328,0.000001918
318,3328,0.000016109
319,3328,0.000001034
320,3328,0.000001010
321,3328,0.000001220
322,3328,0.000001309
323,3328,0.000001204
324,3328,0.000001310
325,3328,0.000000999
326,3328,0.000001289
327,3328,0.000001202
328,3328,0.000001394
329,3328,0.000002395
330,3328,0.000001585
331,3328,0.000002244
332,3328,0.000001987
333,3328,0.000001950
334,3328,0.000002269
335,3328,0.000001485
336,3328,0.000001033
337,3328,0.000001312
338,3328,0.000002213
339,3328,0.000001379
340,3328,0.000001274
341,3328,0.000001018
342,3328,0.000001237
343,3328,0.000001259
344,3328,0.000014045
345,3328,0.000001327
346,3328,0.000000983
347,3328,0.000001649
348,3328,0.000001218
349,3328,0.000001290
350,3328,0.000002031
351,3328,0.000001023
352,3328,0.000001006
353,3328,0.000001268
354,3328,0.000001195
355,3328,0.000001239
356,3328,0.000001273
357,3328,0.000001008
358,3328,0.000001196
359,3328,0.000001552
360,3328,0.000001180
361,3328,0.000001280
362,3328,0.000001747
363,3328,0.000001535
364,3328,0.000001276
365,3328,0.000001236
366,3328,0.000001257
367,3328,0.000001009
368,3328,0.000000983
369,3328,0.000001274
370,3328,0.000001254
371,3328,0.000001210
372,3328,0.000001337
373,3328,0.000001007
374,3328,0.000002043
375,3328,0.000001234
376,3328,0.000001274
377,3328,0.000001222
378,3328,0.000000986
379,3328,0.000001214
380,3328,0.000001229
381,3328,0.000001195
382,3328,0.000001353
383,3328,0.000000975
384,3328,0.000001013
385,3328,0.000001261
386,3328,0.000002005
387,3328,0.000001247
388,3328,0.000001243
389,3328,0.000001014
390,3328,0.000001220
391,3328,0.000001190
392,3328,0.000001196
393,3328,0.000001317
394,3328,0.000001002
395,3328,0.000001205
396,3328,0.000001210
397,3328,0.000001187
398,3328,0.000001232
399,3328,0.000001785
400,3328,0.000001071
401,3328,0.000001211
402,3328,0.000001268
403,3328,0.000001290
404,3328,0.000001293
405,3328,0.000001004
406,3328,0.000001300
407,3328,0.000001234
408,3328,0.000001260
409,3328,0.000001276
410,3328,0.000001012
411,3328,0.000001928
412,3328,0.000001319
413,3328,0.000001578
414,3328,0.000001290
415,3328,0.000001022
416,3328,0.000001057
417,3328,0.000001176
418,3328,0.000001278
419,3328,0.000001313
420,3328,0.000001236
421,3328,0.000000980
422,3328,0.000001193
423,3328,0.000001911
424,3328,0.000001264
425,3328,0.000001225
426,3328,0.000000978
427,3328,0.000001258
428,3328,0.000001250
429,3328,0.000001281
430,3328,0.000001355
431,3328,0.000001011
432,3328,0.000000992
433,3328,0.000001230
434,3328,0.000001234
435,3328,0.000001906
436,3328,0.000001276
437,3328,0.000000981
438,3328,0.000001260
439,3328,0.000001234
440,3328,0.000001211
441,3328,0.000001232
442,3328,0.000000971
443,3328,0.000001272
444,3328,0.000001206
445,3328,0.000001239
446,3328,0.000001241
447,3328,0.000001015
448,3328,0.000001722
449,3328,0.000001268
450,3328,0.000001630
451,3328,0.000001272
452,3328,0.000001294
453,3328,0.000000988
454,3328,0.000001240
455,3328,0.000001245
456,3328,0.000001257
457,3328,0.000001242
458,3328,0.000000991
459,3328,0.000001271
460,3328,0.000002030
461,3328,0.000001239
462,3328,0.000001279
463,3328,0.000000972
464,3328,0.000001141
465,3328,0.000001249
466,3328,0.000001230
467,3328,0.000001243
468,3328,0.000001265
469,3328,0.000000974
470,3328,0.000001191
471,3328,0.000001331
472,3328,0.000002009
473,3328,0.000001303
474,3328,0.000001010
475,3328,0.000001229
476,3328,0.000001271
477,3328,0.000001248
478,3328,0.000001225
479,3328,0.000000989
480,3328,0.000001085
481,3328,0.000001402
482,3328,0.000001194
483,3328,0.000001285
484,3328,0.000001950
485,3328,0.000001030
486,3328,0.000001220
487,3328,0.000001176
488,3328,0.000001219
489,3328,0.000001256
490,3328,0.000000991
491,3328,0.000001195
492,3328,0.000001306
493,3328,0.000001214
494,3328,0.000001350
495,3328,0.000000974
496,3328,0.000001739
497,3328,0.000001232
498,3328,0.000001256
499,3328,0.000001199
500,3328,0.000001529
501,3328,0.000001002
502,3328,0.000001218
503,3328,0.000001244
504,3328,0.000001306
505,3328,0.000001276
506,3328,0.000000994
507,3328,0.000001281
508,3328,0.000001975
509,3328,0.000001230
510,3328,0.000001275
511,3328,0.000000976
512,3328,0.000001243
513,3328,0.000001171
514,3328,0.000001192
515,3328,0.000001522
516,3328,0.000001293
517,3328,0.000000961
518,3328,0.000001271
519,3328,0.000001295
520,3328,0.000001933
521,3328,0.000001279
522,3328,0.000000989
523,3328,0.000001178
524,3328,0.000001210
525,3328,0.000001227
526,3328,0.000001214
527,3328,0.000000978
528,3328,0.000001055
529,3328,0.000001211
530,3328,0.000001278
531,3328,0.000001270
532,3328,0.000001344
533,3328,0.000001701
534,3328,0.000001286
535,3328,0.000001273
536,3328,0.000001208
537,3328,0.000001216
538,3328,0.000000995
539,3328,0.000001341
540,3328,0.000001207
541,3328,0.000001190
542,3328,0.000001278
543,3328,0.000001002
544,3328,0.000001039
545,3328,0.000001903
546,3328,0.000001679
547,3328,0.000001427
548,3328,0.000001619
549,3328,0.000001139
550,3328,0.000001311
551,3328,0.000001384
552,3328,0.000001399
553,3328,0.000001376
554,3328,0.000001094
555,3328,0.000001319
556,3328,0.000002037
557,3328,0.000001267
558,3328,0.000001238
559,3328,0.000001009
560,3328,0.000001046
561,3328,0.000001220
562,3328,0.000001195
563,3328,0.000001252
564,3328,0.000001452
565,3328,0.000000996
566,3328,0.000001232
567,3328,0.000001276
568,3328,0.000001226
569,3328,0.000001947
570,3328,0.000001041
571,3328,0.000001218
572,3328,0.000001178
573,3328,0.000001363
574,3328,0.000001210
575,3328,0.000000994
576,3328,0.000000990
577,3328,0.000001240
578,3328,0.000001388
579,3328,0.000001213
580,3328,0.000001246
581,3328,0.000001713
582,3328,0.000001243
583,3328,0.000001204
584,3328,0.000001175
585,3328,0.000001204
586,3328,0.000000975
587,3328,0.000001228
588,3328,0.000001175
589,3328,0.000001201
590,3328,0.000001278
591,3328,0.000001020
592,3328,0.000001208
593,3328,0.000001977
594,3328,0.000001364
595,3328,0.000001398
596,3328,0.000001255
597,3328,0.000000978
598,3328,0.000001247
599,3328,0.000001222
600,3328,0.000001268
601,3328,0.000001273
602,3328,0.000001000
603,3328,0.000001238
604,3328,0.000001376
605,3328,0.000001993
606,3328,0.000001359
607,3328,0.000000989
608,3328,0.000001151
609,3328,0.000001241
610,3328,0.000001239
611,3328,0.000001222
612,3328,0.000001268
613,3328,0.000000987
614,3328,0.000001228
615,3328,0.000001398
616,3328,0.000001204
617,3328,0.000001991
618,3328,0.000001027
619,3328,0.000001221
620,3328,0.000001265
621,3328,0.000001240
622,3328,0.000001218
623,3328,0.000000976
624,3328,0.000000998
625,3328,0.000001327
626,3328,0.000001204
627,3328,0.000001236
628,3328,0.000001307
629,3328,0.000000997
630,3328,0.000002079
631,3328,0.000001290
632,3328,0.000001551
633,3328,0.000001249
634,3328,0.000000980
635,3328,0.000001622
636,3328,0.000001275
637,3328,0.000001208
638,3328,0.000001244
639,3328,0.000000986
640,3328,0.000001077
641,3328,0.000001212
642,3328,0.000001958
643,3328,0.000001228
644,3328,0.000001312
645,3328,0.000000990
646,3328,0.000001269
647,3328,0.000001428
648,3328,0.000001307
649,3328,0.000001216
650,3328,0.000001020
651,3328,0.000001239
652,3328,0.000001235
653,3328,0.000001179
654,3328,0.000001987
655,3328,0.000001024
656,3328,0.000001463
657,3328,0.000001257
658,3328,0.000001255
659,3328,0.000001196
660,3328,0.000001253
661,3328,0.000000972
662,3328,0.000001225
663,3328,0.000001183
664,3328,0.000001208
665,3328,0.000001220
666,3328,0.000001700
667,3328,0.000001233
668,3328,0.000001544
669,3328,0.000001172
670,3328,0.000001297
671,3328,0.000001012
672,3328,0.000001082
673,3328,0.000001204
674,3328,0.000001257
675,3328,0.000001261
676,3328,0.000001281
677,3328,0.000001005
678,3328,0.000002014
679,3328,0.000001464
680,3328,0.000001213
681,3328,0.000001210
682,3328,0.000000977
683,3328,0.000001608
684,3328,0.000001235
685,3328,0.000001253
686,3328,0.000001245
687,3328,0.000000983
688,3328,0.000001067
689,3328,0.000001345
690,3328,0.000001996
691,3328,0.000001334
692,3328,0.000001247
693,3328,0.000000984
694,3328,0.000001220
695,3328,0.000001402
696,3328,0.000001252
697,3328,0.000001223
698,3328,0.000000997
699,3328,0.000001211
700,3328,0.000001217
701,3328,0.000001280
702,3328,0.000001989
703,3328,0.000001025
704,3328,0.000001039
705,3328,0.000001220
706,3328,0.000001179
707,3328,0.000001197
708,3328,0.000001213
709,3328,0.000000980
710,3328,0.000001236
711,3328,0.000001221
712,3328,0.000001198
713,3328,0.000001251
714,3328,0.000001740
715,3328,0.000001289
716,3328,0.000001189
717,3328,0.000001184
718,3328,0.000001288
719,3328,0.000000986
720,3328,0.000000986
721,3328,0.000001219
722,3328,0.000001187
723,3328,0.000001207
724,3328,0.000001223
725,3328,0.000000983
726,3328,0.000001192
727,3328,0.000001997
728,3328,0.000001246
729,3328,0.000001346
730,3328,0.000000975
731,3328,0.000001303
732,3328,0.000001301
733,3328,0.000001206
734,3328,0.000001208
735,3328,0.000000989
736,3328,0.000001004
737,3328,0.000001181
738,3328,0.000001240
739,3328,0.000001256
740,3328,0.000001950
741,3328,0.000001035
742,3328,0.000001293
743,3328,0.000001201
744,3328,0.000001239
745,3328,0.000001261
746,3328,0.000000986
747,3328,0.000001294
748,3328,0.000001200
749,3328,0.000001199
750,3328,0.000001207
751,3328,0.000001028
752,3328,0.000001930
753,3328,0.000001252
754,3328,0.000001498
755,3328,0.000001193
756,3328,0.000001344
757,3328,0.000000974
758,3328,0.000001481
759,3328,0.000001207
760,3328,0.000001212
761,3328,0.000001204
762,3328,0.000000986
763,3328,0.000001260
764,3328,0.000001955
765,3328,0.000001231
766,3328,0.000001202
767,3328,0.000000971
768,3328,0.000000986
769,3328,0.000001192
770,3328,0.000001250
771,3328,0.000001206
772,3328,0.000001227
773,3328,0.000000975
774,3328,0.000001192
775,3328,0.000001202
776,3328,0.000001977
777,3328,0.000001272
778,3328,0.000000997
779,3328,0.000001223
780,3328,0.000001199
781,3328,0.000001459
782,3328,0.000001270
783,3328,0.000000996
784,3328,0.000001026
785,3328,0.000001288
786,3328,0.000001215
787,3328,0.000001303
788,3328,0.000001237
789,3328,0.000001716
790,3328,0.000001249
791,3328,0.000001215
792,3328,0.000001208
793,3328,0.000001284
794,3328,0.000000997
795,3328,0.000001244
796,3328,0.000001185
797,3328,0.000001274
798,3328,0.000001258
799,3328,0.000001015
800,3328,0.000001081
801,3328,0.000001940
802,3328,0.000001241
803,3328,0.000001333
804,3328,0.000001258
805,3328,0.000000973
806,3328,0.000001287
807,3328,0.000001185
808,3328,0.000001253
809,3328,0.000001219
810,3328,0.000001007
811,3328,0.000001264
812,3328,0.000001192
813,3328,0.000001930
814,3328,0.000001298
815,3328,0.000001026
816,3328,0.000001039
817,3328,0.000001211
818,3328,0.000001218
819,3328,0.000001212
820,3328,0.000001236
821,3328,0.000001004
822,3328,0.000001204
823,3328,0.000001220
824,3328,0.000001257
825,3328,0.000001229
826,3328,0.000001725
827,3328,0.000001350
828,3328,0.000001186
829,3328,0.000001231
830,3328,0.000001367
831,3328,0.000000990
832,3328,0.000001060
833,3328,0.000001276
834,3328,0.000001203
835,3328,0.000001214
836,3328,0.000001243
837,3328,0.000001006
838,3328,0.000001929
839,3328,0.000001208
840,3328,0.000001182
841,3328,0.000001196
842,3328,0.000001002
843,3328,0.000001344
844,3328,0.000001325
845,3328,0.000001190
846,3328,0.000001322
847,3328,0.000000997
848,3328,0.000001062
849,3328,0.000001423
850,3328,0.000001917
851,3328,0.000001235
852,3328,0.000001252
853,3328,0.000000978
854,3328,0.000001262
855,3328,0.000001245
856,3328,0.000001223
857,3328,0.000001221
858,3328,0.000000993
859,3328,0.000001252
860,3328,0.000001236
861,3328,0.000001519
862,3328,0.000002008
863,3328,0.000001029
864,3328,0.000001052
865,3328,0.000001541
866,3328,0.000001214
867,3328,0.000001252
868,3328,0.000001247
869,3328,0.000000970
870,3328,0.000001199
871,3328,0.000001183
872,3328,0.000001208
873,3328,0.000001429
874,3328,0.000001064
875,3328,0.000001961
876,3328,0.000001257
877,3328,0.000001462
878,3328,0.000001210
879,3328,0.000000990
880,3328,0.000001011
881,3328,0.000001200
882,3328,0.000001241
883,3328,0.000001212
884,3328,0.000001242
885,3328,0.000000993
886,3328,0.000001230
887,3328,0.000001916
888,3328,0.000001245
889,3328,0.000001304
890,3328,0.000000981
891,3328,0.000001213
892,3328,0.000001178
893,3328,0.000001241
894,3328,0.000001471
895,3328,0.000000988
896,3328,0.000001057
897,3328,0.000001208
898,3328,0.000001189
899,3328,0.000001968
900,3328,0.000001287
901,3328,0.000000974
902,3328,0.000001247
903,3328,0.000001548
904,3328,0.000001204
905,3328,0.000001268
906,3328,0.000000987
907,3328,0.000001232
908,3328,0.000001245
909,3328,0.000001215
910,3328,0.000001244
911,3328,0.000000975
912,3328,0.000001765
913,3328,0.000001226
914,3328,0.000001200
915,3328,0.000001190
916,3328,0.000001255
917,3328,0.000000980
918,3328,0.000001195
919,3328,0.000001183
920,3328,0.000001260
921,3328,0.000001257
922,3328,0.000001003
923,3328,0.000004760
924,3328,0.000003404
925,3328,0.000002540
926,3328,0.000002468
927,3328,0.000001032
928,3328,0.000002093
929,3328,0.000002393
930,3328,0.000003213
931,3328,0.000002489
932,3328,0.000002502
933,3328,0.000001029
934,3328,0.000002368
935,3328,0.000006199
936,3328,0.000003305
937,3328,0.000002421
938,3328,0.000001051
939,3328,0.000002314
940,3328,0.000002541
941,3328,0.000003356
942,3328,0.000002588
943,3328,0.000001043
944,3328,0.000002036
945,3328,0.000002748
946,3328,0.000002300
947,3328,0.000002507
948,3328,0.000011237
949,3328,0.000001332
950,3328,0.000002574
951,3328,0.000002539
952,3328,0.000002354
953,3328,0.000002375
954,3328,0.000001040
955,3328,0.000002266
956,3328,0.000002363
957,3328,0.000002313
958,3328,0.000002671
959,3328,0.000001033
960,3328,0.000002065
961,3328,0.000002372
962,3328,0.000002353
963,3328,0.000002338
964,3328,0.000002464
965,3328,0.000001025
966,3328,0.000002249
967,3328,0.000002414
968,3328,0.000002340
969,3328,0.000002349
970,3328,0.000001019
971,3328,0.000002313
972,3328,0.000002414
973,3328,0.000004851
974,3328,0.000002571
975,3328,0.000001017
976,3328,0.000001982
977,3328,0.000002428
978,3328,0.000002298
979,3328,0.000002392
980,3328,0.000002735
981,3328,0.000001020
982,3328,0.000002273
983,3328,0.000003178
984,3328,0.000002378
985,3328,0.000002367
986,3328,0.000001029
987,3328,0.000002289
988,3328,0.000002411
989,3328,0.000002416
990,3328,0.000002331
991,3328,0.000001033
992,3328,0.000002031
993,3328,0.000002309
994,3328,0.000002336
995,3328,0.000002324
996,3328,0.000003048
997,3328,0.000001599
998,3328,0.000003519
999,3328,0.000003588
0,3584,0.000002019
1,3584,0.000001365
2,3584,0.000001289
3,3584,0.000001242
4,3584,0.000001547
5,3584,0.000001227
6,3584,0.000001231
7,3584,0.000001063
8,3584,0.000000995
9,3584,0.000001257
10,3584,0.000001238
11,3584,0.000001274
12,3584,0.000001198
13,3584,0.000001262
14,3584,0.000001251
15,3584,0.000001009
16,3584,0.000000999
17,3584,0.000001243
18,3584,0.000001265
19,3584,0.000001250
20,3584,0.000001311
21,3584,0.000001198
22,3584,0.000001355
23,3584,0.000001035
24,3584,0.000001088
25,3584,0.000001286
26,3584,0.000001212
27,3584,0.000001219
28,3584,0.000001429
29,3584,0.000001225
30,3584,0.000001292
31,3584,0.000001022
32,3584,0.000001032
33,3584,0.000001307
34,3584,0.000001191
35,3584,0.000001191
36,3584,0.000001206
37,3584,0.000001305
38,3584,0.000001236
39,3584,0.000001004
40,3584,0.000001029
41,3584,0.000001263
42,3584,0.000001195
43,3584,0.000001284
44,3584,0.000001209
45,3584,0.000001566
46,3584,0.000001434
47,3584,0.000001006
48,3584,0.000001144
49,3584,0.000001254
50,3584,0.000001270
51,3584,0.000001392
52,3584,0.000001273
53,3584,0.000001206
54,3584,0.000001257
55,3584,0.000001034
56,3584,0.000001067
57,3584,0.000001303
58,3584,0.000001244
59,3584,0.000001519
60,3584,0.000001309
61,3584,0.000001213
62,3584,0.000001280
63,3584,0.000001022
64,3584,0.000001088
65,3584,0.000001210
66,3584,0.000001249
67,3584,0.000001202
68,3584,0.000001209
69,3584,0.000001334
70,3584,0.000001250
71,3584,0.000001009
72,3584,0.000015571
73,3584,0.000001597
74,3584,0.000001319
75,3584,0.000001234
76,3584,0.000001280
77,3584,0.000001275
78,3584,0.000001720
79,3584,0.000001042
80,3584,0.000001079
81,3584,0.000001215
82,3584,0.000001203
83,3584,0.000001198
84,3584,0.000001296
85,3584,0.000001303
86,3584,0.000001329
87,3584,0.000001007
88,3584,0.000001131
89,3584,0.000001357
90,3584,0.000001370
91,3584,0.000001255
92,3584,0.000001283
93,3584,0.000001346
94,3584,0.000001242
95,3584,0.000001014
96,3584,0.000001105
97,3584,0.000001343
98,3584,0.000001246
99,3584,0.000001288
100,3584,0.000001292
101,3584,0.000001325
102,3584,0.000001285
103,3584,0.000001108
104,3584,0.000001165
105,3584,0.000003243
106,3584,0.000001546
107,3584,0.000001214
108,3584,0.000001230
109,3584,0.000001232
110,3584,0.000001703
111,3584,0.000001055
112,3584,0.000001034
113,3584,0.000001225
114,3584,0.000001235
115,3584,0.000001213
116,3584,0.000001215
117,3584,0.000001288
118,3584,0.000002163
119,3584,0.000001081
120,3584,0.000001065
121,3584,0.000001298
122,3584,0.000001626
123,3584,0.000001295
124,3584,0.000001216
125,3584,0.000001236
126,3584,0.000001259
127,3584,0.000001011
128,3584,0.000001094
129,3584,0.000001312
130,3584,0.000001306
131,3584,0.000001229
132,3584,0.000002474
133,3584,0.000001411
134,3584,0.000001343
135,3584,0.000001060
136,3584,0.000001147
137,3584,0.000001554
138,3584,0.000001332
139,3584,0.000001339
140,3584,0.000001282
141,3584,0.000001320
142,3584,0.000001506
143,3584,0.000001038
144,3584,0.000001105
145,3584,0.000001304
146,3584,0.000001352
147,3584,0.000001324
148,3584,0.000001280
149,3584,0.000001342
150,3584,0.000001340
151,3584,0.000001042
152,3584,0.000001088
153,3584,0.000001314
154,3584,0.000001308
155,3584,0.000001223
156,3584,0.000001285
157,3584,0.000001258
158,3584,0.000002407
159,3584,0.000001222
160,3584,0.000001077
161,3584,0.000001208
162,3584,0.000001283
163,3584,0.000001282
164,3584,0.000001242
165,3584,0.000001281
166,3584,0.000001316
167,3584,0.000001008
168,3584,0.000001089
169,3584,0.000001527
170,3584,0.000001258
171,3584,0.000001250
172,3584,0.000001323
173,3584,0.000001356
174,3584,0.000001428
175,3584,0.000000999
176,3584,0.000001066
177,3584,0.000001262
178,3584,0.000001836
179,3584,0.000002329
180,3584,0.000001340
181,3584,0.000001334
182,3584,0.000001277
183,3584,0.000001029
184,3584,0.000001194
185,3584,0.000001242
186,3584,0.000001319
187,3584,0.000001220
188,3584,0.000001317
189,3584,0.000001235
190,3584,0.000001275
191,3584,0.000001045
192,3584,0.000001045
193,3584,0.000001228
194,3584,0.000001251
195,3584,0.000001259
196,3584,0.000001223
197,3584,0.000014111
198,3584,0.000001247
199,3584,0.000000986
200,3584,0.000000983
201,3584,0.000001217
202,3584,0.000001271
203,3584,0.000002073
204,3584,0.000001238
205,3584,0.000001259
206,3584,0.000001288
207,3584,0.000000973
208,3584,0.000001001
209,3584,0.000001173
210,3584,0.000001228
211,3584,0.000001188
212,3584,0.000001257
213,3584,0.000001258
214,3584,0.000001350
215,3584,0.000001725
216,3584,0.000001064
217,3584,0.000001263
218,3584,0.000001235
219,3584,0.000001500
220,3584,0.000001311
221,3584,0.000001242
222,3584,0.000001298
223,3584,0.000001219
224,3584,0.000001142
225,3584,0.000001267
226,3584,0.000001987
227,3584,0.000001253
228,3584,0.000001199
229,3584,0.000001352
230,3584,0.000001226
231,3584,0.000000980
232,3584,0.000001025
233,3584,0.000001233
234,3584,0.000001314
235,3584,0.000001214
236,3584,0.000001225
237,3584,0.000001227
238,3584,0.000001229
239,3584,0.000001711
240,3584,0.000001065
241,3584,0.000001212
242,3584,0.000001210
243,3584,0.000001232
244,3584,0.000001283
245,3584,0.000001221
246,3584,0.000001244
247,3584,0.000001001
248,3584,0.000001000
249,3584,0.000001211
250,3584,0.000001216
251,3584,0.000001958
252,3584,0.000001254
253,3584,0.000001252
254,3584,0.000001325
255,3584,0.000001000
256,3584,0.000001013
257,3584,0.000001279
258,3584,0.000001253
259,3584,0.000001343
260,3584,0.000001355
261,3584,0.000001301
262,3584,0.000001343
263,3584,0.000001719
264,3584,0.000001192
265,3584,0.000001292
266,3584,0.000001234
267,3584,0.000001229
268,3584,0.000001204
269,3584,0.000001263
270,3584,0.000001382
271,3584,0.000000994
272,3584,0.000001034
273,3584,0.000001289
274,3584,0.000001258
275,3584,0.000001923
276,3584,0.000001337
277,3584,0.000001237
278,3584,0.000001241
279,3584,0.000001028
280,3584,0.000001071
281,3584,0.000001277
282,3584,0.000001221
283,3584,0.000001242
284,3584,0.000001183
285,3584,0.000001260
286,3584,0.000001291
287,3584,0.000001694
288,3584,0.000001041
289,3584,0.000001204
290,3584,0.000001281
291,3584,0.000001238
292,3584,0.000001325
293,3584,0.000001324
294,3584,0.000001546
295,3584,0.000001034
296,3584,0.000001038
297,3584,0.000001238
298,3584,0.000001266
299,3584,0.000001978
300,3584,0.000001306
301,3584,0.000001242
302,3584,0.000001317
303,3584,0.000001063
304,3584,0.000001037
305,3584,0.000001261
306,3584,0.000001216
307,3584,0.000001242
308,3584,0.000001261
309,3584,0.000001345
310,3584,0.000001293
311,3584,0.000001865
312,3584,0.000001041
313,3584,0.000001256
314,3584,0.000001238
315,3584,0.000001312
316,3584,0.000001225
317,3584,0.000001193
318,3584,0.000001252
319,3584,0.000001018
320,3584,0.000001028
321,3584,0.000001472
322,3584,0.000001289
323,3584,0.000001940
324,3584,0.000001258
325,3584,0.000001211
326,3584,0.000001242
327,3584,0.000000993
328,3584,0.000001035
329,3584,0.000001240
330,3584,0.000001221
331,3584,0.000001236
332,3584,0.000001268
333,3584,0.000001252
334,3584,0.000001240
335,3584,0.000001014
336,3584,0.000001810
337,3584,0.000001360
338,3584,0.000001299
339,3584,0.000001251
340,3584,0.000001255
341,3584,0.000001253
342,3584,0.000001672
343,3584,0.000000993
344,3584,0.000001138
345,3584,0.000001222
346,3584,0.000001314
347,3584,0.000001367
348,3584,0.000001956
349,3584,0.000001336
350,3584,0.000001250
351,3584,0.000000983
352,3584,0.000001035
353,3584,0.000001235
354,3584,0.000001573
355,3584,0.000001283
356,3584,0.000001203
357,3584,0.000001282
358,3584,0.000001325
359,3584,0.000001700
360,3584,0.000001099
361,3584,0.000001304
362,3584,0.000001178
363,3584,0.000001232
364,3584,0.000001533
365,3584,0.000001321
366,3584,0.000001260
367,3584,0.000000994
368,3584,0.000000995
369,3584,0.000001249
370,3584,0.000001206
371,3584,0.000001274
372,3584,0.000001936
373,3584,0.000001646
374,3584,0.000001470
375,3584,0.000001131
376,3584,0.000001191
377,3584,0.000001313
378,3584,0.000001360
379,3584,0.000001416
380,3584,0.000001477
381,3584,0.000001370
382,3584,0.000002143
383,3584,0.000001071
384,3584,0.000001149
385,3584,0.000001428
386,3584,0.000001472
387,3584,0.000001257
388,3584,0.000001308
389,3584,0.000001308
390,3584,0.000001268
391,3584,0.000000994
392,3584,0.000001036
393,3584,0.000001304
394,3584,0.000001980
395,3584,0.000001225
396,3584,0.000001211
397,3584,0.000001256
398,3584,0.000001314
399,3584,0.000001022
400,3584,0.000001073
401,3584,0.000001222
402,3584,0.000001253
403,3584,0.000001235
404,3584,0.000001227
405,3584,0.000001217
406,3584,0.000001255
407,3584,0.000001703
408,3584,0.000001073
409,3584,0.000001192
410,3584,0.000001199
411,3584,0.000001261
412,3584,0.000001226
413,3584,0.000001269
414,3584,0.000001253
415,3584,0.000001011
416,3584,0.000001005
417,3584,0.000001267
418,3584,0.000001270
419,3584,0.000001996
420,3584,0.000001295
421,3584,0.000001274
422,3584,0.000001296
423,3584,0.000000987
424,3584,0.000001075
425,3584,0.000001301
426,3584,0.000001264
427,3584,0.000001326
428,3584,0.000001202
429,3584,0.000001271
430,3584,0.000001252
431,3584,0.000001752
432,3584,0.000001225
433,3584,0.000001326
434,3584,0.000001245
435,3584,0.000001227
436,3584,0.000001238
437,3584,0.000001315
438,3584,0.000001338
439,3584,0.000000990
440,3584,0.000001070
441,3584,0.000001278
442,3584,0.000001289
443,3584,0.000001964
444,3584,0.000001246
445,3584,0.000001306
446,3584,0.000001299
447,3584,0.000001030
448,3584,0.000001030
449,3584,0.000001295
450,3584,0.000001220
451,3584,0.000001220
452,3584,0.000001205
453,3584,0.000001246
454,3584,0.000001292
455,3584,0.000001730
456,3584,0.000001044
457,3584,0.000001302
458,3584,0.000001303
459,3584,0.000001501
460,3584,0.000001260
461,3584,0.000001224
462,3584,0.000001300
463,3584,0.000000998
464,3584,0.000001097
465,3584,0.000001299
466,3584,0.000001316
467,3584,0.000001979
468,3584,0.000001364
469,3584,0.000001290
470,3584,0.000001285
471,3584,0.000001022
472,3584,0.000001073
473,3584,0.000001260
474,3584,0.000001289
475,3584,0.000010176
476,3584,0.000001383
477,3584,0.000001230
478,3584,0.000001340
479,3584,0.000000994
480,3584,0.000001994
481,3584,0.000001314
482,3584,0.000001278
483,3584,0.000001244
484,3584,0.000001241
485,3584,0.000001277
486,3584,0.000001311
487,3584,0.000001023
488,3584,0.000001014
489,3584,0.000001259
490,3584,0.000001254
491,3584,0.000001443
492,3584,0.000001291
493,3584,0.000002010
494,3584,0.000001307
495,3584,0.000000995
496,3584,0.000001051
497,3584,0.000001270
498,3584,0.000001174
499,3584,0.000001227
500,3584,0.000001293
501,3584,0.000001277
502,3584,0.000001304
503,3584,0.000001045
504,3584,0.000001106
505,3584,0.000002015
506,3584,0.000001299
507,3584,0.000001318
508,3584,0.000001311
509,3584,0.000001235
510,3584,0.000001259
511,3584,0.000000996
512,3584,0.000001085
513,3584,0.000001322
514,3584,0.000001276
515,3584,0.000001266
516,3584,0.000001279
517,3584,0.000002027
518,3584,0.000001328
519,3584,0.000001031
520,3584,0.000001040
521,3584,0.000001259
522,3584,0.000001203
523,3584,0.000001213
524,3584,0.000001273
525,3584,0.000001233
526,3584,0.000001326
527,3584,0.000001022
528,3584,0.000001058
529,3584,0.000001958
530,3584,0.000001291
531,3584,0.000001399
532,3584,0.000001299
533,3584,0.000001235
534,3584,0.000001246
535,3584,0.000001002
536,3584,0.000001097
537,3584,0.000001312
538,3584,0.000001215
539,3584,0.000001387
540,3584,0.000001290
541,3584,0.000002359
542,3584,0.000001231
543,3584,0.000000995
544,3584,0.000001027
545,3584,0.000001270
546,3584,0.000001198
547,3584,0.000001231
548,3584,0.000001256
549,3584,0.000001279
550,3584,0.000001288
551,3584,0.000001009
552,3584,0.000001085
553,3584,0.000002024
554,3584,0.000001254
555,3584,0.000001377
556,3584,0.000001497
557,3584,0.000001292
558,3584,0.000001298
559,3584,0.000001035
560,3584,0.000001034
561,3584,0.000001238
562,3584,0.000001414
563,3584,0.000001252
564,3584,0.000001212
565,3584,0.000001951
566,3584,0.000001304
567,3584,0.000001026
568,3584,0.000001096
569,3584,0.000001291
570,3584,0.000001239
571,3584,0.000001507
572,3584,0.000001205
573,3584,0.000001280
574,3584,0.000001255
575,3584,0.000001035
576,3584,0.000001034
577,3584,0.000002031
578,3584,0.000001218
579,3584,0.000001453
580,3584,0.000001315
581,3584,0.000001235
582,3584,0.000001344
583,3584,0.000001035
584,3584,0.000001116
585,3584,0.000001407
586,3584,0.000001269
587,3584,0.000001268
588,3584,0.000001967
589,3584,0.000001318
590,3584,0.000001366
591,3584,0.000001040
592,3584,0.000001036
593,3584,0.000001290
594,3584,0.000001276
595,3584,0.000001241
596,3584,0.000001663
597,3584,0.000001271
598,3584,0.000001358
599,3584,0.000001049
600,3584,0.000002010
601,3584,0.000001312
602,3584,0.000001655
603,3584,0.000001969
604,3584,0.000001913
605,3584,0.000002065
606,3584,0.000001770
607,3584,0.000001713
608,3584,0.000002344
609,3584,0.000017638
610,3584,0.000001896
611,3584,0.000002074
612,3584,0.000001374
613,3584,0.000001391
614,3584,0.000001390
615,3584,0.000001039
616,3584,0.000001021
617,3584,0.000001271
618,3584,0.000001262
619,3584,0.000002155
620,3584,0.000001304
621,3584,0.000001211
622,3584,0.000001411
623,3584,0.000001040
624,3584,0.000001126
625,3584,0.000001220
626,3584,0.000001401
627,3584,0.000001237
628,3584,0.000001297
629,3584,0.000001293
630,3584,0.000002127
631,3584,0.000001064
632,3584,0.000001184
633,3584,0.000001388
634,3584,0.000001326
635,3584,0.000001285
636,3584,0.000001315
637,3584,0.000001291
638,3584,0.000001310
639,3584,0.000001052
640,3584,0.000001134
641,3584,0.000001308
642,3584,0.000002144
643,3584,0.000001281
644,3584,0.000001247
645,3584,0.000001345
646,3584,0.000001358
647,3584,0.000001023
648,3584,0.000001076
649,3584,0.000001251
650,3584,0.000001364
651,3584,0.000001312
652,3584,0.000001271
653,3584,0.000001305
654,3584,0.000002069
655,3584,0.000001034
656,3584,0.000001117
657,3584,0.000001343
658,3584,0.000001293
659,3584,0.000001619
660,3584,0.000002245
661,3584,0.000002028
662,3584,0.000001920
663,3584,0.000001654
664,3584,0.000003146
665,3584,0.000001445
666,3584,0.000001283
667,3584,0.000001254
668,3584,0.000001263
669,3584,0.000001296
670,3584,0.000001268
671,3584,0.000001013
672,3584,0.000001070
673,3584,0.000013964
674,3584,0.000001540
675,3584,0.000002159
676,3584,0.000001367
677,3584,0.000001225
678,3584,0.000001343
679,3584,0.000001033
680,3584,0.000001266
681,3584,0.000001242
682,3584,0.000001232
683,3584,0.000001262
684,3584,0.000001330
685,3584,0.000001295
686,3584,0.000002012
687,3584,0.000001035
688,3584,0.000001099
689,3584,0.000001219
690,3584,0.000001277
691,3584,0.000001318
692,3584,0.000001250
693,3584,0.000001278
694,3584,0.000001632
695,3584,0.000000998
696,3584,0.000001036
697,3584,0.000001239
698,3584,0.000001924
699,3584,0.000001209
700,3584,0.000001361
701,3584,0.000001201
702,3584,0.000001344
703,3584,0.000000980
704,3584,0.000001054
705,3584,0.000001237
706,3584,0.000001224
707,3584,0.000001229
708,3584,0.000001267
709,3584,0.000001250
710,3584,0.000001310
711,3584,0.000001808
712,3584,0.000001085
713,3584,0.000001261
714,3584,0.000001349
715,3584,0.000001931
716,3584,0.000001224
717,3584,0.000001317
718,3584,0.000001386
719,3584,0.000001013
720,3584,0.000001068
721,3584,0.000001225
722,3584,0.000001286
723,3584,0.000002086
724,3584,0.000001258
725,3584,0.000001221
726,3584,0.000001616
727,3584,0.000001027
728,3584,0.000001036
729,3584,0.000001302
730,3584,0.000001385
731,3584,0.000001299
732,3584,0.000001199
733,3584,0.000001237
734,3584,0.000001983
735,3584,0.000001044
736,3584,0.000001079
737,3584,0.000001292
738,3584,0.000001250
739,3584,0.000001280
740,3584,0.000001310
741,3584,0.000001545
742,3584,0.000001252
743,3584,0.000000991
744,3584,0.000001088
745,3584,0.000001215
746,3584,0.000002004
747,3584,0.000001343
748,3584,0.000001304
749,3584,0.000001273
750,3584,0.000001338
751,3584,0.000000991
752,3584,0.000001086
753,3584,0.000001397
754,3584,0.000001331
755,3584,0.000001212
756,3584,0.000001419
757,3584,0.000001268
758,3584,0.000002320
759,3584,0.000001057
760,3584,0.000001051
761,3584,0.000001284
762,3584,0.000001287
763,3584,0.000001260
764,3584,0.000001230
765,3584,0.000001281
766,3584,0.000001257
767,3584,0.000001026
768,3584,0.000001133
769,3584,0.000001714
770,3584,0.000001980
771,3584,0.000001280
772,3584,0.000001260
773,3584,0.000001264
774,3584,0.000001251
775,3584,0.000001026
776,3584,0.000001285
777,3584,0.000001234
778,3584,0.000001221
779,3584,0.000001199
780,3584,0.000001299
781,3584,0.000002001
782,3584,0.000001286
783,3584,0.000001154
784,3584,0.000001005
785,3584,0.000001247
786,3584,0.000001368
787,3584,0.000001339
788,3584,0.000001254
789,3584,0.000001310
790,3584,0.000001288
791,3584,0.000000993
792,3584,0.000001043
793,3584,0.000002050
794,3584,0.000001320
795,3584,0.000001562
796,3584,0.000001205
797,3584,0.000001227
798,3584,0.000001250
799,3584,0.000001021
800,3584,0.000001033
801,3584,0.000001261
802,3584,0.000001260
803,3584,0.000001269
804,3584,0.000001260
805,3584,0.000002085
806,3584,0.000001294
807,3584,0.000001000
808,3584,0.000001035
809,3584,0.000001255
810,3584,0.000001436
811,3584,0.000001235
812,3584,0.000001214
813,3584,0.000001416
814,3584,0.000001254
815,3584,0.000001030
816,3584,0.000001037
817,3584,0.000001383
818,3584,0.000002017
819,3584,0.000001255
820,3584,0.000001598
821,3584,0.000001222
822,3584,0.000001252
823,3584,0.000001000
824,3584,0.000001070
825,3584,0.000001220
826,3584,0.000001326
827,3584,0.000001263
828,3584,0.000001214
829,3584,0.000001984
830,3584,0.000001321
831,3584,0.000001021
832,3584,0.000001078
833,3584,0.000001281
834,3584,0.000001209
835,3584,0.000001262
836,3584,0.000001262
837,3584,0.000001266
838,3584,0.000001420
839,3584,0.000001017
840,3584,0.000001008
841,3584,0.000002018
842,3584,0.000001277
843,3584,0.000001262
844,3584,0.000001268
845,3584,0.000001315
846,3584,0.000001293
847,3584,0.000000975
848,3584,0.000001027
849,3584,0.000001232
850,3584,0.000001240
851,3584,0.000001221
852,3584,0.000001220
853,3584,0.000001226
854,3584,0.000002040
855,3584,0.000001012
856,3584,0.000001061
857,3584,0.000001302
858,3584,0.000001340
859,3584,0.000001548
860,3584,0.000001335
861,3584,0.000001329
862,3584,0.000001248
863,3584,0.000001011
864,3584,0.000001059
865,3584,0.000001323
866,3584,0.000002075
867,3584,0.000001270
868,3584,0.000001287
869,3584,0.000001478
870,3584,0.000001290
871,3584,0.000001021
872,3584,0.000001045
873,3584,0.000001260
874,3584,0.000001225
875,3584,0.000001249
876,3584,0.000001254
877,3584,0.000001953
878,3584,0.000001267
879,3584,0.000001104
880,3584,0.000001113
881,3584,0.000001243
882,3584,0.000001232
883,3584,0.000001250
884,3584,0.000001361
885,3584,0.000001273
886,3584,0.000001240
887,3584,0.000001030
888,3584,0.000001064
889,3584,0.000001595
890,3584,0.000002024
891,3584,0.000001271
892,3584,0.000001273
893,3584,0.000001255
894,3584,0.000001270
895,3584,0.000001011
896,3584,0.000001243
897,3584,0.000001198
898,3584,0.000001227
899,3584,0.000001413
900,3584,0.000001220
901,3584,0.000001944
902,3584,0.000001318
903,3584,0.000000979
904,3584,0.000001044
905,3584,0.000001434
906,3584,0.000001256
907,3584,0.000001198
908,3584,0.000001318
909,3584,0.000001211
910,3584,0.000001303
911,3584,0.000001015
912,3584,0.000001100
913,3584,0.000002056
914,3584,0.000001299
915,3584,0.000001308
916,3584,0.000001208
917,3584,0.000001218
918,3584,0.000001454
919,3584,0.000000999
920,3584,0.000001026
921,3584,0.000001309
922,3584,0.000001241
923,3584,0.000001256
924,3584,0.000001266
925,3584,0.000001934
926,3584,0.000001390
927,3584,0.000001025
928,3584,0.000001082
929,3584,0.000005529
930,3584,0.000002487
931,3584,0.000002786
932,3584,0.000003318
933,3584,0.000005262
934,3584,0.000002580
935,3584,0.000001043
936,3584,0.000002148
937,3584,0.000003194
938,3584,0.000002509
939,3584,0.000002449
940,3584,0.000002330
941,3584,0.000002386
942,3584,0.000002563
943,3584,0.000001865
944,3584,0.000002296
945,3584,0.000002272
946,3584,0.000002282
947,3584,0.000002276
948,3584,0.000002339
949,3584,0.000002383
950,3584,0.000003808
951,3584,0.000001099
952,3584,0.000003805
953,3584,0.000002477
954,3584,0.000002300
955,3584,0.000002328
956,3584,0.000003383
957,3584,0.000002411
958,3584,0.000002405
959,3584,0.000001033
960,3584,0.000002006
961,3584,0.000002250
962,3584,0.000002350
963,3584,0.000003164
964,3584,0.000002487
965,3584,0.000002437
966,3584,0.000002663
967,3584,0.000001199
968,3584,0.000002116
969,3584,0.000004848
970,3584,0.000003143
971,3584,0.000002397
972,3584,0.000002345
973,3584,0.000002375
974,3584,0.000002715
975,3584,0.000001882
976,3584,0.000002195
977,3584,0.000002433
978,3584,0.000002331
979,3584,0.000002370
980,3584,0.000002418
981,3584,0.000002486
982,3584,0.000003195
983,3584,0.000001082
984,3584,0.000002236
985,3584,0.000002320
986,3584,0.000002303
987,3584,0.000002348
988,3584,0.000003330
989,3584,0.000002451
990,3584,0.000002425
991,3584,0.000001036
992,3584,0.000002120
993,3584,0.000002342
994,3584,0.000002374
995,3584,0.000003217
996,3584,0.000003145
997,3584,0.000002597
998,3584,0.000002403
999,3584,0.000001034
0,3840,0.000002930
1,3840,0.000001380
2,3840,0.000001230
3,3840,0.000001271
4,3840,0.000001262
5,3840,0.000001202
6,3840,0.000001180
7,3840,0.000001184
8,3840,0.000001248
9,3840,0.000025785
10,3840,0.000002169
11,3840,0.000001255
12,3840,0.000001660
13,3840,0.000001323
14,3840,0.000001232
15,3840,0.000000996
16,3840,0.000001021
17,3840,0.000001419
18,3840,0.000001268
19,3840,0.000001232
20,3840,0.000001245
21,3840,0.000001378
22,3840,0.000001264
23,3840,0.000001246
24,3840,0.000001211
25,3840,0.000001294
26,3840,0.000001250
27,3840,0.000001334
28,3840,0.000014004
29,3840,0.000001375
30,3840,0.000001271
31,3840,0.000001081
32,3840,0.000000994
33,3840,0.000001258
34,3840,0.000001272
35,3840,0.000001256
36,3840,0.000001232
37,3840,0.000001189
38,3840,0.000001242
39,3840,0.000001176
40,3840,0.000001196
41,3840,0.000001194
42,3840,0.000001490
43,3840,0.000001378
44,3840,0.000001335
45,3840,0.000001221
46,3840,0.000001302
47,3840,0.000001006
48,3840,0.000001483
49,3840,0.000001206
50,3840,0.000001215
51,3840,0.000001214
52,3840,0.000002631
53,3840,0.000001622
54,3840,0.000001246
55,3840,0.000001264
56,3840,0.000001217
57,3840,0.000001245
58,3840,0.000001205
59,3840,0.000001281
60,3840,0.000001275
61,3840,0.000001216
62,3840,0.000001212
63,3840,0.000000969
64,3840,0.000001029
65,3840,0.000001272
66,3840,0.000001397
67,3840,0.000001288
68,3840,0.000001240
69,3840,0.000001317
70,3840,0.000001195
71,3840,0.000001207
72,3840,0.000001216
73,3840,0.000001586
74,3840,0.000001270
75,3840,0.000001206
76,3840,0.000001222
77,3840,0.000001183
78,3840,0.000001278
79,3840,0.000001004
80,3840,0.000001101
81,3840,0.000002001
82,3840,0.000001363
83,3840,0.000001548
84,3840,0.000001286
85,3840,0.000001224
86,3840,0.000001204
87,3840,0.000001251
88,3840,0.000001244
89,3840,0.000001380
90,3840,0.000001264
91,3840,0.000001236
92,3840,0.000002033
93,3840,0.000001251
94,3840,0.000001263
95,3840,0.000000991
96,3840,0.000001154
97,3840,0.000001288
98,3840,0.000001238
99,3840,0.000001305
100,3840,0.000001185
101,3840,0.000001177
102,3840,0.000001347
103,3840,0.000001268
104,3840,0.000001953
105,3840,0.000001230
106,3840,0.000001214
107,3840,0.000001216
108,3840,0.000001225
109,3840,0.000001252
110,3840,0.000001322
111,3840,0.000000985
112,3840,0.000000975
113,3840,0.000001225
114,3840,0.000001395
115,3840,0.000001277
116,3840,0.000001967
117,3840,0.000001247
118,3840,0.000001226
119,3840,0.000001250
120,3840,0.000001393
121,3840,0.000001208
122,3840,0.000001219
123,3840,0.000001276
124,3840,0.000001286
125,3840,0.000001324
126,3840,0.000002050
127,3840,0.000002622
128,3840,0.000001730
129,3840,0.000001802
130,3840,0.000001921
131,3840,0.000002089
132,3840,0.000014266
133,3840,0.000001983
134,3840,0.000002303
135,3840,0.000002460
136,3840,0.000001320
137,3840,0.000001570
138,3840,0.000001283
139,3840,0.000001300
140,3840,0.000001313
141,3840,0.000001621
142,3840,0.000001307
143,3840,0.000001038
144,3840,0.000001020
145,3840,0.000001284
146,3840,0.000002058
147,3840,0.000001300
148,3840,0.000001571
149,3840,0.000001275
150,3840,0.000001223
151,3840,0.000001224
152,3840,0.000001281
153,3840,0.000001491
154,3840,0.000001287
155,3840,0.000001289
156,3840,0.000001306
157,3840,0.000001305
158,3840,0.000002028
159,3840,0.000001064
160,3840,0.000001057
161,3840,0.000001576
162,3840,0.000001220
163,3840,0.000001314
164,3840,0.000001238
165,3840,0.000001237
166,3840,0.000001265
167,3840,0.000001419
168,3840,0.000001216
169,3840,0.000002182
170,3840,0.000001262
171,3840,0.000001302
172,3840,0.000001262
173,3840,0.000001283
174,3840,0.000001286
175,3840,0.000000999
176,3840,0.000001087
177,3840,0.000001266
178,3840,0.000001327
179,3840,0.000001283
180,3840,0.000001255
181,3840,0.000002462
182,3840,0.000002078
183,3840,0.000002036
184,3840,0.000001952
185,3840,0.000001958
186,3840,0.000002061
187,3840,0.000001815
188,3840,0.000001303
189,3840,0.000001305
190,3840,0.000002242
191,3840,0.000001080
192,3840,0.000001071
193,3840,0.000001278
194,3840,0.000001218
195,3840,0.000014154
196,3840,0.000001223
197,3840,0.000001193
198,3840,0.000001252
199,3840,0.000001284
200,3840,0.000001209
201,3840,0.000001232
202,3840,0.000002108
203,3840,0.000001236
204,3840,0.000001317
205,3840,0.000001303
206,3840,0.000001237
207,3840,0.000001283
208,3840,0.000001052
209,3840,0.000001340
210,3840,0.000001702
211,3840,0.000001361
212,3840,0.000001241
213,3840,0.000001990
214,3840,0.000001257
215,3840,0.000001195
216,3840,0.000001245
217,3840,0.000001266
218,3840,0.000001248
219,3840,0.000001223
220,3840,0.000001358
221,3840,0.000001237
222,3840,0.000001212
223,3840,0.000000978
224,3840,0.000001022
225,3840,0.000001939
226,3840,0.000001211
227,3840,0.000001239
228,3840,0.000001303
229,3840,0.000001219
230,3840,0.000001230
231,3840,0.000001204
232,3840,0.000001195
233,3840,0.000001208
234,3840,0.000001258
235,3840,0.000001217
236,3840,0.000001304
237,3840,0.000002104
238,3840,0.000001251
239,3840,0.000001003
240,3840,0.000001062
241,3840,0.000001295
242,3840,0.000001328
243,3840,0.000001326
244,3840,0.000001388
245,3840,0.000001252
246,3840,0.000001265
247,3840,0.000001251
248,3840,0.000001221
249,3840,0.000002018
250,3840,0.000001287
251,3840,0.000001217
252,3840,0.000001232
253,3840,0.000001217
254,3840,0.000001291
255,3840,0.000000998
256,3840,0.000001032
257,3840,0.000001257
258,3840,0.000001302
259,3840,0.000001206
260,3840,0.000001261
261,3840,0.000001944
262,3840,0.000001255
263,3840,0.000001270
264,3840,0.000001229
265,3840,0.000001206
266,3840,0.000001250
267,3840,0.000001279
268,3840,0.000001291
269,3840,0.000001201
270,3840,0.000001263
271,3840,0.000000982
272,3840,0.000001051
273,3840,0.000001983
274,3840,0.000001357
275,3840,0.000001233
276,3840,0.000001195
277,3840,0.000001200
278,3840,0.000001257
279,3840,0.000001205
280,3840,0.000001251
281,3840,0.000001260
282,3840,0.000001264
283,3840,0.000001231
284,3840,0.000001310
285,3840,0.000002253
286,3840,0.000001300
287,3840,0.000001029
288,3840,0.000001049
289,3840,0.000001334
290,3840,0.000001311
291,3840,0.000001237
292,3840,0.000001264
293,3840,0.000001237
294,3840,0.000001438
295,3840,0.000001226
296,3840,0.000001995
297,3840,0.000001245
298,3840,0.000001259
299,3840,0.000001263
300,3840,0.000001303
301,3840,0.000001224
302,3840,0.000001225
303,3840,0.000000977
304,3840,0.000001000
305,3840,0.000001203
306,3840,0.000001241
307,3840,0.000001197
308,3840,0.000001252
309,3840,0.000001953
310,3840,0.000001288
311,3840,0.000001299
312,3840,0.000001201
313,3840,0.000001553
314,3840,0.000001321
315,3840,0.000001305
316,3840,0.000001278
317,3840,0.000001266
318,3840,0.000001256
319,3840,0.000001008
320,3840,0.000001800
321,3840,0.000001342
322,3840,0.000001268
323,3840,0.000001337
324,3840,0.000001261
325,3840,0.000001229
326,3840,0.000001536
327,3840,0.000001198
328,3840,0.000001257
329,3840,0.000001383
330,3840,0.000001219
331,3840,0.000002093
332,3840,0.000001308
333,3840,0.000001271
334,3840,0.000001277
335,3840,0.000000972
336,3840,0.000001060
337,3840,0.000001309
338,3840,0.000001231
339,3840,0.000001275
340,3840,0.000001238
341,3840,0.000001234
342,3840,0.000001211
343,3840,0.000001989
344,3840,0.000001229
345,3840,0.000001208
346,3840,0.000001294
347,3840,0.000001216
348,3840,0.000001291
349,3840,0.000001318
350,3840,0.000001248
351,3840,0.000001012
352,3840,0.000000992
353,3840,0.000001282
354,3840,0.000001342
355,3840,0.000002395
356,3840,0.000001263
357,3840,0.000001305
358,3840,0.000001414
359,3840,0.000001285
360,3840,0.000001284
361,3840,0.000001209
362,3840,0.000001309
363,3840,0.000001315
364,3840,0.000001297
365,3840,0.000001214
366,3840,0.000001955
367,3840,0.000001079
368,3840,0.000001384
369,3840,0.000001219
370,3840,0.000001218
371,3840,0.000001227
372,3840,0.000001297
373,3840,0.000001192
374,3840,0.000001210
375,3840,0.000001241
376,3840,0.000001257
377,3840,0.000001204
378,3840,0.000017074
379,3840,0.000001480
380,3840,0.000001313
381,3840,0.000001238
382,3840,0.000001218
383,3840,0.000001006
384,3840,0.000001100
385,3840,0.000001227
386,3840,0.000001291
387,3840,0.000001295
388,3840,0.000001306
389,3840,0.000001287
390,3840,0.000002402
391,3840,0.000001331
392,3840,0.000001312
393,3840,0.000001294
394,3840,0.000001336
395,3840,0.000001345
396,3840,0.000001378
397,3840,0.000001328
398,3840,0.000001334
399,3840,0.000001048
400,3840,0.000001019
401,3840,0.000001281
402,3840,0.000001983
403,3840,0.000001817
404,3840,0.000001330
405,3840,0.000001322
406,3840,0.000001204
407,3840,0.000001378
408,3840,0.000001285
409,3840,0.000001334
410,3840,0.000001230
411,3840,0.000001253
412,3840,0.000001398
413,3840,0.000002087
414,3840,0.000001318
415,3840,0.000001037
416,3840,0.000001159
417,3840,0.000001296
418,3840,0.000001275
419,3840,0.000001328
420,3840,0.000001250
421,3840,0.000001236
422,3840,0.000001241
423,3840,0.000001486
424,3840,0.000001298
425,3840,0.000015074
426,3840,0.000001482
427,3840,0.000001349
428,3840,0.000001293
429,3840,0.000001295
430,3840,0.000001398
431,3840,0.000000972
432,3840,0.000001064
433,3840,0.000001318
434,3840,0.000001290
435,3840,0.000001277
436,3840,0.000002133
437,3840,0.000001387
438,3840,0.000001257
439,3840,0.000001253
440,3840,0.000001465
441,3840,0.000001282
442,3840,0.000001199
443,3840,0.000001309
444,3840,0.000001216
445,3840,0.000001204
446,3840,0.000001238
447,3840,0.000001035
448,3840,0.000001773
449,3840,0.000001275
450,3840,0.000001212
451,3840,0.000001252
452,3840,0.000001213
453,3840,0.000001234
454,3840,0.000001250
455,3840,0.000001271
456,3840,0.000001242
457,3840,0.000001260
458,3840,0.000001202
459,3840,0.000001274
460,3840,0.000001941
461,3840,0.000001261
462,3840,0.000001321
463,3840,0.000000975
464,3840,0.000001063
465,3840,0.000001172
466,3840,0.000001210
467,3840,0.000001277
468,3840,0.000001233
469,3840,0.000001256
470,3840,0.000001367
471,3840,0.000001252
472,3840,0.000002013
473,3840,0.000001338
474,3840,0.000001326
475,3840,0.000001238
476,3840,0.000001249
477,3840,0.000001293
478,3840,0.000001316
479,3840,0.000000978
480,3840,0.000001063
481,3840,0.000001221
482,3840,0.000001230
483,3840,0.000001240
484,3840,0.000001961
485,3840,0.000001248
486,3840,0.000001205
487,3840,0.000001196
488,3840,0.000001214
489,3840,0.000001208
490,3840,0.000001224
491,3840,0.000001283
492,3840,0.000001457
493,3840,0.000001214
494,3840,0.000001282
495,3840,0.000001716
496,3840,0.000001015
497,3840,0.000001390
498,3840,0.000001212
499,3840,0.000001179
500,3840,0.000001266
501,3840,0.000001247
502,3840,0.000001195
503,3840,0.000001189
504,3840,0.000001201
505,3840,0.000001252
506,3840,0.000001214
507,3840,0.000001189
508,3840,0.000002295
509,3840,0.000001306
510,3840,0.000001223
511,3840,0.000001027
512,3840,0.000001053
513,3840,0.000001183
514,3840,0.000001240
515,3840,0.000001232
516,3840,0.000001249
517,3840,0.000001215
518,3840,0.000001350
519,3840,0.000001979
520,3840,0.000001305
521,3840,0.000001300
522,3840,0.000001224
523,3840,0.000001226
524,3840,0.000001552
525,3840,0.000001280
526,3840,0.000001223
527,3840,0.000001004
528,3840,0.000001044
529,3840,0.000001226
530,3840,0.000001275
531,3840,0.000001984
532,3840,0.000001239
533,3840,0.000001598
534,3840,0.000001188
535,3840,0.000001226
536,3840,0.000001192
537,3840,0.000001216
538,3840,0.000001252
539,3840,0.000001215
540,3840,0.000001236
541,3840,0.000001396
542,3840,0.000001285
543,3840,0.000001748
544,3840,0.000001060
545,3840,0.000001355
546,3840,0.000001379
547,3840,0.000001248
548,3840,0.000001212
549,3840,0.000001248
550,3840,0.000001213
551,3840,0.000001368
552,3840,0.000001309
553,3840,0.000001288
554,3840,0.000001268
555,3840,0.000002064
556,3840,0.000001658
557,3840,0.000001253
558,3840,0.000001210
559,3840,0.000001013
560,3840,0.000001060
561,3840,0.000001519
562,3840,0.000001256
563,3840,0.000001263
564,3840,0.000001252
565,3840,0.000001234
566,3840,0.000001999
567,3840,0.000001300
568,3840,0.000001248
569,3840,0.000001220
570,3840,0.000001212
571,3840,0.000001226
572,3840,0.000001327
573,3840,0.000001303
574,3840,0.000001229
575,3840,0.000000987
576,3840,0.000001039
577,3840,0.000001214
578,3840,0.000001922
579,3840,0.000001341
580,3840,0.000001215
581,3840,0.000001232
582,3840,0.000001278
583,3840,0.000001182
584,3840,0.000001251
585,3840,0.000001278
586,3840,0.000001261
587,3840,0.000001277
588,3840,0.000001301
589,3840,0.000001326
590,3840,0.000002103
591,3840,0.000001014
592,3840,0.000001082
593,3840,0.000001240
594,3840,0.000001305
595,3840,0.000001229
596,3840,0.000001656
597,3840,0.000001368
598,3840,0.000001210
599,3840,0.000001282
600,3840,0.000001214
601,3840,0.000002050
602,3840,0.000001324
603,3840,0.000001208
604,3840,0.000001232
605,3840,0.000001222
606,3840,0.000001255
607,3840,0.000001018
608,3840,0.000001096
609,3840,0.000001287
610,3840,0.000001211
611,3840,0.000001263
612,3840,0.000001206
613,3840,0.000001958
614,3840,0.000001327
615,3840,0.000001209
616,3840,0.000001225
617,3840,0.000001201
618,3840,0.000001192
619,3840,0.000001321
620,3840,0.000001276
621,3840,0.000001270
622,3840,0.000001265
623,3840,0.000000992
624,3840,0.000001048
625,3840,0.000001990
626,3840,0.000001582
627,3840,0.000001406
628,3840,0.000001307
629,3840,0.000001378
630,3840,0.000001364
631,3840,0.000001372
632,3840,0.000001490
633,3840,0.000001391
634,3840,0.000001381
635,3840,0.000001351
636,3840,0.000002088
637,3840,0.000001340
638,3840,0.000001233
639,3840,0.000000998
640,3840,0.000001094
641,3840,0.000001281
642,3840,0.000001454
643,3840,0.000001200
644,3840,0.000001282
645,3840,0.000001255
646,3840,0.000001245
647,3840,0.000001323
648,3840,0.000001949
649,3840,0.000001222
650,3840,0.000001207
651,3840,0.000001204
652,3840,0.000001241
653,3840,0.000001293
654,3840,0.000001208
655,3840,0.000000973
656,3840,0.000001036
657,3840,0.000001441
658,3840,0.000001234
659,3840,0.000001253
660,3840,0.000001961
661,3840,0.000001465
662,3840,0.000001240
663,3840,0.000001187
664,3840,0.000001269
665,3840,0.000001233
666,3840,0.000001282
667,3840,0.000001262
668,3840,0.000009845
669,3840,0.000001491
670,3840,0.000001207
671,3840,0.000001014
672,3840,0.000002001
673,3840,0.000001254
674,3840,0.000001273
675,3840,0.000001298
676,3840,0.000001196
677,3840,0.000001252
678,3840,0.000001514
679,3840,0.000001223
680,3840,0.000001302
681,3840,0.000001260
682,3840,0.000001330
683,3840,0.000001233
684,3840,0.000002003
685,3840,0.000001336
686,3840,0.000001532
687,3840,0.000001022
688,3840,0.000001046
689,3840,0.000001255
690,3840,0.000001266
691,3840,0.000001208
692,3840,0.000001285
693,3840,0.000001198
694,3840,0.000001260
695,3840,0.000001186
696,3840,0.000002022
697,3840,0.000001356
698,3840,0.000001338
699,3840,0.000001288
700,3840,0.000001317
701,3840,0.000001269
702,3840,0.000001284
703,3840,0.000001015
704,3840,0.000001072
705,3840,0.000001241
706,3840,0.000001268
707,3840,0.000001279
708,3840,0.000002233
709,3840,0.000001293
710,3840,0.000001269
711,3840,0.000001459
712,3840,0.000001279
713,3840,0.000001201
714,3840,0.000001228
715,3840,0.000001229
716,3840,0.000001315
717,3840,0.000001265
718,3840,0.000001265
719,3840,0.000001723
720,3840,0.000001112
721,3840,0.000001283
722,3840,0.000001254
723,3840,0.000001219
724,3840,0.000001231
725,3840,0.000001201
726,3840,0.000001221
727,3840,0.000001206
728,3840,0.000001202
729,3840,0.000001206
730,3840,0.000001230
731,3840,0.000001679
732,3840,0.000001997
733,3840,0.000001351
734,3840,0.000001320
735,3840,0.000001018
736,3840,0.000001140
737,3840,0.000001234
738,3840,0.000001244
739,3840,0.000001217
740,3840,0.000001233
741,3840,0.000001300
742,3840,0.000001281
743,3840,0.000002078
744,3840,0.000001240
745,3840,0.000001241
746,3840,0.000001227
747,3840,0.000001292
748,3840,0.000001302
749,3840,0.000001281
750,3840,0.000001217
751,3840,0.000001003
752,3840,0.000001028
753,3840,0.000001205
754,3840,0.000001228
755,3840,0.000001937
756,3840,0.000001245
757,3840,0.000001221
758,3840,0.000001196
759,3840,0.000001232
760,3840,0.000001220
761,3840,0.000001525
762,3840,0.000001224
763,3840,0.000001219
764,3840,0.000001245
765,3840,0.000001256
766,3840,0.000001970
767,3840,0.000001031
768,3840,0.000001021
769,3840,0.000001245
770,3840,0.000001495
771,3840,0.000001272
772,3840,0.000001207
773,3840,0.000001184
774,3840,0.000001211
775,3840,0.000001219
776,3840,0.000001217
777,3840,0.000001255
778,3840,0.000001235
779,3840,0.000001955
780,3840,0.000001393
781,3840,0.000001273
782,3840,0.000001293
783,3840,0.000001019
784,3840,0.000000998
785,3840,0.000001252
786,3840,0.000001217
787,3840,0.000001261
788,3840,0.000001245
789,3840,0.000001303
790,3840,0.000001303
791,3840,0.000001910
792,3840,0.000001234
793,3840,0.000001211
794,3840,0.000001220
795,3840,0.000001373
796,3840,0.000001247
797,3840,0.000001236
798,3840,0.000001453
799,3840,0.000001041
800,3840,0.000001014
801,3840,0.000001369
802,3840,0.000002262
803,3840,0.000001340
804,3840,0.000001203
805,3840,0.000001245
806,3840,0.000001204
807,3840,0.000001206
808,3840,0.000001259
809,3840,0.000001256
810,3840,0.000001294
811,3840,0.000001222
812,3840,0.000001296
813,3840,0.000001222
814,3840,0.000002014
815,3840,0.000001028
816,3840,0.000001050
817,3840,0.000001399
818,3840,0.000001193
819,3840,0.000001234
820,3840,0.000001254
821,3840,0.000001193
822,3840,0.000001264
823,3840,0.000001508
824,3840,0.000001278
825,3840,0.000001249
826,3840,0.000002454
827,3840,0.000001260
828,3840,0.000001259
829,3840,0.000001218
830,3840,0.000001299
831,3840,0.000000999
832,3840,0.000001033
833,3840,0.000001260
834,3840,0.000001274
835,3840,0.000001287
836,3840,0.000001318
837,3840,0.000001924
838,3840,0.000001213
839,3840,0.000001235
840,3840,0.000001223
841,3840,0.000001196
842,3840,0.000001250
843,3840,0.000001217
844,3840,0.000001244
845,3840,0.000001254
846,3840,0.000001216
847,3840,0.000000988
848,3840,0.000001068
849,3840,0.000002059
850,3840,0.000001238
851,3840,0.000001250
852,3840,0.000001341
853,3840,0.000001271
854,3840,0.000001288
855,3840,0.000001279
856,3840,0.000001204
857,3840,0.000001213
858,3840,0.000001215
859,3840,0.000001231
860,3840,0.000001261
861,3840,0.000002311
862,3840,0.000001863
863,3840,0.000001600
864,3840,0.000002025
865,3840,0.000002057
866,3840,0.000002216
867,3840,0.000001851
868,3840,0.000016118
869,3840,0.000003453
870,3840,0.000001683
871,3840,0.000001254
872,3840,0.000001263
873,3840,0.000001282
874,3840,0.000001268
875,3840,0.000001257
876,3840,0.000001325
877,3840,0.000001266
878,3840,0.000001260
879,3840,0.000001063
880,3840,0.000001949
881,3840,0.000001486
882,3840,0.000001263
883,3840,0.000001246
884,3840,0.000001208
885,3840,0.000001235
886,3840,0.000001234
887,3840,0.000001527
888,3840,0.000001280
889,3840,0.000001292
890,3840,0.000001312
891,3840,0.000001414
892,3840,0.000001988
893,3840,0.000001391
894,3840,0.000001316
895,3840,0.000001008
896,3840,0.000001042
897,3840,0.000001243
898,3840,0.000001228
899,3840,0.000001228
900,3840,0.000001233
901,3840,0.000001283
902,3840,0.000001246
903,3840,0.000001274
904,3840,0.000002099
905,3840,0.000001313
906,3840,0.000001277
907,3840,0.000001259
908,3840,0.000001284
909,3840,0.000001261
910,3840,0.000001258
911,3840,0.000001028
912,3840,0.000001176
913,3840,0.000001311
914,3840,0.000001337
915,3840,0.000001340
916,3840,0.000001984
917,3840,0.000001252
918,3840,0.000001724
919,3840,0.000001917
920,3840,0.000002053
921,3840,0.000001778
922,3840,0.000001923
923,3840,0.000001991
924,3840,0.000001399
925,3840,0.000002265
926,3840,0.000001298
927,3840,0.000001023
928,3840,0.000001040
929,3840,0.000001228
930,3840,0.000001253
931,3840,0.000001266
932,3840,0.000013969
933,3840,0.000004493
934,3840,0.000003326
935,3840,0.000002337
936,3840,0.000002329
937,3840,0.000002427
938,3840,0.000002381
939,3840,0.000002392
940,3840,0.000002441
941,3840,0.000003304
942,3840,0.000002662
943,3840,0.000001053
944,3840,0.000002056
945,3840,0.000002274
946,3840,0.000002290
947,3840,0.000003209
948,3840,0.000002341
949,3840,0.000002447
950,3840,0.000002346
951,3840,0.000002607
952,3840,0.000002480
953,3840,0.000003322
954,3840,0.000002426
955,3840,0.000003054
956,3840,0.000002433
957,3840,0.000002356
958,3840,0.000002564
959,3840,0.000001880
960,3840,0.000002169
961,3840,0.000002282
962,3840,0.000002257
963,3840,0.000002300
964,3840,0.000004903
965,3840,0.000004437
966,3840,0.000002445
967,3840,0.000002292
968,3840,0.000002819
969,3840,0.000002315
970,3840,0.000002398
971,3840,0.000003269
972,3840,0.000002420
973,3840,0.000002418
974,3840,0.000002350
975,3840,0.000001047
976,3840,0.000002037
977,3840,0.000003153
978,3840,0.000002275
979,3840,0.000002295
980,3840,0.000002279
981,3840,0.000002463
982,3840,0.000002373
983,3840,0.000002397
984,3840,0.000003237
985,3840,0.000002382
986,3840,0.000002379
987,3840,0.000002339
988,3840,0.000002436
989,3840,0.000002378
990,3840,0.000003276
991,3840,0.000001097
992,3840,0.000002045
993,3840,0.000002266
994,3840,0.000002238
995,3840,0.000002264
996,3840,0.000002595
997,3840,0.000005509
998,3840,0.000002350
999,3840,0.000002313
0,4096,0.000002762
1,4096,0.000001174
2,4096,0.000001043
3,4096,0.000001133
4,4096,0.000001099
5,4096,0.000001015
6,4096,0.000001034
7,4096,0.000001016
8,4096,0.000001030
9,4096,0.000001127
10,4096,0.000001099
11,4096,0.000001031
12,4096,0.000001315
13,4096,0.000001099
14,4096,0.000001019
15,4096,0.000001036
16,4096,0.000001070
17,4096,0.000001093
18,4096,0.000001040
19,4096,0.000001036
20,4096,0.000001152
21,4096,0.000001066
22,4096,0.000001085
23,4096,0.000001011
24,4096,0.000001057
25,4096,0.000001136
26,4096,0.000001003
27,4096,0.000001124
28,4096,0.000001043
29,4096,0.000001164
30,4096,0.000001151
31,4096,0.000001048
32,4096,0.000001027
33,4096,0.000001061
34,4096,0.000001014
35,4096,0.000001072
36,4096,0.000001054
37,4096,0.000001030
38,4096,0.000001055
39,4096,0.000001037
40,4096,0.000001442
41,4096,0.000001081
42,4096,0.000001089
43,4096,0.000001039
44,4096,0.000001077
45,4096,0.000001143
46,4096,0.000001036
47,4096,0.000001024
48,4096,0.000001027
49,4096,0.000001135
50,4096,0.000001138
51,4096,0.000001027
52,4096,0.000013863
53,4096,0.000001214
54,4096,0.000001046
55,4096,0.000001018
56,4096,0.000001007
57,4096,0.000001046
58,4096,0.000001037
59,4096,0.000000974
60,4096,0.000001008
61,4096,0.000001052
62,4096,0.000000988
63,4096,0.000001028
64,4096,0.000001035
65,4096,0.000001105
66,4096,0.000000978
67,4096,0.000001045
68,4096,0.000001050
69,4096,0.000001112
70,4096,0.000001230
71,4096,0.000001042
72,4096,0.000000970
73,4096,0.000001215
74,4096,0.000001076
75,4096,0.000001038
76,4096,0.000000978
77,4096,0.000001109
78,4096,0.000001036
79,4096,0.000001125
80,4096,0.000001262
81,4096,0.000001081
82,4096,0.000001973
83,4096,0.000001070
84,4096,0.000001005
85,4096,0.000001041
86,4096,0.000001021
87,4096,0.000001092
88,4096,0.000001262
89,4096,0.000001065
90,4096,0.000001137
91,4096,0.000001061
92,4096,0.000001043
93,4096,0.000001089
94,4096,0.000001011
95,4096,0.000001029
96,4096,0.000001883
97,4096,0.000001121
98,4096,0.000001009
99,4096,0.000000987
100,4096,0.000001007
101,4096,0.000000983
102,4096,0.000000985
103,4096,0.000001048
104,4096,0.000001034
105,4096,0.000000991
106,4096,0.000000999
107,4096,0.000001066
108,4096,0.000001034
109,4096,0.000000987
110,4096,0.000001790
111,4096,0.000001088
112,4096,0.000001060
113,4096,0.000001001
114,4096,0.000001032
115,4096,0.000001019
116,4096,0.000001071
117,4096,0.000001067
118,4096,0.000001039
119,4096,0.000001071
120,4096,0.000001016
121,4096,0.000001058
122,4096,0.000001028
123,4096,0.000001031
124,4096,0.000001767
125,4096,0.000001121
126,4096,0.000000998
127,4096,0.000001044
128,4096,0.000001054
129,4096,0.000001008
130,4096,0.000001060
131,4096,0.000001010
132,4096,0.000001045
133,4096,0.000000987
134,4096,0.000001055
135,4096,0.000000977
136,4096,0.000000985
137,4096,0.000001000
138,4096,0.000008301
139,4096,0.000002366
140,4096,0.000001274
141,4096,0.000001108
142,4096,0.000001090
143,4096,0.000001062
144,4096,0.000001007
145,4096,0.000001071
146,4096,0.000001133
147,4096,0.000001063
148,4096,0.000001053
149,4096,0.000001019
150,4096,0.000001035
151,4096,0.000001089
152,4096,0.000000981
153,4096,0.000001055
154,4096,0.000001018
155,4096,0.000000999
156,4096,0.000001453
157,4096,0.000000988
158,4096,0.000001033
159,4096,0.000001017
160,4096,0.000001012
161,4096,0.000001894
162,4096,0.000001016
163,4096,0.000001067
164,4096,0.000000992
165,4096,0.000001021
166,4096,0.000000991
167,4096,0.000001047
168,4096,0.000001299
169,4096,0.000001014
170,4096,0.000000995
171,4096,0.000001004
172,4096,0.000000991
173,4096,0.000001049
174,4096,0.000000990
175,4096,0.000001805
176,4096,0.000001014
177,4096,0.000001102
178,4096,0.000001028
179,4096,0.000001052
180,4096,0.000001465
181,4096,0.000000998
182,4096,0.000000996
183,4096,0.000000993
184,4096,0.000000992
185,4096,0.000001007
186,4096,0.000001107
187,4096,0.000001198
188,4096,0.000001049
189,4096,0.000001770
190,4096,0.000001025
191,4096,0.000001030
192,4096,0.000001107
193,4096,0.000001025
194,4096,0.000001014
195,4096,0.000001048
196,4096,0.000001110
197,4096,0.000001428
198,4096,0.000001072
199,4096,0.000001044
200,4096,0.000001031
201,4096,0.000001056
202,4096,0.000001052
203,4096,0.000001840
204,4096,0.000001064
205,4096,0.000001203
206,4096,0.000001028
207,4096,0.000001073
208,4096,0.000001017
209,4096,0.000000992
210,4096,0.000000984
211,4096,0.000001007
212,4096,0.000000983
213,4096,0.000001032
214,4096,0.000001055
215,4096,0.000001012
216,4096,0.000001490
217,4096,0.000001750
218,4096,0.000001012
219,4096,0.000001036
220,4096,0.000000982
221,4096,0.000001001
222,4096,0.000001042
223,4096,0.000001089
224,4096,0.000001001
225,4096,0.000001075
226,4096,0.000001021
227,4096,0.000001064
228,4096,0.000001065
229,4096,0.000001081
230,4096,0.000001804
231,4096,0.000001257
232,4096,0.000001099
233,4096,0.000001033
234,4096,0.000001086
235,4096,0.000001009
236,4096,0.000001329
237,4096,0.000001053
238,4096,0.000001019
239,4096,0.000001059
240,4096,0.000001075
241,4096,0.000001011
242,4096,0.000001099
243,4096,0.000001001
244,4096,0.000001790
245,4096,0.000001037
246,4096,0.000001028
247,4096,0.000001064
248,4096,0.000001115
249,4096,0.000001005
250,4096,0.000001058
251,4096,0.000001104
252,4096,0.000001018
253,4096,0.000000985
254,4096,0.000001157
255,4096,0.000000986
256,4096,0.000001052
257,4096,0.000001179
258,4096,0.000001782
259,4096,0.000001108
260,4096,0.000001024
261,4096,0.000001041
262,4096,0.000001006
263,4096,0.000001032
264,4096,0.000001038
265,4096,0.000001082
266,4096,0.000001052
267,4096,0.000001158
268,4096,0.000001016
269,4096,0.000001073
270,4096,0.000001063
271,4096,0.000001787
272,4096,0.000001085
273,4096,0.000001012
274,4096,0.000001041
275,4096,0.000001034
276,4096,0.000001017
277,4096,0.000001028
278,4096,0.000000994
279,4096,0.000001045
280,4096,0.000001026
281,4096,0.000001028
282,4096,0.000001104
283,4096,0.000001006
284,4096,0.000000996
285,4096,0.000001011
286,4096,0.000001767
287,4096,0.000001063
288,4096,0.000001004
289,4096,0.000001036
290,4096,0.000001022
291,4096,0.000001060
292,4096,0.000001106
293,4096,0.000001018
294,4096,0.000001113
295,4096,0.000001095
296,4096,0.000001084
297,4096,0.000001094
298,4096,0.000001074
299,4096,0.000001820
300,4096,0.000001230
301,4096,0.000001100
302,4096,0.000001005
303,4096,0.000001136
304,4096,0.000001075
305,4096,0.000001053
306,4096,0.000001055
307,4096,0.000000998
308,4096,0.000001235
309,4096,0.000001008
310,4096,0.000001002
311,4096,0.000001089
312,4096,0.000001023
313,4096,0.000001771
314,4096,0.000001125
315,4096,0.000001069
316,4096,0.000001075
317,4096,0.000001022
318,4096,0.000001004
319,4096,0.000001048
320,4096,0.000001241
321,4096,0.000001073
322,4096,0.000000992
323,4096,0.000001018
324,4096,0.000000984
325,4096,0.000001063
326,4096,0.000001012
327,4096,0.000001829
328,4096,0.000001117
329,4096,0.000001091
330,4096,0.000001011
331,4096,0.000001084
332,4096,0.000001068
333,4096,0.000001096
334,4096,0.000001014
335,4096,0.000001128
336,4096,0.000001129
337,4096,0.000001114
338,4096,0.000001076
339,4096,0.000001035
340,4096,0.000002026
341,4096,0.000001109
342,4096,0.000001024
343,4096,0.000001011
344,4096,0.000001056
345,4096,0.000001029
346,4096,0.000001017
347,4096,0.000001027
348,4096,0.000001057
349,4096,0.000001102
350,4096,0.000001021
351,4096,0.000001011
352,4096,0.000000997
353,4096,0.000001045
354,4096,0.000001746
355,4096,0.000001054
356,4096,0.000001094
357,4096,0.000001021
358,4096,0.000001012
359,4096,0.000000988
360,4096,0.000001006
361,4096,0.000001009
362,4096,0.000001053
363,4096,0.000001153
364,4096,0.000001091
365,4096,0.000001052
366,4096,0.000001026
367,4096,0.000001059
368,4096,0.000001800
369,4096,0.000001074
370,4096,0.000001071
371,4096,0.000001107
372,4096,0.000001091
373,4096,0.000001074
374,4096,0.000001066
375,4096,0.000000983
376,4096,0.000001057
377,4096,0.000001061
378,4096,0.000001065
379,4096,0.000001049
380,4096,0.000001053
381,4096,0.000001053
382,4096,0.000001771
383,4096,0.000001419
384,4096,0.000001090
385,4096,0.000001000
386,4096,0.000001024
387,4096,0.000001020
388,4096,0.000001041
389,4096,0.000001058
390,4096,0.000001093
391,4096,0.000000999
392,4096,0.000001008
393,4096,0.000001053
394,4096,0.000001073
395,4096,0.000001022
396,4096,0.000001775
397,4096,0.000001076
398,4096,0.000001096
399,4096,0.000001030
400,4096,0.000001049
401,4096,0.000001078
402,4096,0.000001323
403,4096,0.000001106
404,4096,0.000001008
405,4096,0.000001057
406,4096,0.000001105
407,4096,0.000001002
408,4096,0.000001064
409,4096,0.000001790
410,4096,0.000001511
411,4096,0.000001080
412,4096,0.000001052
413,4096,0.000001037
414,4096,0.000000987
415,4096,0.000001006
416,4096,0.000001089
417,4096,0.000001000
418,4096,0.000000993
419,4096,0.000001055
420,4096,0.000001046
421,4096,0.000001043
422,4096,0.000001065
423,4096,0.000001753
424,4096,0.000001036
425,4096,0.000001064
426,4096,0.000001012
427,4096,0.000001051
428,4096,0.000000988
429,4096,0.000001041
430,4096,0.000001017
431,4096,0.000001002
432,4096,0.000000995
433,4096,0.000001051
434,4096,0.000000991
435,4096,0.000001055
436,4096,0.000000997
437,4096,0.000001786
438,4096,0.000001105
439,4096,0.000001054
440,4096,0.000001016
441,4096,0.000001143
442,4096,0.000001038
443,4096,0.000001288
444,4096,0.000001131
445,4096,0.000001095
446,4096,0.000001014
447,4096,0.000001022
448,4096,0.000001019
449,4096,0.000001100
450,4096,0.000001049
451,4096,0.000001745
452,4096,0.000001020
453,4096,0.000001022
454,4096,0.000001007
455,4096,0.000001047
456,4096,0.000001027
457,4096,0.000001014
458,4096,0.000001020
459,4096,0.000001055
460,4096,0.000001014
461,4096,0.000001016
462,4096,0.000001044
463,4096,0.000001029
464,4096,0.000001042
465,4096,0.000002486
466,4096,0.000001680
467,4096,0.000001630
468,4096,0.000001586
469,4096,0.000001552
470,4096,0.000001571
471,4096,0.000001725
472,4096,0.000001600
473,4096,0.000015907
474,4096,0.000003210
475,4096,0.000001171
476,4096,0.000001036
477,4096,0.000001066
478,4096,0.000001068
479,4096,0.000001037
480,4096,0.000001032
481,4096,0.000001058
482,4096,0.000001086
483,4096,0.000001426
484,4096,0.000001079
485,4096,0.000001066
486,4096,0.000001218
487,4096,0.000001901
488,4096,0.000001141
489,4096,0.000001263
490,4096,0.000001016
491,4096,0.000001015
492,4096,0.000001084
493,4096,0.000001011
494,4096,0.000001029
495,4096,0.000001029
496,4096,0.000001075
497,4096,0.000001070
498,4096,0.000001017
499,4096,0.000001059
500,4096,0.000001128
501,4096,0.000001786
502,4096,0.000001089
503,4096,0.000001070
504,4096,0.000001046
505,4096,0.000001029
506,4096,0.000001055
507,4096,0.000001019
508,4096,0.000001151
509,4096,0.000001076
510,4096,0.000001054
511,4096,0.000001121
512,4096,0.000001209
513,4096,0.000001018
514,4096,0.000001804
515,4096,0.000001084
516,4096,0.000001089
517,4096,0.000001143
518,4096,0.000001035
519,4096,0.000001116
520,4096,0.000001071
521,4096,0.000001094
522,4096,0.000001053
523,4096,0.000001176
524,4096,0.000001089
525,4096,0.000001006
526,4096,0.000001075
527,4096,0.000001046
528,4096,0.000001798
529,4096,0.000001134
530,4096,0.000001004
531,4096,0.000001008
532,4096,0.000001777
533,4096,0.000001576
534,4096,0.000001849
535,4096,0.000001598
536,4096,0.000001653
537,4096,0.000002117
538,4096,0.000002451
539,4096,0.000001128
540,4096,0.000001057
541,4096,0.000001069
542,4096,0.000001021
543,4096,0.000001089
544,4096,0.000001023
545,4096,0.000001153
546,4096,0.000001144
547,4096,0.000013685
548,4096,0.000001114
549,4096,0.000001060
550,4096,0.000001040
551,4096,0.000001070
552,4096,0.000001911
553,4096,0.000001138
554,4096,0.000001055
555,4096,0.000001093
556,4096,0.000001060
557,4096,0.000001101
558,4096,0.000001052
559,4096,0.000001051
560,4096,0.000001115
561,4096,0.000001064
562,4096,0.000001133
563,4096,0.000001019
564,4096,0.000001064
565,4096,0.000001847
566,4096,0.000001137
567,4096,0.000001035
568,4096,0.000001002
569,4096,0.000001054
570,4096,0.000001113
571,4096,0.000001075
572,4096,0.000001051
573,4096,0.000001078
574,4096,0.000001035
575,4096,0.000001044
576,4096,0.000001016
577,4096,0.000001033
578,4096,0.000001077
579,4096,0.000001737
580,4096,0.000001012
581,4096,0.000001151
582,4096,0.000001041
583,4096,0.000001046
584,4096,0.000000992
585,4096,0.000001048
586,4096,0.000001043
587,4096,0.000000995
588,4096,0.000001043
589,4096,0.000000989
590,4096,0.000001079
591,4096,0.000001335
592,4096,0.000001123
593,4096,0.000001739
594,4096,0.000001092
595,4096,0.000001132
596,4096,0.000001015
597,4096,0.000001003
598,4096,0.000001001
599,4096,0.000001003
600,4096,0.000001117
601,4096,0.000001322
602,4096,0.000001074
603,4096,0.000001009
604,4096,0.000001060
605,4096,0.000001061
606,4096,0.000001733
607,4096,0.000001063
608,4096,0.000001019
609,4096,0.000000998
610,4096,0.000000992
611,4096,0.000000993
612,4096,0.000001000
613,4096,0.000001137
614,4096,0.000000988
615,4096,0.000001046
616,4096,0.000001057
617,4096,0.000001084
618,4096,0.000001035
619,4096,0.000000997
620,4096,0.000001066
621,4096,0.000001759
622,4096,0.000001066
623,4096,0.000001353
624,4096,0.000001053
625,4096,0.000001048
626,4096,0.000001059
627,4096,0.000000988
628,4096,0.000001175
629,4096,0.000001067
630,4096,0.000001083
631,4096,0.000001026
632,4096,0.000001074
633,4096,0.000001110
634,4096,0.000001767
635,4096,0.000001027
636,4096,0.000001071
637,4096,0.000001012
638,4096,0.000001043
639,4096,0.000001089
640,4096,0.000001126
641,4096,0.000001014
642,4096,0.000000994
643,4096,0.000001022
644,4096,0.000001059
645,4096,0.000001023
646,4096,0.000001002
647,4096,0.000001076
648,4096,0.000001759
649,4096,0.000001087
650,4096,0.000001029
651,4096,0.000001013
652,4096,0.000000993
653,4096,0.000001103
654,4096,0.000001337
655,4096,0.000001071
656,4096,0.000001040
657,4096,0.000001007
658,4096,0.000001069
659,4096,0.000001054
660,4096,0.000000998
661,4096,0.000001044
662,4096,0.000001802
663,4096,0.000001043
664,4096,0.000001022
665,4096,0.000000999
666,4096,0.000001234
667,4096,0.000001098
668,4096,0.000001017
669,4096,0.000000999
670,4096,0.000001007
671,4096,0.000001005
672,4096,0.000001072
673,4096,0.000000988
674,4096,0.000001022
675,4096,0.000001033
676,4096,0.000001779
677,4096,0.000001035
678,4096,0.000001034
679,4096,0.000001021
680,4096,0.000001021
681,4096,0.000000995
682,4096,0.000001010
683,4096,0.000000999
684,4096,0.000001012
685,4096,0.000001045
686,4096,0.000001009
687,4096,0.000000994
688,4096,0.000001114
689,4096,0.000001457
690,4096,0.000001764
691,4096,0.000001030
692,4096,0.000001014
693,4096,0.000001027
694,4096,0.000001032
695,4096,0.000001133
696,4096,0.000001119
697,4096,0.000001044
698,4096,0.000001038
699,4096,0.000000993
700,4096,0.000000996
701,4096,0.000001342
702,4096,0.000001040
703,4096,0.000001758
704,4096,0.000001075
705,4096,0.000001022
706,4096,0.000001006
707,4096,0.000001000
708,4096,0.000000997
709,4096,0.000000996
710,4096,0.000001023
711,4096,0.000001000
712,4096,0.000001030
713,4096,0.000001027
714,4096,0.000001010
715,4096,0.000000994
716,4096,0.000001042
717,4096,0.000001748
718,4096,0.000001012
719,4096,0.000001017
720,4096,0.000001009
721,4096,0.000000992
722,4096,0.000001002
723,4096,0.000001063
724,4096,0.000001018
725,4096,0.000000998
726,4096,0.000001022
727,4096,0.000001006
728,4096,0.000001052
729,4096,0.000001075
730,4096,0.000001016
731,4096,0.000001041
732,4096,0.000001729
733,4096,0.000001014
734,4096,0.000001097
735,4096,0.000000983
736,4096,0.000001053
737,4096,0.000000989
738,4096,0.000001058
739,4096,0.000001063
740,4096,0.000001117
741,4096,0.000001058
742,4096,0.000000993
743,4096,0.000001011
744,4096,0.000001017
745,4096,0.000001072
746,4096,0.000001747
747,4096,0.000001069
748,4096,0.000001006
749,4096,0.000001078
750,4096,0.000001000
751,4096,0.000001145
752,4096,0.000001070
753,4096,0.000001087
754,4096,0.000000989
755,4096,0.000000987
756,4096,0.000000988
757,4096,0.000001003
758,4096,0.000001053
759,4096,0.000001016
760,4096,0.000002059
761,4096,0.000001050
762,4096,0.000001029
763,4096,0.000001010
764,4096,0.000001096
765,4096,0.000000995
766,4096,0.000001148
767,4096,0.000000997
768,4096,0.000001009
769,4096,0.000001040
770,4096,0.000000981
771,4096,0.000001050
772,4096,0.000001021
773,4096,0.000001083
774,4096,0.000001762
775,4096,0.000001070
776,4096,0.000001016
777,4096,0.000001005
778,4096,0.000001058
779,4096,0.000001067
780,4096,0.000001054
781,4096,0.000000994
782,4096,0.000001066
783,4096,0.000001001
784,4096,0.000000998
785,4096,0.000001005
786,4096,0.000000986
787,4096,0.000001095
788,4096,0.000001767
789,4096,0.000001022
790,4096,0.000001061
791,4096,0.000000990
792,4096,0.000001166
793,4096,0.000001009
794,4096,0.000000987
795,4096,0.000001066
796,4096,0.000000987
797,4096,0.000000994
798,4096,0.000001060
799,4096,0.000001028
800,4096,0.000001041
801,4096,0.000001146
802,4096,0.000001728
803,4096,0.000001020
804,4096,0.000000987
805,4096,0.000001001
806,4096,0.000001002
807,4096,0.000001002
808,4096,0.000001012
809,4096,0.000000993
810,4096,0.000001065
811,4096,0.000001021
812,4096,0.000001009
813,4096,0.000001000
814,4096,0.000000991
815,4096,0.000001248
816,4096,0.000001864
817,4096,0.000001018
818,4096,0.000001042
819,4096,0.000001064
820,4096,0.000001069
821,4096,0.000001097
822,4096,0.000001048
823,4096,0.000000989
824,4096,0.000001054
825,4096,0.000001140
826,4096,0.000001064
827,4096,0.000001026
828,4096,0.000001018
829,4096,0.000001029
830,4096,0.000001786
831,4096,0.000001062
832,4096,0.000001070
833,4096,0.000001062
834,4096,0.000001077
835,4096,0.000001096
836,4096,0.000001053
837,4096,0.000001046
838,4096,0.000001058
839,4096,0.000001030
840,4096,0.000000995
841,4096,0.000001004
842,4096,0.000000991
843,4096,0.000001015
844,4096,0.000001798
845,4096,0.000001042
846,4096,0.000001032
847,4096,0.000001024
848,4096,0.000001021
849,4096,0.000001212
850,4096,0.000001030
851,4096,0.000001017
852,4096,0.000001012
853,4096,0.000001012
854,4096,0.000001003
855,4096,0.000000993
856,4096,0.000001021
857,4096,0.000001052
858,4096,0.000001766
859,4096,0.000001029
860,4096,0.000001001
861,4096,0.000001009
862,4096,0.000001035
863,4096,0.000001010
864,4096,0.000000998
865,4096,0.000001173
866,4096,0.000000991
867,4096,0.000001027
868,4096,0.000000992
869,4096,0.000001002
870,4096,0.000000999
871,4096,0.000001025
872,4096,0.000001730
873,4096,0.000001183
874,4096,0.000000986
875,4096,0.000000993
876,4096,0.000000991
877,4096,0.000001047
878,4096,0.000001048
879,4096,0.000001357
880,4096,0.000000981
881,4096,0.000001043
882,4096,0.000000982
883,4096,0.000000995
884,4096,0.000000987
885,4096,0.000001023
886,4096,0.000001763
887,4096,0.000001075
888,4096,0.000001077
889,4096,0.000001064
890,4096,0.000001070
891,4096,0.000000995
892,4096,0.000001071
893,4096,0.000001013
894,4096,0.000001013
895,4096,0.000000998
896,4096,0.000001104
897,4096,0.000001080
898,4096,0.000001156
899,4096,0.000001050
900,4096,0.000001816
901,4096,0.000001032
902,4096,0.000001014
903,4096,0.000001020
904,4096,0.000000983
905,4096,0.000001056
906,4096,0.000001039
907,4096,0.000001016
908,4096,0.000000999
909,4096,0.000001007
910,4096,0.000001031
911,4096,0.000001035
912,4096,0.000000979
913,4096,0.000001002
914,4096,0.000001740
915,4096,0.000001034
916,4096,0.000001010
917,4096,0.000001002
918,4096,0.000001001
919,4096,0.000001389
920,4096,0.000000998
921,4096,0.000000990
922,4096,0.000001012
923,4096,0.000001098
924,4096,0.000001066
925,4096,0.000001021
926,4096,0.000000988
927,4096,0.000001028
928,4096,0.000001817
929,4096,0.000001035
930,4096,0.000001034
931,4096,0.000001259
932,4096,0.000001025
933,4096,0.000001005
934,4096,0.000000995
935,4096,0.000001014
936,4096,0.000001000
937,4096,0.000001009
938,4096,0.000003620
939,4096,0.000003492
940,4096,0.000003268
941,4096,0.000002260
942,4096,0.000002132
943,4096,0.000002066
944,4096,0.000002092
945,4096,0.000002074
946,4096,0.000002857
947,4096,0.000002200
948,4096,0.000002169
949,4096,0.000002088
950,4096,0.000002065
951,4096,0.000002032
952,4096,0.000002073
953,4096,0.000002047
954,4096,0.000002121
955,4096,0.000002074
956,4096,0.000002917
957,4096,0.000002039
958,4096,0.000002222
959,4096,0.000002063
960,4096,0.000002516
961,4096,0.000013406
962,4096,0.000002343
963,4096,0.000002011
964,4096,0.000002224
965,4096,0.000002052
966,4096,0.000002054
967,4096,0.000003301
968,4096,0.000002065
969,4096,0.000002208
970,4096,0.000002121
971,4096,0.000002046
972,4096,0.000002170
973,4096,0.000002000
974,4096,0.000002071
975,4096,0.000002855
976,4096,0.000002017
977,4096,0.000002015
978,4096,0.000005044
979,4096,0.000002233
980,4096,0.000002845
981,4096,0.000002084
982,4096,0.000002053
983,4096,0.000002025
984,4096,0.000002056
985,4096,0.000002032
986,4096,0.000002056
987,4096,0.000002309
988,4096,0.000002828
989,4096,0.000002031
990,4096,0.000002041
991,4096,0.000002037
992,4096,0.000004415
993,4096,0.000002847
994,4096,0.000002076
995,4096,0.000002049
996,4096,0.000002048
997,4096,0.000002084
998,4096,0.000002018
999,4096,0.000001980
0,4352,0.000003418
1,4352,0.000001366
2,4352,0.000001249
3,4352,0.000001291
4,4352,0.000001257
5,4352,0.000001208
6,4352,0.000001213
7,4352,0.000001198
8,4352,0.000001389
9,4352,0.000001229
10,4352,0.000001225
11,4352,0.000001233
12,4352,0.000001283
13,4352,0.000001193
14,4352,0.000001223
15,4352,0.000001245
16,4352,0.000001293
17,4352,0.000001219
18,4352,0.000001287
19,4352,0.000001267
20,4352,0.000001289
21,4352,0.000001204
22,4352,0.000001211
23,4352,0.000001262
24,4352,0.000001444
25,4352,0.000001323
26,4352,0.000001230
27,4352,0.000001412
28,4352,0.000001248
29,4352,0.000001226
30,4352,0.000001197
31,4352,0.000001257
32,4352,0.000001225
33,4352,0.000001547
34,4352,0.000001207
35,4352,0.000001218
36,4352,0.000001237
37,4352,0.000001293
38,4352,0.000001246
39,4352,0.000001349
40,4352,0.000001210
41,4352,0.000001179
42,4352,0.000001264
43,4352,0.000001208
44,4352,0.000001202
45,4352,0.000001219
46,4352,0.000001221
47,4352,0.000001257
48,4352,0.000001419
49,4352,0.000001298
50,4352,0.000001251
51,4352,0.000001216
52,4352,0.000001235
53,4352,0.000001227
54,4352,0.000001604
55,4352,0.000001278
56,4352,0.000001255
57,4352,0.000001254
58,4352,0.000001268
59,4352,0.000001311
60,4352,0.000001251
61,4352,0.000001273
62,4352,0.000002172
63,4352,0.000001248
64,4352,0.000001279
65,4352,0.000001222
66,4352,0.000001195
67,4352,0.000001220
68,4352,0.000001235
69,4352,0.000001233
70,4352,0.000001263
71,4352,0.000001200
72,4352,0.000001303
73,4352,0.000001518
74,4352,0.000001215
75,4352,0.000001249
76,4352,0.000001232
77,4352,0.000001296
78,4352,0.000002006
79,4352,0.000001302
80,4352,0.000001286
81,4352,0.000001738
82,4352,0.000001250
83,4352,0.000001234
84,4352,0.000001511
85,4352,0.000001553
86,4352,0.000001246
87,4352,0.000001259
88,4352,0.000001186
89,4352,0.000001202
90,4352,0.000001234
91,4352,0.000001279
92,4352,0.000001232
93,4352,0.000001193
94,4352,0.000001226
95,4352,0.000001213
96,4352,0.000002061
97,4352,0.000001319
98,4352,0.000001281
99,4352,0.000001182
100,4352,0.000001586
101,4352,0.000002202
102,4352,0.000001890
103,4352,0.000001946
104,4352,0.000001752
105,4352,0.000002274
106,4352,0.000001948
107,4352,0.000016422
108,4352,0.000001891
109,4352,0.000001927
110,4352,0.000001352
111,4352,0.000001314
112,4352,0.000001384
113,4352,0.000001281
114,4352,0.000001265
115,4352,0.000001543
116,4352,0.000001303
117,4352,0.000001329
118,4352,0.000001236
119,4352,0.000001236
120,4352,0.000001278
121,4352,0.000001212
122,4352,0.000001276
123,4352,0.000001253
124,4352,0.000001507
125,4352,0.000001239
126,4352,0.000001294
127,4352,0.000001223
128,4352,0.000001318
129,4352,0.000001231
130,4352,0.000001238
131,4352,0.000001252
132,4352,0.000001262
133,4352,0.000001232
134,4352,0.000001233
135,4352,0.000001245
136,4352,0.000001350
137,4352,0.000001284
138,4352,0.000001253
139,4352,0.000001486
140,4352,0.000001556
141,4352,0.000001277
142,4352,0.000001265
143,4352,0.000001281
144,4352,0.000001326
145,4352,0.000001255
146,4352,0.000001482
147,4352,0.000001234
148,4352,0.000001285
149,4352,0.000001463
150,4352,0.000001250
151,4352,0.000001279
152,4352,0.000001272
153,4352,0.000001358
154,4352,0.000001229
155,4352,0.000001239
156,4352,0.000001224
157,4352,0.000001296
158,4352,0.000001296
159,4352,0.000001335
160,4352,0.000001818
161,4352,0.000001953
162,4352,0.000002025
163,4352,0.000001969
164,4352,0.000002148
165,4352,0.000002009
166,4352,0.000001280
167,4352,0.000001227
168,4352,0.000001225
169,4352,0.000001263
170,4352,0.000001281
171,4352,0.000001203
172,4352,0.000001201
173,4352,0.000001213
174,4352,0.000014234
175,4352,0.000001322
176,4352,0.000001237
177,4352,0.000001274
178,4352,0.000001277
179,4352,0.000001223
180,4352,0.000001310
181,4352,0.000001301
182,4352,0.000001195
183,4352,0.000001231
184,4352,0.000001285
185,4352,0.000001476
186,4352,0.000001353
187,4352,0.000001218
188,4352,0.000001262
189,4352,0.000001292
190,4352,0.000001211
191,4352,0.000001425
192,4352,0.000001511
193,4352,0.000001257
194,4352,0.000001247
195,4352,0.000001193
196,4352,0.000001227
197,4352,0.000001209
198,4352,0.000001194
199,4352,0.000001196
200,4352,0.000001303
201,4352,0.000001235
202,4352,0.000001189
203,4352,0.000001335
204,4352,0.000001259
205,4352,0.000001185
206,4352,0.000001198
207,4352,0.000001241
208,4352,0.000001243
209,4352,0.000001324
210,4352,0.000001193
211,4352,0.000001376
212,4352,0.000001230
213,4352,0.000001310
214,4352,0.000001281
215,4352,0.000001615
216,4352,0.000001230
217,4352,0.000001271
218,4352,0.000001376
219,4352,0.000001223
220,4352,0.000001258
221,4352,0.000001347
222,4352,0.000001259
223,4352,0.000001195
224,4352,0.000001477
225,4352,0.000001185
226,4352,0.000001258
227,4352,0.000001298
228,4352,0.000001223
229,4352,0.000002534
230,4352,0.000001300
231,4352,0.000001256
232,4352,0.000001262
233,4352,0.000001228
234,4352,0.000001171
235,4352,0.000001234
236,4352,0.000001231
237,4352,0.000001253
238,4352,0.000001205
239,4352,0.000001353
240,4352,0.000001336
241,4352,0.000001465
242,4352,0.000001223
243,4352,0.000001965
244,4352,0.000001265
245,4352,0.000001270
246,4352,0.000001243
247,4352,0.000001205
248,4352,0.000001226
249,4352,0.000001215
250,4352,0.000001244
251,4352,0.000001299
252,4352,0.000001234
253,4352,0.000001291
254,4352,0.000001296
255,4352,0.000002246
256,4352,0.000001280
257,4352,0.000001254
258,4352,0.000001245
259,4352,0.000001222
260,4352,0.000001270
261,4352,0.000001220
262,4352,0.000001215
263,4352,0.000001212
264,4352,0.000001239
265,4352,0.000001288
266,4352,0.000001210
267,4352,0.000001923
268,4352,0.000001245
269,4352,0.000001304
270,4352,0.000001259
271,4352,0.000001234
272,4352,0.000001245
273,4352,0.000001293
274,4352,0.000001321
275,4352,0.000001218
276,4352,0.000001285
277,4352,0.000001661
278,4352,0.000002066
279,4352,0.000001307
280,4352,0.000001256
281,4352,0.000001206
282,4352,0.000001289
283,4352,0.000001295
284,4352,0.000001196
285,4352,0.000001336
286,4352,0.000001288
287,4352,0.000001310
288,4352,0.000001370
289,4352,0.000002198
290,4352,0.000001283
291,4352,0.000001229
292,4352,0.000001326
293,4352,0.000001258
294,4352,0.000001242
295,4352,0.000001495
296,4352,0.000001254
297,4352,0.000001250
298,4352,0.000001171
299,4352,0.000001216
300,4352,0.000001318
301,4352,0.000002023
302,4352,0.000001271
303,4352,0.000001220
304,4352,0.000001235
305,4352,0.000001319
306,4352,0.000001200
307,4352,0.000001282
308,4352,0.000001323
309,4352,0.000001255
310,4352,0.000001263
311,4352,0.000001292
312,4352,0.000002072
313,4352,0.000001301
314,4352,0.000001227
315,4352,0.000001421
316,4352,0.000001341
317,4352,0.000001429
318,4352,0.000001312
319,4352,0.000001339
320,4352,0.000001449
321,4352,0.000001210
322,4352,0.000001232
323,4352,0.000002293
324,4352,0.000001322
325,4352,0.000001206
326,4352,0.000001223
327,4352,0.000001548
328,4352,0.000001356
329,4352,0.000001199
330,4352,0.000001232
331,4352,0.000001246
332,4352,0.000001251
333,4352,0.000001227
334,4352,0.000001316
335,4352,0.000002095
336,4352,0.000001295
337,4352,0.000001202
338,4352,0.000001213
339,4352,0.000001234
340,4352,0.000001485
341,4352,0.000001229
342,4352,0.000001206
343,4352,0.000001227
344,4352,0.000001223
345,4352,0.000001305
346,4352,0.000002009
347,4352,0.000001281
348,4352,0.000001266
349,4352,0.000001235
350,4352,0.000001429
351,4352,0.000001299
352,4352,0.000001304
353,4352,0.000001259
354,4352,0.000001230
355,4352,0.000001267
356,4352,0.000001330
357,4352,0.000001308
358,4352,0.000002001
359,4352,0.000001257
360,4352,0.000001274
361,4352,0.000001273
362,4352,0.000001203
363,4352,0.000001320
364,4352,0.000001283
365,4352,0.000001260
366,4352,0.000001266
367,4352,0.000001285
368,4352,0.000001300
369,4352,0.000002006
370,4352,0.000001253
371,4352,0.000001236
372,4352,0.000001228
373,4352,0.000001259
374,4352,0.000001261
375,4352,0.000001217
376,4352,0.000001236
377,4352,0.000001286
378,4352,0.000001272
379,4352,0.000001275
380,4352,0.000001214
381,4352,0.000001985
382,4352,0.000001397
383,4352,0.000001206
384,4352,0.000001302
385,4352,0.000001341
386,4352,0.000001313
387,4352,0.000001284
388,4352,0.000001270
389,4352,0.000001282
390,4352,0.000001199
391,4352,0.000001320
392,4352,0.000001993
393,4352,0.000001218
394,4352,0.000001179
395,4352,0.000001283
396,4352,0.000001232
397,4352,0.000001211
398,4352,0.000001204
399,4352,0.000001189
400,4352,0.000001229
401,4352,0.000001271
402,4352,0.000001234
403,4352,0.000001259
404,4352,0.000001999
405,4352,0.000001330
406,4352,0.000001263
407,4352,0.000001251
408,4352,0.000001212
409,4352,0.000001580
410,4352,0.000001184
411,4352,0.000001208
412,4352,0.000001296
413,4352,0.000001218
414,4352,0.000001286
415,4352,0.000001625
416,4352,0.000002108
417,4352,0.000001349
418,4352,0.000001314
419,4352,0.000001220
420,4352,0.000001334
421,4352,0.000001287
422,4352,0.000001269
423,4352,0.000001619
424,4352,0.000001187
425,4352,0.000001178
426,4352,0.000001222
427,4352,0.000001954
428,4352,0.000001318
429,4352,0.000001245
430,4352,0.000001203
431,4352,0.000001246
432,4352,0.000001348
433,4352,0.000001266
434,4352,0.000001289
435,4352,0.000001214
436,4352,0.000001490
437,4352,0.000001216
438,4352,0.000002077
439,4352,0.000001226
440,4352,0.000001188
441,4352,0.000001270
442,4352,0.000001248
443,4352,0.000001183
444,4352,0.000001219
445,4352,0.000001213
446,4352,0.000001192
447,4352,0.000001176
448,4352,0.000001263
449,4352,0.000001249
450,4352,0.000001964
451,4352,0.000001277
452,4352,0.000001244
453,4352,0.000001263
454,4352,0.000001251
455,4352,0.000001248
456,4352,0.000001551
457,4352,0.000001333
458,4352,0.000001221
459,4352,0.000001248
460,4352,0.000001265
461,4352,0.000001921
462,4352,0.000001227
463,4352,0.000001399
464,4352,0.000001217
465,4352,0.000001210
466,4352,0.000001461
467,4352,0.000001245
468,4352,0.000001277
469,4352,0.000001225
470,4352,0.000001331
471,4352,0.000001203
472,4352,0.000001927
473,4352,0.000001307
474,4352,0.000001219
475,4352,0.000001193
476,4352,0.000001181
477,4352,0.000001226
478,4352,0.000001333
479,4352,0.000001289
480,4352,0.000001345
481,4352,0.000001408
482,4352,0.000001548
483,4352,0.000001245
484,4352,0.000001282
485,4352,0.000001302
486,4352,0.000001276
487,4352,0.000001287
488,4352,0.000001226
489,4352,0.000001237
490,4352,0.000001249
491,4352,0.000002005
492,4352,0.000001243
493,4352,0.000010155
494,4352,0.000001478
495,4352,0.000001307
496,4352,0.000002559
497,4352,0.000001286
498,4352,0.000001240
499,4352,0.000001274
500,4352,0.000001294
501,4352,0.000001296
502,4352,0.000001265
503,4352,0.000001229
504,4352,0.000001191
505,4352,0.000001299
506,4352,0.000001208
507,4352,0.000001232
508,4352,0.000001973
509,4352,0.000001219
510,4352,0.000001223
511,4352,0.000001205
512,4352,0.000001232
513,4352,0.000001328
514,4352,0.000001200
515,4352,0.000001497
516,4352,0.000001306
517,4352,0.000001307
518,4352,0.000001304
519,4352,0.000002034
520,4352,0.000001355
521,4352,0.000001302
522,4352,0.000024264
523,4352,0.000002529
524,4352,0.000001863
525,4352,0.000001265
526,4352,0.000001260
527,4352,0.000001246
528,4352,0.000001551
529,4352,0.000001242
530,4352,0.000001307
531,4352,0.000001353
532,4352,0.000002452
533,4352,0.000001405
534,4352,0.000001289
535,4352,0.000001233
536,4352,0.000001317
537,4352,0.000014162
538,4352,0.000001193
539,4352,0.000001237
540,4352,0.000001208
541,4352,0.000001543
542,4352,0.000001221
543,4352,0.000001304
544,4352,0.000002050
545,4352,0.000001301
546,4352,0.000001264
547,4352,0.000001266
548,4352,0.000001289
549,4352,0.000001244
550,4352,0.000001257
551,4352,0.000001242
552,4352,0.000001186
553,4352,0.000001236
554,4352,0.000001189
555,4352,0.000001269
556,4352,0.000002092
557,4352,0.000001361
558,4352,0.000001206
559,4352,0.000001308
560,4352,0.000001329
561,4352,0.000001307
562,4352,0.000001279
563,4352,0.000001255
564,4352,0.000001412
565,4352,0.000001268
566,4352,0.000001300
567,4352,0.000002007
568,4352,0.000001251
569,4352,0.000001558
570,4352,0.000001222
571,4352,0.000001443
572,4352,0.000001295
573,4352,0.000001230
574,4352,0.000001257
575,4352,0.000001226
576,4352,0.000001336
577,4352,0.000001228
578,4352,0.000002061
579,4352,0.000001311
580,4352,0.000001246
581,4352,0.000001249
582,4352,0.000001198
583,4352,0.000001265
584,4352,0.000001258
585,4352,0.000001250
586,4352,0.000001197
587,4352,0.000001230
588,4352,0.000001340
589,4352,0.000001310
590,4352,0.000001994
591,4352,0.000001343
592,4352,0.000001327
593,4352,0.000001237
594,4352,0.000001256
595,4352,0.000001329
596,4352,0.000001238
597,4352,0.000001223
598,4352,0.000001267
599,4352,0.000001220
600,4352,0.000001258
601,4352,0.000001992
602,4352,0.000001422
603,4352,0.000001220
604,4352,0.000001240
605,4352,0.000001392
606,4352,0.000001269
607,4352,0.000001266
608,4352,0.000001325
609,4352,0.000001269
610,4352,0.000001268
611,4352,0.000001242
612,4352,0.000001324
613,4352,0.000001964
614,4352,0.000001342
615,4352,0.000001245
616,4352,0.000001591
617,4352,0.000001278
618,4352,0.000001195
619,4352,0.000001270
620,4352,0.000001283
621,4352,0.000001211
622,4352,0.000001373
623,4352,0.000001277
624,4352,0.000001996
625,4352,0.000001431
626,4352,0.000001276
627,4352,0.000001239
628,4352,0.000001298
629,4352,0.000001245
630,4352,0.000001217
631,4352,0.000001211
632,4352,0.000001301
633,4352,0.000001223
634,4352,0.000001224
635,4352,0.000001935
636,4352,0.000001327
637,4352,0.000001286
638,4352,0.000001237
639,4352,0.000001244
640,4352,0.000001280
641,4352,0.000001229
642,4352,0.000001226
643,4352,0.000001207
644,4352,0.000001306
645,4352,0.000001397
646,4352,0.000001252
647,4352,0.000002042
648,4352,0.000001346
649,4352,0.000001268
650,4352,0.000001251
651,4352,0.000001230
652,4352,0.000001342
653,4352,0.000001252
654,4352,0.000001291
655,4352,0.000001523
656,4352,0.000001247
657,4352,0.000001261
658,4352,0.000001996
659,4352,0.000001280
660,4352,0.000001330
661,4352,0.000001229
662,4352,0.000001223
663,4352,0.000001577
664,4352,0.000001205
665,4352,0.000001187
666,4352,0.000001182
667,4352,0.000001188
668,4352,0.000001230
669,4352,0.000001246
670,4352,0.000001962
671,4352,0.000001316
672,4352,0.000001247
673,4352,0.000001236
674,4352,0.000001212
675,4352,0.000001243
676,4352,0.000001231
677,4352,0.000001226
678,4352,0.000001201
679,4352,0.000001209
680,4352,0.000001234
681,4352,0.000001256
682,4352,0.000001951
683,4352,0.000001276
684,4352,0.000001210
685,4352,0.000001278
686,4352,0.000001248
687,4352,0.000001235
688,4352,0.000001200
689,4352,0.000001206
690,4352,0.000001218
691,4352,0.000001210
692,4352,0.000001274
693,4352,0.000001983
694,4352,0.000001301
695,4352,0.000001263
696,4352,0.000001279
697,4352,0.000001218
698,4352,0.000001182
699,4352,0.000001194
700,4352,0.000001225
701,4352,0.000001324
702,4352,0.000001269
703,4352,0.000001245
704,4352,0.000001289
705,4352,0.000002214
706,4352,0.000001280
707,4352,0.000001222
708,4352,0.000001331
709,4352,0.000001268
710,4352,0.000001195
711,4352,0.000001196
712,4352,0.000001259
713,4352,0.000001333
714,4352,0.000001226
715,4352,0.000001272
716,4352,0.000002039
717,4352,0.000001270
718,4352,0.000001209
719,4352,0.000001354
720,4352,0.000001295
721,4352,0.000001207
722,4352,0.000001182
723,4352,0.000001244
724,4352,0.000001235
725,4352,0.000001253
726,4352,0.000001337
727,4352,0.000001274
728,4352,0.000002041
729,4352,0.000001316
730,4352,0.000001216
731,4352,0.000001278
732,4352,0.000001291
733,4352,0.000001272
734,4352,0.000001263
735,4352,0.000001283
736,4352,0.000001310
737,4352,0.000001268
738,4352,0.000001198
739,4352,0.000001269
740,4352,0.000002005
741,4352,0.000001611
742,4352,0.000001367
743,4352,0.000001390
744,4352,0.000001298
745,4352,0.000001461
746,4352,0.000001449
747,4352,0.000001313
748,4352,0.000001288
749,4352,0.000001315
750,4352,0.000002045
751,4352,0.000001368
752,4352,0.000001307
753,4352,0.000001268
754,4352,0.000001192
755,4352,0.000001312
756,4352,0.000001232
757,4352,0.000001223
758,4352,0.000001482
759,4352,0.000001269
760,4352,0.000001192
761,4352,0.000001207
762,4352,0.000001938
763,4352,0.000001272
764,4352,0.000001201
765,4352,0.000001223
766,4352,0.000001204
767,4352,0.000001552
768,4352,0.000001466
769,4352,0.000001280
770,4352,0.000001204
771,4352,0.000001213
772,4352,0.000001239
773,4352,0.000002038
774,4352,0.000001266
775,4352,0.000001253
776,4352,0.000001276
777,4352,0.000001199
778,4352,0.000001245
779,4352,0.000001179
780,4352,0.000001246
781,4352,0.000001440
782,4352,0.000001224
783,4352,0.000001276
784,4352,0.000001308
785,4352,0.000001980
786,4352,0.000001331
787,4352,0.000001235
788,4352,0.000001333
789,4352,0.000001270
790,4352,0.000001317
791,4352,0.000001183
792,4352,0.000001251
793,4352,0.000001240
794,4352,0.000001195
795,4352,0.000001205
796,4352,0.000002070
797,4352,0.000001307
798,4352,0.000001286
799,4352,0.000001336
800,4352,0.000001248
801,4352,0.000001261
802,4352,0.000001266
803,4352,0.000001206
804,4352,0.000001316
805,4352,0.000001312
806,4352,0.000001261
807,4352,0.000001230
808,4352,0.000002196
809,4352,0.000001330
810,4352,0.000001212
811,4352,0.000001278
812,4352,0.000001210
813,4352,0.000001254
814,4352,0.000001323
815,4352,0.000001189
816,4352,0.000001246
817,4352,0.000001249
818,4352,0.000001544
819,4352,0.000002960
820,4352,0.000002064
821,4352,0.000001881
822,4352,0.000002054
823,4352,0.000002096
824,4352,0.000016428
825,4352,0.000001972
826,4352,0.000001809
827,4352,0.000002434
828,4352,0.000001360
829,4352,0.000001285
830,4352,0.000001270
831,4352,0.000001286
832,4352,0.000001356
833,4352,0.000001240
834,4352,0.000001279
835,4352,0.000001321
836,4352,0.000001397
837,4352,0.000001337
838,4352,0.000001244
839,4352,0.000001333
840,4352,0.000001223
841,4352,0.000001313
842,4352,0.000001206
843,4352,0.000001277
844,4352,0.000001287
845,4352,0.000001286
846,4352,0.000001255
847,4352,0.000001332
848,4352,0.000001286
849,4352,0.000001266
850,4352,0.000001281
851,4352,0.000001252
852,4352,0.000001281
853,4352,0.000002086
854,4352,0.000001306
855,4352,0.000001270
856,4352,0.000001276
857,4352,0.000001233
858,4352,0.000001221
859,4352,0.000001204
860,4352,0.000001215
861,4352,0.000001268
862,4352,0.000001251
863,4352,0.000001270
864,4352,0.000001345
865,4352,0.000001421
866,4352,0.000001237
867,4352,0.000001262
868,4352,0.000001311
869,4352,0.000001471
870,4352,0.000001314
871,4352,0.000002030
872,4352,0.000001279
873,4352,0.000001212
874,4352,0.000001398
875,4352,0.000001251
876,4352,0.000001678
877,4352,0.000002008
878,4352,0.000002049
879,4352,0.000001860
880,4352,0.000001978
881,4352,0.000001963
882,4352,0.000001349
883,4352,0.000001294
884,4352,0.000001301
885,4352,0.000001246
886,4352,0.000001292
887,4352,0.000001336
888,4352,0.000001288
889,4352,0.000002282
890,4352,0.000001396
891,4352,0.000013990
892,4352,0.000001373
893,4352,0.000001312
894,4352,0.000001243
895,4352,0.000001294
896,4352,0.000001295
897,4352,0.000001267
898,4352,0.000001524
899,4352,0.000001201
900,4352,0.000001350
901,4352,0.000001221
902,4352,0.000001255
903,4352,0.000001284
904,4352,0.000001415
905,4352,0.000002364
906,4352,0.000001282
907,4352,0.000001392
908,4352,0.000001319
909,4352,0.000001244
910,4352,0.000001265
911,4352,0.000001268
912,4352,0.000001403
913,4352,0.000001611
914,4352,0.000001293
915,4352,0.000001233
916,4352,0.000001337
917,4352,0.000001218
918,4352,0.000001267
919,4352,0.000001206
920,4352,0.000001263
921,4352,0.000001254
922,4352,0.000001650
923,4352,0.000001303
924,4352,0.000001249
925,4352,0.000002075
926,4352,0.000001300
927,4352,0.000001426
928,4352,0.000001380
929,4352,0.000001313
930,4352,0.000001298
931,4352,0.000001266
932,4352,0.000001290
933,4352,0.000001227
934,4352,0.000001312
935,4352,0.000001358
936,4352,0.000001250
937,4352,0.000001211
938,4352,0.000001323
939,4352,0.000001307
940,4352,0.000001293
941,4352,0.000006028
942,4352,0.000002538
943,4352,0.000002257
944,4352,0.000003446
945,4352,0.000002395
946,4352,0.000002349
947,4352,0.000002336
948,4352,0.000002510
949,4352,0.000002606
950,4352,0.000002303
951,4352,0.000002341
952,4352,0.000003923
953,4352,0.000002440
954,4352,0.000002432
955,4352,0.000002355
956,4352,0.000002380
957,4352,0.000005302
958,4352,0.000002337
959,4352,0.000002775
960,4352,0.000003619
961,4352,0.000002491
962,4352,0.000002440
963,4352,0.000003516
964,4352,0.000002533
965,4352,0.000002497
966,4352,0.000002352
967,4352,0.000002331
968,4352,0.000002323
969,4352,0.000002314
970,4352,0.000002360
971,4352,0.000002331
972,4352,0.000002345
973,4352,0.000002362
974,4352,0.000002278
975,4352,0.000002471
976,4352,0.000003461
977,4352,0.000002717
978,4352,0.000002453
979,4352,0.000002414
980,4352,0.000002458
981,4352,0.000002511
982,4352,0.000002455
983,4352,0.000002362
984,4352,0.000002373
985,4352,0.000002680
986,4352,0.000004931
987,4352,0.000002686
988,4352,0.000002376
989,4352,0.000003000
990,4352,0.000002588
991,4352,0.000002411
992,4352,0.000003483
993,4352,0.000002433
994,4352,0.000002408
995,4352,0.000002474
996,4352,0.000002464
997,4352,0.000002390
998,4352,0.000002406
999,4352,0.000002599
0,4608,0.000002001
1,4608,0.000001693
2,4608,0.000001590
3,4608,0.000001316
4,4608,0.000001231
5,4608,0.000001204
6,4608,0.000001261
7,4608,0.000001272
8,4608,0.000001474
9,4608,0.000001307
10,4608,0.000001334
11,4608,0.000001262
12,4608,0.000001212
13,4608,0.000001277
14,4608,0.000001430
15,4608,0.000001352
16,4608,0.000001315
17,4608,0.000001524
18,4608,0.000001392
19,4608,0.000001442
20,4608,0.000001359
21,4608,0.000001228
22,4608,0.000001591
23,4608,0.000001259
24,4608,0.000001351
25,4608,0.000001252
26,4608,0.000001348
27,4608,0.000001303
28,4608,0.000001283
29,4608,0.000001250
30,4608,0.000001224
31,4608,0.000001347
32,4608,0.000001274
33,4608,0.000001218
34,4608,0.000001251
35,4608,0.000001362
36,4608,0.000001270
37,4608,0.000001307
38,4608,0.000001292
39,4608,0.000001300
40,4608,0.000001464
41,4608,0.000001257
42,4608,0.000001259
43,4608,0.000001445
44,4608,0.000001781
45,4608,0.000001203
46,4608,0.000001217
47,4608,0.000001282
48,4608,0.000001320
49,4608,0.000001258
50,4608,0.000001241
51,4608,0.000001341
52,4608,0.000001371
53,4608,0.000001213
54,4608,0.000001258
55,4608,0.000001256
56,4608,0.000001457
57,4608,0.000001340
58,4608,0.000001256
59,4608,0.000001241
60,4608,0.000001507
61,4608,0.000001354
62,4608,0.000001295
63,4608,0.000001201
64,4608,0.000001403
65,4608,0.000001307
66,4608,0.000001294
67,4608,0.000001250
68,4608,0.000001302
69,4608,0.000001328
70,4608,0.000015976
71,4608,0.000001492
72,4608,0.000001387
73,4608,0.000001293
74,4608,0.000001320
75,4608,0.000001352
76,4608,0.000001466
77,4608,0.000001428
78,4608,0.000001658
79,4608,0.000001333
80,4608,0.000001430
81,4608,0.000001359
82,4608,0.000001429
83,4608,0.000001284
84,4608,0.000001239
85,4608,0.000001417
86,4608,0.000001400
87,4608,0.000001329
88,4608,0.000001294
89,4608,0.000001247
90,4608,0.000001260
91,4608,0.000001248
92,4608,0.000001283
93,4608,0.000001263
94,4608,0.000001287
95,4608,0.000001309
96,4608,0.000001302
97,4608,0.000001270
98,4608,0.000001417
99,4608,0.000001315
100,4608,0.000001272
101,4608,0.000001355
102,4608,0.000001307
103,4608,0.000001377
104,4608,0.000001420
105,4608,0.000001601
106,4608,0.000001288
107,4608,0.000001371
108,4608,0.000001297
109,4608,0.000001523
110,4608,0.000001300
111,4608,0.000001368
112,4608,0.000001724
113,4608,0.000001507
114,4608,0.000001306
115,4608,0.000001297
116,4608,0.000001241
117,4608,0.000001317
118,4608,0.000001284
119,4608,0.000001340
120,4608,0.000001342
121,4608,0.000001445
122,4608,0.000001343
123,4608,0.000001359
124,4608,0.000001301
125,4608,0.000001237
126,4608,0.000001246
127,4608,0.000001326
128,4608,0.000001495
129,4608,0.000001423
130,4608,0.000001268
131,4608,0.000001386
132,4608,0.000001351
133,4608,0.000001346
134,4608,0.000001333
135,4608,0.000001401
136,4608,0.000001663
137,4608,0.000001491
138,4608,0.000001389
139,4608,0.000001328
140,4608,0.000001235
141,4608,0.000001571
142,4608,0.000001254
143,4608,0.000001412
144,4608,0.000001807
145,4608,0.000001284
146,4608,0.000001308
147,4608,0.000001244
148,4608,0.000001359
149,4608,0.000001340
150,4608,0.000001265
151,4608,0.000001331
152,4608,0.000001360
153,4608,0.000001388
154,4608,0.000001545
155,4608,0.000001321
156,4608,0.000001248
157,4608,0.000001350
158,4608,0.000001313
159,4608,0.000001349
160,4608,0.000001450
161,4608,0.000001341
162,4608,0.000001314
163,4608,0.000001367
164,4608,0.000001242
165,4608,0.000001373
166,4608,0.000001282
167,4608,0.000001535
168,4608,0.000001687
169,4608,0.000001295
170,4608,0.000001494
171,4608,0.000001563
172,4608,0.000001433
173,4608,0.000001394
174,4608,0.000001420
175,4608,0.000001356
176,4608,0.000001505
177,4608,0.000001395
178,4608,0.000001392
179,4608,0.000001340
180,4608,0.000001385
181,4608,0.000001306
182,4608,0.000001353
183,4608,0.000001323
184,4608,0.000001412
185,4608,0.000001332
186,4608,0.000001342
187,4608,0.000001234
188,4608,0.000001215
189,4608,0.000001261
190,4608,0.000001353
191,4608,0.000001334
192,4608,0.000001304
193,4608,0.000001237
194,4608,0.000001301
195,4608,0.000001274
196,4608,0.000001615
197,4608,0.000013961
198,4608,0.000001502
199,4608,0.000001502
200,4608,0.000001317
201,4608,0.000001330
202,4608,0.000001330
203,4608,0.000001338
204,4608,0.000001261
205,4608,0.000001477
206,4608,0.000001283
207,4608,0.000001241
208,4608,0.000001357
209,4608,0.000001414
210,4608,0.000001237
211,4608,0.000001259
212,4608,0.000001343
213,4608,0.000001240
214,4608,0.000001328
215,4608,0.000001725
216,4608,0.000001322
217,4608,0.000001283
218,4608,0.000001307
219,4608,0.000001593
220,4608,0.000001229
221,4608,0.000001190
222,4608,0.000001261
223,4608,0.000001300
224,4608,0.000001273
225,4608,0.000001451
226,4608,0.000001284
227,4608,0.000001350
228,4608,0.000001287
229,4608,0.000001264
230,4608,0.000001225
231,4608,0.000001228
232,4608,0.000001390
233,4608,0.000001283
234,4608,0.000001283
235,4608,0.000001316
236,4608,0.000001281
237,4608,0.000001276
238,4608,0.000001657
239,4608,0.000001308
240,4608,0.000001423
241,4608,0.000001269
242,4608,0.000001245
243,4608,0.000001287
244,4608,0.000001245
245,4608,0.000001338
246,4608,0.000001338
247,4608,0.000001277
248,4608,0.000001284
249,4608,0.000001306
250,4608,0.000001338
251,4608,0.000001341
252,4608,0.000001295
253,4608,0.000001267
254,4608,0.000001441
255,4608,0.000001256
256,4608,0.000001322
257,4608,0.000001411
258,4608,0.000001542
259,4608,0.000001253
260,4608,0.000001228
261,4608,0.000001449
262,4608,0.000001314
263,4608,0.000001316
264,4608,0.000001662
265,4608,0.000001241
266,4608,0.000001357
267,4608,0.000001312
268,4608,0.000001207
269,4608,0.000001306
270,4608,0.000001319
271,4608,0.000001338
272,4608,0.000001377
273,4608,0.000001337
274,4608,0.000001291
275,4608,0.000001285
276,4608,0.000001428
277,4608,0.000001277
278,4608,0.000001350
279,4608,0.000001326
280,4608,0.000001370
281,4608,0.000001283
282,4608,0.000001305
283,4608,0.000001230
284,4608,0.000001335
285,4608,0.000001245
286,4608,0.000001262
287,4608,0.000001253
288,4608,0.000001308
289,4608,0.000001228
290,4608,0.000001293
291,4608,0.000001374
292,4608,0.000001273
293,4608,0.000001646
294,4608,0.000001293
295,4608,0.000001596
296,4608,0.000001305
297,4608,0.000001631
298,4608,0.000001341
299,4608,0.000001289
300,4608,0.000001511
301,4608,0.000001592
302,4608,0.000001320
303,4608,0.000001333
304,4608,0.000001308
305,4608,0.000001297
306,4608,0.000001447
307,4608,0.000001211
308,4608,0.000001418
309,4608,0.000001301
310,4608,0.000001310
311,4608,0.000001502
312,4608,0.000001379
313,4608,0.000001292
314,4608,0.000001279
315,4608,0.000001488
316,4608,0.000001367
317,4608,0.000001248
318,4608,0.000001213
319,4608,0.000001378
320,4608,0.000001321
321,4608,0.000001244
322,4608,0.000001330
323,4608,0.000001200
324,4608,0.000001256
325,4608,0.000001224
326,4608,0.000001349
327,4608,0.000001295
328,4608,0.000001407
329,4608,0.000001283
330,4608,0.000001347
331,4608,0.000001501
332,4608,0.000001391
333,4608,0.000001232
334,4608,0.000001469
335,4608,0.000001323
336,4608,0.000001695
337,4608,0.000002774
338,4608,0.000002039
339,4608,0.000001961
340,4608,0.000002124
341,4608,0.000001861
342,4608,0.000001844
343,4608,0.000001786
344,4608,0.000002274
345,4608,0.000016663
346,4608,0.000002341
347,4608,0.000002009
348,4608,0.000002180
349,4608,0.000001695
350,4608,0.000001629
351,4608,0.000001443
352,4608,0.000001461
353,4608,0.000005097
354,4608,0.000001393
355,4608,0.000001351
356,4608,0.000001368
357,4608,0.000001399
358,4608,0.000001352
359,4608,0.000001296
360,4608,0.000001492
361,4608,0.000001374
362,4608,0.000001312
363,4608,0.000001317
364,4608,0.000001645
365,4608,0.000001617
366,4608,0.000001317
367,4608,0.000001332
368,4608,0.000002148
369,4608,0.000001382
370,4608,0.000001582
371,4608,0.000001273
372,4608,0.000001339
373,4608,0.000001287
374,4608,0.000001359
375,4608,0.000001362
376,4608,0.000001408
377,4608,0.000001590
378,4608,0.000001317
379,4608,0.000001274
380,4608,0.000001294
381,4608,0.000001396
382,4608,0.000001440
383,4608,0.000001436
384,4608,0.000001391
385,4608,0.000001349
386,4608,0.000001349
387,4608,0.000001300
388,4608,0.000001301
389,4608,0.000001493
390,4608,0.000002413
391,4608,0.000002219
392,4608,0.000003196
393,4608,0.000002182
394,4608,0.000002298
395,4608,0.000001499
396,4608,0.000001260
397,4608,0.000001317
398,4608,0.000001396
399,4608,0.000001379
400,4608,0.000001794
401,4608,0.000002276
402,4608,0.000001313
403,4608,0.000001338
404,4608,0.000001284
405,4608,0.000001592
406,4608,0.000001229
407,4608,0.000001280
408,4608,0.000001332
409,4608,0.000001297
410,4608,0.000001284
411,4608,0.000001257
412,4608,0.000002113
413,4608,0.000001300
414,4608,0.000001293
415,4608,0.000001284
416,4608,0.000001380
417,4608,0.000001306
418,4608,0.000001279
419,4608,0.000001247
420,4608,0.000001270
421,4608,0.000001281
422,4608,0.000001353
423,4608,0.000001946
424,4608,0.000001419
425,4608,0.000001254
426,4608,0.000001596
427,4608,0.000001346
428,4608,0.000001283
429,4608,0.000001373
430,4608,0.000001312
431,4608,0.000001281
432,4608,0.000001381
433,4608,0.000001500
434,4608,0.000002114
435,4608,0.000001579
436,4608,0.000001335
437,4608,0.000001406
438,4608,0.000001396
439,4608,0.000001274
440,4608,0.000001338
441,4608,0.000001262
442,4608,0.000001290
443,4608,0.000001252
444,4608,0.000001514
445,4608,0.000002086
446,4608,0.000001371
447,4608,0.000001244
448,4608,0.000001337
449,4608,0.000001248
450,4608,0.000001345
451,4608,0.000001405
452,4608,0.000001268
453,4608,0.000001659
454,4608,0.000001352
455,4608,0.000002272
456,4608,0.000001526
457,4608,0.000001280
458,4608,0.000001437
459,4608,0.000001339
460,4608,0.000001265
461,4608,0.000001363
462,4608,0.000001355
463,4608,0.000001307
464,4608,0.000001363
465,4608,0.000002055
466,4608,0.000001334
467,4608,0.000001287
468,4608,0.000001387
469,4608,0.000001274
470,4608,0.000001238
471,4608,0.000001309
472,4608,0.000001363
473,4608,0.000001292
474,4608,0.000001260
475,4608,0.000001277
476,4608,0.000001340
477,4608,0.000002375
478,4608,0.000001328
479,4608,0.000001295
480,4608,0.000001331
481,4608,0.000001284
482,4608,0.000001285
483,4608,0.000001249
484,4608,0.000001372
485,4608,0.000001329
486,4608,0.000001223
487,4608,0.000001478
488,4608,0.000002082
489,4608,0.000001337
490,4608,0.000001306
491,4608,0.000001407
492,4608,0.000001603
493,4608,0.000001347
494,4608,0.000001319
495,4608,0.000001357
496,4608,0.000001347
497,4608,0.000001296
498,4608,0.000001970
499,4608,0.000001367
500,4608,0.000001300
501,4608,0.000001354
502,4608,0.000001353
503,4608,0.000001349
504,4608,0.000001310
505,4608,0.000001273
506,4608,0.000001492
507,4608,0.000001288
508,4608,0.000001214
509,4608,0.000001287
510,4608,0.000002037
511,4608,0.000001454
512,4608,0.000001336
513,4608,0.000001235
514,4608,0.000001547
515,4608,0.000001269
516,4608,0.000001334
517,4608,0.000001261
518,4608,0.000001334
519,4608,0.000001317
520,4608,0.000001414
521,4608,0.000001990
522,4608,0.000001449
523,4608,0.000001281
524,4608,0.000001269
525,4608,0.000001435
526,4608,0.000001425
527,4608,0.000001319
528,4608,0.000001538
529,4608,0.000001258
530,4608,0.000001245
531,4608,0.000001379
532,4608,0.000002004
533,4608,0.000001349
534,4608,0.000001298
535,4608,0.000001335
536,4608,0.000001357
537,4608,0.000001680
538,4608,0.000001293
539,4608,0.000001292
540,4608,0.000001375
541,4608,0.000001295
542,4608,0.000001959
543,4608,0.000001257
544,4608,0.000001382
545,4608,0.000001233
546,4608,0.000001337
547,4608,0.000001274
548,4608,0.000001258
549,4608,0.000001237
550,4608,0.000001318
551,4608,0.000001623
552,4608,0.000001385
553,4608,0.000001438
554,4608,0.000002059
555,4608,0.000001361
556,4608,0.000001386
557,4608,0.000001236
558,4608,0.000001343
559,4608,0.000001384
560,4608,0.000001375
561,4608,0.000001293
562,4608,0.000001354
563,4608,0.000001255
564,4608,0.000001267
565,4608,0.000002050
566,4608,0.000001294
567,4608,0.000001596
568,4608,0.000001463
569,4608,0.000001331
570,4608,0.000001256
571,4608,0.000001251
572,4608,0.000001251
573,4608,0.000001304
574,4608,0.000001516
575,4608,0.000001323
576,4608,0.000002241
577,4608,0.000001285
578,4608,0.000001249
579,4608,0.000001226
580,4608,0.000001464
581,4608,0.000001322
582,4608,0.000001519
583,4608,0.000001424
584,4608,0.000001526
585,4608,0.000001363
586,4608,0.000002088
587,4608,0.000001307
588,4608,0.000001271
589,4608,0.000001252
590,4608,0.000001347
591,4608,0.000001310
592,4608,0.000001320
593,4608,0.000001369
594,4608,0.000001267
595,4608,0.000001335
596,4608,0.000001311
597,4608,0.000001720
598,4608,0.000002045
599,4608,0.000001302
600,4608,0.000001409
601,4608,0.000001338
602,4608,0.000001310
603,4608,0.000001281
604,4608,0.000001252
605,4608,0.000001608
606,4608,0.000001255
607,4608,0.000001303
608,4608,0.000001280
609,4608,0.000002067
610,4608,0.000001506
611,4608,0.000001307
612,4608,0.000001331
613,4608,0.000001277
614,4608,0.000001284
615,4608,0.000001293
616,4608,0.000001638
617,4608,0.000001332
618,4608,0.000001424
619,4608,0.000002103
620,4608,0.000001289
621,4608,0.000001683
622,4608,0.000001249
623,4608,0.000001387
624,4608,0.000001396
625,4608,0.000001557
626,4608,0.000001690
627,4608,0.000001304
628,4608,0.000001292
629,4608,0.000001243
630,4608,0.000001264
631,4608,0.000001324
632,4608,0.000012171
633,4608,0.000001390
634,4608,0.000001317
635,4608,0.000001286
636,4608,0.000001261
637,4608,0.000001280
638,4608,0.000001268
639,4608,0.000001331
640,4608,0.000001272
641,4608,0.000001470
642,4608,0.000002540
643,4608,0.000001293
644,4608,0.000001241
645,4608,0.000001288
646,4608,0.000001591
647,4608,0.000001309
648,4608,0.000001403
649,4608,0.000001299
650,4608,0.000001291
651,4608,0.000001228
652,4608,0.000001353
653,4608,0.000001226
654,4608,0.000002032
655,4608,0.000001331
656,4608,0.000001341
657,4608,0.000001494
658,4608,0.000001291
659,4608,0.000001306
660,4608,0.000001253
661,4608,0.000001245
662,4608,0.000001377
663,4608,0.000001296
664,4608,0.000001311
665,4608,0.000002051
666,4608,0.000001406
667,4608,0.000001319
668,4608,0.000001592
669,4608,0.000001359
670,4608,0.000001223
671,4608,0.000001243
672,4608,0.000001308
673,4608,0.000001311
674,4608,0.000001298
675,4608,0.000001324
676,4608,0.000002115
677,4608,0.000001365
678,4608,0.000001294
679,4608,0.000001655
680,4608,0.000001618
681,4608,0.000001339
682,4608,0.000001277
683,4608,0.000001518
684,4608,0.000001275
685,4608,0.000001299
686,4608,0.000001336
687,4608,0.000002108
688,4608,0.000001430
689,4608,0.000001301
690,4608,0.000001359
691,4608,0.000001335
692,4608,0.000001285
693,4608,0.000001286
694,4608,0.000001251
695,4608,0.000001308
696,4608,0.000001301
697,4608,0.000001261
698,4608,0.000002038
699,4608,0.000001288
700,4608,0.000001313
701,4608,0.000001269
702,4608,0.000001469
703,4608,0.000001229
704,4608,0.000001393
705,4608,0.000001242
706,4608,0.000001340
707,4608,0.000001222
708,4608,0.000001305
709,4608,0.000002027
710,4608,0.000001364
711,4608,0.000001322
712,4608,0.000001402
713,4608,0.000001226
714,4608,0.000001327
715,4608,0.000001248
716,4608,0.000001291
717,4608,0.000001293
718,4608,0.000001286
719,4608,0.000001545
720,4608,0.000002141
721,4608,0.000001343
722,4608,0.000001251
723,4608,0.000001361
724,4608,0.000001834
725,4608,0.000001223
726,4608,0.000001261
727,4608,0.000001296
728,4608,0.000001329
729,4608,0.000001280
730,4608,0.000001359
731,4608,0.000001997
732,4608,0.000001328
733,4608,0.000001416
734,4608,0.000001291
735,4608,0.000001511
736,4608,0.000001262
737,4608,0.000001264
738,4608,0.000001310
739,4608,0.000001294
740,4608,0.000001286
741,4608,0.000001320
742,4608,0.000002055
743,4608,0.000001394
744,4608,0.000001417
745,4608,0.000001299
746,4608,0.000001417
747,4608,0.000001290
748,4608,0.000001248
749,4608,0.000001292
750,4608,0.000001259
751,4608,0.000001304
752,4608,0.000001519
753,4608,0.000002023
754,4608,0.000001359
755,4608,0.000001303
756,4608,0.000001298
757,4608,0.000001319
758,4608,0.000001277
759,4608,0.000001308
760,4608,0.000001394
761,4608,0.000001300
762,4608,0.000001240
763,4608,0.000001272
764,4608,0.000002042
765,4608,0.000001295
766,4608,0.000001450
767,4608,0.000001322
768,4608,0.000001550
769,4608,0.000001287
770,4608,0.000001316
771,4608,0.000001278
772,4608,0.000001276
773,4608,0.000001259
774,4608,0.000001302
775,4608,0.000002113
776,4608,0.000001475
777,4608,0.000001294
778,4608,0.000001356
779,4608,0.000001445
780,4608,0.000001307
781,4608,0.000001306
782,4608,0.000001349
783,4608,0.000001390
784,4608,0.000001370
785,4608,0.000001363
786,4608,0.000001995
787,4608,0.000001263
788,4608,0.000001259
789,4608,0.000001300
790,4608,0.000001384
791,4608,0.000001357
792,4608,0.000001359
793,4608,0.000001242
794,4608,0.000001620
795,4608,0.000001292
796,4608,0.000001348
797,4608,0.000002024
798,4608,0.000001261
799,4608,0.000001255
800,4608,0.000001391
801,4608,0.000001234
802,4608,0.000001253
803,4608,0.000001245
804,4608,0.000001294
805,4608,0.000001298
806,4608,0.000001290
807,4608,0.000001287
808,4608,0.000002159
809,4608,0.000001629
810,4608,0.000001469
811,4608,0.000001290
812,4608,0.000001454
813,4608,0.000001512
814,4608,0.000001259
815,4608,0.000001246
816,4608,0.000001341
817,4608,0.000001245
818,4608,0.000001263
819,4608,0.000002034
820,4608,0.000001642
821,4608,0.000001523
822,4608,0.000001431
823,4608,0.000001415
824,4608,0.000001380
825,4608,0.000001420
826,4608,0.000001347
827,4608,0.000001356
828,4608,0.000001440
829,4608,0.000002123
830,4608,0.000001300
831,4608,0.000001298
832,4608,0.000001335
833,4608,0.000001329
834,4608,0.000001301
835,4608,0.000001332
836,4608,0.000001239
837,4608,0.000001342
838,4608,0.000001347
839,4608,0.000001448
840,4608,0.000002196
841,4608,0.000001613
842,4608,0.000001538
843,4608,0.000001852
844,4608,0.000001312
845,4608,0.000001243
846,4608,0.000001339
847,4608,0.000001287
848,4608,0.000001369
849,4608,0.000001235
850,4608,0.000001369
851,4608,0.000002308
852,4608,0.000001351
853,4608,0.000001288
854,4608,0.000001342
855,4608,0.000001273
856,4608,0.000001395
857,4608,0.000001307
858,4608,0.000001250
859,4608,0.000001233
860,4608,0.000001273
861,4608,0.000001293
862,4608,0.000002035
863,4608,0.000001318
864,4608,0.000001344
865,4608,0.000001386
866,4608,0.000001253
867,4608,0.000001226
868,4608,0.000001260
869,4608,0.000001301
870,4608,0.000001309
871,4608,0.000001493
872,4608,0.000001455
873,4608,0.000002041
874,4608,0.000001281
875,4608,0.000001314
876,4608,0.000001640
877,4608,0.000001344
878,4608,0.000001350
879,4608,0.000001332
880,4608,0.000001359
881,4608,0.000001269
882,4608,0.000001297
883,4608,0.000001262
884,4608,0.000002089
885,4608,0.000001265
886,4608,0.000001365
887,4608,0.000001338
888,4608,0.000001430
889,4608,0.000001248
890,4608,0.000001327
891,4608,0.000001237
892,4608,0.000001329
893,4608,0.000001290
894,4608,0.000001300
895,4608,0.000002011
896,4608,0.000001448
897,4608,0.000001307
898,4608,0.000001368
899,4608,0.000001291
900,4608,0.000001316
901,4608,0.000001526
902,4608,0.000001292
903,4608,0.000001331
904,4608,0.000001405
905,4608,0.000001387
906,4608,0.000002120
907,4608,0.000001321
908,4608,0.000001355
909,4608,0.000001334
910,4608,0.000001430
911,4608,0.000001379
912,4608,0.000001367
913,4608,0.000001285
914,4608,0.000001296
915,4608,0.000001288
916,4608,0.000001298
917,4608,0.000002156
918,4608,0.000001506
919,4608,0.000001381
920,4608,0.000001373
921,4608,0.000001361
922,4608,0.000001620
923,4608,0.000001346
924,4608,0.000001341
925,4608,0.000001384
926,4608,0.000001311
927,4608,0.000002036
928,4608,0.000001457
929,4608,0.000001250
930,4608,0.000001355
931,4608,0.000001337
932,4608,0.000001239
933,4608,0.000001434
934,4608,0.000001328
935,4608,0.000001331
936,4608,0.000001501
937,4608,0.000001351
938,4608,0.000002203
939,4608,0.000001440
940,4608,0.000001261
941,4608,0.000001230
942,4608,0.000001309
943,4608,0.000001309
944,4608,0.000006357
945,4608,0.000002698
946,4608,0.000003371
947,4608,0.000002489
948,4608,0.000002370
949,4608,0.000002373
950,4608,0.000002544
951,4608,0.000003151
952,4608,0.000003392
953,4608,0.000002484
954,4608,0.000005150
955,4608,0.000002665
956,4608,0.000003279
957,4608,0.000002326
958,4608,0.000002356
959,4608,0.000002297
960,4608,0.000003418
961,4608,0.000002491
962,4608,0.000003229
963,4608,0.000002384
964,4608,0.000004347
965,4608,0.000002394
966,4608,0.000002299
967,4608,0.000004163
968,4608,0.000003511
969,4608,0.000002413
970,4608,0.000002438
971,4608,0.000002340
972,4608,0.000003180
973,4608,0.000002363
974,4608,0.000002328
975,4608,0.000002400
976,4608,0.000003361
977,4608,0.000002479
978,4608,0.000003228
979,4608,0.000002342
980,4608,0.000017211
981,4608,0.000002502
982,4608,0.000004763
983,4608,0.000002381
984,4608,0.000003442
985,4608,0.000003902
986,4608,0.000003900
987,4608,0.000006130
988,4608,0.000003737
989,4608,0.000003665
990,4608,0.000002553
991,4608,0.000002393
992,4608,0.000003373
993,4608,0.000002428
994,4608,0.000002574
995,4608,0.000002439
996,4608,0.000002333
997,4608,0.000002405
998,4608,0.000002328
999,4608,0.000003358
0,4864,0.000002330
1,4864,0.000001556
2,4864,0.000001451
3,4864,0.000001383
4,4864,0.000001440
5,4864,0.000001637
6,4864,0.000001406
7,4864,0.000001388
8,4864,0.000001398
9,4864,0.000001509
10,4864,0.000001922
11,4864,0.000001368
12,4864,0.000001485
13,4864,0.000001464
14,4864,0.000001475
15,4864,0.000001541
16,4864,0.000001610
17,4864,0.000001345
18,4864,0.000001509
19,4864,0.000001313
20,4864,0.000001307
21,4864,0.000001584
22,4864,0.000001303
23,4864,0.000001283
24,4864,0.000001313
25,4864,0.000001384
26,4864,0.000001700
27,4864,0.000001340
28,4864,0.000001347
29,4864,0.000001391
30,4864,0.000001301
31,4864,0.000001332
32,4864,0.000001324
33,4864,0.000001821
34,4864,0.000011158
35,4864,0.000001643
36,4864,0.000001519
37,4864,0.000001740
38,4864,0.000003283
39,4864,0.000001531
40,4864,0.000001406
41,4864,0.000001497
42,4864,0.000001623
43,4864,0.000001372
44,4864,0.000001398
45,4864,0.000001400
46,4864,0.000001407
47,4864,0.000001406
48,4864,0.000001469
49,4864,0.000001278
50,4864,0.000001298
51,4864,0.000001345
52,4864,0.000001411
53,4864,0.000001882
54,4864,0.000001340
55,4864,0.000001285
56,4864,0.000001356
57,4864,0.000001441
58,4864,0.000001959
59,4864,0.000002144
60,4864,0.000001417
61,4864,0.000001355
62,4864,0.000001365
63,4864,0.000001390
64,4864,0.000001693
65,4864,0.000001822
66,4864,0.000001390
67,4864,0.000001373
68,4864,0.000001323
69,4864,0.000001676
70,4864,0.000001371
71,4864,0.000001376
72,4864,0.000001596
73,4864,0.000001336
74,4864,0.000001578
75,4864,0.000001327
76,4864,0.000014091
77,4864,0.000001469
78,4864,0.000001335
79,4864,0.000001485
80,4864,0.000001455
81,4864,0.000001311
82,4864,0.000001288
83,4864,0.000001363
84,4864,0.000001298
85,4864,0.000001753
86,4864,0.000001270
87,4864,0.000001622
88,4864,0.000001305
89,4864,0.000001320
90,4864,0.000001591
91,4864,0.000001521
92,4864,0.000001294
93,4864,0.000001268
94,4864,0.000001270
95,4864,0.000001321
96,4864,0.000001448
97,4864,0.000002178
98,4864,0.000001380
99,4864,0.000001280
100,4864,0.000001371
101,4864,0.000001548
102,4864,0.000001257
103,4864,0.000001277
104,4864,0.000001330
105,4864,0.000001332
106,4864,0.000001909
107,4864,0.000001786
108,4864,0.000002053
109,4864,0.000001318
110,4864,0.000001298
111,4864,0.000001348
112,4864,0.000001413
113,4864,0.000001301
114,4864,0.000001328
115,4864,0.000001291
116,4864,0.000001324
117,4864,0.000001593
118,4864,0.000002010
119,4864,0.000001274
120,4864,0.000001278
121,4864,0.000001307
122,4864,0.000001586
123,4864,0.000001250
124,4864,0.000001761
125,4864,0.000001299
126,4864,0.000001254
127,4864,0.000001307
128,4864,0.000001405
129,4864,0.000002371
130,4864,0.000001302
131,4864,0.000001495
132,4864,0.000001265
133,4864,0.000001884
134,4864,0.000001582
135,4864,0.000001357
136,4864,0.000001341
137,4864,0.000001309
138,4864,0.000001576
139,4864,0.000002132
140,4864,0.000001281
141,4864,0.000001468
142,4864,0.000001409
143,4864,0.000001356
144,4864,0.000001343
145,4864,0.000001304
146,4864,0.000001264
147,4864,0.000001299
148,4864,0.000001316
149,4864,0.000002283
150,4864,0.000001977
151,4864,0.000001313
152,4864,0.000001276
153,4864,0.000001309
154,4864,0.000001537
155,4864,0.000001266
156,4864,0.000001348
157,4864,0.000001288
158,4864,0.000001296
159,4864,0.000001410
160,4864,0.000002053
161,4864,0.000001386
162,4864,0.000001380
163,4864,0.000001300
164,4864,0.000001359
165,4864,0.000001859
166,4864,0.000001347
167,4864,0.000001267
168,4864,0.000001291
169,4864,0.000001372
170,4864,0.000002648
171,4864,0.000001409
172,4864,0.000001348
173,4864,0.000001491
174,4864,0.000001242
175,4864,0.000001395
176,4864,0.000001318
177,4864,0.000001262
178,4864,0.000001222
179,4864,0.000001254
180,4864,0.000001391
181,4864,0.000002660
182,4864,0.000001281
183,4864,0.000001251
184,4864,0.000001250
185,4864,0.000001272
186,4864,0.000001625
187,4864,0.000001344
188,4864,0.000001269
189,4864,0.000001316
190,4864,0.000001270
191,4864,0.000001424
192,4864,0.000002535
193,4864,0.000001487
194,4864,0.000001295
195,4864,0.000001309
196,4864,0.000001271
197,4864,0.000001695
198,4864,0.000001284
199,4864,0.000001276
200,4864,0.000001249
201,4864,0.000001358
202,4864,0.000002256
203,4864,0.000001430
204,4864,0.000001259
205,4864,0.000001577
206,4864,0.000001254
207,4864,0.000001297
208,4864,0.000001456
209,4864,0.000001263
210,4864,0.000001281
211,4864,0.000001234
212,4864,0.000001508
213,4864,0.000002282
214,4864,0.000001366
215,4864,0.000001399
216,4864,0.000001367
217,4864,0.000001505
218,4864,0.000001862
219,4864,0.000001262
220,4864,0.000001381
221,4864,0.000001310
222,4864,0.000001289
223,4864,0.000002077
224,4864,0.000001388
225,4864,0.000001351
226,4864,0.000001550
227,4864,0.000001294
228,4864,0.000001345
229,4864,0.000001562
230,4864,0.000001293
231,4864,0.000001281
232,4864,0.000001275
233,4864,0.000001335
234,4864,0.000002414
235,4864,0.000001610
236,4864,0.000001313
237,4864,0.000001362
238,4864,0.000001295
239,4864,0.000001295
240,4864,0.000001299
241,4864,0.000001257
242,4864,0.000001282
243,4864,0.000001273
244,4864,0.000001410
245,4864,0.000002320
246,4864,0.000001314
247,4864,0.000001299
248,4864,0.000001360
249,4864,0.000001321
250,4864,0.000001708
251,4864,0.000001299
252,4864,0.000001363
253,4864,0.000001358
254,4864,0.000001504
255,4864,0.000002075
256,4864,0.000001440
257,4864,0.000001336
258,4864,0.000001231
259,4864,0.000001286
260,4864,0.000001305
261,4864,0.000001632
262,4864,0.000001296
263,4864,0.000001306
264,4864,0.000001331
265,4864,0.000001599
266,4864,0.000002300
267,4864,0.000001268
268,4864,0.000001271
269,4864,0.000001319
270,4864,0.000001316
271,4864,0.000001545
272,4864,0.000001274
273,4864,0.000001290
274,4864,0.000001499
275,4864,0.000001316
276,4864,0.000002095
277,4864,0.000001997
278,4864,0.000001387
279,4864,0.000001381
280,4864,0.000001326
281,4864,0.000001266
282,4864,0.000001677
283,4864,0.000001302
284,4864,0.000001317
285,4864,0.000001266
286,4864,0.000001364
287,4864,0.000002039
288,4864,0.000001311
289,4864,0.000001310
290,4864,0.000001366
291,4864,0.000001280
292,4864,0.000001348
293,4864,0.000001629
294,4864,0.000001302
295,4864,0.000001269
296,4864,0.000001290
297,4864,0.000001310
298,4864,0.000002265
299,4864,0.000001323
300,4864,0.000001309
301,4864,0.000001275
302,4864,0.000001377
303,4864,0.000001646
304,4864,0.000001302
305,4864,0.000001236
306,4864,0.000001283
307,4864,0.000001283
308,4864,0.000001297
309,4864,0.000002346
310,4864,0.000001337
311,4864,0.000001388
312,4864,0.000001298
313,4864,0.000001361
314,4864,0.000001761
315,4864,0.000001243
316,4864,0.000001315
317,4864,0.000001357
318,4864,0.000001330
319,4864,0.000002070
320,4864,0.000001355
321,4864,0.000001271
322,4864,0.000001322
323,4864,0.000001337
324,4864,0.000001307
325,4864,0.000001616
326,4864,0.000001298
327,4864,0.000001304
328,4864,0.000001297
329,4864,0.000001322
330,4864,0.000002251
331,4864,0.000001298
332,4864,0.000001274
333,4864,0.000001300
334,4864,0.000001341
335,4864,0.000001310
336,4864,0.000001407
337,4864,0.000001368
338,4864,0.000001331
339,4864,0.000001330
340,4864,0.000001321
341,4864,0.000002420
342,4864,0.000001783
343,4864,0.000001317
344,4864,0.000001413
345,4864,0.000001366
346,4864,0.000001660
347,4864,0.000001338
348,4864,0.000001314
349,4864,0.000001240
350,4864,0.000001358
351,4864,0.000002409
352,4864,0.000001329
353,4864,0.000001273
354,4864,0.000001292
355,4864,0.000001265
356,4864,0.000001318
357,4864,0.000001607
358,4864,0.000001283
359,4864,0.000001391
360,4864,0.000001298
361,4864,0.000001358
362,4864,0.000002299
363,4864,0.000001325
364,4864,0.000001322
365,4864,0.000001306
366,4864,0.000001422
367,4864,0.000001262
368,4864,0.000001373
369,4864,0.000001282
370,4864,0.000001336
371,4864,0.000001674
372,4864,0.000002030
373,4864,0.000002076
374,4864,0.000001326
375,4864,0.000001258
376,4864,0.000001232
377,4864,0.000001319
378,4864,0.000001666
379,4864,0.000001272
380,4864,0.000001267
381,4864,0.000001648
382,4864,0.000001400
383,4864,0.000002013
384,4864,0.000001322
385,4864,0.000001261
386,4864,0.000001329
387,4864,0.000001312
388,4864,0.000001371
389,4864,0.000001537
390,4864,0.000001305
391,4864,0.000001252
392,4864,0.000001302
393,4864,0.000001304
394,4864,0.000002249
395,4864,0.000001330
396,4864,0.000001265
397,4864,0.000001263
398,4864,0.000001307
399,4864,0.000001267
400,4864,0.000001310
401,4864,0.000001285
402,4864,0.000001332
403,4864,0.000001549
404,4864,0.000001343
405,4864,0.000002370
406,4864,0.000001395
407,4864,0.000001763
408,4864,0.000001267
409,4864,0.000001426
410,4864,0.000001522
411,4864,0.000001306
412,4864,0.000001301
413,4864,0.000001295
414,4864,0.000001343
415,4864,0.000001989
416,4864,0.000001271
417,4864,0.000001554
418,4864,0.000001325
419,4864,0.000001292
420,4864,0.000001270
421,4864,0.000001799
422,4864,0.000001257
423,4864,0.000001285
424,4864,0.000001246
425,4864,0.000001289
426,4864,0.000002247
427,4864,0.000001395
428,4864,0.000001417
429,4864,0.000001634
430,4864,0.000001364
431,4864,0.000001448
432,4864,0.000001519
433,4864,0.000001285
434,4864,0.000001653
435,4864,0.000001346
436,4864,0.000002026
437,4864,0.000001601
438,4864,0.000001287
439,4864,0.000001408
440,4864,0.000001233
441,4864,0.000001302
442,4864,0.000001679
443,4864,0.000001340
444,4864,0.000001314
445,4864,0.000001273
446,4864,0.000001851
447,4864,0.000002055
448,4864,0.000001454
449,4864,0.000001557
450,4864,0.000001313
451,4864,0.000001335
452,4864,0.000001727
453,4864,0.000001619
454,4864,0.000001303
455,4864,0.000001257
456,4864,0.000001397
457,4864,0.000002160
458,4864,0.000001922
459,4864,0.000001708
460,4864,0.000001265
461,4864,0.000001319
462,4864,0.000001361
463,4864,0.000001329
464,4864,0.000001391
465,4864,0.000001337
466,4864,0.000001707
467,4864,0.000002073
468,4864,0.000001682
469,4864,0.000002183
470,4864,0.000001311
471,4864,0.000001317
472,4864,0.000001287
473,4864,0.000001687
474,4864,0.000001797
475,4864,0.000001361
476,4864,0.000002072
477,4864,0.000001290
478,4864,0.000001243
479,4864,0.000001315
480,4864,0.000001444
481,4864,0.000001287
482,4864,0.000001606
483,4864,0.000001293
484,4864,0.000001323
485,4864,0.000001630
486,4864,0.000001971
487,4864,0.000001732
488,4864,0.000002028
489,4864,0.000002025
490,4864,0.000002371
491,4864,0.000001958
492,4864,0.000001952
493,4864,0.000001780
494,4864,0.000003409
495,4864,0.000016309
496,4864,0.000002088
497,4864,0.000001970
498,4864,0.000001453
499,4864,0.000001356
500,4864,0.000001398
501,4864,0.000001955
502,4864,0.000002290
503,4864,0.000001693
504,4864,0.000001331
505,4864,0.000001435
506,4864,0.000001646
507,4864,0.000001261
508,4864,0.000001368
509,4864,0.000001383
510,4864,0.000001306
511,4864,0.000001360
512,4864,0.000001292
513,4864,0.000002210
514,4864,0.000001311
515,4864,0.000001283
516,4864,0.000001367
517,4864,0.000001649
518,4864,0.000001318
519,4864,0.000001278
520,4864,0.000001375
521,4864,0.000001340
522,4864,0.000001815
523,4864,0.000001353
524,4864,0.000002135
525,4864,0.000001358
526,4864,0.000001387
527,4864,0.000001352
528,4864,0.000001539
529,4864,0.000001363
530,4864,0.000001330
531,4864,0.000001341
532,4864,0.000001410
533,4864,0.000001706
534,4864,0.000002034
535,4864,0.000001588
536,4864,0.000001355
537,4864,0.000001520
538,4864,0.000002605
539,4864,0.000002095
540,4864,0.000001874
541,4864,0.000002156
542,4864,0.000002329
543,4864,0.000002889
544,4864,0.000001481
545,4864,0.000001335
546,4864,0.000001403
547,4864,0.000001343
548,4864,0.000001311
549,4864,0.000014270
550,4864,0.000001360
551,4864,0.000001321
552,4864,0.000001294
553,4864,0.000002147
554,4864,0.000001654
555,4864,0.000001286
556,4864,0.000001305
557,4864,0.000001295
558,4864,0.000001284
559,4864,0.000001329
560,4864,0.000001348
561,4864,0.000001301
562,4864,0.000001316
563,4864,0.000002005
564,4864,0.000001395
565,4864,0.000001630
566,4864,0.000001289
567,4864,0.000001275
568,4864,0.000001341
569,4864,0.000001315
570,4864,0.000001824
571,4864,0.000001583
572,4864,0.000001258
573,4864,0.000001271
574,4864,0.000002015
575,4864,0.000001381
576,4864,0.000001266
577,4864,0.000001224
578,4864,0.000001281
579,4864,0.000001333
580,4864,0.000001355
581,4864,0.000001599
582,4864,0.000001282
583,4864,0.000001300
584,4864,0.000001351
585,4864,0.000002007
586,4864,0.000001760
587,4864,0.000001255
588,4864,0.000001322
589,4864,0.000001256
590,4864,0.000001256
591,4864,0.000001360
592,4864,0.000001429
593,4864,0.000001436
594,4864,0.000001621
595,4864,0.000002027
596,4864,0.000001340
597,4864,0.000001603
598,4864,0.000001276
599,4864,0.000001309
600,4864,0.000001229
601,4864,0.000001268
602,4864,0.000001668
603,4864,0.000001232
604,4864,0.000001284
605,4864,0.000001319
606,4864,0.000002031
607,4864,0.000001312
608,4864,0.000001362
609,4864,0.000001258
610,4864,0.000001306
611,4864,0.000001303
612,4864,0.000001293
613,4864,0.000001674
614,4864,0.000001306
615,4864,0.000001341
616,4864,0.000001263
617,4864,0.000001954
618,4864,0.000001633
619,4864,0.000001297
620,4864,0.000001312
621,4864,0.000001325
622,4864,0.000001296
623,4864,0.000001428
624,4864,0.000001465
625,4864,0.000001231
626,4864,0.000001251
627,4864,0.000001321
628,4864,0.000001994
629,4864,0.000001630
630,4864,0.000001280
631,4864,0.000001446
632,4864,0.000001371
633,4864,0.000001347
634,4864,0.000001777
635,4864,0.000001222
636,4864,0.000001319
637,4864,0.000001278
638,4864,0.000001372
639,4864,0.000002024
640,4864,0.000001464
641,4864,0.000001356
642,4864,0.000001601
643,4864,0.000001310
644,4864,0.000001287
645,4864,0.000001758
646,4864,0.000001360
647,4864,0.000001367
648,4864,0.000001225
649,4864,0.000002030
650,4864,0.000001742
651,4864,0.000001298
652,4864,0.000001366
653,4864,0.000001361
654,4864,0.000001307
655,4864,0.000001427
656,4864,0.000001378
657,4864,0.000001318
658,4864,0.000001281
659,4864,0.000001328
660,4864,0.000002094
661,4864,0.000001589
662,4864,0.000001294
663,4864,0.000001285
664,4864,0.000001283
665,4864,0.000001299
666,4864,0.000001648
667,4864,0.000001457
668,4864,0.000001248
669,4864,0.000001395
670,4864,0.000001221
671,4864,0.000002057
672,4864,0.000002156
673,4864,0.000001681
674,4864,0.000001371
675,4864,0.000001258
676,4864,0.000001256
677,4864,0.000001568
678,4864,0.000011461
679,4864,0.000001591
680,4864,0.000001327
681,4864,0.000001253
682,4864,0.000001648
683,4864,0.000001338
684,4864,0.000001290
685,4864,0.000001240
686,4864,0.000001491
687,4864,0.000001234
688,4864,0.000001639
689,4864,0.000001271
690,4864,0.000001285
691,4864,0.000001500
692,4864,0.000001734
693,4864,0.000001526
694,4864,0.000001293
695,4864,0.000001416
696,4864,0.000001614
697,4864,0.000001255
698,4864,0.000024867
699,4864,0.000001530
700,4864,0.000001346
701,4864,0.000001455
702,4864,0.000001397
703,4864,0.000001398
704,4864,0.000001665
705,4864,0.000001362
706,4864,0.000001327
707,4864,0.000001329
708,4864,0.000001405
709,4864,0.000001664
710,4864,0.000001390
711,4864,0.000002939
712,4864,0.000001394
713,4864,0.000014395
714,4864,0.000001770
715,4864,0.000001326
716,4864,0.000001307
717,4864,0.000001285
718,4864,0.000001318
719,4864,0.000001289
720,4864,0.000001487
721,4864,0.000001289
722,4864,0.000001270
723,4864,0.000002237
724,4864,0.000001374
725,4864,0.000001673
726,4864,0.000001289
727,4864,0.000001281
728,4864,0.000001307
729,4864,0.000001437
730,4864,0.000001587
731,4864,0.000001258
732,4864,0.000001309
733,4864,0.000002159
734,4864,0.000001603
735,4864,0.000001737
736,4864,0.000001473
737,4864,0.000001360
738,4864,0.000001300
739,4864,0.000001321
740,4864,0.000001321
741,4864,0.000001771
742,4864,0.000001257
743,4864,0.000001492
744,4864,0.000002243
745,4864,0.000001382
746,4864,0.000001659
747,4864,0.000001317
748,4864,0.000001368
749,4864,0.000001427
750,4864,0.000001266
751,4864,0.000001347
752,4864,0.000001503
753,4864,0.000001267
754,4864,0.000002019
755,4864,0.000001412
756,4864,0.000001279
757,4864,0.000001755
758,4864,0.000001329
759,4864,0.000001251
760,4864,0.000001266
761,4864,0.000001271
762,4864,0.000001669
763,4864,0.000001246
764,4864,0.000001819
765,4864,0.000002100
766,4864,0.000001629
767,4864,0.000001352
768,4864,0.000001318
769,4864,0.000001319
770,4864,0.000001321
771,4864,0.000001254
772,4864,0.000001316
773,4864,0.000001611
774,4864,0.000001320
775,4864,0.000001968
776,4864,0.000001374
777,4864,0.000001283
778,4864,0.000001935
779,4864,0.000001621
780,4864,0.000001268
781,4864,0.000001288
782,4864,0.000001326
783,4864,0.000001325
784,4864,0.000001295
785,4864,0.000001987
786,4864,0.000001286
787,4864,0.000001501
788,4864,0.000001277
789,4864,0.000001633
790,4864,0.000001317
791,4864,0.000001496
792,4864,0.000001262
793,4864,0.000001374
794,4864,0.000001710
795,4864,0.000002187
796,4864,0.000001352
797,4864,0.000001357
798,4864,0.000001366
799,4864,0.000001379
800,4864,0.000001378
801,4864,0.000001293
802,4864,0.000001313
803,4864,0.000001322
804,4864,0.000001316
805,4864,0.000001603
806,4864,0.000002056
807,4864,0.000001569
808,4864,0.000001414
809,4864,0.000001363
810,4864,0.000001557
811,4864,0.000001304
812,4864,0.000001333
813,4864,0.000001264
814,4864,0.000001280
815,4864,0.000001341
816,4864,0.000001417
817,4864,0.000002399
818,4864,0.000001316
819,4864,0.000001308
820,4864,0.000001342
821,4864,0.000001535
822,4864,0.000001257
823,4864,0.000001313
824,4864,0.000001296
825,4864,0.000001308
826,4864,0.000001617
827,4864,0.000002046
828,4864,0.000001304
829,4864,0.000001333
830,4864,0.000001346
831,4864,0.000001373
832,4864,0.000001687
833,4864,0.000001316
834,4864,0.000001297
835,4864,0.000001279
836,4864,0.000001381
837,4864,0.000001618
838,4864,0.000002039
839,4864,0.000001360
840,4864,0.000001334
841,4864,0.000001498
842,4864,0.000001606
843,4864,0.000001296
844,4864,0.000001275
845,4864,0.000001308
846,4864,0.000001329
847,4864,0.000001265
848,4864,0.000001377
849,4864,0.000002155
850,4864,0.000001330
851,4864,0.000001311
852,4864,0.000001319
853,4864,0.000002016
854,4864,0.000001336
855,4864,0.000001315
856,4864,0.000001340
857,4864,0.000001357
858,4864,0.000002006
859,4864,0.000002078
860,4864,0.000001669
861,4864,0.000001385
862,4864,0.000001500
863,4864,0.000001318
864,4864,0.000001488
865,4864,0.000001275
866,4864,0.000001459
867,4864,0.000001353
868,4864,0.000001260
869,4864,0.000002398
870,4864,0.000001344
871,4864,0.000001390
872,4864,0.000001320
873,4864,0.000001357
874,4864,0.000001670
875,4864,0.000001288
876,4864,0.000001497
877,4864,0.000001349
878,4864,0.000001309
879,4864,0.000001385
880,4864,0.000002079
881,4864,0.000001490
882,4864,0.000001748
883,4864,0.000001275
884,4864,0.000001279
885,4864,0.000001761
886,4864,0.000001333
887,4864,0.000001344
888,4864,0.000001355
889,4864,0.000001630
890,4864,0.000002430
891,4864,0.000001295
892,4864,0.000001322
893,4864,0.000001291
894,4864,0.000001354
895,4864,0.000001421
896,4864,0.000001329
897,4864,0.000001350
898,4864,0.000001310
899,4864,0.000001289
900,4864,0.000001444
901,4864,0.000002361
902,4864,0.000001340
903,4864,0.000001355
904,4864,0.000001345
905,4864,0.000001318
906,4864,0.000001643
907,4864,0.000001313
908,4864,0.000001264
909,4864,0.000001317
910,4864,0.000001297
911,4864,0.000002145
912,4864,0.000001698
913,4864,0.000001342
914,4864,0.000001342
915,4864,0.000001374
916,4864,0.000001377
917,4864,0.000001688
918,4864,0.000001345
919,4864,0.000001315
920,4864,0.000001303
921,4864,0.000001323
922,4864,0.000002420
923,4864,0.000001326
924,4864,0.000001337
925,4864,0.000001317
926,4864,0.000001361
927,4864,0.000001339
928,4864,0.000001393
929,4864,0.000001322
930,4864,0.000001314
931,4864,0.000001316
932,4864,0.000001343
933,4864,0.000002496
934,4864,0.000001358
935,4864,0.000001322
936,4864,0.000001279
937,4864,0.000001331
938,4864,0.000001561
939,4864,0.000001297
940,4864,0.000001267
941,4864,0.000001280
942,4864,0.000001308
943,4864,0.000001981
944,4864,0.000001470
945,4864,0.000001282
946,4864,0.000001245
947,4864,0.000005484
948,4864,0.000002402
949,4864,0.000003579
950,4864,0.000003417
951,4864,0.000002714
952,4864,0.000005158
953,4864,0.000002546
954,4864,0.000004596
955,4864,0.000002434
956,4864,0.000002391
957,4864,0.000002329
958,4864,0.000002273
959,4864,0.000002293
960,4864,0.000004088
961,4864,0.000002432
962,4864,0.000002377
963,4864,0.000002335
964,4864,0.000002297
965,4864,0.000003474
966,4864,0.000003471
967,4864,0.000002468
968,4864,0.000002302
969,4864,0.000002272
970,4864,0.000004464
971,4864,0.000003178
972,4864,0.000002472
973,4864,0.000002309
974,4864,0.000002264
975,4864,0.000004067
976,4864,0.000004320
977,4864,0.000002516
978,4864,0.000004840
979,4864,0.000002423
980,4864,0.000002531
981,4864,0.000004465
982,4864,0.000002420
983,4864,0.000002369
984,4864,0.000002301
985,4864,0.000002293
986,4864,0.000004339
987,4864,0.000002478
988,4864,0.000002423
989,4864,0.000002313
990,4864,0.000002286
991,4864,0.000002306
992,4864,0.000004222
993,4864,0.000002387
994,4864,0.000002432
995,4864,0.000002416
996,4864,0.000002329
997,4864,0.000003569
998,4864,0.000003314
999,4864,0.000002415
0,5120,0.000003824
1,5120,0.000001560
2,5120,0.000001602
3,5120,0.000001431
4,5120,0.000001334
5,5120,0.000001336
6,5120,0.000001359
7,5120,0.000001379
8,5120,0.000001343
9,5120,0.000001618
10,5120,0.000001327
11,5120,0.000001362
12,5120,0.000001430
13,5120,0.000001366
14,5120,0.000001323
15,5120,0.000001352
16,5120,0.000001500
17,5120,0.000001488
18,5120,0.000001305
19,5120,0.000001283
20,5120,0.000001363
21,5120,0.000001367
22,5120,0.000001293
23,5120,0.000001308
24,5120,0.000001380
25,5120,0.000001283
26,5120,0.000001330
27,5120,0.000001313
28,5120,0.000001399
29,5120,0.000001315
30,5120,0.000001398
31,5120,0.000001278
32,5120,0.000001427
33,5120,0.000001364
34,5120,0.000001388
35,5120,0.000001365
36,5120,0.000001365
37,5120,0.000001327
38,5120,0.000001335
39,5120,0.000001472
40,5120,0.000001698
41,5120,0.000001370
42,5120,0.000001339
43,5120,0.000001349
44,5120,0.000001469
45,5120,0.000001343
46,5120,0.000001279
47,5120,0.000001256
48,5120,0.000001691
49,5120,0.000001329
50,5120,0.000001344
51,5120,0.000001370
52,5120,0.000001821
53,5120,0.000001317
54,5120,0.000001256
55,5120,0.000001345
56,5120,0.000001504
57,5120,0.000001319
58,5120,0.000001310
59,5120,0.000001358
60,5120,0.000001415
61,5120,0.000001384
62,5120,0.000001483
63,5120,0.000001362
64,5120,0.000001335
65,5120,0.000001329
66,5120,0.000001295
67,5120,0.000001352
68,5120,0.000009531
69,5120,0.000002486
70,5120,0.000001291
71,5120,0.000001324
72,5120,0.000001425
73,5120,0.000001271
74,5120,0.000001345
75,5120,0.000001361
76,5120,0.000002157
77,5120,0.000001619
78,5120,0.000001351
79,5120,0.000001231
80,5120,0.000001329
81,5120,0.000001255
82,5120,0.000001265
83,5120,0.000001314
84,5120,0.000001307
85,5120,0.000001353
86,5120,0.000001313
87,5120,0.000001690
88,5120,0.000002277
89,5120,0.000001337
90,5120,0.000001299
91,5120,0.000001321
92,5120,0.000001409
93,5120,0.000001349
94,5120,0.000001297
95,5120,0.000001363
96,5120,0.000001378
97,5120,0.000001306
98,5120,0.000001986
99,5120,0.000001389
100,5120,0.000001404
101,5120,0.000001313
102,5120,0.000001362
103,5120,0.000001314
104,5120,0.000001321
105,5120,0.000001326
106,5120,0.000001294
107,5120,0.000001315
108,5120,0.000001310
109,5120,0.000002065
110,5120,0.000001344
111,5120,0.000001338
112,5120,0.000001326
113,5120,0.000001270
114,5120,0.000001303
115,5120,0.000001330
116,5120,0.000001338
117,5120,0.000001270
118,5120,0.000001617
119,5120,0.000001336
120,5120,0.000002101
121,5120,0.000001302
122,5120,0.000001358
123,5120,0.000001338
124,5120,0.000001413
125,5120,0.000001277
126,5120,0.000001444
127,5120,0.000001398
128,5120,0.000001325
129,5120,0.000001277
130,5120,0.000001308
131,5120,0.000002041
132,5120,0.000001331
133,5120,0.000001271
134,5120,0.000001408
135,5120,0.000001335
136,5120,0.000001360
137,5120,0.000001315
138,5120,0.000001295
139,5120,0.000001264
140,5120,0.000001372
141,5120,0.000001344
142,5120,0.000002078
143,5120,0.000001313
144,5120,0.000001375
145,5120,0.000001319
146,5120,0.000001257
147,5120,0.000001304
148,5120,0.000001557
149,5120,0.000001642
150,5120,0.000001313
151,5120,0.000001396
152,5120,0.000001387
153,5120,0.000002104
154,5120,0.000001530
155,5120,0.000001422
156,5120,0.000001470
157,5120,0.000001486
158,5120,0.000001596
159,5120,0.000001275
160,5120,0.000001412
161,5120,0.000001318
162,5120,0.000001373
163,5120,0.000002320
164,5120,0.000001404
165,5120,0.000001313
166,5120,0.000001374
167,5120,0.000001599
168,5120,0.000001363
169,5120,0.000001265
170,5120,0.000001314
171,5120,0.000001593
172,5120,0.000001343
173,5120,0.000001987
174,5120,0.000001269
175,5120,0.000001264
176,5120,0.000001287
177,5120,0.000001318
178,5120,0.000001372
179,5120,0.000001262
180,5120,0.000001347
181,5120,0.000001361
182,5120,0.000001516
183,5120,0.000001424
184,5120,0.000002493
185,5120,0.000001369
186,5120,0.000001265
187,5120,0.000001272
188,5120,0.000001352
189,5120,0.000001313
190,5120,0.000001314
191,5120,0.000001344
192,5120,0.000001339
193,5120,0.000001362
194,5120,0.000001245
195,5120,0.000002212
196,5120,0.000001337
197,5120,0.000001354
198,5120,0.000001286
199,5120,0.000001240
200,5120,0.000001282
201,5120,0.000001292
202,5120,0.000001285
203,5120,0.000001407
204,5120,0.000001454
205,5120,0.000001598
206,5120,0.000002062
207,5120,0.000001347
208,5120,0.000001353
209,5120,0.000001316
210,5120,0.000001594
211,5120,0.000001308
212,5120,0.000001462
213,5120,0.000001329
214,5120,0.000001672
215,5120,0.000001315
216,5120,0.000002385
217,5120,0.000001719
218,5120,0.000001250
219,5120,0.000001301
220,5120,0.000001424
221,5120,0.000001380
222,5120,0.000001257
223,5120,0.000001295
224,5120,0.000001359
225,5120,0.000001385
226,5120,0.000001340
227,5120,0.000002043
228,5120,0.000001350
229,5120,0.000001266
230,5120,0.000001301
231,5120,0.000001293
232,5120,0.000001334
233,5120,0.000001426
234,5120,0.000001308
235,5120,0.000001312
236,5120,0.000001426
237,5120,0.000001397
238,5120,0.000002077
239,5120,0.000001440
240,5120,0.000001745
241,5120,0.000001276
242,5120,0.000001345
243,5120,0.000001355
244,5120,0.000001788
245,5120,0.000001265
246,5120,0.000001288
247,5120,0.000001324
248,5120,0.000002107
249,5120,0.000001352
250,5120,0.000001320
251,5120,0.000001366
252,5120,0.000001453
253,5120,0.000001276
254,5120,0.000001298
255,5120,0.000001441
256,5120,0.000001724
257,5120,0.000001275
258,5120,0.000001256
259,5120,0.000001970
260,5120,0.000001300
261,5120,0.000001308
262,5120,0.000001352
263,5120,0.000001252
264,5120,0.000001663
265,5120,0.000001357
266,5120,0.000001313
267,5120,0.000001434
268,5120,0.000001716
269,5120,0.000001348
270,5120,0.000002073
271,5120,0.000001314
272,5120,0.000001457
273,5120,0.000001332
274,5120,0.000001257
275,5120,0.000001386
276,5120,0.000001382
277,5120,0.000001328
278,5120,0.000001323
279,5120,0.000001422
280,5120,0.000002048
281,5120,0.000001347
282,5120,0.000001313
283,5120,0.000001300
284,5120,0.000001368
285,5120,0.000001308
286,5120,0.000001247
287,5120,0.000001311
288,5120,0.000001285
289,5120,0.000001318
290,5120,0.000001248
291,5120,0.000001314
292,5120,0.000002105
293,5120,0.000001400
294,5120,0.000001297
295,5120,0.000001685
296,5120,0.000001412
297,5120,0.000001356
298,5120,0.000001342
299,5120,0.000001473
300,5120,0.000001302
301,5120,0.000001310
302,5120,0.000002050
303,5120,0.000001376
304,5120,0.000001358
305,5120,0.000001314
306,5120,0.000001352
307,5120,0.000001317
308,5120,0.000001328
309,5120,0.000001275
310,5120,0.000001298
311,5120,0.000001300
312,5120,0.000001389
313,5120,0.000002030
314,5120,0.000001372
315,5120,0.000001274
316,5120,0.000001343
317,5120,0.000001367
318,5120,0.000001528
319,5120,0.000001371
320,5120,0.000001450
321,5120,0.000001319
322,5120,0.000001590
323,5120,0.000001295
324,5120,0.000002491
325,5120,0.000001401
326,5120,0.000001295
327,5120,0.000001326
328,5120,0.000001462
329,5120,0.000001303
330,5120,0.000001281
331,5120,0.000001330
332,5120,0.000001348
333,5120,0.000001353
334,5120,0.000001282
335,5120,0.000001990
336,5120,0.000001509
337,5120,0.000001285
338,5120,0.000001305
339,5120,0.000001266
340,5120,0.000001313
341,5120,0.000001364
342,5120,0.000001285
343,5120,0.000001349
344,5120,0.000001334
345,5120,0.000001389
346,5120,0.000002050
347,5120,0.000001345
348,5120,0.000001336
349,5120,0.000001324
350,5120,0.000001543
351,5120,0.000001297
352,5120,0.000001463
353,5120,0.000001319
354,5120,0.000001695
355,5120,0.000001387
356,5120,0.000002093
357,5120,0.000001355
358,5120,0.000001311
359,5120,0.000001580
360,5120,0.000001423
361,5120,0.000001276
362,5120,0.000001290
363,5120,0.000001343
364,5120,0.000001287
365,5120,0.000001266
366,5120,0.000001591
367,5120,0.000002060
368,5120,0.000001462
369,5120,0.000001308
370,5120,0.000001258
371,5120,0.000001239
372,5120,0.000001399
373,5120,0.000001305
374,5120,0.000001263
375,5120,0.000001321
376,5120,0.000001323
377,5120,0.000001320
378,5120,0.000002313
379,5120,0.000001285
380,5120,0.000001300
381,5120,0.000001309
382,5120,0.000001684
383,5120,0.000001315
384,5120,0.000001315
385,5120,0.000001312
386,5120,0.000001274
387,5120,0.000001452
388,5120,0.000001493
389,5120,0.000002056
390,5120,0.000001308
391,5120,0.000001342
392,5120,0.000001284
393,5120,0.000001317
394,5120,0.000001310
395,5120,0.000001258
396,5120,0.000001351
397,5120,0.000001340
398,5120,0.000001303
399,5120,0.000001320
400,5120,0.000002230
401,5120,0.000001339
402,5120,0.000001273
403,5120,0.000001266
404,5120,0.000001291
405,5120,0.000001331
406,5120,0.000001455
407,5120,0.000001346
408,5120,0.000001838
409,5120,0.000001413
410,5120,0.000002100
411,5120,0.000001374
412,5120,0.000001397
413,5120,0.000001359
414,5120,0.000001586
415,5120,0.000001329
416,5120,0.000001304
417,5120,0.000001309
418,5120,0.000001236
419,5120,0.000001313
420,5120,0.000001341
421,5120,0.000002161
422,5120,0.000001529
423,5120,0.000001291
424,5120,0.000001354
425,5120,0.000001329
426,5120,0.000001623
427,5120,0.000001279
428,5120,0.000001410
429,5120,0.000001475
430,5120,0.000001629
431,5120,0.000002004
432,5120,0.000001401
433,5120,0.000001260
434,5120,0.000001303
435,5120,0.000001261
436,5120,0.000001504
437,5120,0.000001311
438,5120,0.000001314
439,5120,0.000001336
440,5120,0.000001411
441,5120,0.000001459
442,5120,0.000002133
443,5120,0.000001728
444,5120,0.000001661
445,5120,0.000001376
446,5120,0.000001289
447,5120,0.000001464
448,5120,0.000001590
449,5120,0.000001372
450,5120,0.000001303
451,5120,0.000001503
452,5120,0.000002206
453,5120,0.000001350
454,5120,0.000001238
455,5120,0.000001332
456,5120,0.000001426
457,5120,0.000001264
458,5120,0.000001301
459,5120,0.000001359
460,5120,0.000001699
461,5120,0.000001323
462,5120,0.000001267
463,5120,0.000001982
464,5120,0.000001313
465,5120,0.000001368
466,5120,0.000001235
467,5120,0.000001326
468,5120,0.000001364
469,5120,0.000001264
470,5120,0.000001277
471,5120,0.000001267
472,5120,0.000001369
473,5120,0.000001313
474,5120,0.000002024
475,5120,0.000001345
476,5120,0.000001362
477,5120,0.000001265
478,5120,0.000001229
479,5120,0.000001285
480,5120,0.000001481
481,5120,0.000001483
482,5120,0.000001511
483,5120,0.000001306
484,5120,0.000001324
485,5120,0.000002040
486,5120,0.000001336
487,5120,0.000001268
488,5120,0.000001295
489,5120,0.000001261
490,5120,0.000001339
491,5120,0.000001250
492,5120,0.000001466
493,5120,0.000001321
494,5120,0.000001298
495,5120,0.000001329
496,5120,0.000002137
497,5120,0.000001369
498,5120,0.000001644
499,5120,0.000001322
500,5120,0.000001430
501,5120,0.000001277
502,5120,0.000001620
503,5120,0.000001369
504,5120,0.000001330
505,5120,0.000001409
506,5120,0.000001347
507,5120,0.000002091
508,5120,0.000001350
509,5120,0.000001274
510,5120,0.000001312
511,5120,0.000001337
512,5120,0.000001464
513,5120,0.000001266
514,5120,0.000001246
515,5120,0.000001299
516,5120,0.000001373
517,5120,0.000001342
518,5120,0.000002025
519,5120,0.000001405
520,5120,0.000001328
521,5120,0.000001320
522,5120,0.000001296
523,5120,0.000001317
524,5120,0.000001433
525,5120,0.000001328
526,5120,0.000001314
527,5120,0.000001374
528,5120,0.000001348
529,5120,0.000002287
530,5120,0.000001344
531,5120,0.000001331
532,5120,0.000001362
533,5120,0.000001279
534,5120,0.000001325
535,5120,0.000001288
536,5120,0.000001729
537,5120,0.000001312
538,5120,0.000001300
539,5120,0.000001994
540,5120,0.000001457
541,5120,0.000001610
542,5120,0.000001317
543,5120,0.000001326
544,5120,0.000001294
545,5120,0.000001257
546,5120,0.000001273
547,5120,0.000001234
548,5120,0.000001260
549,5120,0.000001258
550,5120,0.000002089
551,5120,0.000001388
552,5120,0.000001667
553,5120,0.000001595
554,5120,0.000001328
555,5120,0.000001330
556,5120,0.000001357
557,5120,0.000001376
558,5120,0.000001278
559,5120,0.000001381
560,5120,0.000001403
561,5120,0.000002076
562,5120,0.000001354
563,5120,0.000001383
564,5120,0.000001607
565,5120,0.000001265
566,5120,0.000001327
567,5120,0.000001302
568,5120,0.000001757
569,5120,0.000001311
570,5120,0.000001260
571,5120,0.000002020
572,5120,0.000001399
573,5120,0.000001269
574,5120,0.000001292
575,5120,0.000001338
576,5120,0.000001427
577,5120,0.000001265
578,5120,0.000001302
579,5120,0.000001257
580,5120,0.000001323
581,5120,0.000001312
582,5120,0.000001384
583,5120,0.000002117
584,5120,0.000001782
585,5120,0.000001308
586,5120,0.000001271
587,5120,0.000001275
588,5120,0.000001286
589,5120,0.000001256
590,5120,0.000001374
591,5120,0.000001657
592,5120,0.000001355
593,5120,0.000001986
594,5120,0.000001252
595,5120,0.000001264
596,5120,0.000001375
597,5120,0.000001272
598,5120,0.000001293
599,5120,0.000001350
600,5120,0.000001457
601,5120,0.000001377
602,5120,0.000001419
603,5120,0.000001553
604,5120,0.000002254
605,5120,0.000001605
606,5120,0.000001287
607,5120,0.000001285
608,5120,0.000001457
609,5120,0.000001361
610,5120,0.000001306
611,5120,0.000001389
612,5120,0.000001595
613,5120,0.000001302
614,5120,0.000002038
615,5120,0.000001314
616,5120,0.000001252
617,5120,0.000001280
618,5120,0.000001350
619,5120,0.000001333
620,5120,0.000001458
621,5120,0.000001320
622,5120,0.000001323
623,5120,0.000001591
624,5120,0.000001717
625,5120,0.000002063
626,5120,0.000001371
627,5120,0.000001266
628,5120,0.000001408
629,5120,0.000001566
630,5120,0.000001680
631,5120,0.000001957
632,5120,0.000001925
633,5120,0.000002385
634,5120,0.000003407
635,5120,0.000002265
636,5120,0.000016740
637,5120,0.000002323
638,5120,0.000001678
639,5120,0.000001502
640,5120,0.000001632
641,5120,0.000001741
642,5120,0.000002363
643,5120,0.000001304
644,5120,0.000001339
645,5120,0.000001355
646,5120,0.000001338
647,5120,0.000001274
648,5120,0.000001381
649,5120,0.000001358
650,5120,0.000001319
651,5120,0.000001253
652,5120,0.000001380
653,5120,0.000002065
654,5120,0.000001330
655,5120,0.000001403
656,5120,0.000001403
657,5120,0.000001469
658,5120,0.000001262
659,5120,0.000001290
660,5120,0.000001437
661,5120,0.000001295
662,5120,0.000001262
663,5120,0.000001335
664,5120,0.000002151
665,5120,0.000001385
666,5120,0.000001332
667,5120,0.000001605
668,5120,0.000001489
669,5120,0.000001348
670,5120,0.000001386
671,5120,0.000001546
672,5120,0.000001417
673,5120,0.000001293
674,5120,0.000001349
675,5120,0.000002167
676,5120,0.000001650
677,5120,0.000001314
678,5120,0.000001359
679,5120,0.000001347
680,5120,0.000001852
681,5120,0.000002124
682,5120,0.000002272
683,5120,0.000001971
684,5120,0.000003585
685,5120,0.000001677
686,5120,0.000001390
687,5120,0.000001309
688,5120,0.000001350
689,5120,0.000001439
690,5120,0.000001320
691,5120,0.000001282
692,5120,0.000001353
693,5120,0.000014979
694,5120,0.000001463
695,5120,0.000001294
696,5120,0.000001405
697,5120,0.000001413
698,5120,0.000001450
699,5120,0.000001302
700,5120,0.000001425
701,5120,0.000001263
702,5120,0.000001299
703,5120,0.000001310
704,5120,0.000002252
705,5120,0.000001313
706,5120,0.000001253
707,5120,0.000001330
708,5120,0.000001343
709,5120,0.000001268
710,5120,0.000001300
711,5120,0.000001343
712,5120,0.000001342
713,5120,0.000001319
714,5120,0.000001284
715,5120,0.000002012
716,5120,0.000001413
717,5120,0.000001303
718,5120,0.000001251
719,5120,0.000001240
720,5120,0.000001330
721,5120,0.000001264
722,5120,0.000001270
723,5120,0.000001277
724,5120,0.000001625
725,5120,0.000001462
726,5120,0.000002052
727,5120,0.000001380
728,5120,0.000001893
729,5120,0.000001276
730,5120,0.000001272
731,5120,0.000001315
732,5120,0.000001255
733,5120,0.000001256
734,5120,0.000001500
735,5120,0.000001466
736,5120,0.000002523
737,5120,0.000001357
738,5120,0.000001267
739,5120,0.000001314
740,5120,0.000001675
741,5120,0.000001262
742,5120,0.000001229
743,5120,0.000001282
744,5120,0.000001318
745,5120,0.000001327
746,5120,0.000001636
747,5120,0.000001980
748,5120,0.000001295
749,5120,0.000001302
750,5120,0.000001322
751,5120,0.000001466
752,5120,0.000001525
753,5120,0.000001367
754,5120,0.000001355
755,5120,0.000001647
756,5120,0.000001446
757,5120,0.000002381
758,5120,0.000001731
759,5120,0.000001369
760,5120,0.000001354
761,5120,0.000001490
762,5120,0.000001328
763,5120,0.000001314
764,5120,0.000001314
765,5120,0.000001498
766,5120,0.000001264
767,5120,0.000001988
768,5120,0.000001403
769,5120,0.000001300
770,5120,0.000001261
771,5120,0.000001406
772,5120,0.000001345
773,5120,0.000001562
774,5120,0.000001322
775,5120,0.000001354
776,5120,0.000001422
777,5120,0.000001664
778,5120,0.000002174
779,5120,0.000001528
780,5120,0.000001261
781,5120,0.000001283
782,5120,0.000001289
783,5120,0.000001304
784,5120,0.000001395
785,5120,0.000001437
786,5120,0.000001320
787,5120,0.000001262
788,5120,0.000001416
789,5120,0.000002082
790,5120,0.000001416
791,5120,0.000001332
792,5120,0.000001374
793,5120,0.000001276
794,5120,0.000001345
795,5120,0.000001293
796,5120,0.000001274
797,5120,0.000001669
798,5120,0.000001331
799,5120,0.000001377
800,5120,0.000002180
801,5120,0.000001351
802,5120,0.000001280
803,5120,0.000001342
804,5120,0.000001340
805,5120,0.000001301
806,5120,0.000001261
807,5120,0.000001230
808,5120,0.000001414
809,5120,0.000001350
810,5120,0.000001326
811,5120,0.000002100
812,5120,0.000001419
813,5120,0.000001646
814,5120,0.000001298
815,5120,0.000001287
816,5120,0.000001647
817,5120,0.000001318
818,5120,0.000001311
819,5120,0.000001456
820,5120,0.000001428
821,5120,0.000001776
822,5120,0.000002071
823,5120,0.000001625
824,5120,0.000001423
825,5120,0.000001386
826,5120,0.000001376
827,5120,0.000001307
828,5120,0.000001406
829,5120,0.000001374
830,5120,0.000001380
831,5120,0.000001297
832,5120,0.000002187
833,5120,0.000001397
834,5120,0.000001309
835,5120,0.000001240
836,5120,0.000001337
837,5120,0.000001427
838,5120,0.000001389
839,5120,0.000001579
840,5120,0.000001394
841,5120,0.000001397
842,5120,0.000002056
843,5120,0.000001377
844,5120,0.000001561
845,5120,0.000001293
846,5120,0.000001281
847,5120,0.000001285
848,5120,0.000001357
849,5120,0.000001380
850,5120,0.000001358
851,5120,0.000001294
852,5120,0.000001409
853,5120,0.000002055
854,5120,0.000001305
855,5120,0.000001521
856,5120,0.000001422
857,5120,0.000001321
858,5120,0.000001357
859,5120,0.000001557
860,5120,0.000001314
861,5120,0.000001357
862,5120,0.000001361
863,5120,0.000001275
864,5120,0.000002063
865,5120,0.000001287
866,5120,0.000001344
867,5120,0.000001504
868,5120,0.000001881
869,5120,0.000001421
870,5120,0.000001358
871,5120,0.000001351
872,5120,0.000001629
873,5120,0.000001324
874,5120,0.000002209
875,5120,0.000001327
876,5120,0.000001430
877,5120,0.000001329
878,5120,0.000001319
879,5120,0.000001373
880,5120,0.000001624
881,5120,0.000001415
882,5120,0.000001329
883,5120,0.000001332
884,5120,0.000001449
885,5120,0.000002047
886,5120,0.000001288
887,5120,0.000001343
888,5120,0.000001445
889,5120,0.000001324
890,5120,0.000001323
891,5120,0.000001323
892,5120,0.000001313
893,5120,0.000001307
894,5120,0.000001281
895,5120,0.000001308
896,5120,0.000002037
897,5120,0.000001315
898,5120,0.000001312
899,5120,0.000001250
900,5120,0.000001454
901,5120,0.000001342
902,5120,0.000001326
903,5120,0.000001375
904,5120,0.000001391
905,5120,0.000001336
906,5120,0.000001324
907,5120,0.000002000
908,5120,0.000001643
909,5120,0.000001338
910,5120,0.000001325
911,5120,0.000001274
912,5120,0.000001659
913,5120,0.000001335
914,5120,0.000001280
915,5120,0.000001279
916,5120,0.000001338
917,5120,0.000001346
918,5120,0.000001963
919,5120,0.000001309
920,5120,0.000001364
921,5120,0.000001344
922,5120,0.000001249
923,5120,0.000001289
924,5120,0.000001369
925,5120,0.000001333
926,5120,0.000001336
927,5120,0.000001289
928,5120,0.000001336
929,5120,0.000002023
930,5120,0.000001347
931,5120,0.000001315
932,5120,0.000001366
933,5120,0.000001279
934,5120,0.000001254
935,5120,0.000001335
936,5120,0.000001310
937,5120,0.000001579
938,5120,0.000001279
939,5120,0.000001259
940,5120,0.000002125
941,5120,0.000001298
942,5120,0.000001313
943,5120,0.000001353
944,5120,0.000001444
945,5120,0.000001328
946,5120,0.000001269
947,5120,0.000001331
948,5120,0.000001288
949,5120,0.000001295
950,5120,0.000007157
951,5120,0.000003323
952,5120,0.000003374
953,5120,0.000004358
954,5120,0.000003208
955,5120,0.000002341
956,5120,0.000003516
957,5120,0.000002437
958,5120,0.000002283
959,5120,0.000002226
960,5120,0.000004149
961,5120,0.000002412
962,5120,0.000002498
963,5120,0.000002332
964,5120,0.000003534
965,5120,0.000003307
966,5120,0.000002388
967,5120,0.000002308
968,5120,0.000003256
969,5120,0.000002392
970,5120,0.000002308
971,5120,0.000003061
972,5120,0.000004130
973,5120,0.000002406
974,5120,0.000002445
975,5120,0.000004652
976,5120,0.000004450
977,5120,0.000002551
978,5120,0.000002308
979,5120,0.000002298
980,5120,0.000003335
981,5120,0.000003213
982,5120,0.000002430
983,5120,0.000002243
984,5120,0.000004096
985,5120,0.000002700
986,5120,0.000003236
987,5120,0.000002365
988,5120,0.000003291
989,5120,0.000002413
990,5120,0.000002315
991,5120,0.000002305
992,5120,0.000004246
993,5120,0.000002423
994,5120,0.000002288
995,5120,0.000002295
996,5120,0.000003379
997,5120,0.000003215
998,5120,0.000002531
999,5120,0.000002245
0,5376,0.000003133
1,5376,0.000001413
2,5376,0.000001310
3,5376,0.000001756
4,5376,0.000001313
5,5376,0.000001281
6,5376,0.000001625
7,5376,0.000001373
8,5376,0.000001249
9,5376,0.000001638
10,5376,0.000001235
11,5376,0.000001327
12,5376,0.000001614
13,5376,0.000001259
14,5376,0.000001255
15,5376,0.000001354
16,5376,0.000001590
17,5376,0.000001251
18,5376,0.000001231
19,5376,0.000001551
20,5376,0.000001335
21,5376,0.000001263
22,5376,0.000001600
23,5376,0.000001254
24,5376,0.000001257
25,5376,0.000001686
26,5376,0.000001258
27,5376,0.000001283
28,5376,0.000001493
29,5376,0.000001226
30,5376,0.000001341
31,5376,0.000001352
32,5376,0.000001398
33,5376,0.000001332
34,5376,0.000001330
35,5376,0.000001984
36,5376,0.000001511
37,5376,0.000001380
38,5376,0.000001582
39,5376,0.000001238
40,5376,0.000001296
41,5376,0.000001517
42,5376,0.000001321
43,5376,0.000001284
44,5376,0.000001885
45,5376,0.000001246
46,5376,0.000001274
47,5376,0.000001263
48,5376,0.000001762
49,5376,0.000001362
50,5376,0.000001228
51,5376,0.000001482
52,5376,0.000001361
53,5376,0.000001330
54,5376,0.000002527
55,5376,0.000001289
56,5376,0.000001260
57,5376,0.000001573
58,5376,0.000001258
59,5376,0.000001372
60,5376,0.000001694
61,5376,0.000001289
62,5376,0.000001291
63,5376,0.000001275
64,5376,0.000001506
65,5376,0.000001297
66,5376,0.000001273
67,5376,0.000001494
68,5376,0.000001299
69,5376,0.000001430
70,5376,0.000002321
71,5376,0.000001307
72,5376,0.000001231
73,5376,0.000001872
74,5376,0.000001250
75,5376,0.000001227
76,5376,0.000001470
77,5376,0.000001209
78,5376,0.000001244
79,5376,0.000001301
80,5376,0.000001523
81,5376,0.000001334
82,5376,0.000001271
83,5376,0.000001864
84,5376,0.000002066
85,5376,0.000001314
86,5376,0.000001600
87,5376,0.000001333
88,5376,0.000001307
89,5376,0.000001885
90,5376,0.000001533
91,5376,0.000001372
92,5376,0.000001621
93,5376,0.000001242
94,5376,0.000001387
95,5376,0.000001303
96,5376,0.000001346
97,5376,0.000001333
98,5376,0.000001392
99,5376,0.000002508
100,5376,0.000001396
101,5376,0.000001282
102,5376,0.000001581
103,5376,0.000001272
104,5376,0.000001344
105,5376,0.000001572
106,5376,0.000001277
107,5376,0.000001226
108,5376,0.000001565
109,5376,0.000001273
110,5376,0.000001323
111,5376,0.000001297
112,5376,0.000001480
113,5376,0.000001253
114,5376,0.000001266
115,5376,0.000001599
116,5376,0.000001379
117,5376,0.000001450
118,5376,0.000001745
119,5376,0.000001236
120,5376,0.000001357
121,5376,0.000001636
122,5376,0.000001380
123,5376,0.000001333
124,5376,0.000001616
125,5376,0.000001269
126,5376,0.000001254
127,5376,0.000001278
128,5376,0.000001398
129,5376,0.000001340
130,5376,0.000001279
131,5376,0.000001569
132,5376,0.000001345
133,5376,0.000001936
134,5376,0.000002414
135,5376,0.000001916
136,5376,0.000002102
137,5376,0.000002525
138,5376,0.000002165
139,5376,0.000001990
140,5376,0.000017023
141,5376,0.000001522
142,5376,0.000001371
143,5376,0.000001355
144,5376,0.000001541
145,5376,0.000001276
146,5376,0.000001441
147,5376,0.000001654
148,5376,0.000001386
149,5376,0.000001393
150,5376,0.000001594
151,5376,0.000001632
152,5376,0.000001292
153,5376,0.000001681
154,5376,0.000001481
155,5376,0.000001348
156,5376,0.000001625
157,5376,0.000001369
158,5376,0.000001367
159,5376,0.000001262
160,5376,0.000001362
161,5376,0.000001313
162,5376,0.000001264
163,5376,0.000001583
164,5376,0.000001285
165,5376,0.000001262
166,5376,0.000001497
167,5376,0.000001248
168,5376,0.000001318
169,5376,0.000001673
170,5376,0.000001253
171,5376,0.000001334
172,5376,0.000001629
173,5376,0.000001364
174,5376,0.000001363
175,5376,0.000001312
176,5376,0.000001407
177,5376,0.000001274
178,5376,0.000001305
179,5376,0.000001744
180,5376,0.000001364
181,5376,0.000001262
182,5376,0.000001714
183,5376,0.000001415
184,5376,0.000001452
185,5376,0.000001908
186,5376,0.000002160
187,5376,0.000002104
188,5376,0.000002754
189,5376,0.000010949
190,5376,0.000001740
191,5376,0.000001354
192,5376,0.000014368
193,5376,0.000001439
194,5376,0.000001340
195,5376,0.000001910
196,5376,0.000001298
197,5376,0.000001274
198,5376,0.000001591
199,5376,0.000001307
200,5376,0.000001352
201,5376,0.000001701
202,5376,0.000001239
203,5376,0.000001529
204,5376,0.000001653
205,5376,0.000001290
206,5376,0.000001281
207,5376,0.000001573
208,5376,0.000001267
209,5376,0.000001396
210,5376,0.000001355
211,5376,0.000001614
212,5376,0.000001299
213,5376,0.000001302
214,5376,0.000001903
215,5376,0.000001272
216,5376,0.000001272
217,5376,0.000001454
218,5376,0.000001247
219,5376,0.000001686
220,5376,0.000001532
221,5376,0.000001284
222,5376,0.000003178
223,5376,0.000001343
224,5376,0.000001394
225,5376,0.000001311
226,5376,0.000001289
227,5376,0.000001623
228,5376,0.000001339
229,5376,0.000001323
230,5376,0.000001832
231,5376,0.000001326
232,5376,0.000001301
233,5376,0.000001550
234,5376,0.000001334
235,5376,0.000002077
236,5376,0.000001656
237,5376,0.000001240
238,5376,0.000001317
239,5376,0.000001363
240,5376,0.000001381
241,5376,0.000001244
242,5376,0.000001268
243,5376,0.000001596
244,5376,0.000001326
245,5376,0.000001460
246,5376,0.000002183
247,5376,0.000001360
248,5376,0.000001227
249,5376,0.000001626
250,5376,0.000001221
251,5376,0.000001676
252,5376,0.000002006
253,5376,0.000001274
254,5376,0.000001262
255,5376,0.000001471
256,5376,0.000002172
257,5376,0.000001804
258,5376,0.000001447
259,5376,0.000001687
260,5376,0.000001268
261,5376,0.000001250
262,5376,0.000001619
263,5376,0.000001277
264,5376,0.000001304
265,5376,0.000001775
266,5376,0.000002070
267,5376,0.000001294
268,5376,0.000001581
269,5376,0.000001282
270,5376,0.000001273
271,5376,0.000001287
272,5376,0.000001336
273,5376,0.000001381
274,5376,0.000001351
275,5376,0.000001502
276,5376,0.000001433
277,5376,0.000001965
278,5376,0.000001575
279,5376,0.000001345
280,5376,0.000001265
281,5376,0.000001619
282,5376,0.000001281
283,5376,0.000001366
284,5376,0.000001769
285,5376,0.000001244
286,5376,0.000001306
287,5376,0.000002081
288,5376,0.000001780
289,5376,0.000001795
290,5376,0.000001365
291,5376,0.000001774
292,5376,0.000001511
293,5376,0.000001344
294,5376,0.000001625
295,5376,0.000001427
296,5376,0.000001397
297,5376,0.000002510
298,5376,0.000001359
299,5376,0.000001322
300,5376,0.000001511
301,5376,0.000001282
302,5376,0.000001367
303,5376,0.000001312
304,5376,0.000001399
305,5376,0.000001369
306,5376,0.000001367
307,5376,0.000002383
308,5376,0.000001412
309,5376,0.000001359
310,5376,0.000001622
311,5376,0.000001296
312,5376,0.000001347
313,5376,0.000001620
314,5376,0.000001277
315,5376,0.000001314
316,5376,0.000001628
317,5376,0.000002050
318,5376,0.000001251
319,5376,0.000001300
320,5376,0.000001400
321,5376,0.000001301
322,5376,0.000001306
323,5376,0.000001486
324,5376,0.000001315
325,5376,0.000001495
326,5376,0.000001565
327,5376,0.000001332
328,5376,0.000002011
329,5376,0.000001622
330,5376,0.000001283
331,5376,0.000001291
332,5376,0.000001537
333,5376,0.000001357
334,5376,0.000001480
335,5376,0.000001342
336,5376,0.000001401
337,5376,0.000001356
338,5376,0.000001532
339,5376,0.000002562
340,5376,0.000001380
341,5376,0.000001326
342,5376,0.000001636
343,5376,0.000001294
344,5376,0.000001233
345,5376,0.000001586
346,5376,0.000001236
347,5376,0.000001246
348,5376,0.000001506
349,5376,0.000002364
350,5376,0.000001342
351,5376,0.000001310
352,5376,0.000001552
353,5376,0.000001293
354,5376,0.000001235
355,5376,0.000001608
356,5376,0.000001280
357,5376,0.000001308
358,5376,0.000001570
359,5376,0.000002046
360,5376,0.000001445
361,5376,0.000001819
362,5376,0.000001295
363,5376,0.000001308
364,5376,0.000001613
365,5376,0.000001300
366,5376,0.000001291
367,5376,0.000001287
368,5376,0.000001504
369,5376,0.000002165
370,5376,0.000001472
371,5376,0.000001821
372,5376,0.000001403
373,5376,0.000001254
374,5376,0.000001578
375,5376,0.000001451
376,5376,0.000001194
377,5376,0.000001532
378,5376,0.000001263
379,5376,0.000002009
380,5376,0.000001706
381,5376,0.000001626
382,5376,0.000001363
383,5376,0.000001300
384,5376,0.000001318
385,5376,0.000001262
386,5376,0.000001308
387,5376,0.000001752
388,5376,0.000001355
389,5376,0.000001403
390,5376,0.000002595
391,5376,0.000001395
392,5376,0.000001345
393,5376,0.000001681
394,5376,0.000001248
395,5376,0.000001342
396,5376,0.000001518
397,5376,0.000001317
398,5376,0.000001235
399,5376,0.000001340
400,5376,0.000002098
401,5376,0.000001535
402,5376,0.000001318
403,5376,0.000001671
404,5376,0.000001316
405,5376,0.000001318
406,5376,0.000001576
407,5376,0.000001635
408,5376,0.000001321
409,5376,0.000001733
410,5376,0.000002069
411,5376,0.000001315
412,5376,0.000001536
413,5376,0.000001255
414,5376,0.000001226
415,5376,0.000001345
416,5376,0.000001399
417,5376,0.000001328
418,5376,0.000001344
419,5376,0.000001596
420,5376,0.000001733
421,5376,0.000002150
422,5376,0.000001699
423,5376,0.000001314
424,5376,0.000001275
425,5376,0.000001562
426,5376,0.000001561
427,5376,0.000001305
428,5376,0.000001600
429,5376,0.000001328
430,5376,0.000001727
431,5376,0.000002082
432,5376,0.000001334
433,5376,0.000001305
434,5376,0.000001345
435,5376,0.000001617
436,5376,0.000001649
437,5376,0.000001286
438,5376,0.000001701
439,5376,0.000001267
440,5376,0.000001960
441,5376,0.000001891
442,5376,0.000001294
443,5376,0.000001326
444,5376,0.000001596
445,5376,0.000001289
446,5376,0.000001293
447,5376,0.000001215
448,5376,0.000001325
449,5376,0.000001594
450,5376,0.000001407
451,5376,0.000002576
452,5376,0.000001406
453,5376,0.000001309
454,5376,0.000001521
455,5376,0.000001298
456,5376,0.000001271
457,5376,0.000001608
458,5376,0.000001303
459,5376,0.000001261
460,5376,0.000001601
461,5376,0.000001954
462,5376,0.000001325
463,5376,0.000001272
464,5376,0.000001325
465,5376,0.000001253
466,5376,0.000001286
467,5376,0.000001551
468,5376,0.000001371
469,5376,0.000001290
470,5376,0.000001514
471,5376,0.000001356
472,5376,0.000002042
473,5376,0.000001774
474,5376,0.000001300
475,5376,0.000001314
476,5376,0.000002018
477,5376,0.000001242
478,5376,0.000001315
479,5376,0.000001346
480,5376,0.000001325
481,5376,0.000001307
482,5376,0.000001412
483,5376,0.000002324
484,5376,0.000001348
485,5376,0.000001283
486,5376,0.000001647
487,5376,0.000001305
488,5376,0.000001378
489,5376,0.000001556
490,5376,0.000001311
491,5376,0.000001306
492,5376,0.000001608
493,5376,0.000002060
494,5376,0.000001719
495,5376,0.000001296
496,5376,0.000001357
497,5376,0.000001337
498,5376,0.000001619
499,5376,0.000001973
500,5376,0.000001338
501,5376,0.000001303
502,5376,0.000001758
503,5376,0.000002023
504,5376,0.000001336
505,5376,0.000001482
506,5376,0.000001310
507,5376,0.000001315
508,5376,0.000001621
509,5376,0.000001262
510,5376,0.000001312
511,5376,0.000001562
512,5376,0.000001658
513,5376,0.000002036
514,5376,0.000001429
515,5376,0.000001599
516,5376,0.000001329
517,5376,0.000001500
518,5376,0.000001495
519,5376,0.000001292
520,5376,0.000001223
521,5376,0.000001495
522,5376,0.000001819
523,5376,0.000002152
524,5376,0.000001641
525,5376,0.000001288
526,5376,0.000001258
527,5376,0.000001279
528,5376,0.000001264
529,5376,0.000001279
530,5376,0.000001735
531,5376,0.000001614
532,5376,0.000001423
533,5376,0.000001317
534,5376,0.000002386
535,5376,0.000001312
536,5376,0.000001450
537,5376,0.000001612
538,5376,0.000001259
539,5376,0.000001300
540,5376,0.000001542
541,5376,0.000001271
542,5376,0.000001347
543,5376,0.000001294
544,5376,0.000002151
545,5376,0.000001537
546,5376,0.000001252
547,5376,0.000001518
548,5376,0.000001264
549,5376,0.000001263
550,5376,0.000001547
551,5376,0.000001285
552,5376,0.000001237
553,5376,0.000001617
554,5376,0.000001367
555,5376,0.000002116
556,5376,0.000001760
557,5376,0.000001296
558,5376,0.000001475
559,5376,0.000001356
560,5376,0.000001278
561,5376,0.000001295
562,5376,0.000001310
563,5376,0.000001610
564,5376,0.000001551
565,5376,0.000002064
566,5376,0.000001621
567,5376,0.000001412
568,5376,0.000001279
569,5376,0.000001600
570,5376,0.000001286
571,5376,0.000001600
572,5376,0.000001586
573,5376,0.000001360
574,5376,0.000001255
575,5376,0.000002024
576,5376,0.000001620
577,5376,0.000001671
578,5376,0.000001309
579,5376,0.000001617
580,5376,0.000001357
581,5376,0.000001322
582,5376,0.000001556
583,5376,0.000001380
584,5376,0.000001235
585,5376,0.000001822
586,5376,0.000001970
587,5376,0.000001269
588,5376,0.000001639
589,5376,0.000001247
590,5376,0.000001544
591,5376,0.000001305
592,5376,0.000001345
593,5376,0.000001532
594,5376,0.000001228
595,5376,0.000001734
596,5376,0.000002176
597,5376,0.000001255
598,5376,0.000001489
599,5376,0.000001272
600,5376,0.000001267
601,5376,0.000001591
602,5376,0.000001365
603,5376,0.000001294
604,5376,0.000001523
605,5376,0.000001291
606,5376,0.000001985
607,5376,0.000001306
608,5376,0.000001395
609,5376,0.000001328
610,5376,0.000001346
611,5376,0.000001843
612,5376,0.000001264
613,5376,0.000001238
614,5376,0.000001554
615,5376,0.000001314
616,5376,0.000001235
617,5376,0.000002279
618,5376,0.000001377
619,5376,0.000001310
620,5376,0.000001562
621,5376,0.000001416
622,5376,0.000001370
623,5376,0.000001588
624,5376,0.000001411
625,5376,0.000001383
626,5376,0.000001334
627,5376,0.000002235
628,5376,0.000001299
629,5376,0.000001562
630,5376,0.000001530
631,5376,0.000001246
632,5376,0.000001252
633,5376,0.000001802
634,5376,0.000001300
635,5376,0.000001331
636,5376,0.000001682
637,5376,0.000001296
638,5376,0.000002102
639,5376,0.000001334
640,5376,0.000001389
641,5376,0.000001241
642,5376,0.000001248
643,5376,0.000001513
644,5376,0.000001368
645,5376,0.000001307
646,5376,0.000001841
647,5376,0.000001355
648,5376,0.000002046
649,5376,0.000001639
650,5376,0.000001239
651,5376,0.000001294
652,5376,0.000001720
653,5376,0.000001252
654,5376,0.000001294
655,5376,0.000001236
656,5376,0.000001347
657,5376,0.000001295
658,5376,0.000001648
659,5376,0.000002272
660,5376,0.000001478
661,5376,0.000001507
662,5376,0.000001541
663,5376,0.000001288
664,5376,0.000001349
665,5376,0.000001763
666,5376,0.000001312
667,5376,0.000001387
668,5376,0.000001727
669,5376,0.000002063
670,5376,0.000001326
671,5376,0.000001336
672,5376,0.000001236
673,5376,0.000001423
674,5376,0.000001281
675,5376,0.000001515
676,5376,0.000001304
677,5376,0.000001326
678,5376,0.000001669
679,5376,0.000001432
680,5376,0.000001982
681,5376,0.000001632
682,5376,0.000001623
683,5376,0.000001497
684,5376,0.000001555
685,5376,0.000001230
686,5376,0.000001310
687,5376,0.000001228
688,5376,0.000001398
689,5376,0.000001319
690,5376,0.000001992
691,5376,0.000001560
692,5376,0.000001324
693,5376,0.000001265
694,5376,0.000001501
695,5376,0.000001254
696,5376,0.000001276
697,5376,0.000001492
698,5376,0.000001523
699,5376,0.000001281
700,5376,0.000001558
701,5376,0.000002040
702,5376,0.000001403
703,5376,0.000001278
704,5376,0.000001354
705,5376,0.000001293
706,5376,0.000001195
707,5376,0.000001435
708,5376,0.000001256
709,5376,0.000001235
710,5376,0.000001512
711,5376,0.000001271
712,5376,0.000001995
713,5376,0.000001572
714,5376,0.000001301
715,5376,0.000001318
716,5376,0.000001689
717,5376,0.000001344
718,5376,0.000001642
719,5376,0.000001432
720,5376,0.000001397
721,5376,0.000001344
722,5376,0.000002166
723,5376,0.000001618
724,5376,0.000001318
725,5376,0.000001291
726,5376,0.000001545
727,5376,0.000001273
728,5376,0.000001222
729,5376,0.000001550
730,5376,0.000001254
731,5376,0.000001250
732,5376,0.000001584
733,5376,0.000002035
734,5376,0.000001325
735,5376,0.000001207
736,5376,0.000001247
737,5376,0.000001325
738,5376,0.000001274
739,5376,0.000001572
740,5376,0.000001301
741,5376,0.000001302
742,5376,0.000001877
743,5376,0.000001956
744,5376,0.000001261
745,5376,0.000001585
746,5376,0.000001270
747,5376,0.000001337
748,5376,0.000001600
749,5376,0.000001248
750,5376,0.000001297
751,5376,0.000001658
752,5376,0.000001680
753,5376,0.000001355
754,5376,0.000002103
755,5376,0.000001534
756,5376,0.000001326
757,5376,0.000001521
758,5376,0.000001470
759,5376,0.000001287
760,5376,0.000001323
761,5376,0.000001815
762,5376,0.000001252
763,5376,0.000001284
764,5376,0.000002272
765,5376,0.000001342
766,5376,0.000001269
767,5376,0.000001270
768,5376,0.000001279
769,5376,0.000001271
770,5376,0.000001302
771,5376,0.000001553
772,5376,0.000001387
773,5376,0.000001476
774,5376,0.000001839
775,5376,0.000002119
776,5376,0.000001285
777,5376,0.000001736
778,5376,0.000001295
779,5376,0.000001292
780,5376,0.000001945
781,5376,0.000001311
782,5376,0.000001274
783,5376,0.000001329
784,5376,0.000001516
785,5376,0.000016754
786,5376,0.000001582
787,5376,0.000001846
788,5376,0.000001553
789,5376,0.000001281
790,5376,0.000001659
791,5376,0.000001364
792,5376,0.000001747
793,5376,0.000002056
794,5376,0.000001757
795,5376,0.000002246
796,5376,0.000002302
797,5376,0.000002325
798,5376,0.000002285
799,5376,0.000002210
800,5376,0.000002093
801,5376,0.000002183
802,5376,0.000002014
803,5376,0.000001737
804,5376,0.000002643
805,5376,0.000001450
806,5376,0.000001597
807,5376,0.000001329
808,5376,0.000001322
809,5376,0.000001776
810,5376,0.000001377
811,5376,0.000001328
812,5376,0.000002042
813,5376,0.000001309
814,5376,0.000001288
815,5376,0.000001361
816,5376,0.000001378
817,5376,0.000001365
818,5376,0.000001389
819,5376,0.000001594
820,5376,0.000001352
821,5376,0.000001332
822,5376,0.000001588
823,5376,0.000002372
824,5376,0.000001360
825,5376,0.000002014
826,5376,0.000009855
827,5376,0.000001727
828,5376,0.000002100
829,5376,0.000001467
830,5376,0.000001341
831,5376,0.000001414
832,5376,0.000001463
833,5376,0.000001472
834,5376,0.000001335
835,5376,0.000001731
836,5376,0.000001372
837,5376,0.000001406
838,5376,0.000001612
839,5376,0.000001322
840,5376,0.000001324
841,5376,0.000001734
842,5376,0.000001638
843,5376,0.000001355
844,5376,0.000001686
845,5376,0.000001880
846,5376,0.000001453
847,5376,0.000002034
848,5376,0.000003533
849,5376,0.000001984
850,5376,0.000001984
851,5376,0.000012277
852,5376,0.000001681
853,5376,0.000001539
854,5376,0.000001882
855,5376,0.000001538
856,5376,0.000001536
857,5376,0.000002133
858,5376,0.000001609
859,5376,0.000001604
860,5376,0.000016357
861,5376,0.000001470
862,5376,0.000001288
863,5376,0.000001220
864,5376,0.000001218
865,5376,0.000001300
866,5376,0.000001358
867,5376,0.000001476
868,5376,0.000001313
869,5376,0.000001285
870,5376,0.000001716
871,5376,0.000001454
872,5376,0.000001483
873,5376,0.000001567
874,5376,0.000001234
875,5376,0.000001499
876,5376,0.000001503
877,5376,0.000001255
878,5376,0.000001252
879,5376,0.000001221
880,5376,0.000001280
881,5376,0.000001525
882,5376,0.000001323
883,5376,0.000001595
884,5376,0.000001302
885,5376,0.000001367
886,5376,0.000001975
887,5376,0.000001865
888,5376,0.000001431
889,5376,0.000001571
890,5376,0.000001346
891,5376,0.000001260
892,5376,0.000001514
893,5376,0.000001268
894,5376,0.000001315
895,5376,0.000001263
896,5376,0.000001405
897,5376,0.000001289
898,5376,0.000001325
899,5376,0.000001586
900,5376,0.000001307
901,5376,0.000001259
902,5376,0.000001859
903,5376,0.000001262
904,5376,0.000001265
905,5376,0.000001501
906,5376,0.000001306
907,5376,0.000001234
908,5376,0.000001612
909,5376,0.000001427
910,5376,0.000001321
911,5376,0.000001227
912,5376,0.000001341
913,5376,0.000001245
914,5376,0.000001291
915,5376,0.000001537
916,5376,0.000001427
917,5376,0.000001403
918,5376,0.000001547
919,5376,0.000002635
920,5376,0.000001437
921,5376,0.000001627
922,5376,0.000001236
923,5376,0.000001296
924,5376,0.000001577
925,5376,0.000001292
926,5376,0.000001359
927,5376,0.000001223
928,5376,0.000001282
929,5376,0.000001262
930,5376,0.000001243
931,5376,0.000001650
932,5376,0.000001271
933,5376,0.000001585
934,5376,0.000001960
935,5376,0.000001275
936,5376,0.000001306
937,5376,0.000001585
938,5376,0.000001250
939,5376,0.000002050
940,5376,0.000001571
941,5376,0.000001255
942,5376,0.000001244
943,5376,0.000001267
944,5376,0.000001514
945,5376,0.000001306
946,5376,0.000001325
947,5376,0.000001638
948,5376,0.000001260
949,5376,0.000001234
950,5376,0.000001466
951,5376,0.000001236
952,5376,0.000005225
953,5376,0.000004105
954,5376,0.000003371
955,5376,0.000002401
956,5376,0.000003887
957,5376,0.000002406
958,5376,0.000002309
959,5376,0.000002323
960,5376,0.000003371
961,5376,0.000002336
962,5376,0.000002264
963,5376,0.000005460
964,5376,0.000003476
965,5376,0.000002319
966,5376,0.000003496
967,5376,0.000002307
968,5376,0.000002408
969,5376,0.000003515
970,5376,0.000002315
971,5376,0.000002367
972,5376,0.000006286
973,5376,0.000003342
974,5376,0.000002490
975,5376,0.000003072
976,5376,0.000003352
977,5376,0.000002392
978,5376,0.000002266
979,5376,0.000003452
980,5376,0.000003321
981,5376,0.000002368
982,5376,0.000003541
983,5376,0.000002293
984,5376,0.000002328
985,5376,0.000003525
986,5376,0.000002326
987,5376,0.000002649
988,5376,0.000003690
989,5376,0.000002339
990,5376,0.000002279
991,5376,0.000002302
992,5376,0.000004166
993,5376,0.000003332
994,5376,0.000002315
995,5376,0.000005793
996,5376,0.000003386
997,5376,0.000002299
998,5376,0.000003523
999,5376,0.000002354
0,5632,0.000003832
1,5632,0.000001952
2,5632,0.000001669
3,5632,0.000001321
4,5632,0.000001301
5,5632,0.000001692
6,5632,0.000001379
7,5632,0.000001406
8,5632,0.000001455
9,5632,0.000001538
10,5632,0.000001671
11,5632,0.000001312
12,5632,0.000001358
13,5632,0.000001555
14,5632,0.000001613
15,5632,0.000001350
16,5632,0.000001574
17,5632,0.000001276
18,5632,0.000001537
19,5632,0.000001289
20,5632,0.000001322
21,5632,0.000001592
22,5632,0.000001365
23,5632,0.000001280
24,5632,0.000001368
25,5632,0.000001383
26,5632,0.000001923
27,5632,0.000001620
28,5632,0.000001371
29,5632,0.000001775
30,5632,0.000001364
31,5632,0.000001565
32,5632,0.000001473
33,5632,0.000001325
34,5632,0.000001622
35,5632,0.000001389
36,5632,0.000001616
37,5632,0.000001607
38,5632,0.000001354
39,5632,0.000001392
40,5632,0.000001787
41,5632,0.000001259
42,5632,0.000001526
43,5632,0.000001237
44,5632,0.000001446
45,5632,0.000001754
46,5632,0.000001453
47,5632,0.000001370
48,5632,0.000001327
49,5632,0.000001445
50,5632,0.000001975
51,5632,0.000001243
52,5632,0.000001276
53,5632,0.000001603
54,5632,0.000001343
55,5632,0.000001369
56,5632,0.000001473
57,5632,0.000001646
58,5632,0.000001561
59,5632,0.000001407
60,5632,0.000001363
61,5632,0.000001611
62,5632,0.000001354
63,5632,0.000001317
64,5632,0.000001392
65,5632,0.000016109
66,5632,0.000001763
67,5632,0.000001401
68,5632,0.000001356
69,5632,0.000001715
70,5632,0.000001397
71,5632,0.000001430
72,5632,0.000001284
73,5632,0.000001294
74,5632,0.000001503
75,5632,0.000001386
76,5632,0.000001386
77,5632,0.000001713
78,5632,0.000001298
79,5632,0.000001318
80,5632,0.000001483
81,5632,0.000001360
82,5632,0.000001832
83,5632,0.000001340
84,5632,0.000001400
85,5632,0.000001803
86,5632,0.000001861
87,5632,0.000001363
88,5632,0.000001461
89,5632,0.000001282
90,5632,0.000001729
91,5632,0.000001342
92,5632,0.000001289
93,5632,0.000001651
94,5632,0.000001339
95,5632,0.000001402
96,5632,0.000001491
97,5632,0.000001427
98,5632,0.000001708
99,5632,0.000001379
100,5632,0.000001401
101,5632,0.000001663
102,5632,0.000001383
103,5632,0.000001309
104,5632,0.000001447
105,5632,0.000001352
106,5632,0.000001963
107,5632,0.000001850
108,5632,0.000001369
109,5632,0.000001743
110,5632,0.000001336
111,5632,0.000001410
112,5632,0.000001487
113,5632,0.000001774
114,5632,0.000001675
115,5632,0.000001420
116,5632,0.000001348
117,5632,0.000001708
118,5632,0.000001354
119,5632,0.000001342
120,5632,0.000001378
121,5632,0.000001346
122,5632,0.000001978
123,5632,0.000001630
124,5632,0.000001388
125,5632,0.000001665
126,5632,0.000001343
127,5632,0.000001471
128,5632,0.000001434
129,5632,0.000001391
130,5632,0.000001656
131,5632,0.000001390
132,5632,0.000001391
133,5632,0.000001600
134,5632,0.000001324
135,5632,0.000001400
136,5632,0.000001497
137,5632,0.000001519
138,5632,0.000001792
139,5632,0.000001455
140,5632,0.000001448
141,5632,0.000002172
142,5632,0.000001481
143,5632,0.000001365
144,5632,0.000001501
145,5632,0.000001363
146,5632,0.000001777
147,5632,0.000001435
148,5632,0.000001412
149,5632,0.000001631
150,5632,0.000001435
151,5632,0.000001449
152,5632,0.000001324
153,5632,0.000001282
154,5632,0.000001549
155,5632,0.000001299
156,5632,0.000001330
157,5632,0.000001563
158,5632,0.000001295
159,5632,0.000001333
160,5632,0.000001527
161,5632,0.000001387
162,5632,0.000001865
163,5632,0.000001462
164,5632,0.000001319
165,5632,0.000002110
166,5632,0.000001472
167,5632,0.000001395
168,5632,0.000001497
169,5632,0.000001312
170,5632,0.000001659
171,5632,0.000001330
172,5632,0.000001680
173,5632,0.000001684
174,5632,0.000001377
175,5632,0.000001325
176,5632,0.000001434
177,5632,0.000002694
178,5632,0.000001686
179,5632,0.000001375
180,5632,0.000001462
181,5632,0.000001562
182,5632,0.000001395
183,5632,0.000001382
184,5632,0.000001435
185,5632,0.000001395
186,5632,0.000001961
187,5632,0.000002157
188,5632,0.000001336
189,5632,0.000001583
190,5632,0.000001368
191,5632,0.000001289
192,5632,0.000001667
193,5632,0.000001295
194,5632,0.000001635
195,5632,0.000001295
196,5632,0.000001358
197,5632,0.000001649
198,5632,0.000002059
199,5632,0.000001365
200,5632,0.000001463
201,5632,0.000001347
202,5632,0.000001566
203,5632,0.000001299
204,5632,0.000001304
205,5632,0.000001966
206,5632,0.000001345
207,5632,0.000001293
208,5632,0.000002010
209,5632,0.000001310
210,5632,0.000001641
211,5632,0.000001296
212,5632,0.000001304
213,5632,0.000001684
214,5632,0.000001429
215,5632,0.000001475
216,5632,0.000001466
217,5632,0.000001309
218,5632,0.000002471
219,5632,0.000001289
220,5632,0.000001352
221,5632,0.000001750
222,5632,0.000001360
223,5632,0.000001218
224,5632,0.000001379
225,5632,0.000001324
226,5632,0.000001595
227,5632,0.000001365
228,5632,0.000001799
229,5632,0.000002403
230,5632,0.000001297
231,5632,0.000001262
232,5632,0.000001359
233,5632,0.000001490
234,5632,0.000001624
235,5632,0.000001251
236,5632,0.000001294
237,5632,0.000001552
238,5632,0.000001556
239,5632,0.000002205
240,5632,0.000001549
241,5632,0.000001363
242,5632,0.000001559
243,5632,0.000001373
244,5632,0.000001664
245,5632,0.000001707
246,5632,0.000001275
247,5632,0.000001358
248,5632,0.000001398
249,5632,0.000002038
250,5632,0.000002255
251,5632,0.000001334
252,5632,0.000001317
253,5632,0.000001665
254,5632,0.000001283
255,5632,0.000001284
256,5632,0.000001382
257,5632,0.000001323
258,5632,0.000001591
259,5632,0.000001311
260,5632,0.000011412
261,5632,0.000002338
262,5632,0.000002250
263,5632,0.000001827
264,5632,0.000001920
265,5632,0.000002131
266,5632,0.000014788
267,5632,0.000002028
268,5632,0.000002176
269,5632,0.000003521
270,5632,0.000001501
271,5632,0.000001393
272,5632,0.000001805
273,5632,0.000001355
274,5632,0.000001771
275,5632,0.000001380
276,5632,0.000001357
277,5632,0.000001836
278,5632,0.000001664
279,5632,0.000002305
280,5632,0.000001728
281,5632,0.000001720
282,5632,0.000001777
283,5632,0.000001481
284,5632,0.000001349
285,5632,0.000001711
286,5632,0.000001386
287,5632,0.000001369
288,5632,0.000001478
289,5632,0.000002149
290,5632,0.000001706
291,5632,0.000001429
292,5632,0.000001395
293,5632,0.000001611
294,5632,0.000001390
295,5632,0.000001376
296,5632,0.000001438
297,5632,0.000001338
298,5632,0.000001741
299,5632,0.000002075
300,5632,0.000001385
301,5632,0.000001575
302,5632,0.000001460
303,5632,0.000001256
304,5632,0.000001407
305,5632,0.000001328
306,5632,0.000001793
307,5632,0.000001354
308,5632,0.000002163
309,5632,0.000003641
310,5632,0.000002157
311,5632,0.000002219
312,5632,0.000002478
313,5632,0.000001323
314,5632,0.000001549
315,5632,0.000001324
316,5632,0.000001366
317,5632,0.000002584
318,5632,0.000014213
319,5632,0.000001385
320,5632,0.000001476
321,5632,0.000001296
322,5632,0.000001675
323,5632,0.000001356
324,5632,0.000001314
325,5632,0.000001627
326,5632,0.000001618
327,5632,0.000002239
328,5632,0.000001493
329,5632,0.000001332
330,5632,0.000001572
331,5632,0.000001267
332,5632,0.000001564
333,5632,0.000001574
334,5632,0.000001386
335,5632,0.000001313
336,5632,0.000001622
337,5632,0.000002067
338,5632,0.000001556
339,5632,0.000001275
340,5632,0.000001258
341,5632,0.000001784
342,5632,0.000001276
343,5632,0.000001289
344,5632,0.000001431
345,5632,0.000001401
346,5632,0.000001563
347,5632,0.000002470
348,5632,0.000001382
349,5632,0.000001632
350,5632,0.000001325
351,5632,0.000001316
352,5632,0.000001454
353,5632,0.000001445
354,5632,0.000001556
355,5632,0.000001362
356,5632,0.000001290
357,5632,0.000002620
358,5632,0.000001358
359,5632,0.000001264
360,5632,0.000001317
361,5632,0.000001267
362,5632,0.000001542
363,5632,0.000001458
364,5632,0.000001349
365,5632,0.000001607
366,5632,0.000001282
367,5632,0.000001365
368,5632,0.000002091
369,5632,0.000001471
370,5632,0.000001661
371,5632,0.000001356
372,5632,0.000001523
373,5632,0.000001750
374,5632,0.000001335
375,5632,0.000001398
376,5632,0.000001464
377,5632,0.000001344
378,5632,0.000002352
379,5632,0.000001395
380,5632,0.000001251
381,5632,0.000001627
382,5632,0.000001316
383,5632,0.000001416
384,5632,0.000001371
385,5632,0.000001310
386,5632,0.000001602
387,5632,0.000001362
388,5632,0.000002030
389,5632,0.000001741
390,5632,0.000001647
391,5632,0.000001376
392,5632,0.000001367
393,5632,0.000001343
394,5632,0.000001923
395,5632,0.000001277
396,5632,0.000001355
397,5632,0.000001706
398,5632,0.000002084
399,5632,0.000001422
400,5632,0.000001393
401,5632,0.000001328
402,5632,0.000001755
403,5632,0.000001348
404,5632,0.000001322
405,5632,0.000001609
406,5632,0.000001310
407,5632,0.000001430
408,5632,0.000002127
409,5632,0.000001628
410,5632,0.000001663
411,5632,0.000001438
412,5632,0.000001309
413,5632,0.000001542
414,5632,0.000001608
415,5632,0.000001336
416,5632,0.000001329
417,5632,0.000001309
418,5632,0.000002408
419,5632,0.000001369
420,5632,0.000001269
421,5632,0.000001580
422,5632,0.000001369
423,5632,0.000001364
424,5632,0.000001421
425,5632,0.000001318
426,5632,0.000001554
427,5632,0.000001435
428,5632,0.000002058
429,5632,0.000001660
430,5632,0.000001362
431,5632,0.000001299
432,5632,0.000001730
433,5632,0.000001263
434,5632,0.000001550
435,5632,0.000001291
436,5632,0.000001358
437,5632,0.000001915
438,5632,0.000002033
439,5632,0.000001369
440,5632,0.000001387
441,5632,0.000001501
442,5632,0.000001666
443,5632,0.000001270
444,5632,0.000001255
445,5632,0.000001545
446,5632,0.000001311
447,5632,0.000001348
448,5632,0.000001395
449,5632,0.000002098
450,5632,0.000001688
451,5632,0.000001422
452,5632,0.000001675
453,5632,0.000001681
454,5632,0.000001369
455,5632,0.000001295
456,5632,0.000001603
457,5632,0.000001718
458,5632,0.000002357
459,5632,0.000001547
460,5632,0.000001361
461,5632,0.000001616
462,5632,0.000001324
463,5632,0.000001288
464,5632,0.000001410
465,5632,0.000001346
466,5632,0.000001558
467,5632,0.000001461
468,5632,0.000001291
469,5632,0.000002687
470,5632,0.000001370
471,5632,0.000001301
472,5632,0.000001431
473,5632,0.000001256
474,5632,0.000001625
475,5632,0.000001327
476,5632,0.000001366
477,5632,0.000001912
478,5632,0.000001442
479,5632,0.000002196
480,5632,0.000001368
481,5632,0.000001328
482,5632,0.000001588
483,5632,0.000001323
484,5632,0.000001317
485,5632,0.000001673
486,5632,0.000001281
487,5632,0.000001499
488,5632,0.000001504
489,5632,0.000002127
490,5632,0.000001654
491,5632,0.000001315
492,5632,0.000001516
493,5632,0.000001733
494,5632,0.000001290
495,5632,0.000001268
496,5632,0.000001280
497,5632,0.000001256
498,5632,0.000001691
499,5632,0.000002042
500,5632,0.000001399
501,5632,0.000001664
502,5632,0.000001511
503,5632,0.000001323
504,5632,0.000001373
505,5632,0.000001417
506,5632,0.000001756
507,5632,0.000001338
508,5632,0.000001335
509,5632,0.000002306
510,5632,0.000001426
511,5632,0.000001316
512,5632,0.000001778
513,5632,0.000001297
514,5632,0.000001617
515,5632,0.000001254
516,5632,0.000001531
517,5632,0.000001525
518,5632,0.000001292
519,5632,0.000002034
520,5632,0.000001387
521,5632,0.000001275
522,5632,0.000001530
523,5632,0.000001273
524,5632,0.000001269
525,5632,0.000001541
526,5632,0.000001328
527,5632,0.000001257
528,5632,0.000001681
529,5632,0.000001379
530,5632,0.000002714
531,5632,0.000001544
532,5632,0.000001320
533,5632,0.000001661
534,5632,0.000001274
535,5632,0.000001718
536,5632,0.000001397
537,5632,0.000001318
538,5632,0.000001720
539,5632,0.000002089
540,5632,0.000001323
541,5632,0.000001717
542,5632,0.000001281
543,5632,0.000001320
544,5632,0.000001351
545,5632,0.000001740
546,5632,0.000001622
547,5632,0.000001316
548,5632,0.000001318
549,5632,0.000001715
550,5632,0.000002117
551,5632,0.000001445
552,5632,0.000001431
553,5632,0.000001359
554,5632,0.000001705
555,5632,0.000001303
556,5632,0.000001351
557,5632,0.000001811
558,5632,0.000001308
559,5632,0.000001620
560,5632,0.000002227
561,5632,0.000001493
562,5632,0.000002018
563,5632,0.000001345
564,5632,0.000001379
565,5632,0.000001573
566,5632,0.000001315
567,5632,0.000001377
568,5632,0.000001373
569,5632,0.000001354
570,5632,0.000002317
571,5632,0.000001335
572,5632,0.000001583
573,5632,0.000001925
574,5632,0.000001639
575,5632,0.000001371
576,5632,0.000001521
577,5632,0.000001423
578,5632,0.000001780
579,5632,0.000002222
580,5632,0.000001351
581,5632,0.000001744
582,5632,0.000001412
583,5632,0.000001326
584,5632,0.000001247
585,5632,0.000001279
586,5632,0.000001570
587,5632,0.000001530
588,5632,0.000001285
589,5632,0.000002333
590,5632,0.000001359
591,5632,0.000001258
592,5632,0.000001450
593,5632,0.000001583
594,5632,0.000001584
595,5632,0.000001298
596,5632,0.000001383
597,5632,0.000001753
598,5632,0.000002249
599,5632,0.000001345
600,5632,0.000001472
601,5632,0.000001427
602,5632,0.000001481
603,5632,0.000001642
604,5632,0.000001603
605,5632,0.000002015
606,5632,0.000001403
607,5632,0.000001424
608,5632,0.000002138
609,5632,0.000001399
610,5632,0.000001623
611,5632,0.000001627
612,5632,0.000001264
613,5632,0.000001592
614,5632,0.000001441
615,5632,0.000001360
616,5632,0.000001413
617,5632,0.000001317
618,5632,0.000002445
619,5632,0.000001341
620,5632,0.000001463
621,5632,0.000001581
622,5632,0.000001621
623,5632,0.000001378
624,5632,0.000001423
625,5632,0.000001300
626,5632,0.000001571
627,5632,0.000001342
628,5632,0.000002103
629,5632,0.000001783
630,5632,0.000001330
631,5632,0.000001327
632,5632,0.000001333
633,5632,0.000001300
634,5632,0.000001720
635,5632,0.000001570
636,5632,0.000001366
637,5632,0.000001689
638,5632,0.000002094
639,5632,0.000001437
640,5632,0.000001448
641,5632,0.000001321
642,5632,0.000001590
643,5632,0.000001298
644,5632,0.000001269
645,5632,0.000001562
646,5632,0.000001325
647,5632,0.000001439
648,5632,0.000001629
649,5632,0.000002025
650,5632,0.000001619
651,5632,0.000001310
652,5632,0.000001305
653,5632,0.000001518
654,5632,0.000001491
655,5632,0.000001345
656,5632,0.000001373
657,5632,0.000001457
658,5632,0.000001899
659,5632,0.000002087
660,5632,0.000001528
661,5632,0.000001677
662,5632,0.000001323
663,5632,0.000001229
664,5632,0.000001617
665,5632,0.000001294
666,5632,0.000001562
667,5632,0.000001312
668,5632,0.000002082
669,5632,0.000001555
670,5632,0.000001370
671,5632,0.000001279
672,5632,0.000001431
673,5632,0.000001551
674,5632,0.000001806
675,5632,0.000001335
676,5632,0.000001270
677,5632,0.000001494
678,5632,0.000001317
679,5632,0.000002003
680,5632,0.000001362
681,5632,0.000001314
682,5632,0.000001614
683,5632,0.000001354
684,5632,0.000001358
685,5632,0.000001794
686,5632,0.000001384
687,5632,0.000001640
688,5632,0.000002185
689,5632,0.000002339
690,5632,0.000001780
691,5632,0.000001267
692,5632,0.000001345
693,5632,0.000001590
694,5632,0.000001354
695,5632,0.000001553
696,5632,0.000001386
697,5632,0.000001255
698,5632,0.000001570
699,5632,0.000002029
700,5632,0.000001532
701,5632,0.000001586
702,5632,0.000001297
703,5632,0.000001273
704,5632,0.000001638
705,5632,0.000001314
706,5632,0.000001588
707,5632,0.000001278
708,5632,0.000002130
709,5632,0.000001567
710,5632,0.000001267
711,5632,0.000001326
712,5632,0.000001288
713,5632,0.000001672
714,5632,0.000001626
715,5632,0.000001274
716,5632,0.000001319
717,5632,0.000001609
718,5632,0.000001765
719,5632,0.000002071
720,5632,0.000001376
721,5632,0.000001272
722,5632,0.000001563
723,5632,0.000001500
724,5632,0.000001266
725,5632,0.000001638
726,5632,0.000001344
727,5632,0.000001349
728,5632,0.000001355
729,5632,0.000002043
730,5632,0.000001684
731,5632,0.000001261
732,5632,0.000001269
733,5632,0.000001491
734,5632,0.000001327
735,5632,0.000001313
736,5632,0.000001749
737,5632,0.000001698
738,5632,0.000001716
739,5632,0.000002341
740,5632,0.000001482
741,5632,0.000001718
742,5632,0.000001393
743,5632,0.000001379
744,5632,0.000001592
745,5632,0.000001308
746,5632,0.000001738
747,5632,0.000001315
748,5632,0.000001658
749,5632,0.000002446
750,5632,0.000001488
751,5632,0.000001374
752,5632,0.000001422
753,5632,0.000001333
754,5632,0.000001660
755,5632,0.000001272
756,5632,0.000001288
757,5632,0.000001808
758,5632,0.000001408
759,5632,0.000002204
760,5632,0.000001650
761,5632,0.000001357
762,5632,0.000001517
763,5632,0.000001306
764,5632,0.000001321
765,5632,0.000001755
766,5632,0.000001360
767,5632,0.000001345
768,5632,0.000001656
769,5632,0.000002136
770,5632,0.000001898
771,5632,0.000001514
772,5632,0.000001358
773,5632,0.000001772
774,5632,0.000001347
775,5632,0.000001365
776,5632,0.000001370
777,5632,0.000001303
778,5632,0.000001760
779,5632,0.000002168
780,5632,0.000001384
781,5632,0.000001850
782,5632,0.000001380
783,5632,0.000001421
784,5632,0.000001332
785,5632,0.000001310
786,5632,0.000001576
787,5632,0.000001316
788,5632,0.000001369
789,5632,0.000002429
790,5632,0.000001451
791,5632,0.000001414
792,5632,0.000001363
793,5632,0.000001364
794,5632,0.000001642
795,5632,0.000001282
796,5632,0.000001312
797,5632,0.000001615
798,5632,0.000001359
799,5632,0.000002127
800,5632,0.000001479
801,5632,0.000001321
802,5632,0.000001588
803,5632,0.000001318
804,5632,0.000001442
805,5632,0.000001604
806,5632,0.000001324
807,5632,0.000001390
808,5632,0.000001455
809,5632,0.000002065
810,5632,0.000001678
811,5632,0.000001293
812,5632,0.000001273
813,5632,0.000001589
814,5632,0.000001272
815,5632,0.000001362
816,5632,0.000001281
817,5632,0.000001284
818,5632,0.000001953
819,5632,0.000001321
820,5632,0.000002119
821,5632,0.000001708
822,5632,0.000001388
823,5632,0.000001618
824,5632,0.000001333
825,5632,0.000001265
826,5632,0.000001569
827,5632,0.000001315
828,5632,0.000001253
829,5632,0.000001658
830,5632,0.000002127
831,5632,0.000001355
832,5632,0.000001349
833,5632,0.000001262
834,5632,0.000001548
835,5632,0.000001254
836,5632,0.000001276
837,5632,0.000001549
838,5632,0.000001278
839,5632,0.000001578
840,5632,0.000002092
841,5632,0.000001324
842,5632,0.000001554
843,5632,0.000001330
844,5632,0.000001314
845,5632,0.000001830
846,5632,0.000001379
847,5632,0.000001337
848,5632,0.000001435
849,5632,0.000001629
850,5632,0.000002508
851,5632,0.000001323
852,5632,0.000001271
853,5632,0.000001643
854,5632,0.000001310
855,5632,0.000001315
856,5632,0.000001313
857,5632,0.000001304
858,5632,0.000002066
859,5632,0.000001256
860,5632,0.000001277
861,5632,0.000002389
862,5632,0.000001320
863,5632,0.000001284
864,5632,0.000001365
865,5632,0.000001381
866,5632,0.000001534
867,5632,0.000001370
868,5632,0.000001709
869,5632,0.000010052
870,5632,0.000002762
871,5632,0.000001379
872,5632,0.000001381
873,5632,0.000001316
874,5632,0.000001570
875,5632,0.000001280
876,5632,0.000001536
877,5632,0.000001598
878,5632,0.000001280
879,5632,0.000001264
880,5632,0.000001453
881,5632,0.000002131
882,5632,0.000001633
883,5632,0.000001260
884,5632,0.000001324
885,5632,0.000001699
886,5632,0.000001334
887,5632,0.000001271
888,5632,0.000001275
889,5632,0.000001626
890,5632,0.000001784
891,5632,0.000002172
892,5632,0.000001323
893,5632,0.000001589
894,5632,0.000001331
895,5632,0.000001315
896,5632,0.000001268
897,5632,0.000001364
898,5632,0.000001629
899,5632,0.000001568
900,5632,0.000001281
901,5632,0.000002234
902,5632,0.000001340
903,5632,0.000001341
904,5632,0.000001691
905,5632,0.000001664
906,5632,0.000001588
907,5632,0.000001258
908,5632,0.000001238
909,5632,0.000001855
910,5632,0.000001303
911,5632,0.000002017
912,5632,0.000001894
913,5632,0.000001918
914,5632,0.000002655
915,5632,0.000001881
916,5632,0.000002195
917,5632,0.000002351
918,5632,0.000016038
919,5632,0.000001897
920,5632,0.000001357
921,5632,0.000001340
922,5632,0.000001924
923,5632,0.000001493
924,5632,0.000001274
925,5632,0.000001696
926,5632,0.000001304
927,5632,0.000001328
928,5632,0.000002575
929,5632,0.000001393
930,5632,0.000001643
931,5632,0.000001348
932,5632,0.000001294
933,5632,0.000001780
934,5632,0.000001628
935,5632,0.000001318
936,5632,0.000001327
937,5632,0.000001563
938,5632,0.000002374
939,5632,0.000001469
940,5632,0.000001638
941,5632,0.000001618
942,5632,0.000001444
943,5632,0.000001298
944,5632,0.000001296
945,5632,0.000001329
946,5632,0.000001707
947,5632,0.000001287
948,5632,0.000001576
949,5632,0.000002416
950,5632,0.000001402
951,5632,0.000001520
952,5632,0.000001386
953,5632,0.000001344
954,5632,0.000006853
955,5632,0.000003659
956,5632,0.000003728
957,5632,0.000005661
958,5632,0.000003913
959,5632,0.000003474
960,5632,0.000016072
961,5632,0.000002615
962,5632,0.000003490
963,5632,0.000002380
964,5632,0.000003350
965,5632,0.000003520
966,5632,0.000002393
967,5632,0.000002490
968,5632,0.000003471
969,5632,0.000006029
970,5632,0.000003913
971,5632,0.000002401
972,5632,0.000002334
973,5632,0.000006261
974,5632,0.000002598
975,5632,0.000002465
976,5632,0.000003382
977,5632,0.000003169
978,5632,0.000004521
979,5632,0.000002418
980,5632,0.000002294
981,5632,0.000003476
982,5632,0.000002475
983,5632,0.000003181
984,5632,0.000003391
985,5632,0.000002353
986,5632,0.000003568
987,5632,0.000002636
988,5632,0.000003596
989,5632,0.000003647
990,5632,0.000002454
991,5632,0.000002327
992,5632,0.000005682
993,5632,0.000003255
994,5632,0.000003507
995,5632,0.000002328
996,5632,0.000002295
997,5632,0.000004395
998,5632,0.000002442
999,5632,0.000002298
0,5888,0.000003120
1,5888,0.000001484
2,5888,0.000001661
3,5888,0.000001624
4,5888,0.000001565
5,5888,0.000001354
6,5888,0.000001692
7,5888,0.000001272
8,5888,0.000001395
9,5888,0.000001617
10,5888,0.000001390
11,5888,0.000001651
12,5888,0.000001288
13,5888,0.000001645
14,5888,0.000001316
15,5888,0.000001667
16,5888,0.000001399
17,5888,0.000001648
18,5888,0.000001652
19,5888,0.000001323
20,5888,0.000001704
21,5888,0.000001350
22,5888,0.000001507
23,5888,0.000001291
24,5888,0.000001313
25,5888,0.000001538
26,5888,0.000001287
27,5888,0.000001730
28,5888,0.000001383
29,5888,0.000001605
30,5888,0.000001385
31,5888,0.000001373
32,5888,0.000001376
33,5888,0.000001337
34,5888,0.000001717
35,5888,0.000001249
36,5888,0.000001615
37,5888,0.000001363
38,5888,0.000001664
39,5888,0.000001344
40,5888,0.000001280
41,5888,0.000001509
42,5888,0.000001356
43,5888,0.000001597
44,5888,0.000001379
45,5888,0.000001595
46,5888,0.000001318
47,5888,0.000001335
48,5888,0.000001448
49,5888,0.000001295
50,5888,0.000001581
51,5888,0.000001334
52,5888,0.000001705
53,5888,0.000001336
54,5888,0.000001984
55,5888,0.000001315
56,5888,0.000001315
57,5888,0.000001578
58,5888,0.000001302
59,5888,0.000001913
60,5888,0.000001616
61,5888,0.000002507
62,5888,0.000001372
63,5888,0.000001321
64,5888,0.000001335
65,5888,0.000001306
66,5888,0.000001582
67,5888,0.000001335
68,5888,0.000001566
69,5888,0.000001284
70,5888,0.000001495
71,5888,0.000001266
72,5888,0.000001301
73,5888,0.000001535
74,5888,0.000002156
75,5888,0.000001636
76,5888,0.000001324
77,5888,0.000001608
78,5888,0.000001333
79,5888,0.000001442
80,5888,0.000001447
81,5888,0.000001412
82,5888,0.000001757
83,5888,0.000001318
84,5888,0.000002407
85,5888,0.000001287
86,5888,0.000001688
87,5888,0.000001294
88,5888,0.000001391
89,5888,0.000001949
90,5888,0.000001605
91,5888,0.000001842
92,5888,0.000001356
93,5888,0.000001579
94,5888,0.000002029
95,5888,0.000001386
96,5888,0.000001448
97,5888,0.000001723
98,5888,0.000001523
99,5888,0.000001319
100,5888,0.000001601
101,5888,0.000001326
102,5888,0.000001684
103,5888,0.000001313
104,5888,0.000002063
105,5888,0.000001629
106,5888,0.000001379
107,5888,0.000001632
108,5888,0.000001706
109,5888,0.000001605
110,5888,0.000001379
111,5888,0.000001324
112,5888,0.000001584
113,5888,0.000001340
114,5888,0.000002607
115,5888,0.000001311
116,5888,0.000001620
117,5888,0.000001360
118,5888,0.000001624
119,5888,0.000001312
120,5888,0.000001309
121,5888,0.000001516
122,5888,0.000001416
123,5888,0.000001544
124,5888,0.000002007
125,5888,0.000001604
126,5888,0.000001273
127,5888,0.000001292
128,5888,0.000001575
129,5888,0.000001377
130,5888,0.000001636
131,5888,0.000001407
132,5888,0.000001616
133,5888,0.000001658
134,5888,0.000002331
135,5888,0.000001417
136,5888,0.000001377
137,5888,0.000001689
138,5888,0.000001320
139,5888,0.000002037
140,5888,0.000001325
141,5888,0.000001633
142,5888,0.000001350
143,5888,0.000002075
144,5888,0.000001501
145,5888,0.000001288
146,5888,0.000001613
147,5888,0.000001255
148,5888,0.000001518
149,5888,0.000001361
150,5888,0.000001524
151,5888,0.000001242
152,5888,0.000001244
153,5888,0.000001863
154,5888,0.000002135
155,5888,0.000001589
156,5888,0.000001365
157,5888,0.000001575
158,5888,0.000001380
159,5888,0.000001358
160,5888,0.000001391
161,5888,0.000001352
162,5888,0.000001519
163,5888,0.000001650
164,5888,0.000002254
165,5888,0.000001537
166,5888,0.000001587
167,5888,0.000001297
168,5888,0.000001366
169,5888,0.000001486
170,5888,0.000001277
171,5888,0.000001602
172,5888,0.000001328
173,5888,0.000001701
174,5888,0.000002042
175,5888,0.000001378
176,5888,0.000001470
177,5888,0.000001378
178,5888,0.000001688
179,5888,0.000001304
180,5888,0.000001590
181,5888,0.000001330
182,5888,0.000001624
183,5888,0.000001553
184,5888,0.000002083
185,5888,0.000001771
186,5888,0.000001350
187,5888,0.000001577
188,5888,0.000001336
189,5888,0.000001780
190,5888,0.000001484
191,5888,0.000001381
192,5888,0.000001436
193,5888,0.000001345
194,5888,0.000002313
195,5888,0.000001716
196,5888,0.000002113
197,5888,0.000001505
198,5888,0.000001637
199,5888,0.000001361
200,5888,0.000001429
201,5888,0.000001731
202,5888,0.000001641
203,5888,0.000002433
204,5888,0.000001397
205,5888,0.000001866
206,5888,0.000001378
207,5888,0.000001529
208,5888,0.000001409
209,5888,0.000001376
210,5888,0.000001853
211,5888,0.000001620
212,5888,0.000002513
213,5888,0.000001580
214,5888,0.000001614
215,5888,0.000001307
216,5888,0.000001352
217,5888,0.000001557
218,5888,0.000001412
219,5888,0.000001549
220,5888,0.000001287
221,5888,0.000001516
222,5888,0.000002072
223,5888,0.000001515
224,5888,0.000001351
225,5888,0.000001262
226,5888,0.000001569
227,5888,0.000001328
228,5888,0.000001688
229,5888,0.000001366
230,5888,0.000001697
231,5888,0.000001306
232,5888,0.000002050
233,5888,0.000001804
234,5888,0.000001389
235,5888,0.000001626
236,5888,0.000001381
237,5888,0.000001574
238,5888,0.000001281
239,5888,0.000001362
240,5888,0.000001438
241,5888,0.000001302
242,5888,0.000002671
243,5888,0.000001347
244,5888,0.000001871
245,5888,0.000001357
246,5888,0.000001522
247,5888,0.000001284
248,5888,0.000001286
249,5888,0.000001493
250,5888,0.000001304
251,5888,0.000001520
252,5888,0.000002095
253,5888,0.000001544
254,5888,0.000001287
255,5888,0.000001323
256,5888,0.000001393
257,5888,0.000001357
258,5888,0.000001608
259,5888,0.000001349
260,5888,0.000001657
261,5888,0.000001497
262,5888,0.000001893
263,5888,0.000002140
264,5888,0.000001355
265,5888,0.000001535
266,5888,0.000001331
267,5888,0.000001635
268,5888,0.000001290
269,5888,0.000001590
270,5888,0.000001345
271,5888,0.000001404
272,5888,0.000001451
273,5888,0.000002064
274,5888,0.000001537
275,5888,0.000001336
276,5888,0.000001604
277,5888,0.000001291
278,5888,0.000001714
279,5888,0.000001342
280,5888,0.000001405
281,5888,0.000001610
282,5888,0.000001366
283,5888,0.000002427
284,5888,0.000009316
285,5888,0.000001873
286,5888,0.000001401
287,5888,0.000001316
288,5888,0.000001343
289,5888,0.000001385
290,5888,0.000001549
291,5888,0.000001327
292,5888,0.000001721
293,5888,0.000001313
294,5888,0.000002722
295,5888,0.000001302
296,5888,0.000001307
297,5888,0.000001628
298,5888,0.000001315
299,5888,0.000001502
300,5888,0.000001335
301,5888,0.000001559
302,5888,0.000001404
303,5888,0.000001310
304,5888,0.000001368
305,5888,0.000002126
306,5888,0.000001745
307,5888,0.000001334
308,5888,0.000001705
309,5888,0.000001382
310,5888,0.000001625
311,5888,0.000001344
312,5888,0.000001595
313,5888,0.000001932
314,5888,0.000002054
315,5888,0.000001620
316,5888,0.000001332
317,5888,0.000001555
318,5888,0.000001288
319,5888,0.000001522
320,5888,0.000001399
321,5888,0.000001366
322,5888,0.000001573
323,5888,0.000001255
324,5888,0.000002295
325,5888,0.000001548
326,5888,0.000001848
327,5888,0.000001251
328,5888,0.000001294
329,5888,0.000001622
330,5888,0.000001325
331,5888,0.000001557
332,5888,0.000001381
333,5888,0.000001689
334,5888,0.000002064
335,5888,0.000001335
336,5888,0.000001519
337,5888,0.000001271
338,5888,0.000001624
339,5888,0.000001445
340,5888,0.000001572
341,5888,0.000001267
342,5888,0.000001679
343,5888,0.000001249
344,5888,0.000001596
345,5888,0.000002679
346,5888,0.000001346
347,5888,0.000001602
348,5888,0.000001474
349,5888,0.000001582
350,5888,0.000001336
351,5888,0.000001299
352,5888,0.000001325
353,5888,0.000001392
354,5888,0.000001944
355,5888,0.000002177
356,5888,0.000002125
357,5888,0.000001339
358,5888,0.000001961
359,5888,0.000001349
360,5888,0.000001348
361,5888,0.000001594
362,5888,0.000001299
363,5888,0.000002298
364,5888,0.000001381
365,5888,0.000001588
366,5888,0.000001372
367,5888,0.000001319
368,5888,0.000001379
369,5888,0.000001277
370,5888,0.000001617
371,5888,0.000001291
372,5888,0.000001543
373,5888,0.000001449
374,5888,0.000002342
375,5888,0.000001325
376,5888,0.000001291
377,5888,0.000001623
378,5888,0.000001283
379,5888,0.000001694
380,5888,0.000001372
381,5888,0.000001668
382,5888,0.000002109
383,5888,0.000003004
384,5888,0.000002286
385,5888,0.000002410
386,5888,0.000002799
387,5888,0.000014706
388,5888,0.000002303
389,5888,0.000002214
390,5888,0.000002829
391,5888,0.000001689
392,5888,0.000001424
393,5888,0.000001715
394,5888,0.000001347
395,5888,0.000001564
396,5888,0.000001414
397,5888,0.000001648
398,5888,0.000001383
399,5888,0.000002150
400,5888,0.000001489
401,5888,0.000001479
402,5888,0.000001529
403,5888,0.000001376
404,5888,0.000001676
405,5888,0.000001374
406,5888,0.000001941
407,5888,0.000001316
408,5888,0.000001266
409,5888,0.000002694
410,5888,0.000001401
411,5888,0.000001658
412,5888,0.000001370
413,5888,0.000001830
414,5888,0.000001363
415,5888,0.000001302
416,5888,0.000001341
417,5888,0.000001554
418,5888,0.000001716
419,5888,0.000002111
420,5888,0.000001704
421,5888,0.000001317
422,5888,0.000001595
423,5888,0.000001303
424,5888,0.000001277
425,5888,0.000001496
426,5888,0.000001321
427,5888,0.000001921
428,5888,0.000002052
429,5888,0.000003695
430,5888,0.000002132
431,5888,0.000002289
432,5888,0.000001538
433,5888,0.000001315
434,5888,0.000001932
435,5888,0.000001331
436,5888,0.000001597
437,5888,0.000015078
438,5888,0.000001740
439,5888,0.000001545
440,5888,0.000001365
441,5888,0.000001585
442,5888,0.000001316
443,5888,0.000001558
444,5888,0.000001387
445,5888,0.000001635
446,5888,0.000001296
447,5888,0.000002096
448,5888,0.000001401
449,5888,0.000001461
450,5888,0.000001645
451,5888,0.000001368
452,5888,0.000001608
453,5888,0.000001290
454,5888,0.000001758
455,5888,0.000001287
456,5888,0.000001331
457,5888,0.000002380
458,5888,0.000001404
459,5888,0.000001557
460,5888,0.000001320
461,5888,0.000001582
462,5888,0.000001315
463,5888,0.000001323
464,5888,0.000001375
465,5888,0.000001275
466,5888,0.000001603
467,5888,0.000001379
468,5888,0.000002400
469,5888,0.000001679
470,5888,0.000001608
471,5888,0.000001331
472,5888,0.000001322
473,5888,0.000001598
474,5888,0.000001268
475,5888,0.000001555
476,5888,0.000001403
477,5888,0.000001601
478,5888,0.000002156
479,5888,0.000001702
480,5888,0.000001304
481,5888,0.000001314
482,5888,0.000001625
483,5888,0.000001379
484,5888,0.000001688
485,5888,0.000001340
486,5888,0.000001554
487,5888,0.000001344
488,5888,0.000002117
489,5888,0.000001583
490,5888,0.000001696
491,5888,0.000001931
492,5888,0.000001354
493,5888,0.000001512
494,5888,0.000001269
495,5888,0.000001315
496,5888,0.000001275
497,5888,0.000002151
498,5888,0.000001551
499,5888,0.000001296
500,5888,0.000001597
501,5888,0.000001276
502,5888,0.000001588
503,5888,0.000001347
504,5888,0.000001248
505,5888,0.000001648
506,5888,0.000001390
507,5888,0.000002595
508,5888,0.000001397
509,5888,0.000001582
510,5888,0.000001386
511,5888,0.000001240
512,5888,0.000001367
513,5888,0.000001363
514,5888,0.000001600
515,5888,0.000001342
516,5888,0.000001552
517,5888,0.000002093
518,5888,0.000001654
519,5888,0.000001298
520,5888,0.000001326
521,5888,0.000001761
522,5888,0.000001255
523,5888,0.000001715
524,5888,0.000001583
525,5888,0.000001886
526,5888,0.000001380
527,5888,0.000002112
528,5888,0.000001414
529,5888,0.000001354
530,5888,0.000001705
531,5888,0.000001316
532,5888,0.000001820
533,5888,0.000001336
534,5888,0.000001576
535,5888,0.000001253
536,5888,0.000001381
537,5888,0.000002683
538,5888,0.000001315
539,5888,0.000001700
540,5888,0.000001340
541,5888,0.000001640
542,5888,0.000001301
543,5888,0.000001343
544,5888,0.000001377
545,5888,0.000001272
546,5888,0.000001529
547,5888,0.000002350
548,5888,0.000001965
549,5888,0.000001295
550,5888,0.000001502
551,5888,0.000001299
552,5888,0.000001256
553,5888,0.000001568
554,5888,0.000001305
555,5888,0.000001808
556,5888,0.000001776
557,5888,0.000002376
558,5888,0.000001396
559,5888,0.000001240
560,5888,0.000001303
561,5888,0.000001297
562,5888,0.000001523
563,5888,0.000001324
564,5888,0.000001596
565,5888,0.000001258
566,5888,0.000001676
567,5888,0.000002042
568,5888,0.000001315
569,5888,0.000001664
570,5888,0.000001364
571,5888,0.000001625
572,5888,0.000001276
573,5888,0.000001587
574,5888,0.000001297
575,5888,0.000001270
576,5888,0.000001277
577,5888,0.000002141
578,5888,0.000001688
579,5888,0.000001419
580,5888,0.000001601
581,5888,0.000001358
582,5888,0.000002092
583,5888,0.000001226
584,5888,0.000001345
585,5888,0.000001546
586,5888,0.000001604
587,5888,0.000002403
588,5888,0.000001570
589,5888,0.000001829
590,5888,0.000001316
591,5888,0.000001374
592,5888,0.000001540
593,5888,0.000001354
594,5888,0.000001571
595,5888,0.000001379
596,5888,0.000001754
597,5888,0.000002132
598,5888,0.000001540
599,5888,0.000001341
600,5888,0.000001308
601,5888,0.000001597
602,5888,0.000001299
603,5888,0.000001579
604,5888,0.000001314
605,5888,0.000001517
606,5888,0.000001384
607,5888,0.000002178
608,5888,0.000001422
609,5888,0.000001408
610,5888,0.000001685
611,5888,0.000001318
612,5888,0.000001860
613,5888,0.000001257
614,5888,0.000001553
615,5888,0.000001273
616,5888,0.000002050
617,5888,0.000001584
618,5888,0.000001385
619,5888,0.000001701
620,5888,0.000001368
621,5888,0.000001574
622,5888,0.000001262
623,5888,0.000001310
624,5888,0.000001352
625,5888,0.000001262
626,5888,0.000001568
627,5888,0.000002017
628,5888,0.000001534
629,5888,0.000001317
630,5888,0.000001580
631,5888,0.000001359
632,5888,0.000001410
633,5888,0.000001591
634,5888,0.000001253
635,5888,0.000001632
636,5888,0.000001578
637,5888,0.000002260
638,5888,0.000001711
639,5888,0.000001446
640,5888,0.000001246
641,5888,0.000001386
642,5888,0.000001560
643,5888,0.000001358
644,5888,0.000001544
645,5888,0.000001216
646,5888,0.000001665
647,5888,0.000001995
648,5888,0.000001316
649,5888,0.000001497
650,5888,0.000001254
651,5888,0.000001789
652,5888,0.000001363
653,5888,0.000001635
654,5888,0.000001263
655,5888,0.000001693
656,5888,0.000001781
657,5888,0.000002138
658,5888,0.000001822
659,5888,0.000001381
660,5888,0.000001797
661,5888,0.000001252
662,5888,0.000001633
663,5888,0.000001306
664,5888,0.000001290
665,5888,0.000001574
666,5888,0.000001262
667,5888,0.000002194
668,5888,0.000001420
669,5888,0.000001504
670,5888,0.000001301
671,5888,0.000001301
672,5888,0.000001302
673,5888,0.000001320
674,5888,0.000001604
675,5888,0.000001332
676,5888,0.000001566
677,5888,0.000002268
678,5888,0.000001542
679,5888,0.000001262
680,5888,0.000001240
681,5888,0.000001517
682,5888,0.000001315
683,5888,0.000001544
684,5888,0.000001281
685,5888,0.000001580
686,5888,0.000001310
687,5888,0.000001540
688,5888,0.000002049
689,5888,0.000001300
690,5888,0.000001735
691,5888,0.000001279
692,5888,0.000001503
693,5888,0.000001251
694,5888,0.000001519
695,5888,0.000001374
696,5888,0.000001540
697,5888,0.000001544
698,5888,0.000002134
699,5888,0.000001626
700,5888,0.000001519
701,5888,0.000001472
702,5888,0.000001283
703,5888,0.000001338
704,5888,0.000001380
705,5888,0.000001397
706,5888,0.000001638
707,5888,0.000002124
708,5888,0.000001556
709,5888,0.000001478
710,5888,0.000001585
711,5888,0.000001284
712,5888,0.000001445
713,5888,0.000001681
714,5888,0.000001316
715,5888,0.000001940
716,5888,0.000001910
717,5888,0.000002321
718,5888,0.000001405
719,5888,0.000001301
720,5888,0.000001339
721,5888,0.000001516
722,5888,0.000001687
723,5888,0.000001304
724,5888,0.000001702
725,5888,0.000001389
726,5888,0.000002115
727,5888,0.000001989
728,5888,0.000001359
729,5888,0.000001526
730,5888,0.000001295
731,5888,0.000001671
732,5888,0.000001439
733,5888,0.000001940
734,5888,0.000001235
735,5888,0.000001293
736,5888,0.000001378
737,5888,0.000002094
738,5888,0.000001663
739,5888,0.000001373
740,5888,0.000001626
741,5888,0.000001329
742,5888,0.000001620
743,5888,0.000001289
744,5888,0.000001489
745,5888,0.000001564
746,5888,0.000002196
747,5888,0.000001677
748,5888,0.000001334
749,5888,0.000001846
750,5888,0.000001245
751,5888,0.000001310
752,5888,0.000001342
753,5888,0.000001297
754,5888,0.000001950
755,5888,0.000001362
756,5888,0.000002598
757,5888,0.000001628
758,5888,0.000001796
759,5888,0.000001426
760,5888,0.000001485
761,5888,0.000001716
762,5888,0.000001436
763,5888,0.000002054
764,5888,0.000001562
765,5888,0.000002447
766,5888,0.000001397
767,5888,0.000001276
768,5888,0.000001443
769,5888,0.000001330
770,5888,0.000001537
771,5888,0.000001329
772,5888,0.000001647
773,5888,0.000001540
774,5888,0.000001586
775,5888,0.000002270
776,5888,0.000001345
777,5888,0.000001550
778,5888,0.000001300
779,5888,0.000001804
780,5888,0.000001279
781,5888,0.000001583
782,5888,0.000001354
783,5888,0.000001376
784,5888,0.000001406
785,5888,0.000002341
786,5888,0.000001800
787,5888,0.000001327
788,5888,0.000001510
789,5888,0.000001237
790,5888,0.000001474
791,5888,0.000001311
792,5888,0.000001275
793,5888,0.000001646
794,5888,0.000001515
795,5888,0.000002193
796,5888,0.000001457
797,5888,0.000001521
798,5888,0.000001247
799,5888,0.000001255
800,5888,0.000001358
801,5888,0.000001272
802,5888,0.000001751
803,5888,0.000001240
804,5888,0.000001493
805,5888,0.000002038
806,5888,0.000001646
807,5888,0.000001289
808,5888,0.000001319
809,5888,0.000001617
810,5888,0.000001334
811,5888,0.000001607
812,5888,0.000001357
813,5888,0.000001817
814,5888,0.000001282
815,5888,0.000001372
816,5888,0.000002069
817,5888,0.000001515
818,5888,0.000001542
819,5888,0.000001316
820,5888,0.000001612
821,5888,0.000001305
822,5888,0.000001645
823,5888,0.000001300
824,5888,0.000001245
825,5888,0.000001612
826,5888,0.000002031
827,5888,0.000001610
828,5888,0.000001548
829,5888,0.000001939
830,5888,0.000001258
831,5888,0.000001315
832,5888,0.000001359
833,5888,0.000001306
834,5888,0.000001526
835,5888,0.000001339
836,5888,0.000002386
837,5888,0.000001288
838,5888,0.000001830
839,5888,0.000001253
840,5888,0.000001294
841,5888,0.000001622
842,5888,0.000001524
843,5888,0.000001918
844,5888,0.000001326
845,5888,0.000001484
846,5888,0.000001990
847,5888,0.000001271
848,5888,0.000001357
849,5888,0.000001325
850,5888,0.000001546
851,5888,0.000001265
852,5888,0.000001565
853,5888,0.000001290
854,5888,0.000001513
855,5888,0.000001297
856,5888,0.000001340
857,5888,0.000002203
858,5888,0.000001353
859,5888,0.000001585
860,5888,0.000001341
861,5888,0.000001775
862,5888,0.000001273
863,5888,0.000001297
864,5888,0.000001398
865,5888,0.000001324
866,5888,0.000001528
867,5888,0.000002005
868,5888,0.000001474
869,5888,0.000001348
870,5888,0.000001497
871,5888,0.000001241
872,5888,0.000001302
873,5888,0.000001601
874,5888,0.000001301
875,5888,0.000001543
876,5888,0.000001313
877,5888,0.000001574
878,5888,0.000002073
879,5888,0.000001311
880,5888,0.000001326
881,5888,0.000001292
882,5888,0.000001568
883,5888,0.000001255
884,5888,0.000001794
885,5888,0.000001322
886,5888,0.000001689
887,5888,0.000001321
888,5888,0.000002086
889,5888,0.000001551
890,5888,0.000001324
891,5888,0.000001800
892,5888,0.000001468
893,5888,0.000001549
894,5888,0.000001248
895,5888,0.000001299
896,5888,0.000001387
897,5888,0.000001296
898,5888,0.000002353
899,5888,0.000001310
900,5888,0.000001595
901,5888,0.000001508
902,5888,0.000001826
903,5888,0.000001284
904,5888,0.000001234
905,5888,0.000001507
906,5888,0.000001269
907,5888,0.000009455
908,5888,0.000002421
909,5888,0.000001643
910,5888,0.000001268
911,5888,0.000001257
912,5888,0.000001392
913,5888,0.000001283
914,5888,0.000001493
915,5888,0.000001341
916,5888,0.000001506
917,5888,0.000001320
918,5888,0.000002306
919,5888,0.000001289
920,5888,0.000001546
921,5888,0.000001516
922,5888,0.000001290
923,5888,0.000001502
924,5888,0.000001286
925,5888,0.000001553
926,5888,0.000001240
927,5888,0.000001296
928,5888,0.000002135
929,5888,0.000001653
930,5888,0.000001722
931,5888,0.000001272
932,5888,0.000001535
933,5888,0.000001265
934,5888,0.000001523
935,5888,0.000001264
936,5888,0.000027008
937,5888,0.000002760
938,5888,0.000002092
939,5888,0.000001500
940,5888,0.000002665
941,5888,0.000001564
942,5888,0.000001285
943,5888,0.000001266
944,5888,0.000001312
945,5888,0.000001321
946,5888,0.000001495
947,5888,0.000001300
948,5888,0.000001517
949,5888,0.000013669
950,5888,0.000001833
951,5888,0.000002451
952,5888,0.000001267
953,5888,0.000001512
954,5888,0.000001301
955,5888,0.000001688
956,5888,0.000004792
957,5888,0.000003656
958,5888,0.000003259
959,5888,0.000002301
960,5888,0.000003367
961,5888,0.000002346
962,5888,0.000003989
963,5888,0.000003377
964,5888,0.000003651
965,5888,0.000002422
966,5888,0.000006488
967,5888,0.000003282
968,5888,0.000002350
969,5888,0.000003873
970,5888,0.000002357
971,5888,0.000003835
972,5888,0.000003536
973,5888,0.000003658
974,5888,0.000002370
975,5888,0.000002276
976,5888,0.000003415
977,5888,0.000003249
978,5888,0.000003738
979,5888,0.000004194
980,5888,0.000005789
981,5888,0.000019945
982,5888,0.000003934
983,5888,0.000002472
984,5888,0.000003703
985,5888,0.000003698
986,5888,0.000002427
987,5888,0.000003781
988,5888,0.000005397
989,5888,0.000004571
990,5888,0.000002935
991,5888,0.000002684
992,5888,0.000003527
993,5888,0.000003622
994,5888,0.000003611
995,5888,0.000002411
996,5888,0.000003722
997,5888,0.000002427
998,5888,0.000004689
999,5888,0.000003171
0,6144,0.000003617
1,6144,0.000001471
2,6144,0.000001545
3,6144,0.000001336
4,6144,0.000001388
5,6144,0.000001406
6,6144,0.000001655
7,6144,0.000001271
8,6144,0.000001430
9,6144,0.000001293
10,6144,0.000001341
11,6144,0.000001483
12,6144,0.000001345
13,6144,0.000001465
14,6144,0.000001584
15,6144,0.000001311
16,6144,0.000001368
17,6144,0.000001242
18,6144,0.000001382
19,6144,0.000001329
20,6144,0.000001339
21,6144,0.000001261
22,6144,0.000001355
23,6144,0.000001280
24,6144,0.000001323
25,6144,0.000001292
26,6144,0.000001505
27,6144,0.000001939
28,6144,0.000001424
29,6144,0.000001400
30,6144,0.000001459
31,6144,0.000001275
32,6144,0.000001660
33,6144,0.000001365
34,6144,0.000001372
35,6144,0.000001314
36,6144,0.000001635
37,6144,0.000001308
38,6144,0.000001328
39,6144,0.000001258
40,6144,0.000001398
41,6144,0.000001336
42,6144,0.000001499
43,6144,0.000002323
44,6144,0.000001426
45,6144,0.000001321
46,6144,0.000001463
47,6144,0.000001394
48,6144,0.000001322
49,6144,0.000001367
50,6144,0.000001415
51,6144,0.000001361
52,6144,0.000001607
53,6144,0.000001346
54,6144,0.000001563
55,6144,0.000001253
56,6144,0.000001582
57,6144,0.000001325
58,6144,0.000001318
59,6144,0.000001423
60,6144,0.000001535
61,6144,0.000001323
62,6144,0.000001390
63,6144,0.000001309
64,6144,0.000001454
65,6144,0.000001359
66,6144,0.000002057
67,6144,0.000001277
68,6144,0.000001244
69,6144,0.000001324
70,6144,0.000001274
71,6144,0.000001359
72,6144,0.000001304
73,6144,0.000001289
74,6144,0.000001458
75,6144,0.000001333
76,6144,0.000001436
77,6144,0.000001388
78,6144,0.000002166
79,6144,0.000001466
80,6144,0.000001695
81,6144,0.000001301
82,6144,0.000001373
83,6144,0.000001368
84,6144,0.000001465
85,6144,0.000001382
86,6144,0.000001394
87,6144,0.000001339
88,6144,0.000001864
89,6144,0.000002069
90,6144,0.000001294
91,6144,0.000001354
92,6144,0.000001385
93,6144,0.000001458
94,6144,0.000001271
95,6144,0.000001340
96,6144,0.000001487
97,6144,0.000001674
98,6144,0.000001548
99,6144,0.000002146
100,6144,0.000001459
101,6144,0.000001302
102,6144,0.000001473
103,6144,0.000001278
104,6144,0.000001546
105,6144,0.000001332
106,6144,0.000001699
107,6144,0.000001625
108,6144,0.000001341
109,6144,0.000002109
110,6144,0.000001370
111,6144,0.000001300
112,6144,0.000001755
113,6144,0.000001341
114,6144,0.000001411
115,6144,0.000001315
116,6144,0.000001299
117,6144,0.000001320
118,6144,0.000001367
119,6144,0.000002050
120,6144,0.000001573
121,6144,0.000001256
122,6144,0.000001305
123,6144,0.000001295
124,6144,0.000001460
125,6144,0.000001336
126,6144,0.000001549
127,6144,0.000001285
128,6144,0.000001569
129,6144,0.000001355
130,6144,0.000002606
131,6144,0.000001925
132,6144,0.000001410
133,6144,0.000001316
134,6144,0.000001407
135,6144,0.000001418
136,6144,0.000001338
137,6144,0.000001329
138,6144,0.000001444
139,6144,0.000001380
140,6144,0.000002093
141,6144,0.000001274
142,6144,0.000001350
143,6144,0.000001642
144,6144,0.000001266
145,6144,0.000001237
146,6144,0.000001299
147,6144,0.000001345
148,6144,0.000001402
149,6144,0.000001249
150,6144,0.000001765
151,6144,0.000002142
152,6144,0.000001499
153,6144,0.000001397
154,6144,0.000001407
155,6144,0.000001302
156,6144,0.000001312
157,6144,0.000001321
158,6144,0.000001341
159,6144,0.000001354
160,6144,0.000001398
161,6144,0.000002144
162,6144,0.000001300
163,6144,0.000001377
164,6144,0.000001574
165,6144,0.000001296
166,6144,0.000001290
167,6144,0.000001361
168,6144,0.000001413
169,6144,0.000001349
170,6144,0.000001550
171,6144,0.000002108
172,6144,0.000001389
173,6144,0.000001278
174,6144,0.000001461
175,6144,0.000001312
176,6144,0.000001569
177,6144,0.000001357
178,6144,0.000001421
179,6144,0.000001334
180,6144,0.000001524
181,6144,0.000001391
182,6144,0.000002072
183,6144,0.000001429
184,6144,0.000001471
185,6144,0.000001306
186,6144,0.000001486
187,6144,0.000001385
188,6144,0.000001496
189,6144,0.000001631
190,6144,0.000001268
191,6144,0.000001398
192,6144,0.000002053
193,6144,0.000001373
194,6144,0.000001590
195,6144,0.000001363
196,6144,0.000001445
197,6144,0.000001344
198,6144,0.000001685
199,6144,0.000001335
200,6144,0.000001471
201,6144,0.000001269
202,6144,0.000002448
203,6144,0.000001365
204,6144,0.000001348
205,6144,0.000001329
206,6144,0.000001396
207,6144,0.000001316
208,6144,0.000001299
209,6144,0.000001422
210,6144,0.000001404
211,6144,0.000001280
212,6144,0.000001329
213,6144,0.000002137
214,6144,0.000001301
215,6144,0.000001440
216,6144,0.000001308
217,6144,0.000001279
218,6144,0.000001453
219,6144,0.000001341
220,6144,0.000001479
221,6144,0.000001368
222,6144,0.000001366
223,6144,0.000001405
224,6144,0.000002286
225,6144,0.000001418
226,6144,0.000001387
227,6144,0.000001369
228,6144,0.000001283
229,6144,0.000001375
230,6144,0.000001387
231,6144,0.000001324
232,6144,0.000001401
233,6144,0.000001326
234,6144,0.000002105
235,6144,0.000001332
236,6144,0.000001358
237,6144,0.000001324
238,6144,0.000001308
239,6144,0.000001392
240,6144,0.000001304
241,6144,0.000001301
242,6144,0.000001363
243,6144,0.000001329
244,6144,0.000001354
245,6144,0.000002077
246,6144,0.000001697
247,6144,0.000001315
248,6144,0.000001479
249,6144,0.000001433
250,6144,0.000001295
251,6144,0.000001387
252,6144,0.000001422
253,6144,0.000001330
254,6144,0.000001266
255,6144,0.000001534
256,6144,0.000002354
257,6144,0.000001506
258,6144,0.000001376
259,6144,0.000001345
260,6144,0.000001407
261,6144,0.000001565
262,6144,0.000001434
263,6144,0.000001270
264,6144,0.000001629
265,6144,0.000001340
266,6144,0.000002179
267,6144,0.000001712
268,6144,0.000001600
269,6144,0.000001372
270,6144,0.000001557
271,6144,0.000001556
272,6144,0.000001420
273,6144,0.000001525
274,6144,0.000001515
275,6144,0.000001527
276,6144,0.000002117
277,6144,0.000001407
278,6144,0.000001322
279,6144,0.000001313
280,6144,0.000001403
281,6144,0.000001529
282,6144,0.000001321
283,6144,0.000001261
284,6144,0.000001565
285,6144,0.000001288
286,6144,0.000002127
287,6144,0.000001354
288,6144,0.000001336
289,6144,0.000001447
290,6144,0.000001373
291,6144,0.000001278
292,6144,0.000001469
293,6144,0.000001387
294,6144,0.000001398
295,6144,0.000001355
296,6144,0.000002195
297,6144,0.000001325
298,6144,0.000001337
299,6144,0.000001312
300,6144,0.000001348
301,6144,0.000001262
302,6144,0.000001405
303,6144,0.000001287
304,6144,0.000001290
305,6144,0.000001259
306,6144,0.000001407
307,6144,0.000001611
308,6144,0.000002164
309,6144,0.000001355
310,6144,0.000001368
311,6144,0.000009291
312,6144,0.000001488
313,6144,0.000001706
314,6144,0.000001270
315,6144,0.000001385
316,6144,0.000001366
317,6144,0.000001305
318,6144,0.000001414
319,6144,0.000001326
320,6144,0.000001513
321,6144,0.000001314
322,6144,0.000001383
323,6144,0.000001290
324,6144,0.000001796
325,6144,0.000001592
326,6144,0.000002283
327,6144,0.000001550
328,6144,0.000001837
329,6144,0.000001268
330,6144,0.000001356
331,6144,0.000001311
332,6144,0.000001328
333,6144,0.000001461
334,6144,0.000001335
335,6144,0.000001368
336,6144,0.000002313
337,6144,0.000001310
338,6144,0.000001557
339,6144,0.000001311
340,6144,0.000001475
341,6144,0.000001632
342,6144,0.000001457
343,6144,0.000001305
344,6144,0.000001670
345,6144,0.000001742
346,6144,0.000002151
347,6144,0.000001463
348,6144,0.000001367
349,6144,0.000001327
350,6144,0.000001310
351,6144,0.000001475
352,6144,0.000001414
353,6144,0.000001273
354,6144,0.000001415
355,6144,0.000001300
356,6144,0.000001312
357,6144,0.000002038
358,6144,0.000001440
359,6144,0.000001477
360,6144,0.000001324
361,6144,0.000001345
362,6144,0.000001609
363,6144,0.000001363
364,6144,0.000001442
365,6144,0.000001304
366,6144,0.000001691
367,6144,0.000002085
368,6144,0.000001640
369,6144,0.000001351
370,6144,0.000001431
371,6144,0.000001341
372,6144,0.000001523
373,6144,0.000001329
374,6144,0.000001374
375,6144,0.000001311
376,6144,0.000001447
377,6144,0.000002192
378,6144,0.000001674
379,6144,0.000001368
380,6144,0.000001442
381,6144,0.000001321
382,6144,0.000001392
383,6144,0.000001444
384,6144,0.000001350
385,6144,0.000001275
386,6144,0.000001335
387,6144,0.000002095
388,6144,0.000002361
389,6144,0.000001363
390,6144,0.000001372
391,6144,0.000001493
392,6144,0.000001601
393,6144,0.000001343
394,6144,0.000001488
395,6144,0.000001285
396,6144,0.000001389
397,6144,0.000001348
398,6144,0.000002050
399,6144,0.000001413
400,6144,0.000001518
401,6144,0.000001352
402,6144,0.000001335
403,6144,0.000001357
404,6144,0.000001395
405,6144,0.000001371
406,6144,0.000001353
407,6144,0.000001313
408,6144,0.000002080
409,6144,0.000001442
410,6144,0.000001375
411,6144,0.000001299
412,6144,0.000001350
413,6144,0.000001327
414,6144,0.000001351
415,6144,0.000001301
416,6144,0.000001766
417,6144,0.000001345
418,6144,0.000001484
419,6144,0.000002340
420,6144,0.000001389
421,6144,0.000001350
422,6144,0.000001475
423,6144,0.000001294
424,6144,0.000001357
425,6144,0.000001328
426,6144,0.000001454
427,6144,0.000001352
428,6144,0.000001285
429,6144,0.000002042
430,6144,0.000001408
431,6144,0.000001330
432,6144,0.000001464
433,6144,0.000001324
434,6144,0.000001663
435,6144,0.000001360
436,6144,0.000001451
437,6144,0.000001331
438,6144,0.000001384
439,6144,0.000002153
440,6144,0.000001376
441,6144,0.000001284
442,6144,0.000001307
443,6144,0.000001315
444,6144,0.000001359
445,6144,0.000001347
446,6144,0.000001568
447,6144,0.000001339
448,6144,0.000001430
449,6144,0.000001309
450,6144,0.000002260
451,6144,0.000001334
452,6144,0.000001402
453,6144,0.000001295
454,6144,0.000001319
455,6144,0.000001270
456,6144,0.000001303
457,6144,0.000001288
458,6144,0.000001468
459,6144,0.000001401
460,6144,0.000001332
461,6144,0.000002076
462,6144,0.000001406
463,6144,0.000001356
464,6144,0.000001451
465,6144,0.000001361
466,6144,0.000001358
467,6144,0.000001311
468,6144,0.000001454
469,6144,0.000001299
470,6144,0.000001414
471,6144,0.000001271
472,6144,0.000002560
473,6144,0.000001406
474,6144,0.000001339
475,6144,0.000001268
476,6144,0.000001324
477,6144,0.000001312
478,6144,0.000001455
479,6144,0.000001333
480,6144,0.000001258
481,6144,0.000001267
482,6144,0.000002084
483,6144,0.000001299
484,6144,0.000001396
485,6144,0.000001344
486,6144,0.000001637
487,6144,0.000001298
488,6144,0.000001328
489,6144,0.000001389
490,6144,0.000001488
491,6144,0.000001361
492,6144,0.000001437
493,6144,0.000002109
494,6144,0.000001478
495,6144,0.000001278
496,6144,0.000001387
497,6144,0.000002278
498,6144,0.000001972
499,6144,0.000001948
500,6144,0.000002284
501,6144,0.000003641
502,6144,0.000016812
503,6144,0.000001950
504,6144,0.000002325
505,6144,0.000001476
506,6144,0.000001548
507,6144,0.000001376
508,6144,0.000001542
509,6144,0.000002563
510,6144,0.000001679
511,6144,0.000001383
512,6144,0.000001404
513,6144,0.000001273
514,6144,0.000001514
515,6144,0.000001328
516,6144,0.000001377
517,6144,0.000001444
518,6144,0.000001551
519,6144,0.000001462
520,6144,0.000002186
521,6144,0.000001349
522,6144,0.000001391
523,6144,0.000001449
524,6144,0.000001318
525,6144,0.000001338
526,6144,0.000001384
527,6144,0.000001250
528,6144,0.000001564
529,6144,0.000001325
530,6144,0.000001372
531,6144,0.000002145
532,6144,0.000001782
533,6144,0.000001394
534,6144,0.000001417
535,6144,0.000001334
536,6144,0.000001262
537,6144,0.000001312
538,6144,0.000001363
539,6144,0.000001265
540,6144,0.000001391
541,6144,0.000002130
542,6144,0.000001823
543,6144,0.000001511
544,6144,0.000001997
545,6144,0.000002145
546,6144,0.000002017
547,6144,0.000002123
548,6144,0.000002356
549,6144,0.000002442
550,6144,0.000001523
551,6144,0.000001330
552,6144,0.000001271
553,6144,0.000001325
554,6144,0.000001487
555,6144,0.000001404
556,6144,0.000001455
557,6144,0.000001417
558,6144,0.000001884
559,6144,0.000002254
560,6144,0.000001717
561,6144,0.000001510
562,6144,0.000001410
563,6144,0.000001343
564,6144,0.000001468
565,6144,0.000001710
566,6144,0.000001468
567,6144,0.000001371
568,6144,0.000001444
569,6144,0.000001500
570,6144,0.000002284
571,6144,0.000001340
572,6144,0.000001381
573,6144,0.000001324
574,6144,0.000014144
575,6144,0.000001434
576,6144,0.000001311
577,6144,0.000001314
578,6144,0.000001390
579,6144,0.000001297
580,6144,0.000001583
581,6144,0.000002204
582,6144,0.000001442
583,6144,0.000001374
584,6144,0.000001453
585,6144,0.000001496
586,6144,0.000001354
587,6144,0.000001336
588,6144,0.000001259
589,6144,0.000001577
590,6144,0.000002045
591,6144,0.000001337
592,6144,0.000001467
593,6144,0.000001456
594,6144,0.000001566
595,6144,0.000001321
596,6144,0.000001325
597,6144,0.000001305
598,6144,0.000001375
599,6144,0.000001286
600,6144,0.000001466
601,6144,0.000002018
602,6144,0.000001338
603,6144,0.000001371
604,6144,0.000001359
605,6144,0.000001398
606,6144,0.000001473
607,6144,0.000001346
608,6144,0.000001306
609,6144,0.000001376
610,6144,0.000001303
611,6144,0.000001299
612,6144,0.000002087
613,6144,0.000001372
614,6144,0.000001346
615,6144,0.000001377
616,6144,0.000001423
617,6144,0.000001332
618,6144,0.000001261
619,6144,0.000001346
620,6144,0.000001307
621,6144,0.000001290
622,6144,0.000001336
623,6144,0.000001970
624,6144,0.000001381
625,6144,0.000001371
626,6144,0.000001425
627,6144,0.000001359
628,6144,0.000001531
629,6144,0.000001565
630,6144,0.000001409
631,6144,0.000001370
632,6144,0.000001481
633,6144,0.000002070
634,6144,0.000001404
635,6144,0.000001609
636,6144,0.000001381
637,6144,0.000001292
638,6144,0.000001619
639,6144,0.000001484
640,6144,0.000001338
641,6144,0.000001315
642,6144,0.000001327
643,6144,0.000001370
644,6144,0.000002368
645,6144,0.000001448
646,6144,0.000001399
647,6144,0.000001331
648,6144,0.000001362
649,6144,0.000001365
650,6144,0.000001281
651,6144,0.000001428
652,6144,0.000001314
653,6144,0.000001306
654,6144,0.000002131
655,6144,0.000001366
656,6144,0.000001517
657,6144,0.000001335
658,6144,0.000001458
659,6144,0.000001271
660,6144,0.000001371
661,6144,0.000001275
662,6144,0.000001376
663,6144,0.000001497
664,6144,0.000001384
665,6144,0.000002093
666,6144,0.000001433
667,6144,0.000001316
668,6144,0.000001429
669,6144,0.000001368
670,6144,0.000001325
671,6144,0.000001305
672,6144,0.000001450
673,6144,0.000001393
674,6144,0.000001351
675,6144,0.000001404
676,6144,0.000002431
677,6144,0.000001394
678,6144,0.000001416
679,6144,0.000001291
680,6144,0.000001533
681,6144,0.000001495
682,6144,0.000001565
683,6144,0.000001331
684,6144,0.000001435
685,6144,0.000001364
686,6144,0.000002184
687,6144,0.000001324
688,6144,0.000001522
689,6144,0.000001322
690,6144,0.000001459
691,6144,0.000001312
692,6144,0.000001361
693,6144,0.000001403
694,6144,0.000001778
695,6144,0.000001424
696,6144,0.000002368
697,6144,0.000001391
698,6144,0.000001468
699,6144,0.000001291
700,6144,0.000001393
701,6144,0.000001402
702,6144,0.000001511
703,6144,0.000001351
704,6144,0.000001641
705,6144,0.000001387
706,6144,0.000002094
707,6144,0.000001345
708,6144,0.000001581
709,6144,0.000001399
710,6144,0.000001434
711,6144,0.000001371
712,6144,0.000001359
713,6144,0.000001351
714,6144,0.000001450
715,6144,0.000001354
716,6144,0.000001416
717,6144,0.000001324
718,6144,0.000001364
719,6144,0.000001285
720,6144,0.000001365
721,6144,0.000001494
722,6144,0.000001392
723,6144,0.000002513
724,6144,0.000001511
725,6144,0.000001402
726,6144,0.000001646
727,6144,0.000001404
728,6144,0.000001387
729,6144,0.000001341
730,6144,0.000001414
731,6144,0.000001321
732,6144,0.000001496
733,6144,0.000001428
734,6144,0.000001412
735,6144,0.000001273
736,6144,0.000001441
737,6144,0.000001500
738,6144,0.000001396
739,6144,0.000001404
740,6144,0.000001431
741,6144,0.000002165
742,6144,0.000001422
743,6144,0.000001284
744,6144,0.000001402
745,6144,0.000001327
746,6144,0.000001458
747,6144,0.000001366
748,6144,0.000001298
749,6144,0.000001323
750,6144,0.000001780
751,6144,0.000001330
752,6144,0.000001478
753,6144,0.000001335
754,6144,0.000001421
755,6144,0.000001393
756,6144,0.000002466
757,6144,0.000001376
758,6144,0.000001415
759,6144,0.000001280
760,6144,0.000001671
761,6144,0.000001308
762,6144,0.000001390
763,6144,0.000001458
764,6144,0.000001413
765,6144,0.000001326
766,6144,0.000001334
767,6144,0.000001577
768,6144,0.000001417
769,6144,0.000001378
770,6144,0.000001423
771,6144,0.000002176
772,6144,0.000001450
773,6144,0.000001575
774,6144,0.000001415
775,6144,0.000001353
776,6144,0.000001431
777,6144,0.000001697
778,6144,0.000001787
779,6144,0.000001454
780,6144,0.000001331
781,6144,0.000001294
782,6144,0.000001427
783,6144,0.000001357
784,6144,0.000001341
785,6144,0.000001328
786,6144,0.000002277
787,6144,0.000001703
788,6144,0.000001346
789,6144,0.000001360
790,6144,0.000001334
791,6144,0.000001730
792,6144,0.000001369
793,6144,0.000001400
794,6144,0.000001663
795,6144,0.000001340
796,6144,0.000001503
797,6144,0.000001270
798,6144,0.000001434
799,6144,0.000001301
800,6144,0.000001405
801,6144,0.000002480
802,6144,0.000001418
803,6144,0.000001383
804,6144,0.000001545
805,6144,0.000001302
806,6144,0.000001389
807,6144,0.000001326
808,6144,0.000001753
809,6144,0.000001620
810,6144,0.000001351
811,6144,0.000001272
812,6144,0.000001483
813,6144,0.000001289
814,6144,0.000001301
815,6144,0.000001327
816,6144,0.000001373
817,6144,0.000001312
818,6144,0.000001492
819,6144,0.000001438
820,6144,0.000001352
821,6144,0.000001283
822,6144,0.000001526
823,6144,0.000001452
824,6144,0.000001331
825,6144,0.000001280
826,6144,0.000001329
827,6144,0.000001390
828,6144,0.000001407
829,6144,0.000001522
830,6144,0.000001466
831,6144,0.000001287
832,6144,0.000001279
833,6144,0.000001383
834,6144,0.000001322
835,6144,0.000001349
836,6144,0.000001383
837,6144,0.000001515
838,6144,0.000001344
839,6144,0.000001367
840,6144,0.000001390
841,6144,0.000001245
842,6144,0.000001435
843,6144,0.000001400
844,6144,0.000001499
845,6144,0.000001341
846,6144,0.000001407
847,6144,0.000001276
848,6144,0.000001809
849,6144,0.000001397
850,6144,0.000001390
851,6144,0.000001361
852,6144,0.000001393
853,6144,0.000001354
854,6144,0.000001363
855,6144,0.000001364
856,6144,0.000001404
857,6144,0.000001346
858,6144,0.000001333
859,6144,0.000001405
860,6144,0.000001335
861,6144,0.000001353
862,6144,0.000001361
863,6144,0.000001318
864,6144,0.000001421
865,6144,0.000001573
866,6144,0.000001470
867,6144,0.000001637
868,6144,0.000001329
869,6144,0.000001392
870,6144,0.000001415
871,6144,0.000001365
872,6144,0.000001412
873,6144,0.000001314
874,6144,0.000001690
875,6144,0.000001364
876,6144,0.000001403
877,6144,0.000001346
878,6144,0.000001377
879,6144,0.000001614
880,6144,0.000001399
881,6144,0.000001319
882,6144,0.000001474
883,6144,0.000001582
884,6144,0.000001318
885,6144,0.000001295
886,6144,0.000001432
887,6144,0.000001370
888,6144,0.000001328
889,6144,0.000001295
890,6144,0.000001611
891,6144,0.000001393
892,6144,0.000001321
893,6144,0.000001292
894,6144,0.000001680
895,6144,0.000001308
896,6144,0.000001397
897,6144,0.000001400
898,6144,0.000001322
899,6144,0.000001268
900,6144,0.000001282
901,6144,0.000001281
902,6144,0.000001408
903,6144,0.000001487
904,6144,0.000001485
905,6144,0.000001306
906,6144,0.000001343
907,6144,0.000001374
908,6144,0.000001328
909,6144,0.000001251
910,6144,0.000001342
911,6144,0.000001289
912,6144,0.000001319
913,6144,0.000001318
914,6144,0.000001741
915,6144,0.000001392
916,6144,0.000001405
917,6144,0.000001380
918,6144,0.000001346
919,6144,0.000001247
920,6144,0.000001349
921,6144,0.000001331
922,6144,0.000001617
923,6144,0.000001381
924,6144,0.000001473
925,6144,0.000001413
926,6144,0.000001479
927,6144,0.000001343
928,6144,0.000001560
929,6144,0.000001327
930,6144,0.000001521
931,6144,0.000001339
932,6144,0.000001330
933,6144,0.000001524
934,6144,0.000002611
935,6144,0.000001321
936,6144,0.000001376
937,6144,0.000001314
938,6144,0.000001718
939,6144,0.000001411
940,6144,0.000001493
941,6144,0.000001312
942,6144,0.000001370
943,6144,0.000001380
944,6144,0.000001606
945,6144,0.000001342
946,6144,0.000002194
947,6144,0.000001635
948,6144,0.000001442
949,6144,0.000001529
950,6144,0.000001491
951,6144,0.000001352
952,6144,0.000001359
953,6144,0.000001301
954,6144,0.000001365
955,6144,0.000001412
956,6144,0.000001327
957,6144,0.000001525
958,6144,0.000006144
959,6144,0.000002555
960,6144,0.000003551
961,6144,0.000002427
962,6144,0.000011974
963,6144,0.000004251
964,6144,0.000007560
965,6144,0.000002428
966,6144,0.000003352
967,6144,0.000002498
968,6144,0.000003398
969,6144,0.000003662
970,6144,0.000003307
971,6144,0.000002253
972,6144,0.000003654
973,6144,0.000002421
974,6144,0.000004143
975,6144,0.000002348
976,6144,0.000003351
977,6144,0.000002325
978,6144,0.000003325
979,6144,0.000003251
980,6144,0.000003544
981,6144,0.000003134
982,6144,0.000003335
983,6144,0.000002487
984,6144,0.000004240
985,6144,0.000004805
986,6144,0.000003287
987,6144,0.000002655
988,6144,0.000004158
989,6144,0.000003136
990,6144,0.000003415
991,6144,0.000002520
992,6144,0.000003274
993,6144,0.000003208
994,6144,0.000003448
995,6144,0.000002497
996,6144,0.000003254
997,6144,0.000002339
998,6144,0.000004113
999,6144,0.000002366
0,6400,0.000004820
1,6400,0.000002165
2,6400,0.000001586
3,6400,0.000001958
4,6400,0.000001380
5,6400,0.000001800
6,6400,0.000001416
7,6400,0.000001666
8,6400,0.000001815
9,6400,0.000001427
10,6400,0.000001843
11,6400,0.000001513
12,6400,0.000001864
13,6400,0.000001373
14,6400,0.000001818
15,6400,0.000001338
16,6400,0.000001695
17,6400,0.000001655
18,6400,0.000001360
19,6400,0.000001648
20,6400,0.000001330
21,6400,0.000001596
22,6400,0.000001455
23,6400,0.000001647
24,6400,0.000001557
25,6400,0.000001569
26,6400,0.000001740
27,6400,0.000001661
28,6400,0.000001793
29,6400,0.000001381
30,6400,0.000001718
31,6400,0.000001525
32,6400,0.000001713
33,6400,0.000001750
34,6400,0.000001420
35,6400,0.000001943
36,6400,0.000002249
37,6400,0.000002435
38,6400,0.000002157
39,6400,0.000002371
40,6400,0.000002900
41,6400,0.000001476
42,6400,0.000001609
43,6400,0.000002937
44,6400,0.000001876
45,6400,0.000001488
46,6400,0.000001607
47,6400,0.000013881
48,6400,0.000001532
49,6400,0.000001751
50,6400,0.000001379
51,6400,0.000001624
52,6400,0.000001351
53,6400,0.000001606
54,6400,0.000001365
55,6400,0.000001645
56,6400,0.000001592
57,6400,0.000002238
58,6400,0.000001909
59,6400,0.000001377
60,6400,0.000001587
61,6400,0.000001419
62,6400,0.000001639
63,6400,0.000001257
64,6400,0.000001315
65,6400,0.000001551
66,6400,0.000001334
67,6400,0.000001498
68,6400,0.000001410
69,6400,0.000001542
70,6400,0.000001296
71,6400,0.000001577
72,6400,0.000001655
73,6400,0.000002302
74,6400,0.000001862
75,6400,0.000001366
76,6400,0.000001691
77,6400,0.000001368
78,6400,0.000001558
79,6400,0.000001397
80,6400,0.000001425
81,6400,0.000001644
82,6400,0.000001350
83,6400,0.000001701
84,6400,0.000001380
85,6400,0.000001578
86,6400,0.000001334
87,6400,0.000001576
88,6400,0.000001597
89,6400,0.000001347
90,6400,0.000001491
91,6400,0.000001319
92,6400,0.000001608
93,6400,0.000001413
94,6400,0.000001838
95,6400,0.000001353
96,6400,0.000001326
97,6400,0.000001667
98,6400,0.000001383
99,6400,0.000001796
100,6400,0.000001311
101,6400,0.000001707
102,6400,0.000001330
103,6400,0.000001639
104,6400,0.000001687
105,6400,0.000001324
106,6400,0.000001585
107,6400,0.000001317
108,6400,0.000001657
109,6400,0.000001316
110,6400,0.000001604
111,6400,0.000001272
112,6400,0.000001330
113,6400,0.000001600
114,6400,0.000001521
115,6400,0.000001678
116,6400,0.000001343
117,6400,0.000001533
118,6400,0.000001350
119,6400,0.000002096
120,6400,0.000001670
121,6400,0.000001674
122,6400,0.000001636
123,6400,0.000001445
124,6400,0.000001802
125,6400,0.000001475
126,6400,0.000001909
127,6400,0.000001318
128,6400,0.000001455
129,6400,0.000001628
130,6400,0.000001345
131,6400,0.000001674
132,6400,0.000001308
133,6400,0.000001664
134,6400,0.000001371
135,6400,0.000001508
136,6400,0.000001673
137,6400,0.000001338
138,6400,0.000001535
139,6400,0.000001242
140,6400,0.000001517
141,6400,0.000001391
142,6400,0.000001679
143,6400,0.000001266
144,6400,0.000001478
145,6400,0.000001931
146,6400,0.000001373
147,6400,0.000001623
148,6400,0.000001381
149,6400,0.000001532
150,6400,0.000001331
151,6400,0.000001571
152,6400,0.000001562
153,6400,0.000001311
154,6400,0.000001698
155,6400,0.000001302
156,6400,0.000001556
157,6400,0.000001357
158,6400,0.000001658
159,6400,0.000001336
160,6400,0.000001550
161,6400,0.000001657
162,6400,0.000001472
163,6400,0.000001724
164,6400,0.000001482
165,6400,0.000001594
166,6400,0.000001297
167,6400,0.000001612
168,6400,0.000001885
169,6400,0.000001466
170,6400,0.000001639
171,6400,0.000001407
172,6400,0.000001654
173,6400,0.000001392
174,6400,0.000002009
175,6400,0.000001558
176,6400,0.000001882
177,6400,0.000001824
178,6400,0.000001344
179,6400,0.000001725
180,6400,0.000001422
181,6400,0.000001580
182,6400,0.000001307
183,6400,0.000001520
184,6400,0.000001636
185,6400,0.000001469
186,6400,0.000001705
187,6400,0.000001492
188,6400,0.000001666
189,6400,0.000001381
190,6400,0.000001950
191,6400,0.000001411
192,6400,0.000001655
193,6400,0.000001623
194,6400,0.000001371
195,6400,0.000001685
196,6400,0.000001301
197,6400,0.000001608
198,6400,0.000001553
199,6400,0.000001611
200,6400,0.000001728
201,6400,0.000001328
202,6400,0.000001566
203,6400,0.000001346
204,6400,0.000001629
205,6400,0.000001346
206,6400,0.000001546
207,6400,0.000001284
208,6400,0.000001457
209,6400,0.000001713
210,6400,0.000001378
211,6400,0.000002090
212,6400,0.000001396
213,6400,0.000001575
214,6400,0.000001403
215,6400,0.000002005
216,6400,0.000001627
217,6400,0.000001366
218,6400,0.000001694
219,6400,0.000001653
220,6400,0.000001996
221,6400,0.000001325
222,6400,0.000001654
223,6400,0.000001511
224,6400,0.000001533
225,6400,0.000001685
226,6400,0.000001349
227,6400,0.000001668
228,6400,0.000001404
229,6400,0.000001615
230,6400,0.000001317
231,6400,0.000001546
232,6400,0.000001554
233,6400,0.000001339
234,6400,0.000001689
235,6400,0.000001604
236,6400,0.000001700
237,6400,0.000001338
238,6400,0.000001714
239,6400,0.000001477
240,6400,0.000001354
241,6400,0.000001573
242,6400,0.000001368
243,6400,0.000001642
244,6400,0.000001634
245,6400,0.000001899
246,6400,0.000001349
247,6400,0.000001598
248,6400,0.000001644
249,6400,0.000001364
250,6400,0.000001935
251,6400,0.000001382
252,6400,0.000001579
253,6400,0.000001336
254,6400,0.000001591
255,6400,0.000001507
256,6400,0.000001867
257,6400,0.000001764
258,6400,0.000001284
259,6400,0.000001674
260,6400,0.000001423
261,6400,0.000001555
262,6400,0.000001484
263,6400,0.000001715
264,6400,0.000001668
265,6400,0.000001285
266,6400,0.000001914
267,6400,0.000001280
268,6400,0.000001587
269,6400,0.000001327
270,6400,0.000001558
271,6400,0.000001561
272,6400,0.000001421
273,6400,0.000001609
274,6400,0.000001358
275,6400,0.000001873
276,6400,0.000001569
277,6400,0.000001625
278,6400,0.000001328
279,6400,0.000001494
280,6400,0.000001682
281,6400,0.000001451
282,6400,0.000002885
283,6400,0.000001520
284,6400,0.000001721
285,6400,0.000001363
286,6400,0.000001680
287,6400,0.000001377
288,6400,0.000001484
289,6400,0.000001583
290,6400,0.000001337
291,6400,0.000001512
292,6400,0.000001299
293,6400,0.000001485
294,6400,0.000001336
295,6400,0.000001712
296,6400,0.000001542
297,6400,0.000001268
298,6400,0.000002022
299,6400,0.000002196
300,6400,0.000001730
301,6400,0.000001682
302,6400,0.000001845
303,6400,0.000001324
304,6400,0.000001382
305,6400,0.000001644
306,6400,0.000001369
307,6400,0.000001585
308,6400,0.000001370
309,6400,0.000001784
310,6400,0.000001385
311,6400,0.000001765
312,6400,0.000001740
313,6400,0.000001286
314,6400,0.000001847
315,6400,0.000002185
316,6400,0.000001581
317,6400,0.000001362
318,6400,0.000001620
319,6400,0.000001485
320,6400,0.000001437
321,6400,0.000001631
322,6400,0.000001292
323,6400,0.000001639
324,6400,0.000001656
325,6400,0.000001771
326,6400,0.000001385
327,6400,0.000001788
328,6400,0.000001857
329,6400,0.000001311
330,6400,0.000001783
331,6400,0.000002154
332,6400,0.000001603
333,6400,0.000001353
334,6400,0.000001591
335,6400,0.000001339
336,6400,0.000001493
337,6400,0.000001796
338,6400,0.000001385
339,6400,0.000001530
340,6400,0.000001412
341,6400,0.000001580
342,6400,0.000001334
343,6400,0.000001625
344,6400,0.000001653
345,6400,0.000001325
346,6400,0.000001600
347,6400,0.000001341
348,6400,0.000001571
349,6400,0.000002289
350,6400,0.000001665
351,6400,0.000001370
352,6400,0.000001424
353,6400,0.000001754
354,6400,0.000001365
355,6400,0.000001628
356,6400,0.000001394
357,6400,0.000001690
358,6400,0.000001710
359,6400,0.000001645
360,6400,0.000001629
361,6400,0.000001395
362,6400,0.000001647
363,6400,0.000001297
364,6400,0.000001691
365,6400,0.000001367
366,6400,0.000001587
367,6400,0.000001341
368,6400,0.000001378
369,6400,0.000001638
370,6400,0.000001287
371,6400,0.000002644
372,6400,0.000001402
373,6400,0.000001621
374,6400,0.000001433
375,6400,0.000001567
376,6400,0.000001594
377,6400,0.000001312
378,6400,0.000001674
379,6400,0.000001322
380,6400,0.000001693
381,6400,0.000001336
382,6400,0.000001575
383,6400,0.000001335
384,6400,0.000001468
385,6400,0.000001575
386,6400,0.000001356
387,6400,0.000001553
388,6400,0.000001376
389,6400,0.000001573
390,6400,0.000001306
391,6400,0.000001498
392,6400,0.000012696
393,6400,0.000002572
394,6400,0.000001623
395,6400,0.000001323
396,6400,0.000001602
397,6400,0.000001530
398,6400,0.000001604
399,6400,0.000001425
400,6400,0.000001482
401,6400,0.000001604
402,6400,0.000001375
403,6400,0.000001588
404,6400,0.000001364
405,6400,0.000001753
406,6400,0.000001290
407,6400,0.000001577
408,6400,0.000001690
409,6400,0.000001348
410,6400,0.000002407
411,6400,0.000001340
412,6400,0.000001676
413,6400,0.000001356
414,6400,0.000001728
415,6400,0.000001365
416,6400,0.000001403
417,6400,0.000001648
418,6400,0.000001556
419,6400,0.000001857
420,6400,0.000001805
421,6400,0.000001671
422,6400,0.000001365
423,6400,0.000001552
424,6400,0.000001574
425,6400,0.000001328
426,6400,0.000001621
427,6400,0.000001409
428,6400,0.000001637
429,6400,0.000001704
430,6400,0.000002426
431,6400,0.000001352
432,6400,0.000001541
433,6400,0.000001893
434,6400,0.000001337
435,6400,0.000001505
436,6400,0.000001312
437,6400,0.000001491
438,6400,0.000001308
439,6400,0.000001545
440,6400,0.000002504
441,6400,0.000001404
442,6400,0.000001575
443,6400,0.000001352
444,6400,0.000002010
445,6400,0.000001402
446,6400,0.000001746
447,6400,0.000001385
448,6400,0.000001426
449,6400,0.000002279
450,6400,0.000002197
451,6400,0.000001777
452,6400,0.000001415
453,6400,0.000001820
454,6400,0.000001369
455,6400,0.000001595
456,6400,0.000001549
457,6400,0.000001330
458,6400,0.000001570
459,6400,0.000002132
460,6400,0.000001909
461,6400,0.000001342
462,6400,0.000001576
463,6400,0.000001379
464,6400,0.000001412
465,6400,0.000001713
466,6400,0.000001429
467,6400,0.000001621
468,6400,0.000002095
469,6400,0.000001692
470,6400,0.000001284
471,6400,0.000001574
472,6400,0.000001659
473,6400,0.000001528
474,6400,0.000001702
475,6400,0.000001306
476,6400,0.000001670
477,6400,0.000001398
478,6400,0.000002385
479,6400,0.000001354
480,6400,0.000001552
481,6400,0.000001628
482,6400,0.000001351
483,6400,0.000001599
484,6400,0.000001359
485,6400,0.000001628
486,6400,0.000001409
487,6400,0.000002170
488,6400,0.000002490
489,6400,0.000001469
490,6400,0.000001860
491,6400,0.000001314
492,6400,0.000002133
493,6400,0.000001447
494,6400,0.000001578
495,6400,0.000001431
496,6400,0.000001503
497,6400,0.000002358
498,6400,0.000001506
499,6400,0.000001680
500,6400,0.000001314
501,6400,0.000001595
502,6400,0.000001311
503,6400,0.000001811
504,6400,0.000001625
505,6400,0.000001746
506,6400,0.000002427
507,6400,0.000001362
508,6400,0.000001826
509,6400,0.000001350
510,6400,0.000001622
511,6400,0.000001411
512,6400,0.000001558
513,6400,0.000001536
514,6400,0.000001284
515,6400,0.000001833
516,6400,0.000002181
517,6400,0.000001591
518,6400,0.000001353
519,6400,0.000001903
520,6400,0.000001557
521,6400,0.000001430
522,6400,0.000001608
523,6400,0.000001355
524,6400,0.000001939
525,6400,0.000002216
526,6400,0.000001709
527,6400,0.000001369
528,6400,0.000001417
529,6400,0.000001582
530,6400,0.000001351
531,6400,0.000001730
532,6400,0.000001382
533,6400,0.000001732
534,6400,0.000002246
535,6400,0.000001747
536,6400,0.000001696
537,6400,0.000001355
538,6400,0.000001582
539,6400,0.000001281
540,6400,0.000001651
541,6400,0.000001597
542,6400,0.000001650
543,6400,0.000002179
544,6400,0.000001493
545,6400,0.000001755
546,6400,0.000001486
547,6400,0.000001783
548,6400,0.000001350
549,6400,0.000001557
550,6400,0.000001380
551,6400,0.000001619
552,6400,0.000001628
553,6400,0.000002365
554,6400,0.000001673
555,6400,0.000001421
556,6400,0.000001633
557,6400,0.000001393
558,6400,0.000001753
559,6400,0.000001653
560,6400,0.000001672
561,6400,0.000001644
562,6400,0.000002480
563,6400,0.000001758
564,6400,0.000001301
565,6400,0.000001629
566,6400,0.000001329
567,6400,0.000001542
568,6400,0.000001776
569,6400,0.000001403
570,6400,0.000001699
571,6400,0.000001324
572,6400,0.000002314
573,6400,0.000001387
574,6400,0.000001588
575,6400,0.000001308
576,6400,0.000001397
577,6400,0.000001535
578,6400,0.000001299
579,6400,0.000002108
580,6400,0.000001401
581,6400,0.000002529
582,6400,0.000001375
583,6400,0.000001619
584,6400,0.000001679
585,6400,0.000001303
586,6400,0.000001523
587,6400,0.000001385
588,6400,0.000001764
589,6400,0.000001308
590,6400,0.000001676
591,6400,0.000002150
592,6400,0.000001651
593,6400,0.000001518
594,6400,0.000001321
595,6400,0.000001530
596,6400,0.000001358
597,6400,0.000001827
598,6400,0.000001288
599,6400,0.000001573
600,6400,0.000001853
601,6400,0.000002158
602,6400,0.000001635
603,6400,0.000001438
604,6400,0.000002058
605,6400,0.000001357
606,6400,0.000001703
607,6400,0.000001394
608,6400,0.000001400
609,6400,0.000001704
610,6400,0.000002179
611,6400,0.000001584
612,6400,0.000001551
613,6400,0.000001532
614,6400,0.000001322
615,6400,0.000001611
616,6400,0.000001600
617,6400,0.000001564
618,6400,0.000001590
619,6400,0.000002827
620,6400,0.000002289
621,6400,0.000002064
622,6400,0.000002590
623,6400,0.000002087
624,6400,0.000002185
625,6400,0.000017199
626,6400,0.000003514
627,6400,0.000001881
628,6400,0.000001475
629,6400,0.000001670
630,6400,0.000001396
631,6400,0.000002009
632,6400,0.000001739
633,6400,0.000001340
634,6400,0.000002678
635,6400,0.000001436
636,6400,0.000001569
637,6400,0.000001424
638,6400,0.000001719
639,6400,0.000001426
640,6400,0.000001483
641,6400,0.000001664
642,6400,0.000001397
643,6400,0.000002433
644,6400,0.000001371
645,6400,0.000001833
646,6400,0.000001422
647,6400,0.000001585
648,6400,0.000001818
649,6400,0.000001428
650,6400,0.000001672
651,6400,0.000001370
652,6400,0.000001766
653,6400,0.000002214
654,6400,0.000001759
655,6400,0.000001834
656,6400,0.000001383
657,6400,0.000001713
658,6400,0.000001474
659,6400,0.000001650
660,6400,0.000001784
661,6400,0.000002292
662,6400,0.000002876
663,6400,0.000002997
664,6400,0.000002569
665,6400,0.000002097
666,6400,0.000002611
667,6400,0.000001470
668,6400,0.000001608
669,6400,0.000002451
670,6400,0.000002040
671,6400,0.000001324
672,6400,0.000001457
673,6400,0.000002220
674,6400,0.000001644
675,6400,0.000001706
676,6400,0.000001692
677,6400,0.000001701
678,6400,0.000002368
679,6400,0.000001701
680,6400,0.000001717
681,6400,0.000001345
682,6400,0.000001705
683,6400,0.000001322
684,6400,0.000001759
685,6400,0.000001352
686,6400,0.000001675
687,6400,0.000002296
688,6400,0.000001401
689,6400,0.000001672
690,6400,0.000001298
691,6400,0.000001584
692,6400,0.000001352
693,6400,0.000001659
694,6400,0.000001375
695,6400,0.000001724
696,6400,0.000002720
697,6400,0.000001408
698,6400,0.000001722
699,6400,0.000001397
700,6400,0.000001607
701,6400,0.000001375
702,6400,0.000001870
703,6400,0.000001581
704,6400,0.000001472
705,6400,0.000001760
706,6400,0.000002108
707,6400,0.000001617
708,6400,0.000001346
709,6400,0.000001568
710,6400,0.000001338
711,6400,0.000001634
712,6400,0.000001594
713,6400,0.000001269
714,6400,0.000001600
715,6400,0.000001415
716,6400,0.000002312
717,6400,0.000001366
718,6400,0.000001609
719,6400,0.000001324
720,6400,0.000001547
721,6400,0.000001952
722,6400,0.000001416
723,6400,0.000001718
724,6400,0.000001360
725,6400,0.000002378
726,6400,0.000001320
727,6400,0.000001603
728,6400,0.000001577
729,6400,0.000001352
730,6400,0.000001891
731,6400,0.000001343
732,6400,0.000001568
733,6400,0.000001306
734,6400,0.000002269
735,6400,0.000001356
736,6400,0.000001378
737,6400,0.000001566
738,6400,0.000001266
739,6400,0.000001503
740,6400,0.000001363
741,6400,0.000001635
742,6400,0.000001363
743,6400,0.000001650
744,6400,0.000001838
745,6400,0.000002419
746,6400,0.000002565
747,6400,0.000001606
748,6400,0.000001717
749,6400,0.000001487
750,6400,0.000001634
751,6400,0.000001628
752,6400,0.000001517
753,6400,0.000002458
754,6400,0.000001441
755,6400,0.000001647
756,6400,0.000001461
757,6400,0.000001691
758,6400,0.000001413
759,6400,0.000001646
760,6400,0.000001736
761,6400,0.000001476
762,6400,0.000002467
763,6400,0.000001448
764,6400,0.000001744
765,6400,0.000001307
766,6400,0.000001653
767,6400,0.000001296
768,6400,0.000001669
769,6400,0.000001581
770,6400,0.000001287
771,6400,0.000001710
772,6400,0.000002203
773,6400,0.000001635
774,6400,0.000001413
775,6400,0.000001642
776,6400,0.000001669
777,6400,0.000001282
778,6400,0.000001524
779,6400,0.000001290
780,6400,0.000001722
781,6400,0.000002106
782,6400,0.000001630
783,6400,0.000001311
784,6400,0.000001408
785,6400,0.000001721
786,6400,0.000001325
787,6400,0.000001875
788,6400,0.000001345
789,6400,0.000001648
790,6400,0.000001340
791,6400,0.000002293
792,6400,0.000001558
793,6400,0.000001300
794,6400,0.000001602
795,6400,0.000001487
796,6400,0.000001509
797,6400,0.000001349
798,6400,0.000001721
799,6400,0.000001332
800,6400,0.000001408
801,6400,0.000002277
802,6400,0.000001541
803,6400,0.000001807
804,6400,0.000001590
805,6400,0.000001581
806,6400,0.000001294
807,6400,0.000001524
808,6400,0.000001590
809,6400,0.000001329
810,6400,0.000001634
811,6400,0.000002583
812,6400,0.000001863
813,6400,0.000001302
814,6400,0.000001726
815,6400,0.000001306
816,6400,0.000001522
817,6400,0.000001623
818,6400,0.000001348
819,6400,0.000016596
820,6400,0.000002354
821,6400,0.000002046
822,6400,0.000001340
823,6400,0.000001808
824,6400,0.000001728
825,6400,0.000001361
826,6400,0.000001643
827,6400,0.000001377
828,6400,0.000001686
829,6400,0.000001695
830,6400,0.000002734
831,6400,0.000001374
832,6400,0.000001404
833,6400,0.000001597
834,6400,0.000001387
835,6400,0.000001740
836,6400,0.000001768
837,6400,0.000001986
838,6400,0.000001399
839,6400,0.000002483
840,6400,0.000001699
841,6400,0.000001399
842,6400,0.000001659
843,6400,0.000001387
844,6400,0.000001618
845,6400,0.000001324
846,6400,0.000001599
847,6400,0.000001408
848,6400,0.000001397
849,6400,0.000002367
850,6400,0.000001380
851,6400,0.000001841
852,6400,0.000001334
853,6400,0.000001954
854,6400,0.000001358
855,6400,0.000001659
856,6400,0.000001650
857,6400,0.000001351
858,6400,0.000014511
859,6400,0.000002238
860,6400,0.000001790
861,6400,0.000001311
862,6400,0.000001875
863,6400,0.000001597
864,6400,0.000001725
865,6400,0.000001623
866,6400,0.000001302
867,6400,0.000001828
868,6400,0.000002195
869,6400,0.000001672
870,6400,0.000001287
871,6400,0.000001862
872,6400,0.000001524
873,6400,0.000001276
874,6400,0.000001551
875,6400,0.000001310
876,6400,0.000001885
877,6400,0.000002106
878,6400,0.000001602
879,6400,0.000001374
880,6400,0.000001457
881,6400,0.000002020
882,6400,0.000001460
883,6400,0.000001758
884,6400,0.000001369
885,6400,0.000001727
886,6400,0.000002189
887,6400,0.000001677
888,6400,0.000001623
889,6400,0.000001323
890,6400,0.000001646
891,6400,0.000001502
892,6400,0.000001962
893,6400,0.000001324
894,6400,0.000001767
895,6400,0.000001294
896,6400,0.000002165
897,6400,0.000001666
898,6400,0.000001400
899,6400,0.000001537
900,6400,0.000001350
901,6400,0.000001701
902,6400,0.000001399
903,6400,0.000001691
904,6400,0.000002021
905,6400,0.000002162
906,6400,0.000001982
907,6400,0.000001557
908,6400,0.000001710
909,6400,0.000001525
910,6400,0.000001613
911,6400,0.000001508
912,6400,0.000001872
913,6400,0.000001859
914,6400,0.000002154
915,6400,0.000001596
916,6400,0.000001348
917,6400,0.000001653
918,6400,0.000001424
919,6400,0.000001795
920,6400,0.000001616
921,6400,0.000001295
922,6400,0.000001924
923,6400,0.000001474
924,6400,0.000002358
925,6400,0.000001400
926,6400,0.000001773
927,6400,0.000001344
928,6400,0.000001786
929,6400,0.000001845
930,6400,0.000001676
931,6400,0.000001888
932,6400,0.000001339
933,6400,0.000002634
934,6400,0.000001456
935,6400,0.000001592
936,6400,0.000001553
937,6400,0.000001384
938,6400,0.000001579
939,6400,0.000001289
940,6400,0.000001499
941,6400,0.000001382
942,6400,0.000001651
943,6400,0.000002104
944,6400,0.000001527
945,6400,0.000001516
946,6400,0.000001271
947,6400,0.000001527
948,6400,0.000001709
949,6400,0.000001608
950,6400,0.000001376
951,6400,0.000001652
952,6400,0.000001581
953,6400,0.000002145
954,6400,0.000001667
955,6400,0.000001315
956,6400,0.000001962
957,6400,0.000001354
958,6400,0.000001523
959,6400,0.000001350
960,6400,0.000018106
961,6400,0.000007985
962,6400,0.000029857
963,6400,0.000003848
964,6400,0.000002527
965,6400,0.000003584
966,6400,0.000002355
967,6400,0.000016487
968,6400,0.000003911
969,6400,0.000002381
970,6400,0.000005675
971,6400,0.000002420
972,6400,0.000003606
973,6400,0.000002366
974,6400,0.000003896
975,6400,0.000002318
976,6400,0.000003538
977,6400,0.000003607
978,6400,0.000002488
979,6400,0.000003617
980,6400,0.000002521
981,6400,0.000005910
982,6400,0.000002486
983,6400,0.000004576
984,6400,0.000003686
985,6400,0.000002799
986,6400,0.000003696
987,6400,0.000002328
988,6400,0.000003477
989,6400,0.000002330
990,6400,0.000003548
991,6400,0.000002346
992,6400,0.000003625
993,6400,0.000003609
994,6400,0.000002440
995,6400,0.000005442
996,6400,0.000002429
997,6400,0.000003522
998,6400,0.000002312
999,6400,0.000003436
0,6656,0.000002588
1,6656,0.000001792
2,6656,0.000001537
3,6656,0.000001688
4,6656,0.000001816
5,6656,0.000001411
6,6656,0.000001659
7,6656,0.000001440
8,6656,0.000001374
9,6656,0.000001779
10,6656,0.000001400
11,6656,0.000001667
12,6656,0.000001774
13,6656,0.000001476
14,6656,0.000001586
15,6656,0.000001344
16,6656,0.000001314
17,6656,0.000001558
18,6656,0.000001393
19,6656,0.000001646
20,6656,0.000002821
21,6656,0.000002030
22,6656,0.000002426
23,6656,0.000001888
24,6656,0.000002921
25,6656,0.000017381
26,6656,0.000002425
27,6656,0.000002665
28,6656,0.000001811
29,6656,0.000001373
30,6656,0.000001843
31,6656,0.000001537
32,6656,0.000001604
33,6656,0.000001880
34,6656,0.000001368
35,6656,0.000001594
36,6656,0.000001563
37,6656,0.000001322
38,6656,0.000001640
39,6656,0.000001401
40,6656,0.000001397
41,6656,0.000001834
42,6656,0.000001477
43,6656,0.000001669
44,6656,0.000001618
45,6656,0.000001348
46,6656,0.000001769
47,6656,0.000001480
48,6656,0.000001561
49,6656,0.000001987
50,6656,0.000001376
51,6656,0.000001596
52,6656,0.000001686
53,6656,0.000001373
54,6656,0.000001952
55,6656,0.000001532
56,6656,0.000001489
57,6656,0.000001651
58,6656,0.000001373
59,6656,0.000001918
60,6656,0.000001640
61,6656,0.000001361
62,6656,0.000001530
63,6656,0.000001323
64,6656,0.000001425
65,6656,0.000002224
66,6656,0.000002578
67,6656,0.000002491
68,6656,0.000002883
69,6656,0.000002749
70,6656,0.000001710
71,6656,0.000001427
72,6656,0.000001546
73,6656,0.000002102
74,6656,0.000001437
75,6656,0.000014103
76,6656,0.000002240
77,6656,0.000001360
78,6656,0.000002055
79,6656,0.000001384
80,6656,0.000001461
81,6656,0.000001732
82,6656,0.000001401
83,6656,0.000001604
84,6656,0.000001845
85,6656,0.000001522
86,6656,0.000001580
87,6656,0.000001307
88,6656,0.000001378
89,6656,0.000001885
90,6656,0.000001424
91,6656,0.000001644
92,6656,0.000001595
93,6656,0.000001322
94,6656,0.000001815
95,6656,0.000001626
96,6656,0.000001556
97,6656,0.000001654
98,6656,0.000001335
99,6656,0.000001646
100,6656,0.000001910
101,6656,0.000001427
102,6656,0.000001536
103,6656,0.000001431
104,6656,0.000001512
105,6656,0.000001576
106,6656,0.000001344
107,6656,0.000001586
108,6656,0.000001636
109,6656,0.000001315
110,6656,0.000001891
111,6656,0.000001439
112,6656,0.000001332
113,6656,0.000001494
114,6656,0.000001540
115,6656,0.000001873
116,6656,0.000001757
117,6656,0.000001292
118,6656,0.000001731
119,6656,0.000001415
120,6656,0.000001530
121,6656,0.000001757
122,6656,0.000001715
123,6656,0.000001717
124,6656,0.000001611
125,6656,0.000001313
126,6656,0.000001542
127,6656,0.000001330
128,6656,0.000001421
129,6656,0.000001565
130,6656,0.000001332
131,6656,0.000001681
132,6656,0.000001629
133,6656,0.000001287
134,6656,0.000001470
135,6656,0.000001332
136,6656,0.000001662
137,6656,0.000001598
138,6656,0.000001343
139,6656,0.000001611
140,6656,0.000001685
141,6656,0.000001388
142,6656,0.000001637
143,6656,0.000001280
144,6656,0.000001332
145,6656,0.000001568
146,6656,0.000001300
147,6656,0.000001601
148,6656,0.000001685
149,6656,0.000001334
150,6656,0.000001546
151,6656,0.000001317
152,6656,0.000001430
153,6656,0.000001609
154,6656,0.000001392
155,6656,0.000001660
156,6656,0.000001761
157,6656,0.000001381
158,6656,0.000001626
159,6656,0.000001308
160,6656,0.000001408
161,6656,0.000001791
162,6656,0.000001400
163,6656,0.000001735
164,6656,0.000001995
165,6656,0.000001334
166,6656,0.000002119
167,6656,0.000001431
168,6656,0.000001417
169,6656,0.000001848
170,6656,0.000001415
171,6656,0.000001803
172,6656,0.000001592
173,6656,0.000001436
174,6656,0.000001563
175,6656,0.000001276
176,6656,0.000001488
177,6656,0.000001995
178,6656,0.000001384
179,6656,0.000001781
180,6656,0.000001739
181,6656,0.000001375
182,6656,0.000001910
183,6656,0.000001376
184,6656,0.000001449
185,6656,0.000002075
186,6656,0.000001413
187,6656,0.000001721
188,6656,0.000001581
189,6656,0.000001315
190,6656,0.000001787
191,6656,0.000001372
192,6656,0.000001416
193,6656,0.000001676
194,6656,0.000001617
195,6656,0.000001486
196,6656,0.000001642
197,6656,0.000001345
198,6656,0.000001573
199,6656,0.000001291
200,6656,0.000001349
201,6656,0.000001646
202,6656,0.000001313
203,6656,0.000001772
204,6656,0.000002050
205,6656,0.000001307
206,6656,0.000001745
207,6656,0.000001594
208,6656,0.000001414
209,6656,0.000001868
210,6656,0.000001402
211,6656,0.000001618
212,6656,0.000001656
213,6656,0.000001347
214,6656,0.000001598
215,6656,0.000001478
216,6656,0.000001439
217,6656,0.000001625
218,6656,0.000001349
219,6656,0.000001601
220,6656,0.000001723
221,6656,0.000001535
222,6656,0.000001701
223,6656,0.000001281
224,6656,0.000001386
225,6656,0.000001667
226,6656,0.000001386
227,6656,0.000001742
228,6656,0.000001706
229,6656,0.000001368
230,6656,0.000001673
231,6656,0.000001339
232,6656,0.000001403
233,6656,0.000001600
234,6656,0.000001386
235,6656,0.000001565
236,6656,0.000001572
237,6656,0.000001319
238,6656,0.000001647
239,6656,0.000001357
240,6656,0.000001697
241,6656,0.000001668
242,6656,0.000001302
243,6656,0.000001595
244,6656,0.000001582
245,6656,0.000001572
246,6656,0.000002015
247,6656,0.000001374
248,6656,0.000001377
249,6656,0.000001626
250,6656,0.000001407
251,6656,0.000001570
252,6656,0.000001741
253,6656,0.000001273
254,6656,0.000001580
255,6656,0.000001590
256,6656,0.000001614
257,6656,0.000001532
258,6656,0.000001335
259,6656,0.000001551
260,6656,0.000001582
261,6656,0.000001326
262,6656,0.000001661
263,6656,0.000001332
264,6656,0.000001440
265,6656,0.000001655
266,6656,0.000001396
267,6656,0.000001783
268,6656,0.000001569
269,6656,0.000001383
270,6656,0.000001821
271,6656,0.000001389
272,6656,0.000001406
273,6656,0.000001598
274,6656,0.000001336
275,6656,0.000001614
276,6656,0.000001686
277,6656,0.000001305
278,6656,0.000001569
279,6656,0.000001430
280,6656,0.000001320
281,6656,0.000001480
282,6656,0.000001405
283,6656,0.000001911
284,6656,0.000001715
285,6656,0.000001335
286,6656,0.000001546
287,6656,0.000001281
288,6656,0.000001392
289,6656,0.000001656
290,6656,0.000001295
291,6656,0.000001599
292,6656,0.000001696
293,6656,0.000001591
294,6656,0.000001980
295,6656,0.000001382
296,6656,0.000001436
297,6656,0.000001621
298,6656,0.000001385
299,6656,0.000002025
300,6656,0.000001759
301,6656,0.000001285
302,6656,0.000001641
303,6656,0.000001338
304,6656,0.000001496
305,6656,0.000001585
306,6656,0.000001370
307,6656,0.000001724
308,6656,0.000001570
309,6656,0.000001265
310,6656,0.000001508
311,6656,0.000001274
312,6656,0.000001527
313,6656,0.000001833
314,6656,0.000001616
315,6656,0.000001977
316,6656,0.000002030
317,6656,0.000001439
318,6656,0.000001625
319,6656,0.000001349
320,6656,0.000001404
321,6656,0.000001631
322,6656,0.000001629
323,6656,0.000001584
324,6656,0.000001871
325,6656,0.000001365
326,6656,0.000001511
327,6656,0.000001352
328,6656,0.000001290
329,6656,0.000001480
330,6656,0.000001577
331,6656,0.000001708
332,6656,0.000001616
333,6656,0.000001439
334,6656,0.000001600
335,6656,0.000001461
336,6656,0.000001513
337,6656,0.000001672
338,6656,0.000001377
339,6656,0.000001598
340,6656,0.000011227
341,6656,0.000004030
342,6656,0.000001862
343,6656,0.000001344
344,6656,0.000001426
345,6656,0.000001605
346,6656,0.000001362
347,6656,0.000001795
348,6656,0.000001615
349,6656,0.000001276
350,6656,0.000001696
351,6656,0.000001387
352,6656,0.000001513
353,6656,0.000001915
354,6656,0.000001394
355,6656,0.000001641
356,6656,0.000001738
357,6656,0.000001397
358,6656,0.000001726
359,6656,0.000001655
360,6656,0.000001458
361,6656,0.000001572
362,6656,0.000001349
363,6656,0.000001694
364,6656,0.000001935
365,6656,0.000001346
366,6656,0.000001664
367,6656,0.000001292
368,6656,0.000001387
369,6656,0.000001661
370,6656,0.000001410
371,6656,0.000001656
372,6656,0.000001714
373,6656,0.000001337
374,6656,0.000001566
375,6656,0.000001325
376,6656,0.000001285
377,6656,0.000001620
378,6656,0.000001415
379,6656,0.000001570
380,6656,0.000002095
381,6656,0.000001374
382,6656,0.000001677
383,6656,0.000001320
384,6656,0.000002018
385,6656,0.000001640
386,6656,0.000001437
387,6656,0.000001587
388,6656,0.000001669
389,6656,0.000001393
390,6656,0.000001695
391,6656,0.000001316
392,6656,0.000001404
393,6656,0.000001648
394,6656,0.000001405
395,6656,0.000001563
396,6656,0.000001759
397,6656,0.000001340
398,6656,0.000001620
399,6656,0.000001400
400,6656,0.000001378
401,6656,0.000001616
402,6656,0.000001408
403,6656,0.000001634
404,6656,0.000001633
405,6656,0.000001477
406,6656,0.000001713
407,6656,0.000001295
408,6656,0.000001413
409,6656,0.000001592
410,6656,0.000001548
411,6656,0.000001565
412,6656,0.000001713
413,6656,0.000001401
414,6656,0.000001614
415,6656,0.000001406
416,6656,0.000001361
417,6656,0.000001596
418,6656,0.000001329
419,6656,0.000001513
420,6656,0.000001574
421,6656,0.000001393
422,6656,0.000001689
423,6656,0.000001402
424,6656,0.000001876
425,6656,0.000002031
426,6656,0.000001609
427,6656,0.000001860
428,6656,0.000001725
429,6656,0.000001369
430,6656,0.000001644
431,6656,0.000001433
432,6656,0.000001549
433,6656,0.000001665
434,6656,0.000001362
435,6656,0.000001628
436,6656,0.000001935
437,6656,0.000001320
438,6656,0.000001836
439,6656,0.000001297
440,6656,0.000001393
441,6656,0.000001625
442,6656,0.000001388
443,6656,0.000001967
444,6656,0.000001622
445,6656,0.000001312
446,6656,0.000001588
447,6656,0.000001333
448,6656,0.000001508
449,6656,0.000001642
450,6656,0.000001336
451,6656,0.000001607
452,6656,0.000001523
453,6656,0.000001315
454,6656,0.000001708
455,6656,0.000001403
456,6656,0.000001572
457,6656,0.000001911
458,6656,0.000001420
459,6656,0.000001565
460,6656,0.000001646
461,6656,0.000001846
462,6656,0.000001670
463,6656,0.000001388
464,6656,0.000001346
465,6656,0.000001513
466,6656,0.000001385
467,6656,0.000001596
468,6656,0.000001874
469,6656,0.000001439
470,6656,0.000001724
471,6656,0.000001480
472,6656,0.000001435
473,6656,0.000001794
474,6656,0.000001410
475,6656,0.000001631
476,6656,0.000001951
477,6656,0.000001320
478,6656,0.000001607
479,6656,0.000001335
480,6656,0.000001367
481,6656,0.000001657
482,6656,0.000001299
483,6656,0.000001510
484,6656,0.000001717
485,6656,0.000001647
486,6656,0.000001863
487,6656,0.000001356
488,6656,0.000001358
489,6656,0.000001596
490,6656,0.000001655
491,6656,0.000001698
492,6656,0.000001697
493,6656,0.000001340
494,6656,0.000001636
495,6656,0.000001428
496,6656,0.000001337
497,6656,0.000001964
498,6656,0.000001447
499,6656,0.000001676
500,6656,0.000001658
501,6656,0.000001447
502,6656,0.000001590
503,6656,0.000001359
504,6656,0.000001553
505,6656,0.000001897
506,6656,0.000001559
507,6656,0.000001609
508,6656,0.000001911
509,6656,0.000001359
510,6656,0.000001653
511,6656,0.000001363
512,6656,0.000001460
513,6656,0.000001982
514,6656,0.000001398
515,6656,0.000001665
516,6656,0.000001812
517,6656,0.000001354
518,6656,0.000001567
519,6656,0.000001540
520,6656,0.000001403
521,6656,0.000001599
522,6656,0.000001344
523,6656,0.000001827
524,6656,0.000001585
525,6656,0.000001332
526,6656,0.000001720
527,6656,0.000001355
528,6656,0.000001459
529,6656,0.000001642
530,6656,0.000001367
531,6656,0.000001603
532,6656,0.000001661
533,6656,0.000001353
534,6656,0.000001597
535,6656,0.000001316
536,6656,0.000001516
537,6656,0.000001829
538,6656,0.000001404
539,6656,0.000001744
540,6656,0.000001625
541,6656,0.000001327
542,6656,0.000001586
543,6656,0.000001338
544,6656,0.000001473
545,6656,0.000001500
546,6656,0.000001368
547,6656,0.000001900
548,6656,0.000001687
549,6656,0.000001470
550,6656,0.000001559
551,6656,0.000001340
552,6656,0.000001499
553,6656,0.000001921
554,6656,0.000001415
555,6656,0.000001506
556,6656,0.000001708
557,6656,0.000001457
558,6656,0.000001607
559,6656,0.000001672
560,6656,0.000001437
561,6656,0.000001549
562,6656,0.000001353
563,6656,0.000001565
564,6656,0.000001645
565,6656,0.000001292
566,6656,0.000001509
567,6656,0.000001491
568,6656,0.000001414
569,6656,0.000001669
570,6656,0.000001305
571,6656,0.000001550
572,6656,0.000001590
573,6656,0.000001355
574,6656,0.000001549
575,6656,0.000001383
576,6656,0.000001519
577,6656,0.000002032
578,6656,0.000001664
579,6656,0.000002047
580,6656,0.000001712
581,6656,0.000001456
582,6656,0.000002134
583,6656,0.000001391
584,6656,0.000001468
585,6656,0.000001608
586,6656,0.000001378
587,6656,0.000001712
588,6656,0.000001580
589,6656,0.000001358
590,6656,0.000001598
591,6656,0.000001548
592,6656,0.000001313
593,6656,0.000001704
594,6656,0.000001426
595,6656,0.000001572
596,6656,0.000001950
597,6656,0.000001643
598,6656,0.000002005
599,6656,0.000001367
600,6656,0.000001377
601,6656,0.000001565
602,6656,0.000001356
603,6656,0.000001648
604,6656,0.000001695
605,6656,0.000001297
606,6656,0.000001706
607,6656,0.000001389
608,6656,0.000001679
609,6656,0.000002045
610,6656,0.000001320
611,6656,0.000001572
612,6656,0.000001537
613,6656,0.000001349
614,6656,0.000016454
615,6656,0.000001552
616,6656,0.000001804
617,6656,0.000001629
618,6656,0.000001369
619,6656,0.000001563
620,6656,0.000002076
621,6656,0.000001434
622,6656,0.000001687
623,6656,0.000001389
624,6656,0.000001913
625,6656,0.000001776
626,6656,0.000001484
627,6656,0.000001782
628,6656,0.000001724
629,6656,0.000001737
630,6656,0.000002228
631,6656,0.000001605
632,6656,0.000001970
633,6656,0.000001767
634,6656,0.000001644
635,6656,0.000001750
636,6656,0.000002219
637,6656,0.000001712
638,6656,0.000001916
639,6656,0.000001591
640,6656,0.000001638
641,6656,0.000001765
642,6656,0.000001383
643,6656,0.000001742
644,6656,0.000001686
645,6656,0.000001367
646,6656,0.000002770
647,6656,0.000002555
648,6656,0.000002498
649,6656,0.000002442
650,6656,0.000001841
651,6656,0.000002410
652,6656,0.000002613
653,6656,0.000002107
654,6656,0.000002671
655,6656,0.000002269
656,6656,0.000001655
657,6656,0.000001667
658,6656,0.000001541
659,6656,0.000001712
660,6656,0.000001737
661,6656,0.000001397
662,6656,0.000001663
663,6656,0.000001466
664,6656,0.000001624
665,6656,0.000001933
666,6656,0.000001377
667,6656,0.000001736
668,6656,0.000001764
669,6656,0.000001494
670,6656,0.000001717
671,6656,0.000001433
672,6656,0.000001684
673,6656,0.000001898
674,6656,0.000001423
675,6656,0.000001743
676,6656,0.000001795
677,6656,0.000001447
678,6656,0.000001686
679,6656,0.000001385
680,6656,0.000001563
681,6656,0.000001807
682,6656,0.000001374
683,6656,0.000001777
684,6656,0.000001793
685,6656,0.000001426
686,6656,0.000001686
687,6656,0.000001401
688,6656,0.000001469
689,6656,0.000001628
690,6656,0.000001350
691,6656,0.000001810
692,6656,0.000001768
693,6656,0.000001438
694,6656,0.000001843
695,6656,0.000001403
696,6656,0.000001544
697,6656,0.000002255
698,6656,0.000001344
699,6656,0.000001686
700,6656,0.000001757
701,6656,0.000002178
702,6656,0.000002454
703,6656,0.000002065
704,6656,0.000002798
705,6656,0.000002764
706,6656,0.000002591
707,6656,0.000001756
708,6656,0.000001901
709,6656,0.000001387
710,6656,0.000001614
711,6656,0.000001449
712,6656,0.000001517
713,6656,0.000001771
714,6656,0.000001497
715,6656,0.000001685
716,6656,0.000001871
717,6656,0.000001436
718,6656,0.000001987
719,6656,0.000001376
720,6656,0.000001469
721,6656,0.000001580
722,6656,0.000001380
723,6656,0.000001667
724,6656,0.000001594
725,6656,0.000001365
726,6656,0.000001919
727,6656,0.000014359
728,6656,0.000001482
729,6656,0.000001753
730,6656,0.000001314
731,6656,0.000001588
732,6656,0.000001600
733,6656,0.000001455
734,6656,0.000001686
735,6656,0.000001368
736,6656,0.000001531
737,6656,0.000001561
738,6656,0.000001368
739,6656,0.000001709
740,6656,0.000001549
741,6656,0.000001376
742,6656,0.000001619
743,6656,0.000001334
744,6656,0.000001543
745,6656,0.000002214
746,6656,0.000001385
747,6656,0.000001667
748,6656,0.000001621
749,6656,0.000001307
750,6656,0.000001569
751,6656,0.000001353
752,6656,0.000001429
753,6656,0.000001595
754,6656,0.000001347
755,6656,0.000001763
756,6656,0.000001617
757,6656,0.000001347
758,6656,0.000001674
759,6656,0.000001354
760,6656,0.000001417
761,6656,0.000001597
762,6656,0.000001509
763,6656,0.000001901
764,6656,0.000001629
765,6656,0.000001312
766,6656,0.000004133
767,6656,0.000001761
768,6656,0.000001339
769,6656,0.000001538
770,6656,0.000001299
771,6656,0.000001590
772,6656,0.000001585
773,6656,0.000001314
774,6656,0.000001574
775,6656,0.000001300
776,6656,0.000001276
777,6656,0.000001475
778,6656,0.000001370
779,6656,0.000001658
780,6656,0.000001644
781,6656,0.000001325
782,6656,0.000001595
783,6656,0.000001351
784,6656,0.000001494
785,6656,0.000001716
786,6656,0.000001312
787,6656,0.000001716
788,6656,0.000001580
789,6656,0.000002288
790,6656,0.000001727
791,6656,0.000001318
792,6656,0.000001331
793,6656,0.000001668
794,6656,0.000001388
795,6656,0.000001680
796,6656,0.000001652
797,6656,0.000001444
798,6656,0.000002275
799,6656,0.000001389
800,6656,0.000001339
801,6656,0.000001508
802,6656,0.000001376
803,6656,0.000001923
804,6656,0.000001635
805,6656,0.000001411
806,6656,0.000001678
807,6656,0.000001347
808,6656,0.000002124
809,6656,0.000001665
810,6656,0.000001459
811,6656,0.000002004
812,6656,0.000001589
813,6656,0.000001344
814,6656,0.000001605
815,6656,0.000001299
816,6656,0.000001335
817,6656,0.000002298
818,6656,0.000001419
819,6656,0.000001620
820,6656,0.000001550
821,6656,0.000001424
822,6656,0.000001734
823,6656,0.000001423
824,6656,0.000001422
825,6656,0.000001630
826,6656,0.000001340
827,6656,0.000002406
828,6656,0.000001688
829,6656,0.000001514
830,6656,0.000001635
831,6656,0.000001370
832,6656,0.000001414
833,6656,0.000001918
834,6656,0.000001363
835,6656,0.000002008
836,6656,0.000002854
837,6656,0.000001483
838,6656,0.000001545
839,6656,0.000001297
840,6656,0.000001469
841,6656,0.000001581
842,6656,0.000001540
843,6656,0.000001676
844,6656,0.000001584
845,6656,0.000001343
846,6656,0.000002440
847,6656,0.000001410
848,6656,0.000001443
849,6656,0.000001742
850,6656,0.000001382
851,6656,0.000001684
852,6656,0.000001728
853,6656,0.000001400
854,6656,0.000001638
855,6656,0.000002102
856,6656,0.000001510
857,6656,0.000001832
858,6656,0.000001384
859,6656,0.000001630
860,6656,0.000001560
861,6656,0.000001369
862,6656,0.000001574
863,6656,0.000001343
864,6656,0.000001491
865,6656,0.000002377
866,6656,0.000001485
867,6656,0.000001690
868,6656,0.000001706
869,6656,0.000001367
870,6656,0.000001717
871,6656,0.000001400
872,6656,0.000001425
873,6656,0.000001846
874,6656,0.000002259
875,6656,0.000001736
876,6656,0.000001928
877,6656,0.000001484
878,6656,0.000001881
879,6656,0.000001341
880,6656,0.000001377
881,6656,0.000001702
882,6656,0.000001366
883,6656,0.000001679
884,6656,0.000002544
885,6656,0.000001444
886,6656,0.000001823
887,6656,0.000001373
888,6656,0.000001368
889,6656,0.000001713
890,6656,0.000001557
891,6656,0.000001854
892,6656,0.000001931
893,6656,0.000002260
894,6656,0.000001727
895,6656,0.000001497
896,6656,0.000001401
897,6656,0.000001658
898,6656,0.000001391
899,6656,0.000001562
900,6656,0.000001708
901,6656,0.000001450
902,6656,0.000002299
903,6656,0.000001412
904,6656,0.000001436
905,6656,0.000001744
906,6656,0.000001331
907,6656,0.000001853
908,6656,0.000001590
909,6656,0.000001367
910,6656,0.000001586
911,6656,0.000001524
912,6656,0.000002337
913,6656,0.000001651
914,6656,0.000001757
915,6656,0.000001649
916,6656,0.000001988
917,6656,0.000001375
918,6656,0.000001706
919,6656,0.000001355
920,6656,0.000001565
921,6656,0.000017461
922,6656,0.000011659
923,6656,0.000002535
924,6656,0.000001791
925,6656,0.000001392
926,6656,0.000001643
927,6656,0.000001401
928,6656,0.000001368
929,6656,0.000001679
930,6656,0.000002506
931,6656,0.000001764
932,6656,0.000001809
933,6656,0.000001551
934,6656,0.000002115
935,6656,0.000001401
936,6656,0.000001527
937,6656,0.000014418
938,6656,0.000001408
939,6656,0.000001619
940,6656,0.000002962
941,6656,0.000001592
942,6656,0.000001612
943,6656,0.000001354
944,6656,0.000001409
945,6656,0.000001608
946,6656,0.000001313
947,6656,0.000001586
948,6656,0.000001717
949,6656,0.000002173
950,6656,0.000001621
951,6656,0.000001451
952,6656,0.000001410
953,6656,0.000001575
954,6656,0.000001315
955,6656,0.000001536
956,6656,0.000001653
957,6656,0.000001429
958,6656,0.000001684
959,6656,0.000002501
960,6656,0.000001639
961,6656,0.000008106
962,6656,0.000002504
963,6656,0.000003775
964,6656,0.000004517
965,6656,0.000002447
966,6656,0.000003553
967,6656,0.000002663
968,6656,0.000004380
969,6656,0.000003655
970,6656,0.000002550
971,6656,0.000003696
972,6656,0.000003644
973,6656,0.000004336
974,6656,0.000003795
975,6656,0.000002298
976,6656,0.000003571
977,6656,0.000004478
978,6656,0.000004392
979,6656,0.000006323
980,6656,0.000004663
981,6656,0.000002467
982,6656,0.000003509
983,6656,0.000002300
984,6656,0.000004680
985,6656,0.000004454
986,6656,0.000002412
987,6656,0.000003462
988,6656,0.000003606
989,6656,0.000003174
990,6656,0.000003647
991,6656,0.000002356
992,6656,0.000003343
993,6656,0.000003779
994,6656,0.000003286
995,6656,0.000003604
996,6656,0.000003564
997,6656,0.000002351
998,6656,0.000006014
999,6656,0.000003127
0,6912,0.000003465
1,6912,0.000001829
2,6912,0.000001987
3,6912,0.000001389
4,6912,0.000001670
5,6912,0.000001903
6,6912,0.000001673
7,6912,0.000002164
8,6912,0.000002035
9,6912,0.000001363
10,6912,0.000001782
11,6912,0.000001813
12,6912,0.000001428
13,6912,0.000001893
14,6912,0.000001619
15,6912,0.000001334
16,6912,0.000001450
17,6912,0.000001988
18,6912,0.000001868
19,6912,0.000001351
20,6912,0.000001617
21,6912,0.000001609
22,6912,0.000001571
23,6912,0.000002050
24,6912,0.000001776
25,6912,0.000001709
26,6912,0.000002202
27,6912,0.000001710
28,6912,0.000002281
29,6912,0.000002063
30,6912,0.000001869
31,6912,0.000001455
32,6912,0.000001459
33,6912,0.000001581
34,6912,0.000001677
35,6912,0.000001343
36,6912,0.000001792
37,6912,0.000002572
38,6912,0.000001444
39,6912,0.000001737
40,6912,0.000001816
41,6912,0.000001461
42,6912,0.000001734
43,6912,0.000001616
44,6912,0.000001377
45,6912,0.000001735
46,6912,0.000002523
47,6912,0.000001434
48,6912,0.000001435
49,6912,0.000001879
50,6912,0.000001694
51,6912,0.000001516
52,6912,0.000001702
53,6912,0.000001605
54,6912,0.000001531
55,6912,0.000001728
56,6912,0.000002586
57,6912,0.000001402
58,6912,0.000001591
59,6912,0.000001541
60,6912,0.000001493
61,6912,0.000001690
62,6912,0.000001622
63,6912,0.000001764
64,6912,0.000001691
65,6912,0.000002352
66,6912,0.000001894
67,6912,0.000001409
68,6912,0.000001682
69,6912,0.000001745
70,6912,0.000001506
71,6912,0.000001633
72,6912,0.000001555
73,6912,0.000001779
74,6912,0.000003958
75,6912,0.000002602
76,6912,0.000002488
77,6912,0.000002410
78,6912,0.000002940
79,6912,0.000017843
80,6912,0.000002384
81,6912,0.000001749
82,6912,0.000001762
83,6912,0.000001335
84,6912,0.000001613
85,6912,0.000001841
86,6912,0.000001384
87,6912,0.000002799
88,6912,0.000001698
89,6912,0.000001564
90,6912,0.000001735
91,6912,0.000001853
92,6912,0.000001838
93,6912,0.000001684
94,6912,0.000014420
95,6912,0.000001589
96,6912,0.000002242
97,6912,0.000001645
98,6912,0.000001798
99,6912,0.000001307
100,6912,0.000001716
101,6912,0.000001635
102,6912,0.000001366
103,6912,0.000001681
104,6912,0.000002732
105,6912,0.000002207
106,6912,0.000004256
107,6912,0.000017106
108,6912,0.000002348
109,6912,0.000002572
110,6912,0.000001738
111,6912,0.000001423
112,6912,0.000001578
113,6912,0.000001659
114,6912,0.000001718
115,6912,0.000001598
116,6912,0.000001732
117,6912,0.000001873
118,6912,0.000001483
119,6912,0.000003050
120,6912,0.000001790
121,6912,0.000001348
122,6912,0.000014634
123,6912,0.000001752
124,6912,0.000001359
125,6912,0.000001530
126,6912,0.000001948
127,6912,0.000001424
128,6912,0.000002452
129,6912,0.000001705
130,6912,0.000001609
131,6912,0.000001452
132,6912,0.000001572
133,6912,0.000001678
134,6912,0.000001547
135,6912,0.000001811
136,6912,0.000001711
137,6912,0.000002499
138,6912,0.000001566
139,6912,0.000001604
140,6912,0.000001351
141,6912,0.000001653
142,6912,0.000001577
143,6912,0.000001655
144,6912,0.000001438
145,6912,0.000001602
146,6912,0.000002402
147,6912,0.000001366
148,6912,0.000001712
149,6912,0.000001744
150,6912,0.000001669
151,6912,0.000002006
152,6912,0.000001674
153,6912,0.000001346
154,6912,0.000001645
155,6912,0.000002632
156,6912,0.000001378
157,6912,0.000001662
158,6912,0.000001713
159,6912,0.000001439
160,6912,0.000001647
161,6912,0.000001639
162,6912,0.000002060
163,6912,0.000001409
164,6912,0.000002555
165,6912,0.000001697
166,6912,0.000001416
167,6912,0.000001720
168,6912,0.000001570
169,6912,0.000001308
170,6912,0.000001980
171,6912,0.000001604
172,6912,0.000001367
173,6912,0.000002662
174,6912,0.000001884
175,6912,0.000001368
176,6912,0.000001517
177,6912,0.000001646
178,6912,0.000001664
179,6912,0.000001679
180,6912,0.000002112
181,6912,0.000001919
182,6912,0.000002115
183,6912,0.000001704
184,6912,0.000001678
185,6912,0.000001319
186,6912,0.000001593
187,6912,0.000001556
188,6912,0.000001411
189,6912,0.000001770
190,6912,0.000001645
191,6912,0.000002305
192,6912,0.000001536
193,6912,0.000001586
194,6912,0.000001670
195,6912,0.000001384
196,6912,0.000001955
197,6912,0.000001835
198,6912,0.000001660
199,6912,0.000002054
200,6912,0.000002413
201,6912,0.000001500
202,6912,0.000001892
203,6912,0.000001602
204,6912,0.000001470
205,6912,0.000001634
206,6912,0.000001616
207,6912,0.000001346
208,6912,0.000001689
209,6912,0.000002400
210,6912,0.000001661
211,6912,0.000001340
212,6912,0.000001724
213,6912,0.000001590
214,6912,0.000001362
215,6912,0.000001658
216,6912,0.000001723
217,6912,0.000001415
218,6912,0.000002507
219,6912,0.000001692
220,6912,0.000001422
221,6912,0.000001718
222,6912,0.000001617
223,6912,0.000001350
224,6912,0.000001463
225,6912,0.000001575
226,6912,0.000001721
227,6912,0.000001406
228,6912,0.000002342
229,6912,0.000001665
230,6912,0.000001367
231,6912,0.000002085
232,6912,0.000001802
233,6912,0.000001411
234,6912,0.000001562
235,6912,0.000001623
236,6912,0.000001387
237,6912,0.000002469
238,6912,0.000001812
239,6912,0.000001382
240,6912,0.000001565
241,6912,0.000001654
242,6912,0.000001664
243,6912,0.000001376
244,6912,0.000001577
245,6912,0.000001710
246,6912,0.000002196
247,6912,0.000001764
248,6912,0.000001602
249,6912,0.000001591
250,6912,0.000001645
251,6912,0.000001551
252,6912,0.000001371
253,6912,0.000001848
254,6912,0.000001697
255,6912,0.000002183
256,6912,0.000001437
257,6912,0.000001826
258,6912,0.000001627
259,6912,0.000001393
260,6912,0.000001665
261,6912,0.000001773
262,6912,0.000001534
263,6912,0.000002016
264,6912,0.000002483
265,6912,0.000001509
266,6912,0.000001722
267,6912,0.000001886
268,6912,0.000001418
269,6912,0.000001669
270,6912,0.000001564
271,6912,0.000001400
272,6912,0.000001740
273,6912,0.000002441
274,6912,0.000001616
275,6912,0.000001297
276,6912,0.000001908
277,6912,0.000001526
278,6912,0.000001373
279,6912,0.000001569
280,6912,0.000001694
281,6912,0.000001581
282,6912,0.000001979
283,6912,0.000002394
284,6912,0.000001421
285,6912,0.000001952
286,6912,0.000001970
287,6912,0.000010451
288,6912,0.000002043
289,6912,0.000001612
290,6912,0.000001960
291,6912,0.000002427
292,6912,0.000001668
293,6912,0.000001633
294,6912,0.000001352
295,6912,0.000001665
296,6912,0.000001732
297,6912,0.000001453
298,6912,0.000001565
299,6912,0.000002311
300,6912,0.000001399
301,6912,0.000002108
302,6912,0.000001821
303,6912,0.000001487
304,6912,0.000001577
305,6912,0.000001732
306,6912,0.000001616
307,6912,0.000001600
308,6912,0.000002272
309,6912,0.000001699
310,6912,0.000001374
311,6912,0.000001747
312,6912,0.000002075
313,6912,0.000001368
314,6912,0.000001610
315,6912,0.000001615
316,6912,0.000001372
317,6912,0.000001971
318,6912,0.000002483
319,6912,0.000001461
320,6912,0.000001408
321,6912,0.000001673
322,6912,0.000001828
323,6912,0.000001404
324,6912,0.000001570
325,6912,0.000001738
326,6912,0.000001417
327,6912,0.000002546
328,6912,0.000001753
329,6912,0.000001374
330,6912,0.000001682
331,6912,0.000001924
332,6912,0.000001370
333,6912,0.000001699
334,6912,0.000001664
335,6912,0.000002182
336,6912,0.000001401
337,6912,0.000001859
338,6912,0.000001690
339,6912,0.000001686
340,6912,0.000001879
341,6912,0.000001682
342,6912,0.000001298
343,6912,0.000001605
344,6912,0.000002408
345,6912,0.000001420
346,6912,0.000001750
347,6912,0.000001583
348,6912,0.000001389
349,6912,0.000001649
350,6912,0.000001781
351,6912,0.000001325
352,6912,0.000001754
353,6912,0.000001619
354,6912,0.000002386
355,6912,0.000001478
356,6912,0.000001858
357,6912,0.000001656
358,6912,0.000001425
359,6912,0.000001613
360,6912,0.000001579
361,6912,0.000001349
362,6912,0.000002139
363,6912,0.000002477
364,6912,0.000001447
365,6912,0.000001672
366,6912,0.000001613
367,6912,0.000001382
368,6912,0.000001536
369,6912,0.000001691
370,6912,0.000001734
371,6912,0.000001338
372,6912,0.000002483
373,6912,0.000001963
374,6912,0.000001398
375,6912,0.000001719
376,6912,0.000001569
377,6912,0.000001354
378,6912,0.000001634
379,6912,0.000001891
380,6912,0.000001343
381,6912,0.000002377
382,6912,0.000001686
383,6912,0.000001376
384,6912,0.000001565
385,6912,0.000001625
386,6912,0.000001664
387,6912,0.000001546
388,6912,0.000001909
389,6912,0.000001635
390,6912,0.000002453
391,6912,0.000001632
392,6912,0.000001600
393,6912,0.000001408
394,6912,0.000001704
395,6912,0.000001579
396,6912,0.000001602
397,6912,0.000001700
398,6912,0.000001639
399,6912,0.000002108
400,6912,0.000001508
401,6912,0.000001640
402,6912,0.000001572
403,6912,0.000001332
404,6912,0.000001594
405,6912,0.000001545
406,6912,0.000001440
407,6912,0.000001645
408,6912,0.000001846
409,6912,0.000002120
410,6912,0.000001658
411,6912,0.000001750
412,6912,0.000001407
413,6912,0.000001671
414,6912,0.000001597
415,6912,0.000001367
416,6912,0.000001685
417,6912,0.000001832
418,6912,0.000002413
419,6912,0.000001402
420,6912,0.000002003
421,6912,0.000001796
422,6912,0.000001309
423,6912,0.000001559
424,6912,0.000001613
425,6912,0.000001345
426,6912,0.000001604
427,6912,0.000002062
428,6912,0.000002113
429,6912,0.000001651
430,6912,0.000001860
431,6912,0.000001428
432,6912,0.000001504
433,6912,0.000001583
434,6912,0.000001747
435,6912,0.000001583
436,6912,0.000001876
437,6912,0.000002485
438,6912,0.000001454
439,6912,0.000001719
440,6912,0.000001937
441,6912,0.000001464
442,6912,0.000001596
443,6912,0.000001590
444,6912,0.000001542
445,6912,0.000001830
446,6912,0.000002797
447,6912,0.000001600
448,6912,0.000001476
449,6912,0.000002009
450,6912,0.000001784
451,6912,0.000001826
452,6912,0.000002070
453,6912,0.000002355
454,6912,0.000002272
455,6912,0.000001685
456,6912,0.000001667
457,6912,0.000001373
458,6912,0.000001652
459,6912,0.000002030
460,6912,0.000001363
461,6912,0.000001653
462,6912,0.000002364
463,6912,0.000001396
464,6912,0.000001487
465,6912,0.000001539
466,6912,0.000001878
467,6912,0.000001353
468,6912,0.000001587
469,6912,0.000001793
470,6912,0.000001304
471,6912,0.000001609
472,6912,0.000002374
473,6912,0.000001485
474,6912,0.000002006
475,6912,0.000001791
476,6912,0.000001384
477,6912,0.000001578
478,6912,0.000001630
479,6912,0.000001552
480,6912,0.000001424
481,6912,0.000002336
482,6912,0.000001813
483,6912,0.000001796
484,6912,0.000001639
485,6912,0.000001629
486,6912,0.000001363
487,6912,0.000001740
488,6912,0.000001626
489,6912,0.000001554
490,6912,0.000002335
491,6912,0.000001635
492,6912,0.000001426
493,6912,0.000001700
494,6912,0.000001671
495,6912,0.000001388
496,6912,0.000001828
497,6912,0.000001668
498,6912,0.000001642
499,6912,0.000002026
500,6912,0.000001592
501,6912,0.000001674
502,6912,0.000001369
503,6912,0.000001693
504,6912,0.000001624
505,6912,0.000001678
506,6912,0.000001599
507,6912,0.000001663
508,6912,0.000001667
509,6912,0.000002431
510,6912,0.000001641
511,6912,0.000001375
512,6912,0.000001349
513,6912,0.000001625
514,6912,0.000001612
515,6912,0.000001343
516,6912,0.000001668
517,6912,0.000001994
518,6912,0.000002185
519,6912,0.000001703
520,6912,0.000001722
521,6912,0.000001349
522,6912,0.000001656
523,6912,0.000001610
524,6912,0.000001371
525,6912,0.000001547
526,6912,0.000001732
527,6912,0.000002210
528,6912,0.000001420
529,6912,0.000001805
530,6912,0.000001613
531,6912,0.000001372
532,6912,0.000001541
533,6912,0.000001727
534,6912,0.000001314
535,6912,0.000001583
536,6912,0.000002424
537,6912,0.000001365
538,6912,0.000001673
539,6912,0.000001606
540,6912,0.000001323
541,6912,0.000001923
542,6912,0.000001560
543,6912,0.000001372
544,6912,0.000001384
545,6912,0.000001702
546,6912,0.000002572
547,6912,0.000001441
548,6912,0.000001621
549,6912,0.000001725
550,6912,0.000001373
551,6912,0.000001549
552,6912,0.000001535
553,6912,0.000001310
554,6912,0.000001540
555,6912,0.000001664
556,6912,0.000002120
557,6912,0.000001686
558,6912,0.000001710
559,6912,0.000001419
560,6912,0.000001692
561,6912,0.000001832
562,6912,0.000001946
563,6912,0.000001580
564,6912,0.000001796
565,6912,0.000002569
566,6912,0.000001509
567,6912,0.000001630
568,6912,0.000001949
569,6912,0.000001412
570,6912,0.000001559
571,6912,0.000001646
572,6912,0.000001342
573,6912,0.000001816
574,6912,0.000002381
575,6912,0.000001421
576,6912,0.000001376
577,6912,0.000001745
578,6912,0.000001578
579,6912,0.000001379
580,6912,0.000001646
581,6912,0.000001669
582,6912,0.000001423
583,6912,0.000002935
584,6912,0.000002084
585,6912,0.000001645
586,6912,0.000001671
587,6912,0.000001561
588,6912,0.000001390
589,6912,0.000001566
590,6912,0.000001591
591,6912,0.000002169
592,6912,0.000001846
593,6912,0.000001963
594,6912,0.000001628
595,6912,0.000001380
596,6912,0.000001534
597,6912,0.000001608
598,6912,0.000001705
599,6912,0.000001651
600,6912,0.000001853
601,6912,0.000002528
602,6912,0.000001713
603,6912,0.000001934
604,6912,0.000001428
605,6912,0.000001979
606,6912,0.000001784
607,6912,0.000001360
608,6912,0.000001550
609,6912,0.000002429
610,6912,0.000001686
611,6912,0.000001432
612,6912,0.000001626
613,6912,0.000001772
614,6912,0.000001466
615,6912,0.000002065
616,6912,0.000001756
617,6912,0.000001416
618,6912,0.000002569
619,6912,0.000001614
620,6912,0.000001373
621,6912,0.000001614
622,6912,0.000001652
623,6912,0.000001429
624,6912,0.000001832
625,6912,0.000001695
626,6912,0.000001639
627,6912,0.000002066
628,6912,0.000001652
629,6912,0.000001865
630,6912,0.000001411
631,6912,0.000001682
632,6912,0.000001863
633,6912,0.000001440
634,6912,0.000001742
635,6912,0.000002084
636,6912,0.000002358
637,6912,0.000001734
638,6912,0.000001796
639,6912,0.000001299
640,6912,0.000001377
641,6912,0.000001635
642,6912,0.000002227
643,6912,0.000002199
644,6912,0.000003146
645,6912,0.000004396
646,6912,0.000002320
647,6912,0.000017001
648,6912,0.000002302
649,6912,0.000001475
650,6912,0.000001992
651,6912,0.000002822
652,6912,0.000001441
653,6912,0.000001614
654,6912,0.000001675
655,6912,0.000001614
656,6912,0.000001744
657,6912,0.000001762
658,6912,0.000002014
659,6912,0.000001660
660,6912,0.000002355
661,6912,0.000001928
662,6912,0.000014349
663,6912,0.000001608
664,6912,0.000001857
665,6912,0.000001308
666,6912,0.000001672
667,6912,0.000001725
668,6912,0.000001428
669,6912,0.000002996
670,6912,0.000002887
671,6912,0.000002162
672,6912,0.000002255
673,6912,0.000002575
674,6912,0.000017102
675,6912,0.000003652
676,6912,0.000001664
677,6912,0.000002169
678,6912,0.000001778
679,6912,0.000002463
680,6912,0.000002804
681,6912,0.000002137
682,6912,0.000002738
683,6912,0.000002805
684,6912,0.000001353
685,6912,0.000001648
686,6912,0.000014385
687,6912,0.000002652
688,6912,0.000001493
689,6912,0.000001686
690,6912,0.000001678
691,6912,0.000001386
692,6912,0.000001687
693,6912,0.000001566
694,6912,0.000001325
695,6912,0.000001588
696,6912,0.000001705
697,6912,0.000002130
698,6912,0.000001758
699,6912,0.000001938
700,6912,0.000001409
701,6912,0.000001655
702,6912,0.000001501
703,6912,0.000001331
704,6912,0.000001300
705,6912,0.000001959
706,6912,0.000002515
707,6912,0.000001524
708,6912,0.000001643
709,6912,0.000002128
710,6912,0.000001381
711,6912,0.000001708
712,6912,0.000001607
713,6912,0.000001315
714,6912,0.000001694
715,6912,0.000002521
716,6912,0.000001414
717,6912,0.000002034
718,6912,0.000001629
719,6912,0.000001369
720,6912,0.000001334
721,6912,0.000001524
722,6912,0.000001578
723,6912,0.000001308
724,6912,0.000001680
725,6912,0.000002344
726,6912,0.000001384
727,6912,0.000001684
728,6912,0.000001805
729,6912,0.000001353
730,6912,0.000002080
731,6912,0.000001688
732,6912,0.000001443
733,6912,0.000001695
734,6912,0.000001648
735,6912,0.000001436
736,6912,0.000001435
737,6912,0.000001862
738,6912,0.000002047
739,6912,0.000001318
740,6912,0.000001608
741,6912,0.000001577
742,6912,0.000001397
743,6912,0.000001654
744,6912,0.000001584
745,6912,0.000001429
746,6912,0.000001685
747,6912,0.000001499
748,6912,0.000001337
749,6912,0.000001612
750,6912,0.000001681
751,6912,0.000001443
752,6912,0.000001375
753,6912,0.000001771
754,6912,0.000001973
755,6912,0.000001564
756,6912,0.000001840
757,6912,0.000001673
758,6912,0.000001366
759,6912,0.000001575
760,6912,0.000001680
761,6912,0.000001338
762,6912,0.000001663
763,6912,0.000001639
764,6912,0.000001398
765,6912,0.000001645
766,6912,0.000001614
767,6912,0.000001381
768,6912,0.000001386
769,6912,0.000001574
770,6912,0.000001566
771,6912,0.000001327
772,6912,0.000001648
773,6912,0.000001779
774,6912,0.000001390
775,6912,0.000001773
776,6912,0.000001668
777,6912,0.000001334
778,6912,0.000001675
779,6912,0.000001640
780,6912,0.000001512
781,6912,0.000002179
782,6912,0.000001821
783,6912,0.000001350
784,6912,0.000001433
785,6912,0.000001535
786,6912,0.000001827
787,6912,0.000001362
788,6912,0.000001984
789,6912,0.000001599
790,6912,0.000001341
791,6912,0.000001621
792,6912,0.000001731
793,6912,0.000001369
794,6912,0.000001638
795,6912,0.000001601
796,6912,0.000001416
797,6912,0.000001622
798,6912,0.000001693
799,6912,0.000001466
800,6912,0.000001435
801,6912,0.000001637
802,6912,0.000001579
803,6912,0.000001294
804,6912,0.000001894
805,6912,0.000001540
806,6912,0.000001420
807,6912,0.000001567
808,6912,0.000001577
809,6912,0.000001355
810,6912,0.000001823
811,6912,0.000001651
812,6912,0.000001413
813,6912,0.000001588
814,6912,0.000001734
815,6912,0.000001377
816,6912,0.000001465
817,6912,0.000001652
818,6912,0.000001675
819,6912,0.000001498
820,6912,0.000001922
821,6912,0.000001683
822,6912,0.000008605
823,6912,0.000002170
824,6912,0.000001655
825,6912,0.000001399
826,6912,0.000001781
827,6912,0.000001691
828,6912,0.000001366
829,6912,0.000001758
830,6912,0.000001594
831,6912,0.000001391
832,6912,0.000001812
833,6912,0.000027611
834,6912,0.000003812
835,6912,0.000001636
836,6912,0.000001724
837,6912,0.000001981
838,6912,0.000001750
839,6912,0.000001658
840,6912,0.000001743
841,6912,0.000001546
842,6912,0.000001676
843,6912,0.000001838
844,6912,0.000001856
845,6912,0.000015357
846,6912,0.000001940
847,6912,0.000001350
848,6912,0.000001327
849,6912,0.000001723
850,6912,0.000001604
851,6912,0.000001320
852,6912,0.000002047
853,6912,0.000001615
854,6912,0.000002227
855,6912,0.000001641
856,6912,0.000002047
857,6912,0.000001408
858,6912,0.000001663
859,6912,0.000001645
860,6912,0.000001409
861,6912,0.000001807
862,6912,0.000002458
863,6912,0.000001412
864,6912,0.000001554
865,6912,0.000001580
866,6912,0.000002230
867,6912,0.000001299
868,6912,0.000001617
869,6912,0.000001600
870,6912,0.000001348
871,6912,0.000002001
872,6912,0.000002495
873,6912,0.000001309
874,6912,0.000001660
875,6912,0.000001508
876,6912,0.000001334
877,6912,0.000001634
878,6912,0.000001668
879,6912,0.000001594
880,6912,0.000001506
881,6912,0.000002508
882,6912,0.000001874
883,6912,0.000001389
884,6912,0.000001589
885,6912,0.000001702
886,6912,0.000001377
887,6912,0.000001845
888,6912,0.000001695
889,6912,0.000001333
890,6912,0.000002339
891,6912,0.000001589
892,6912,0.000001399
893,6912,0.000001543
894,6912,0.000001611
895,6912,0.000001620
896,6912,0.000001369
897,6912,0.000001674
898,6912,0.000001782
899,6912,0.000002243
900,6912,0.000001728
901,6912,0.000001654
902,6912,0.000001408
903,6912,0.000001816
904,6912,0.000001581
905,6912,0.000001312
906,6912,0.000001743
907,6912,0.000001634
908,6912,0.000001417
909,6912,0.000002360
910,6912,0.000001919
911,6912,0.000001608
912,6912,0.000001371
913,6912,0.000001619
914,6912,0.000001713
915,6912,0.000001368
916,6912,0.000001677
917,6912,0.000001578
918,6912,0.000002495
919,6912,0.000001637
920,6912,0.000001559
921,6912,0.000001534
922,6912,0.000001904
923,6912,0.000001597
924,6912,0.000001378
925,6912,0.000001874
926,6912,0.000001578
927,6912,0.000002195
928,6912,0.000001397
929,6912,0.000001649
930,6912,0.000001564
931,6912,0.000001451
932,6912,0.000001533
933,6912,0.000001539
934,6912,0.000001314
935,6912,0.000001692
936,6912,0.000002054
937,6912,0.000002097
938,6912,0.000001619
939,6912,0.000001540
940,6912,0.000001321
941,6912,0.000001748
942,6912,0.000001589
943,6912,0.000001310
944,6912,0.000001423
945,6912,0.000001645
946,6912,0.000002449
947,6912,0.000001337
948,6912,0.000001577
949,6912,0.000001542
950,6912,0.000001316
951,6912,0.000001532
952,6912,0.000001857
953,6912,0.000001334
954,6912,0.000001567
955,6912,0.000001569
956,6912,0.000002239
957,6912,0.000001658
958,6912,0.000001763
959,6912,0.000001347
960,6912,0.000001416
961,6912,0.000001524
962,6912,0.000007621
963,6912,0.000003414
964,6912,0.000003736
965,6912,0.000003772
966,6912,0.000002594
967,6912,0.000004588
968,6912,0.000003663
969,6912,0.000002534
970,6912,0.000003689
971,6912,0.000003607
972,6912,0.000003284
973,6912,0.000003888
974,6912,0.000003542
975,6912,0.000002356
976,6912,0.000006758
977,6912,0.000003509
978,6912,0.000003520
979,6912,0.000002414
980,6912,0.000004367
981,6912,0.000003616
982,6912,0.000002362
983,6912,0.000003492
984,6912,0.000003547
985,6912,0.000005092
986,6912,0.000004220
987,6912,0.000003569
988,6912,0.000003287
989,6912,0.000003541
990,6912,0.000003626
991,6912,0.000002312
992,6912,0.000003361
993,6912,0.000004793
994,6912,0.000005988
995,6912,0.000002355
996,6912,0.000003497
997,6912,0.000004447
998,6912,0.000002373
999,6912,0.000003525
0,7168,0.000003823
1,7168,0.000001899
2,7168,0.000002188
3,7168,0.000001418
4,7168,0.000001429
5,7168,0.000001756
6,7168,0.000001747
7,7168,0.000001409
8,7168,0.000001468
9,7168,0.000001740
10,7168,0.000001662
11,7168,0.000001506
12,7168,0.000001588
13,7168,0.000001567
14,7168,0.000001647
15,7168,0.000001434
16,7168,0.000001448
17,7168,0.000001722
18,7168,0.000001658
19,7168,0.000001393
20,7168,0.000001508
21,7168,0.000001589
22,7168,0.000002688
23,7168,0.000001652
24,7168,0.000001555
25,7168,0.000001777
26,7168,0.000001707
27,7168,0.000001375
28,7168,0.000001560
29,7168,0.000001649
30,7168,0.000001800
31,7168,0.000003442
32,7168,0.000002172
33,7168,0.000003437
34,7168,0.000002619
35,7168,0.000002167
36,7168,0.000016661
37,7168,0.000004385
38,7168,0.000001861
39,7168,0.000001468
40,7168,0.000001509
41,7168,0.000001640
42,7168,0.000001730
43,7168,0.000001448
44,7168,0.000001676
45,7168,0.000002812
46,7168,0.000001807
47,7168,0.000001655
48,7168,0.000001491
49,7168,0.000002132
50,7168,0.000001722
51,7168,0.000014040
52,7168,0.000001684
53,7168,0.000001668
54,7168,0.000002555
55,7168,0.000001665
56,7168,0.000001478
57,7168,0.000002265
58,7168,0.000002697
59,7168,0.000002074
60,7168,0.000002234
61,7168,0.000018582
62,7168,0.000002954
63,7168,0.000001409
64,7168,0.000001523
65,7168,0.000001714
66,7168,0.000002121
67,7168,0.000001482
68,7168,0.000001521
69,7168,0.000002502
70,7168,0.000002678
71,7168,0.000002130
72,7168,0.000002363
73,7168,0.000002409
74,7168,0.000002806
75,7168,0.000001467
76,7168,0.000001858
77,7168,0.000014409
78,7168,0.000001614
79,7168,0.000001373
80,7168,0.000001455
81,7168,0.000001573
82,7168,0.000001658
83,7168,0.000001429
84,7168,0.000002430
85,7168,0.000001702
86,7168,0.000001678
87,7168,0.000001415
88,7168,0.000001454
89,7168,0.000001926
90,7168,0.000001686
91,7168,0.000001365
92,7168,0.000001547
93,7168,0.000002380
94,7168,0.000001637
95,7168,0.000001373
96,7168,0.000001534
97,7168,0.000001662
98,7168,0.000001635
99,7168,0.000001332
100,7168,0.000001421
101,7168,0.000001970
102,7168,0.000001948
103,7168,0.000002298
104,7168,0.000001486
105,7168,0.000001577
106,7168,0.000001701
107,7168,0.000001468
108,7168,0.000001573
109,7168,0.000001655
110,7168,0.000001752
111,7168,0.000001875
112,7168,0.000002314
113,7168,0.000001639
114,7168,0.000001778
115,7168,0.000001429
116,7168,0.000001565
117,7168,0.000001636
118,7168,0.000001704
119,7168,0.000001457
120,7168,0.000001422
121,7168,0.000002318
122,7168,0.000002109
123,7168,0.000001371
124,7168,0.000001362
125,7168,0.000001574
126,7168,0.000001955
127,7168,0.000001477
128,7168,0.000001403
129,7168,0.000001618
130,7168,0.000002548
131,7168,0.000001423
132,7168,0.000001486
133,7168,0.000001608
134,7168,0.000001606
135,7168,0.000001670
136,7168,0.000001881
137,7168,0.000001630
138,7168,0.000001674
139,7168,0.000002556
140,7168,0.000001705
141,7168,0.000001653
142,7168,0.000001630
143,7168,0.000001417
144,7168,0.000001425
145,7168,0.000001928
146,7168,0.000001813
147,7168,0.000001427
148,7168,0.000002298
149,7168,0.000001896
150,7168,0.000001764
151,7168,0.000001449
152,7168,0.000001386
153,7168,0.000001840
154,7168,0.000001712
155,7168,0.000001445
156,7168,0.000001511
157,7168,0.000002798
158,7168,0.000001718
159,7168,0.000001386
160,7168,0.000001484
161,7168,0.000001733
162,7168,0.000001587
163,7168,0.000001308
164,7168,0.000001339
165,7168,0.000001615
166,7168,0.000002463
167,7168,0.000001515
168,7168,0.000001512
169,7168,0.000009914
170,7168,0.000002157
171,7168,0.000001450
172,7168,0.000001445
173,7168,0.000001882
174,7168,0.000001710
175,7168,0.000001330
176,7168,0.000001464
177,7168,0.000001677
178,7168,0.000001855
179,7168,0.000001712
180,7168,0.000001536
181,7168,0.000001605
182,7168,0.000001711
183,7168,0.000001429
184,7168,0.000001346
185,7168,0.000001762
186,7168,0.000001815
187,7168,0.000001779
188,7168,0.000001785
189,7168,0.000001855
190,7168,0.000001790
191,7168,0.000001494
192,7168,0.000001519
193,7168,0.000001840
194,7168,0.000002105
195,7168,0.000001386
196,7168,0.000001761
197,7168,0.000001764
198,7168,0.000001677
199,7168,0.000001463
200,7168,0.000001442
201,7168,0.000001686
202,7168,0.000001944
203,7168,0.000001428
204,7168,0.000001481
205,7168,0.000001644
206,7168,0.000001679
207,7168,0.000001409
208,7168,0.000001724
209,7168,0.000001920
210,7168,0.000002038
211,7168,0.000001438
212,7168,0.000001677
213,7168,0.000001743
214,7168,0.000001654
215,7168,0.000001392
216,7168,0.000001501
217,7168,0.000001958
218,7168,0.000001605
219,7168,0.000001483
220,7168,0.000001384
221,7168,0.000001759
222,7168,0.000001721
223,7168,0.000001703
224,7168,0.000001424
225,7168,0.000001569
226,7168,0.000001637
227,7168,0.000001375
228,7168,0.000001456
229,7168,0.000001755
230,7168,0.000001656
231,7168,0.000001430
232,7168,0.000001518
233,7168,0.000001772
234,7168,0.000002112
235,7168,0.000001363
236,7168,0.000001458
237,7168,0.000001646
238,7168,0.000001522
239,7168,0.000001473
240,7168,0.000001646
241,7168,0.000001818
242,7168,0.000001993
243,7168,0.000001808
244,7168,0.000001464
245,7168,0.000001677
246,7168,0.000001654
247,7168,0.000001470
248,7168,0.000001779
249,7168,0.000001746
250,7168,0.000001787
251,7168,0.000001488
252,7168,0.000001469
253,7168,0.000001767
254,7168,0.000001678
255,7168,0.000001414
256,7168,0.000001765
257,7168,0.000001891
258,7168,0.000001613
259,7168,0.000001385
260,7168,0.000001426
261,7168,0.000001575
262,7168,0.000001973
263,7168,0.000001657
264,7168,0.000001445
265,7168,0.000001574
266,7168,0.000001731
267,7168,0.000001367
268,7168,0.000001404
269,7168,0.000001550
270,7168,0.000001731
271,7168,0.000001320
272,7168,0.000001847
273,7168,0.000001615
274,7168,0.000001653
275,7168,0.000001451
276,7168,0.000001491
277,7168,0.000001777
278,7168,0.000001725
279,7168,0.000001432
280,7168,0.000001674
281,7168,0.000002067
282,7168,0.000001641
283,7168,0.000001501
284,7168,0.000001361
285,7168,0.000001715
286,7168,0.000001989
287,7168,0.000001550
288,7168,0.000001353
289,7168,0.000001586
290,7168,0.000001813
291,7168,0.000001431
292,7168,0.000001665
293,7168,0.000001917
294,7168,0.000001664
295,7168,0.000001436
296,7168,0.000001611
297,7168,0.000001611
298,7168,0.000001643
299,7168,0.000001392
300,7168,0.000001781
301,7168,0.000001757
302,7168,0.000001997
303,7168,0.000001459
304,7168,0.000001440
305,7168,0.000001601
306,7168,0.000001650
307,7168,0.000001413
308,7168,0.000001387
309,7168,0.000001617
310,7168,0.000001599
311,7168,0.000001440
312,7168,0.000001462
313,7168,0.000001764
314,7168,0.000001730
315,7168,0.000001452
316,7168,0.000001597
317,7168,0.000001802
318,7168,0.000001663
319,7168,0.000001562
320,7168,0.000001620
321,7168,0.000001686
322,7168,0.000001762
323,7168,0.000001456
324,7168,0.000001385
325,7168,0.000001713
326,7168,0.000001670
327,7168,0.000001438
328,7168,0.000001562
329,7168,0.000001966
330,7168,0.000001627
331,7168,0.000001376
332,7168,0.000001569
333,7168,0.000001669
334,7168,0.000001670
335,7168,0.000001369
336,7168,0.000001396
337,7168,0.000001717
338,7168,0.000001680
339,7168,0.000001417
340,7168,0.000001515
341,7168,0.000016172
342,7168,0.000001809
343,7168,0.000001508
344,7168,0.000001534
345,7168,0.000001810
346,7168,0.000001736
347,7168,0.000001484
348,7168,0.000001404
349,7168,0.000001558
350,7168,0.000001946
351,7168,0.000001464
352,7168,0.000001407
353,7168,0.000001778
354,7168,0.000001847
355,7168,0.000001505
356,7168,0.000001976
357,7168,0.000001742
358,7168,0.000001787
359,7168,0.000001431
360,7168,0.000001413
361,7168,0.000001753
362,7168,0.000001776
363,7168,0.000001476
364,7168,0.000003010
365,7168,0.000001785
366,7168,0.000001717
367,7168,0.000001542
368,7168,0.000001383
369,7168,0.000001685
370,7168,0.000001672
371,7168,0.000001428
372,7168,0.000001510
373,7168,0.000001970
374,7168,0.000001727
375,7168,0.000002285
376,7168,0.000001688
377,7168,0.000001686
378,7168,0.000001609
379,7168,0.000001430
380,7168,0.000001454
381,7168,0.000001678
382,7168,0.000001622
383,7168,0.000001422
384,7168,0.000002326
385,7168,0.000001792
386,7168,0.000001680
387,7168,0.000001415
388,7168,0.000001404
389,7168,0.000001578
390,7168,0.000002072
391,7168,0.000001417
392,7168,0.000001688
393,7168,0.000001910
394,7168,0.000002654
395,7168,0.000001737
396,7168,0.000001699
397,7168,0.000001891
398,7168,0.000002106
399,7168,0.000001632
400,7168,0.000001437
401,7168,0.000001975
402,7168,0.000002611
403,7168,0.000001502
404,7168,0.000001484
405,7168,0.000001671
406,7168,0.000001672
407,7168,0.000001368
408,7168,0.000001716
409,7168,0.000001963
410,7168,0.000001849
411,7168,0.000002265
412,7168,0.000001531
413,7168,0.000001806
414,7168,0.000001700
415,7168,0.000001465
416,7168,0.000001564
417,7168,0.000001664
418,7168,0.000001714
419,7168,0.000001552
420,7168,0.000002313
421,7168,0.000001831
422,7168,0.000002078
423,7168,0.000001662
424,7168,0.000001619
425,7168,0.000001924
426,7168,0.000001724
427,7168,0.000001424
428,7168,0.000001824
429,7168,0.000002546
430,7168,0.000001923
431,7168,0.000001486
432,7168,0.000001471
433,7168,0.000001758
434,7168,0.000001726
435,7168,0.000001455
436,7168,0.000001495
437,7168,0.000001849
438,7168,0.000002504
439,7168,0.000001483
440,7168,0.000001518
441,7168,0.000014645
442,7168,0.000001699
443,7168,0.000001710
444,7168,0.000001565
445,7168,0.000001751
446,7168,0.000001656
447,7168,0.000002379
448,7168,0.000001419
449,7168,0.000001606
450,7168,0.000001685
451,7168,0.000001372
452,7168,0.000002177
453,7168,0.000001532
454,7168,0.000001602
455,7168,0.000001371
456,7168,0.000002303
457,7168,0.000001784
458,7168,0.000001613
459,7168,0.000001375
460,7168,0.000001340
461,7168,0.000001631
462,7168,0.000001618
463,7168,0.000001426
464,7168,0.000001423
465,7168,0.000001825
466,7168,0.000002486
467,7168,0.000001777
468,7168,0.000001644
469,7168,0.000002005
470,7168,0.000001925
471,7168,0.000001378
472,7168,0.000001390
473,7168,0.000001590
474,7168,0.000001962
475,7168,0.000002276
476,7168,0.000001583
477,7168,0.000001959
478,7168,0.000001715
479,7168,0.000001781
480,7168,0.000001633
481,7168,0.000001555
482,7168,0.000001583
483,7168,0.000001443
484,7168,0.000002233
485,7168,0.000001706
486,7168,0.000001634
487,7168,0.000001674
488,7168,0.000001591
489,7168,0.000001684
490,7168,0.000001788
491,7168,0.000001395
492,7168,0.000002213
493,7168,0.000001624
494,7168,0.000001631
495,7168,0.000001408
496,7168,0.000001393
497,7168,0.000001583
498,7168,0.000001809
499,7168,0.000001639
500,7168,0.000001624
501,7168,0.000001985
502,7168,0.000002477
503,7168,0.000001455
504,7168,0.000001426
505,7168,0.000001784
506,7168,0.000001780
507,7168,0.000001428
508,7168,0.000001563
509,7168,0.000001568
510,7168,0.000001838
511,7168,0.000002140
512,7168,0.000001485
513,7168,0.000001549
514,7168,0.000001915
515,7168,0.000001505
516,7168,0.000001334
517,7168,0.000001700
518,7168,0.000001560
519,7168,0.000001649
520,7168,0.000002153
521,7168,0.000001737
522,7168,0.000001638
523,7168,0.000001332
524,7168,0.000001429
525,7168,0.000001651
526,7168,0.000001627
527,7168,0.000001314
528,7168,0.000001547
529,7168,0.000002385
530,7168,0.000001639
531,7168,0.000001346
532,7168,0.000001338
533,7168,0.000001870
534,7168,0.000001549
535,7168,0.000001451
536,7168,0.000001463
537,7168,0.000001959
538,7168,0.000001922
539,7168,0.000002225
540,7168,0.000001637
541,7168,0.000001799
542,7168,0.000001976
543,7168,0.000001624
544,7168,0.000001806
545,7168,0.000001665
546,7168,0.000001650
547,7168,0.000002230
548,7168,0.000001457
549,7168,0.000001609
550,7168,0.000001648
551,7168,0.000001466
552,7168,0.000001349
553,7168,0.000001665
554,7168,0.000001633
555,7168,0.000001373
556,7168,0.000001500
557,7168,0.000002373
558,7168,0.000001624
559,7168,0.000001342
560,7168,0.000001455
561,7168,0.000001644
562,7168,0.000001597
563,7168,0.000001577
564,7168,0.000001601
565,7168,0.000001747
566,7168,0.000002337
567,7168,0.000001436
568,7168,0.000001351
569,7168,0.000001605
570,7168,0.000001684
571,7168,0.000001495
572,7168,0.000001441
573,7168,0.000001600
574,7168,0.000001581
575,7168,0.000001420
576,7168,0.000002115
577,7168,0.000001736
578,7168,0.000001817
579,7168,0.000001639
580,7168,0.000001482
581,7168,0.000001709
582,7168,0.000001853
583,7168,0.000001485
584,7168,0.000001588
585,7168,0.000002505
586,7168,0.000001839
587,7168,0.000001407
588,7168,0.000001647
589,7168,0.000001858
590,7168,0.000002425
591,7168,0.000002087
592,7168,0.000002213
593,7168,0.000003886
594,7168,0.000003212
595,7168,0.000002274
596,7168,0.000016668
597,7168,0.000002488
598,7168,0.000003120
599,7168,0.000003822
600,7168,0.000002217
601,7168,0.000002487
602,7168,0.000002868
603,7168,0.000002129
604,7168,0.000002267
605,7168,0.000003481
606,7168,0.000001780
607,7168,0.000001502
608,7168,0.000001567
609,7168,0.000002083
610,7168,0.000001722
611,7168,0.000001474
612,7168,0.000001519
613,7168,0.000002859
614,7168,0.000014432
615,7168,0.000001432
616,7168,0.000001480
617,7168,0.000001608
618,7168,0.000001604
619,7168,0.000001444
620,7168,0.000001514
621,7168,0.000001815
622,7168,0.000003157
623,7168,0.000001467
624,7168,0.000001456
625,7168,0.000001571
626,7168,0.000001833
627,7168,0.000001367
628,7168,0.000001492
629,7168,0.000001654
630,7168,0.000001593
631,7168,0.000002183
632,7168,0.000001446
633,7168,0.000001762
634,7168,0.000001678
635,7168,0.000001573
636,7168,0.000001559
637,7168,0.000001724
638,7168,0.000002382
639,7168,0.000002125
640,7168,0.000002489
641,7168,0.000002512
642,7168,0.000002904
643,7168,0.000001773
644,7168,0.000001874
645,7168,0.000001756
646,7168,0.000002688
647,7168,0.000001357
648,7168,0.000001290
649,7168,0.000001539
650,7168,0.000001613
651,7168,0.000001393
652,7168,0.000001321
653,7168,0.000001700
654,7168,0.000001587
655,7168,0.000001395
656,7168,0.000002102
657,7168,0.000001559
658,7168,0.000001698
659,7168,0.000001314
660,7168,0.000001346
661,7168,0.000001583
662,7168,0.000001653
663,7168,0.000001362
664,7168,0.000001441
665,7168,0.000001878
666,7168,0.000002455
667,7168,0.000001430
668,7168,0.000001385
669,7168,0.000001716
670,7168,0.000001575
671,7168,0.000001331
672,7168,0.000001384
673,7168,0.000001694
674,7168,0.000002072
675,7168,0.000002147
676,7168,0.000001906
677,7168,0.000001766
678,7168,0.000001686
679,7168,0.000001454
680,7168,0.000001484
681,7168,0.000001830
682,7168,0.000001810
683,7168,0.000001566
684,7168,0.000002369
685,7168,0.000001707
686,7168,0.000001616
687,7168,0.000001426
688,7168,0.000001356
689,7168,0.000001663
690,7168,0.000001678
691,7168,0.000001456
692,7168,0.000001859
693,7168,0.000002401
694,7168,0.000001566
695,7168,0.000001343
696,7168,0.000001394
697,7168,0.000001511
698,7168,0.000001593
699,7168,0.000001399
700,7168,0.000001424
701,7168,0.000001585
702,7168,0.000001638
703,7168,0.000002134
704,7168,0.000001467
705,7168,0.000001667
706,7168,0.000001563
707,7168,0.000001336
708,7168,0.000001359
709,7168,0.000010903
710,7168,0.000001768
711,7168,0.000001396
712,7168,0.000001486
713,7168,0.000001616
714,7168,0.000001608
715,7168,0.000001342
716,7168,0.000001431
717,7168,0.000001630
718,7168,0.000001629
719,7168,0.000001373
720,7168,0.000002598
721,7168,0.000001582
722,7168,0.000001571
723,7168,0.000001383
724,7168,0.000001416
725,7168,0.000001569
726,7168,0.000001565
727,7168,0.000001600
728,7168,0.000001609
729,7168,0.000001661
730,7168,0.000002611
731,7168,0.000001419
732,7168,0.000001384
733,7168,0.000001637
734,7168,0.000001615
735,7168,0.000001516
736,7168,0.000001439
737,7168,0.000001588
738,7168,0.000001648
739,7168,0.000001491
740,7168,0.000002487
741,7168,0.000001754
742,7168,0.000001610
743,7168,0.000001364
744,7168,0.000001360
745,7168,0.000001718
746,7168,0.000001643
747,7168,0.000001586
748,7168,0.000001530
749,7168,0.000002308
750,7168,0.000001679
751,7168,0.000001481
752,7168,0.000001511
753,7168,0.000001671
754,7168,0.000001569
755,7168,0.000001582
756,7168,0.000001687
757,7168,0.000001567
758,7168,0.000002379
759,7168,0.000001414
760,7168,0.000001356
761,7168,0.000001608
762,7168,0.000001599
763,7168,0.000001385
764,7168,0.000001573
765,7168,0.000001700
766,7168,0.000001666
767,7168,0.000001369
768,7168,0.000002162
769,7168,0.000001929
770,7168,0.000001693
771,7168,0.000001398
772,7168,0.000001410
773,7168,0.000001666
774,7168,0.000001920
775,7168,0.000001590
776,7168,0.000001481
777,7168,0.000002548
778,7168,0.000001837
779,7168,0.000001598
780,7168,0.000001433
781,7168,0.000001543
782,7168,0.000001641
783,7168,0.000001435
784,7168,0.000001391
785,7168,0.000001978
786,7168,0.000002454
787,7168,0.000001434
788,7168,0.000001768
789,7168,0.000001650
790,7168,0.000002241
791,7168,0.000001501
792,7168,0.000001878
793,7168,0.000001625
794,7168,0.000001667
795,7168,0.000002338
796,7168,0.000001615
797,7168,0.000001741
798,7168,0.000001610
799,7168,0.000001336
800,7168,0.000001427
801,7168,0.000001609
802,7168,0.000001701
803,7168,0.000001414
804,7168,0.000002459
805,7168,0.000001788
806,7168,0.000001847
807,7168,0.000001395
808,7168,0.000001867
809,7168,0.000001672
810,7168,0.000002061
811,7168,0.000001492
812,7168,0.000001619
813,7168,0.000002620
814,7168,0.000001960
815,7168,0.000001455
816,7168,0.000001451
817,7168,0.000001568
818,7168,0.000001703
819,7168,0.000001407
820,7168,0.000001444
821,7168,0.000001669
822,7168,0.000002362
823,7168,0.000001557
824,7168,0.000001752
825,7168,0.000001695
826,7168,0.000001732
827,7168,0.000001469
828,7168,0.000001506
829,7168,0.000002188
830,7168,0.000002086
831,7168,0.000002289
832,7168,0.000001488
833,7168,0.000001718
834,7168,0.000002036
835,7168,0.000001451
836,7168,0.000001375
837,7168,0.000001677
838,7168,0.000001551
839,7168,0.000001416
840,7168,0.000002378
841,7168,0.000001962
842,7168,0.000001596
843,7168,0.000001416
844,7168,0.000001358
845,7168,0.000001550
846,7168,0.000001656
847,7168,0.000001353
848,7168,0.000001422
849,7168,0.000002905
850,7168,0.000001760
851,7168,0.000001367
852,7168,0.000001467
853,7168,0.000001855
854,7168,0.000001730
855,7168,0.000001474
856,7168,0.000001601
857,7168,0.000001778
858,7168,0.000002717
859,7168,0.000001497
860,7168,0.000001974
861,7168,0.000001592
862,7168,0.000001663
863,7168,0.000001396
864,7168,0.000001567
865,7168,0.000001832
866,7168,0.000001722
867,7168,0.000002349
868,7168,0.000001915
869,7168,0.000001682
870,7168,0.000001632
871,7168,0.000001406
872,7168,0.000001633
873,7168,0.000001734
874,7168,0.000001643
875,7168,0.000001517
876,7168,0.000002133
877,7168,0.000002013
878,7168,0.000001675
879,7168,0.000001418
880,7168,0.000001564
881,7168,0.000001682
882,7168,0.000001562
883,7168,0.000001424
884,7168,0.000001580
885,7168,0.000002468
886,7168,0.000001592
887,7168,0.000001366
888,7168,0.000001946
889,7168,0.000001857
890,7168,0.000001693
891,7168,0.000001427
892,7168,0.000001507
893,7168,0.000001605
894,7168,0.000002409
895,7168,0.000001349
896,7168,0.000001591
897,7168,0.000001533
898,7168,0.000001541
899,7168,0.000001340
900,7168,0.000001341
901,7168,0.000001582
902,7168,0.000001861
903,7168,0.000001428
904,7168,0.000002482
905,7168,0.000001603
906,7168,0.000001623
907,7168,0.000001347
908,7168,0.000001409
909,7168,0.000001602
910,7168,0.000001888
911,7168,0.000001400
912,7168,0.000001889
913,7168,0.000002441
914,7168,0.000001777
915,7168,0.000001379
916,7168,0.000001608
917,7168,0.000001582
918,7168,0.000001638
919,7168,0.000001353
920,7168,0.000001628
921,7168,0.000002053
922,7168,0.000002466
923,7168,0.000001367
924,7168,0.000001723
925,7168,0.000001627
926,7168,0.000001620
927,7168,0.000001400
928,7168,0.000001538
929,7168,0.000001685
930,7168,0.000002115
931,7168,0.000002425
932,7168,0.000001578
933,7168,0.000001608
934,7168,0.000001604
935,7168,0.000001799
936,7168,0.000001432
937,7168,0.000001751
938,7168,0.000001635
939,7168,0.000001405
940,7168,0.000002259
941,7168,0.000001692
942,7168,0.000001600
943,7168,0.000001344
944,7168,0.000001356
945,7168,0.000001567
946,7168,0.000001563
947,7168,0.000001447
948,7168,0.000001441
949,7168,0.000001620
950,7168,0.000002813
951,7168,0.000001431
952,7168,0.000001461
953,7168,0.000001729
954,7168,0.000001649
955,7168,0.000001667
956,7168,0.000001649
957,7168,0.000001606
958,7168,0.000001748
959,7168,0.000002118
960,7168,0.000001543
961,7168,0.000001602
962,7168,0.000001614
963,7168,0.000001390
964,7168,0.000007076
965,7168,0.000004444
966,7168,0.000003807
967,7168,0.000002688
968,7168,0.000003252
969,7168,0.000009687
970,7168,0.000004637
971,7168,0.000002403
972,7168,0.000003525
973,7168,0.000004486
974,7168,0.000006205
975,7168,0.000002360
976,7168,0.000004159
977,7168,0.000003599
978,7168,0.000003589
979,7168,0.000002370
980,7168,0.000003243
981,7168,0.000004406
982,7168,0.000003642
983,7168,0.000002349
984,7168,0.000003325
985,7168,0.000004325
986,7168,0.000003601
987,7168,0.000002987
988,7168,0.000003571
989,7168,0.000003543
990,7168,0.000004515
991,7168,0.000002447
992,7168,0.000006430
993,7168,0.000004314
994,7168,0.000003600
995,7168,0.000002399
996,7168,0.000003268
997,7168,0.000003859
998,7168,0.000004608
999,7168,0.000002565
0,7424,0.000003441
1,7424,0.000001916
2,7424,0.000001869
3,7424,0.000001845
4,7424,0.000001884
5,7424,0.000001401
6,7424,0.000001724
7,7424,0.000001673
8,7424,0.000001716
9,7424,0.000001965
10,7424,0.000001408
11,7424,0.000002052
12,7424,0.000001771
13,7424,0.000001596
14,7424,0.000001621
15,7424,0.000001399
16,7424,0.000001482
17,7424,0.000001636
18,7424,0.000001608
19,7424,0.000001625
20,7424,0.000001610
21,7424,0.000001354
22,7424,0.000002784
23,7424,0.000001896
24,7424,0.000001804
25,7424,0.000001716
26,7424,0.000001373
27,7424,0.000001751
28,7424,0.000001809
29,7424,0.000001769
30,7424,0.000002870
31,7424,0.000001774
32,7424,0.000001385
33,7424,0.000001636
34,7424,0.000001733
35,7424,0.000001820
36,7424,0.000001651
37,7424,0.000001403
38,7424,0.000001706
39,7424,0.000002569
40,7424,0.000001659
41,7424,0.000001712
42,7424,0.000001501
43,7424,0.000001875
44,7424,0.000001674
45,7424,0.000001589
46,7424,0.000001725
47,7424,0.000002221
48,7424,0.000001511
49,7424,0.000001876
50,7424,0.000001733
51,7424,0.000001691
52,7424,0.000001744
53,7424,0.000001349
54,7424,0.000001615
55,7424,0.000001581
56,7424,0.000001728
57,7424,0.000002609
58,7424,0.000001378
59,7424,0.000001583
60,7424,0.000001633
61,7424,0.000001642
62,7424,0.000002079
63,7424,0.000001393
64,7424,0.000001541
65,7424,0.000001771
66,7424,0.000002382
67,7424,0.000001620
68,7424,0.000001788
69,7424,0.000001401
70,7424,0.000001722
71,7424,0.000001956
72,7424,0.000001629
73,7424,0.000001691
74,7424,0.000002158
75,7424,0.000001841
76,7424,0.000001656
77,7424,0.000001650
78,7424,0.000001600
79,7424,0.000001373
80,7424,0.000001739
81,7424,0.000001772
82,7424,0.000001676
83,7424,0.000002584
84,7424,0.000002057
85,7424,0.000001351
86,7424,0.000001860
87,7424,0.000001656
88,7424,0.000001638
89,7424,0.000001661
90,7424,0.000001368
91,7424,0.000001629
92,7424,0.000002423
93,7424,0.000001736
94,7424,0.000001846
95,7424,0.000001399
96,7424,0.000001504
97,7424,0.000001691
98,7424,0.000001678
99,7424,0.000001794
100,7424,0.000001825
101,7424,0.000002138
102,7424,0.000001701
103,7424,0.000001663
104,7424,0.000001947
105,7424,0.000001612
106,7424,0.000001446
107,7424,0.000001712
108,7424,0.000001687
109,7424,0.000001684
110,7424,0.000002583
111,7424,0.000001411
112,7424,0.000016120
113,7424,0.000001891
114,7424,0.000001754
115,7424,0.000001609
116,7424,0.000001612
117,7424,0.000001398
118,7424,0.000002572
119,7424,0.000001655
120,7424,0.000001922
121,7424,0.000001677
122,7424,0.000001406
123,7424,0.000001785
124,7424,0.000001665
125,7424,0.000001716
126,7424,0.000001775
127,7424,0.000002394
128,7424,0.000002023
129,7424,0.000001815
130,7424,0.000001889
131,7424,0.000001754
132,7424,0.000001919
133,7424,0.000001549
134,7424,0.000001764
135,7424,0.000001736
136,7424,0.000002679
137,7424,0.000001707
138,7424,0.000001440
139,7424,0.000002089
140,7424,0.000002130
141,7424,0.000001747
142,7424,0.000001658
143,7424,0.000001401
144,7424,0.000001929
145,7424,0.000002421
146,7424,0.000002052
147,7424,0.000014792
148,7424,0.000002132
149,7424,0.000001423
150,7424,0.000001694
151,7424,0.000001618
152,7424,0.000001740
153,7424,0.000002459
154,7424,0.000001449
155,7424,0.000001781
156,7424,0.000001632
157,7424,0.000001564
158,7424,0.000001554
159,7424,0.000001366
160,7424,0.000001423
161,7424,0.000001792
162,7424,0.000002451
163,7424,0.000001734
164,7424,0.000001796
165,7424,0.000001422
166,7424,0.000001648
167,7424,0.000001783
168,7424,0.000001680
169,7424,0.000001536
170,7424,0.000001388
171,7424,0.000002417
172,7424,0.000001732
173,7424,0.000002004
174,7424,0.000001673
175,7424,0.000001337
176,7424,0.000001428
177,7424,0.000001639
178,7424,0.000001526
179,7424,0.000001849
180,7424,0.000002466
181,7424,0.000001397
182,7424,0.000001744
183,7424,0.000001958
184,7424,0.000001834
185,7424,0.000001695
186,7424,0.000001445
187,7424,0.000001658
188,7424,0.000001877
189,7424,0.000002644
190,7424,0.000001905
191,7424,0.000001377
192,7424,0.000001413
193,7424,0.000001570
194,7424,0.000001811
195,7424,0.000001630
196,7424,0.000001645
197,7424,0.000001402
198,7424,0.000002404
199,7424,0.000001629
200,7424,0.000001646
201,7424,0.000001714
202,7424,0.000001396
203,7424,0.000001982
204,7424,0.000001664
205,7424,0.000001863
206,7424,0.000002557
207,7424,0.000001456
208,7424,0.000001463
209,7424,0.000001670
210,7424,0.000001592
211,7424,0.000001704
212,7424,0.000001631
213,7424,0.000001579
214,7424,0.000002001
215,7424,0.000002408
216,7424,0.000001705
217,7424,0.000001796
218,7424,0.000001644
219,7424,0.000001693
220,7424,0.000002012
221,7424,0.000002068
222,7424,0.000001935
223,7424,0.000002305
224,7424,0.000001888
225,7424,0.000001759
226,7424,0.000001786
227,7424,0.000001625
228,7424,0.000001572
229,7424,0.000001357
230,7424,0.000001587
231,7424,0.000001629
232,7424,0.000002367
233,7424,0.000001750
234,7424,0.000001326
235,7424,0.000001896
236,7424,0.000001925
237,7424,0.000001934
238,7424,0.000001618
239,7424,0.000001381
240,7424,0.000001386
241,7424,0.000002357
242,7424,0.000001821
243,7424,0.000001697
244,7424,0.000002054
245,7424,0.000001398
246,7424,0.000001641
247,7424,0.000001743
248,7424,0.000001702
249,7424,0.000001688
250,7424,0.000002188
251,7424,0.000001625
252,7424,0.000001648
253,7424,0.000001631
254,7424,0.000001712
255,7424,0.000001527
256,7424,0.000001396
257,7424,0.000001603
258,7424,0.000001561
259,7424,0.000002351
260,7424,0.000001700
261,7424,0.000001395
262,7424,0.000001695
263,7424,0.000001790
264,7424,0.000002045
265,7424,0.000001677
266,7424,0.000001441
267,7424,0.000001730
268,7424,0.000002476
269,7424,0.000001732
270,7424,0.000001687
271,7424,0.000001377
272,7424,0.000001345
273,7424,0.000001737
274,7424,0.000001574
275,7424,0.000001791
276,7424,0.000001753
277,7424,0.000002057
278,7424,0.000001639
279,7424,0.000001578
280,7424,0.000001733
281,7424,0.000001722
282,7424,0.000001784
283,7424,0.000001804
284,7424,0.000001703
285,7424,0.000001647
286,7424,0.000002443
287,7424,0.000001393
288,7424,0.000001468
289,7424,0.000001633
290,7424,0.000001915
291,7424,0.000001829
292,7424,0.000001869
293,7424,0.000001627
294,7424,0.000001657
295,7424,0.000002317
296,7424,0.000001705
297,7424,0.000001651
298,7424,0.000001313
299,7424,0.000001639
300,7424,0.000001674
301,7424,0.000001865
302,7424,0.000001668
303,7424,0.000001459
304,7424,0.000002627
305,7424,0.000001882
306,7424,0.000001708
307,7424,0.000001698
308,7424,0.000002362
309,7424,0.000001664
310,7424,0.000001759
311,7424,0.000001800
312,7424,0.000002435
313,7424,0.000001718
314,7424,0.000001427
315,7424,0.000001632
316,7424,0.000001637
317,7424,0.000001797
318,7424,0.000001591
319,7424,0.000001373
320,7424,0.000001498
321,7424,0.000002714
322,7424,0.000001869
323,7424,0.000001597
324,7424,0.000001599
325,7424,0.000001366
326,7424,0.000001821
327,7424,0.000001658
328,7424,0.000001646
329,7424,0.000001613
330,7424,0.000002158
331,7424,0.000001751
332,7424,0.000001719
333,7424,0.000001682
334,7424,0.000001708
335,7424,0.000001331
336,7424,0.000001389
337,7424,0.000001696
338,7424,0.000001733
339,7424,0.000002556
340,7424,0.000001853
341,7424,0.000001382
342,7424,0.000001734
343,7424,0.000001694
344,7424,0.000001717
345,7424,0.000001647
346,7424,0.000001424
347,7424,0.000002005
348,7424,0.000002373
349,7424,0.000001740
350,7424,0.000001578
351,7424,0.000001683
352,7424,0.000001772
353,7424,0.000001935
354,7424,0.000001589
355,7424,0.000001571
356,7424,0.000001930
357,7424,0.000002143
358,7424,0.000001719
359,7424,0.000001634
360,7424,0.000001698
361,7424,0.000001743
362,7424,0.000001407
363,7424,0.000002041
364,7424,0.000001606
365,7424,0.000001596
366,7424,0.000002490
367,7424,0.000001400
368,7424,0.000001393
369,7424,0.000001595
370,7424,0.000001630
371,7424,0.000001656
372,7424,0.000001775
373,7424,0.000001373
374,7424,0.000002408
375,7424,0.000001576
376,7424,0.000001595
377,7424,0.000001547
378,7424,0.000001500
379,7424,0.000001968
380,7424,0.000002082
381,7424,0.000001620
382,7424,0.000001717
383,7424,0.000002180
384,7424,0.000001574
385,7424,0.000001676
386,7424,0.000001595
387,7424,0.000001703
388,7424,0.000001773
389,7424,0.000001372
390,7424,0.000001657
391,7424,0.000001658
392,7424,0.000002323
393,7424,0.000001610
394,7424,0.000001393
395,7424,0.000001610
396,7424,0.000001643
397,7424,0.000001513
398,7424,0.000002083
399,7424,0.000001451
400,7424,0.000001510
401,7424,0.000001869
402,7424,0.000002848
403,7424,0.000001688
404,7424,0.000001730
405,7424,0.000001322
406,7424,0.000001649
407,7424,0.000001683
408,7424,0.000001832
409,7424,0.000001704
410,7424,0.000002171
411,7424,0.000001865
412,7424,0.000001646
413,7424,0.000001772
414,7424,0.000001661
415,7424,0.000001432
416,7424,0.000001585
417,7424,0.000001564
418,7424,0.000001673
419,7424,0.000002480
420,7424,0.000001765
421,7424,0.000001359
422,7424,0.000001948
423,7424,0.000001830
424,7424,0.000001804
425,7424,0.000001785
426,7424,0.000001423
427,7424,0.000001734
428,7424,0.000002682
429,7424,0.000001660
430,7424,0.000001601
431,7424,0.000001361
432,7424,0.000001590
433,7424,0.000001542
434,7424,0.000002366
435,7424,0.000001702
436,7424,0.000002373
437,7424,0.000001523
438,7424,0.000001627
439,7424,0.000001628
440,7424,0.000001969
441,7424,0.000001724
442,7424,0.000001412
443,7424,0.000001652
444,7424,0.000001559
445,7424,0.000002314
446,7424,0.000001625
447,7424,0.000001328
448,7424,0.000001354
449,7424,0.000001657
450,7424,0.000001754
451,7424,0.000001633
452,7424,0.000001799
453,7424,0.000001743
454,7424,0.000002017
455,7424,0.000002431
456,7424,0.000001599
457,7424,0.000001705
458,7424,0.000001340
459,7424,0.000001707
460,7424,0.000001766
461,7424,0.000001670
462,7424,0.000001743
463,7424,0.000002132
464,7424,0.000001434
465,7424,0.000002049
466,7424,0.000002413
467,7424,0.000002571
468,7424,0.000003712
469,7424,0.000002108
470,7424,0.000018391
471,7424,0.000002653
472,7424,0.000002527
473,7424,0.000001997
474,7424,0.000001394
475,7424,0.000001844
476,7424,0.000001659
477,7424,0.000002929
478,7424,0.000001837
479,7424,0.000001339
480,7424,0.000001413
481,7424,0.000001884
482,7424,0.000001698
483,7424,0.000001680
484,7424,0.000001806
485,7424,0.000001543
486,7424,0.000001689
487,7424,0.000001642
488,7424,0.000001588
489,7424,0.000001646
490,7424,0.000001450
491,7424,0.000001984
492,7424,0.000001673
493,7424,0.000001823
494,7424,0.000001839
495,7424,0.000001381
496,7424,0.000001366
497,7424,0.000001655
498,7424,0.000001596
499,7424,0.000002772
500,7424,0.000001769
501,7424,0.000001494
502,7424,0.000001734
503,7424,0.000001608
504,7424,0.000011322
505,7424,0.000002242
506,7424,0.000001415
507,7424,0.000001792
508,7424,0.000002484
509,7424,0.000003027
510,7424,0.000002674
511,7424,0.000002564
512,7424,0.000001582
513,7424,0.000001686
514,7424,0.000001617
515,7424,0.000001573
516,7424,0.000001712
517,7424,0.000013232
518,7424,0.000004311
519,7424,0.000001796
520,7424,0.000001865
521,7424,0.000001729
522,7424,0.000001617
523,7424,0.000002037
524,7424,0.000014624
525,7424,0.000001709
526,7424,0.000001671
527,7424,0.000001345
528,7424,0.000001743
529,7424,0.000001606
530,7424,0.000001583
531,7424,0.000001594
532,7424,0.000001634
533,7424,0.000001409
534,7424,0.000001674
535,7424,0.000001891
536,7424,0.000001626
537,7424,0.000001558
538,7424,0.000001399
539,7424,0.000002511
540,7424,0.000001663
541,7424,0.000001648
542,7424,0.000001579
543,7424,0.000001599
544,7424,0.000001469
545,7424,0.000001693
546,7424,0.000001623
547,7424,0.000001585
548,7424,0.000001589
549,7424,0.000001545
550,7424,0.000001686
551,7424,0.000001682
552,7424,0.000001719
553,7424,0.000001625
554,7424,0.000001377
555,7424,0.000001796
556,7424,0.000001560
557,7424,0.000001651
558,7424,0.000001634
559,7424,0.000001439
560,7424,0.000001456
561,7424,0.000001685
562,7424,0.000002845
563,7424,0.000001831
564,7424,0.000001927
565,7424,0.000001362
566,7424,0.000002055
567,7424,0.000001793
568,7424,0.000001599
569,7424,0.000001713
570,7424,0.000001582
571,7424,0.000001762
572,7424,0.000001679
573,7424,0.000001707
574,7424,0.000001930
575,7424,0.000001379
576,7424,0.000001423
577,7424,0.000001613
578,7424,0.000001603
579,7424,0.000001645
580,7424,0.000001850
581,7424,0.000001620
582,7424,0.000001990
583,7424,0.000002379
584,7424,0.000001637
585,7424,0.000001671
586,7424,0.000001470
587,7424,0.000001662
588,7424,0.000001707
589,7424,0.000001627
590,7424,0.000001642
591,7424,0.000001374
592,7424,0.000001747
593,7424,0.000001643
594,7424,0.000001565
595,7424,0.000001576
596,7424,0.000001645
597,7424,0.000001365
598,7424,0.000001791
599,7424,0.000002158
600,7424,0.000001833
601,7424,0.000001751
602,7424,0.000001370
603,7424,0.000001731
604,7424,0.000002431
605,7424,0.000001629
606,7424,0.000001717
607,7424,0.000001396
608,7424,0.000001762
609,7424,0.000002028
610,7424,0.000001646
611,7424,0.000001654
612,7424,0.000002039
613,7424,0.000001365
614,7424,0.000001704
615,7424,0.000001588
616,7424,0.000001581
617,7424,0.000001610
618,7424,0.000001378
619,7424,0.000001662
620,7424,0.000001683
621,7424,0.000001757
622,7424,0.000001776
623,7424,0.000001387
624,7424,0.000001555
625,7424,0.000002372
626,7424,0.000001890
627,7424,0.000001582
628,7424,0.000001674
629,7424,0.000001434
630,7424,0.000001709
631,7424,0.000001634
632,7424,0.000001599
633,7424,0.000001564
634,7424,0.000001395
635,7424,0.000001635
636,7424,0.000001546
637,7424,0.000001513
638,7424,0.000001674
639,7424,0.000001407
640,7424,0.000001450
641,7424,0.000001666
642,7424,0.000001918
643,7424,0.000001655
644,7424,0.000001682
645,7424,0.000001317
646,7424,0.000001574
647,7424,0.000002362
648,7424,0.000001615
649,7424,0.000001593
650,7424,0.000001367
651,7424,0.000001944
652,7424,0.000001602
653,7424,0.000001581
654,7424,0.000001549
655,7424,0.000001389
656,7424,0.000001451
657,7424,0.000001943
658,7424,0.000001708
659,7424,0.000001584
660,7424,0.000001694
661,7424,0.000001362
662,7424,0.000001671
663,7424,0.000001602
664,7424,0.000002468
665,7424,0.000016913
666,7424,0.000001898
667,7424,0.000001771
668,7424,0.000002040
669,7424,0.000001669
670,7424,0.000001591
671,7424,0.000001361
672,7424,0.000001418
673,7424,0.000001579
674,7424,0.000001639
675,7424,0.000001660
676,7424,0.000002645
677,7424,0.000001604
678,7424,0.000001731
679,7424,0.000001745
680,7424,0.000001779
681,7424,0.000001810
682,7424,0.000001419
683,7424,0.000001728
684,7424,0.000001747
685,7424,0.000002688
686,7424,0.000001852
687,7424,0.000001419
688,7424,0.000001491
689,7424,0.000001707
690,7424,0.000001644
691,7424,0.000001736
692,7424,0.000001695
693,7424,0.000001476
694,7424,0.000002439
695,7424,0.000001644
696,7424,0.000001545
697,7424,0.000001821
698,7424,0.000001472
699,7424,0.000001985
700,7424,0.000001684
701,7424,0.000001854
702,7424,0.000001717
703,7424,0.000002360
704,7424,0.000001515
705,7424,0.000001667
706,7424,0.000001698
707,7424,0.000001655
708,7424,0.000001901
709,7424,0.000001352
710,7424,0.000001946
711,7424,0.000002024
712,7424,0.000002482
713,7424,0.000001739
714,7424,0.000001367
715,7424,0.000002120
716,7424,0.000001770
717,7424,0.000001565
718,7424,0.000001619
719,7424,0.000001427
720,7424,0.000001574
721,7424,0.000002439
722,7424,0.000001757
723,7424,0.000014551
724,7424,0.000001735
725,7424,0.000001387
726,7424,0.000001653
727,7424,0.000001667
728,7424,0.000001687
729,7424,0.000001578
730,7424,0.000002294
731,7424,0.000001715
732,7424,0.000001544
733,7424,0.000001599
734,7424,0.000001546
735,7424,0.000001315
736,7424,0.000001498
737,7424,0.000002031
738,7424,0.000001659
739,7424,0.000001708
740,7424,0.000003002
741,7424,0.000001499
742,7424,0.000001603
743,7424,0.000001953
744,7424,0.000001689
745,7424,0.000001606
746,7424,0.000001404
747,7424,0.000001765
748,7424,0.000002520
749,7424,0.000001628
750,7424,0.000001605
751,7424,0.000001528
752,7424,0.000001346
753,7424,0.000001579
754,7424,0.000001534
755,7424,0.000001618
756,7424,0.000001995
757,7424,0.000002131
758,7424,0.000001751
759,7424,0.000001953
760,7424,0.000001651
761,7424,0.000001652
762,7424,0.000001386
763,7424,0.000001953
764,7424,0.000001804
765,7424,0.000001682
766,7424,0.000002422
767,7424,0.000001418
768,7424,0.000001547
769,7424,0.000001867
770,7424,0.000001754
771,7424,0.000001591
772,7424,0.000001682
773,7424,0.000001346
774,7424,0.000001749
775,7424,0.000002678
776,7424,0.000001759
777,7424,0.000002011
778,7424,0.000001446
779,7424,0.000001719
780,7424,0.000001732
781,7424,0.000001786
782,7424,0.000001711
783,7424,0.000001953
784,7424,0.000002318
785,7424,0.000001915
786,7424,0.000001945
787,7424,0.000001642
788,7424,0.000001615
789,7424,0.000001312
790,7424,0.000001794
791,7424,0.000001621
792,7424,0.000002363
793,7424,0.000001756
794,7424,0.000001377
795,7424,0.000001731
796,7424,0.000001696
797,7424,0.000001827
798,7424,0.000001765
799,7424,0.000001405
800,7424,0.000001532
801,7424,0.000002402
802,7424,0.000001819
803,7424,0.000001607
804,7424,0.000001739
805,7424,0.000001465
806,7424,0.000001732
807,7424,0.000001544
808,7424,0.000002033
809,7424,0.000001711
810,7424,0.000002169
811,7424,0.000001754
812,7424,0.000001576
813,7424,0.000001554
814,7424,0.000001540
815,7424,0.000001359
816,7424,0.000001397
817,7424,0.000001570
818,7424,0.000001615
819,7424,0.000002873
820,7424,0.000001829
821,7424,0.000001438
822,7424,0.000001617
823,7424,0.000001786
824,7424,0.000001671
825,7424,0.000001660
826,7424,0.000001692
827,7424,0.000001755
828,7424,0.000002396
829,7424,0.000001732
830,7424,0.000001686
831,7424,0.000001402
832,7424,0.000001390
833,7424,0.000001633
834,7424,0.000001646
835,7424,0.000001781
836,7424,0.000001883
837,7424,0.000002213
838,7424,0.000001722
839,7424,0.000001640
840,7424,0.000001807
841,7424,0.000001617
842,7424,0.000001384
843,7424,0.000001678
844,7424,0.000001661
845,7424,0.000001991
846,7424,0.000002425
847,7424,0.000001670
848,7424,0.000001390
849,7424,0.000001821
850,7424,0.000001598
851,7424,0.000001637
852,7424,0.000001644
853,7424,0.000001337
854,7424,0.000001769
855,7424,0.000002289
856,7424,0.000001855
857,7424,0.000001675
858,7424,0.000001441
859,7424,0.000001697
860,7424,0.000001967
861,7424,0.000001675
862,7424,0.000001677
863,7424,0.000001352
864,7424,0.000002096
865,7424,0.000001875
866,7424,0.000001539
867,7424,0.000001634
868,7424,0.000001638
869,7424,0.000001376
870,7424,0.000001566
871,7424,0.000001629
872,7424,0.000001895
873,7424,0.000002478
874,7424,0.000001370
875,7424,0.000001644
876,7424,0.000001756
877,7424,0.000001812
878,7424,0.000001841
879,7424,0.000001565
880,7424,0.000001506
881,7424,0.000001661
882,7424,0.000002385
883,7424,0.000001664
884,7424,0.000001600
885,7424,0.000001340
886,7424,0.000001569
887,7424,0.000001617
888,7424,0.000001658
889,7424,0.000001651
890,7424,0.000001371
891,7424,0.000002339
892,7424,0.000001647
893,7424,0.000001688
894,7424,0.000001591
895,7424,0.000001337
896,7424,0.000001463
897,7424,0.000001640
898,7424,0.000002074
899,7424,0.000001724
900,7424,0.000002349
901,7424,0.000001388
902,7424,0.000001697
903,7424,0.000002031
904,7424,0.000001610
905,7424,0.000001951
906,7424,0.000001396
907,7424,0.000001615
908,7424,0.000001654
909,7424,0.000002361
910,7424,0.000001574
911,7424,0.000001568
912,7424,0.000001603
913,7424,0.000001563
914,7424,0.000001570
915,7424,0.000001584
916,7424,0.000001598
917,7424,0.000001418
918,7424,0.000002022
919,7424,0.000002393
920,7424,0.000001684
921,7424,0.000001720
922,7424,0.000001481
923,7424,0.000001985
924,7424,0.000001664
925,7424,0.000001771
926,7424,0.000001692
927,7424,0.000002110
928,7424,0.000001449
929,7424,0.000001600
930,7424,0.000001696
931,7424,0.000001548
932,7424,0.000001595
933,7424,0.000001316
934,7424,0.000001635
935,7424,0.000001737
936,7424,0.000001613
937,7424,0.000002421
938,7424,0.000001379
939,7424,0.000001729
940,7424,0.000001746
941,7424,0.000001647
942,7424,0.000001588
943,7424,0.000001327
944,7424,0.000001416
945,7424,0.000001810
946,7424,0.000002403
947,7424,0.000001786
948,7424,0.000001578
949,7424,0.000001314
950,7424,0.000001917
951,7424,0.000001632
952,7424,0.000001661
953,7424,0.000001624
954,7424,0.000001409
955,7424,0.000002407
956,7424,0.000001574
957,7424,0.000001703
958,7424,0.000001626
959,7424,0.000001415
960,7424,0.000001596
961,7424,0.000001810
962,7424,0.000001879
963,7424,0.000001722
964,7424,0.000002453
965,7424,0.000006038
966,7424,0.000003674
967,7424,0.000003604
968,7424,0.000004523
969,7424,0.000003627
970,7424,0.000002539
971,7424,0.000003588
972,7424,0.000006205
973,7424,0.000004586
974,7424,0.000003600
975,7424,0.000002510
976,7424,0.000006256
977,7424,0.000003930
978,7424,0.000003672
979,7424,0.000003749
980,7424,0.000004628
981,7424,0.000002587
982,7424,0.000003512
983,7424,0.000003564
984,7424,0.000004463
985,7424,0.000003710
986,7424,0.000002400
987,7424,0.000003541
988,7424,0.000004405
989,7424,0.000007172
990,7424,0.000005797
991,7424,0.000005369
992,7424,0.000019698
993,7424,0.000003866
994,7424,0.000015062
995,7424,0.000006008
996,7424,0.000003945
997,7424,0.000002413
998,7424,0.000005920
999,7424,0.000016688
0,7680,0.000003700
1,7680,0.000001896
2,7680,0.000001780
3,7680,0.000001656
4,7680,0.000001728
5,7680,0.000001736
6,7680,0.000001779
7,7680,0.000001462
8,7680,0.000001625
9,7680,0.000001716
10,7680,0.000002056
11,7680,0.000001728
12,7680,0.000001557
13,7680,0.000001667
14,7680,0.000001660
15,7680,0.000001411
16,7680,0.000001539
17,7680,0.000001717
18,7680,0.000001703
19,7680,0.000001665
20,7680,0.000001571
21,7680,0.000001869
22,7680,0.000001848
23,7680,0.000001730
24,7680,0.000001551
25,7680,0.000001985
26,7680,0.000002070
27,7680,0.000001889
28,7680,0.000001890
29,7680,0.000002756
30,7680,0.000001623
31,7680,0.000001346
32,7680,0.000001651
33,7680,0.000001746
34,7680,0.000001752
35,7680,0.000001678
36,7680,0.000001784
37,7680,0.000001844
38,7680,0.000002413
39,7680,0.000001425
40,7680,0.000001520
41,7680,0.000002001
42,7680,0.000001712
43,7680,0.000001778
44,7680,0.000001595
45,7680,0.000001820
46,7680,0.000002395
47,7680,0.000001651
48,7680,0.000001537
49,7680,0.000001826
50,7680,0.000001609
51,7680,0.000001695
52,7680,0.000001548
53,7680,0.000001740
54,7680,0.000001751
55,7680,0.000002187
56,7680,0.000001417
57,7680,0.000001687
58,7680,0.000001663
59,7680,0.000001620
60,7680,0.000001746
61,7680,0.000001691
62,7680,0.000001782
63,7680,0.000001490
64,7680,0.000002237
65,7680,0.000002006
66,7680,0.000001830
67,7680,0.000001843
68,7680,0.000001838
69,7680,0.000001963
70,7680,0.000001685
71,7680,0.000001391
72,7680,0.000001552
73,7680,0.000002450
74,7680,0.000001716
75,7680,0.000001534
76,7680,0.000001723
77,7680,0.000001591
78,7680,0.000001999
79,7680,0.000001414
80,7680,0.000001479
81,7680,0.000002062
82,7680,0.000002668
83,7680,0.000001917
84,7680,0.000001690
85,7680,0.000001678
86,7680,0.000001944
87,7680,0.000001375
88,7680,0.000001422
89,7680,0.000001756
90,7680,0.000001703
91,7680,0.000002361
92,7680,0.000001616
93,7680,0.000001642
94,7680,0.000001698
95,7680,0.000001693
96,7680,0.000001548
97,7680,0.000001734
98,7680,0.000001603
99,7680,0.000002596
100,7680,0.000001746
101,7680,0.000001631
102,7680,0.000001838
103,7680,0.000001555
104,7680,0.000001694
105,7680,0.000001873
106,7680,0.000001718
107,7680,0.000001724
108,7680,0.000002565
109,7680,0.000001674
110,7680,0.000001710
111,7680,0.000001317
112,7680,0.000001368
113,7680,0.000001621
114,7680,0.000001734
115,7680,0.000001542
116,7680,0.000001555
117,7680,0.000002419
118,7680,0.000002013
119,7680,0.000001538
120,7680,0.000001371
121,7680,0.000001728
122,7680,0.000001814
123,7680,0.000001650
124,7680,0.000001736
125,7680,0.000001749
126,7680,0.000002523
127,7680,0.000001577
128,7680,0.000001467
129,7680,0.000001732
130,7680,0.000001571
131,7680,0.000001649
132,7680,0.000001597
133,7680,0.000001688
134,7680,0.000001733
135,7680,0.000002293
136,7680,0.000001626
137,7680,0.000001672
138,7680,0.000001629
139,7680,0.000002060
140,7680,0.000001630
141,7680,0.000001971
142,7680,0.000001732
143,7680,0.000002139
144,7680,0.000001522
145,7680,0.000001695
146,7680,0.000001740
147,7680,0.000001695
148,7680,0.000001596
149,7680,0.000001663
150,7680,0.000001713
151,7680,0.000001383
152,7680,0.000002490
153,7680,0.000001635
154,7680,0.000001642
155,7680,0.000001648
156,7680,0.000001690
157,7680,0.000001683
158,7680,0.000001718
159,7680,0.000001572
160,7680,0.000001626
161,7680,0.000002388
162,7680,0.000001818
163,7680,0.000001765
164,7680,0.000001591
165,7680,0.000001642
166,7680,0.000001630
167,7680,0.000001448
168,7680,0.000001666
169,7680,0.000001575
170,7680,0.000002414
171,7680,0.000002023
172,7680,0.000001717
173,7680,0.000001733
174,7680,0.000002073
175,7680,0.000001515
176,7680,0.000001624
177,7680,0.000001919
178,7680,0.000002490
179,7680,0.000001978
180,7680,0.000001761
181,7680,0.000001962
182,7680,0.000001895
183,7680,0.000001390
184,7680,0.000001543
185,7680,0.000001743
186,7680,0.000001775
187,7680,0.000002409
188,7680,0.000001646
189,7680,0.000001575
190,7680,0.000001681
191,7680,0.000001641
192,7680,0.000001394
193,7680,0.000001633
194,7680,0.000001598
195,7680,0.000001883
196,7680,0.000002393
197,7680,0.000001714
198,7680,0.000001774
199,7680,0.000001538
200,7680,0.000001615
201,7680,0.000001691
202,7680,0.000001687
203,7680,0.000001613
204,7680,0.000001798
205,7680,0.000002442
206,7680,0.000001691
207,7680,0.000001414
208,7680,0.000001424
209,7680,0.000001969
210,7680,0.000001556
211,7680,0.000001643
212,7680,0.000001706
213,7680,0.000002733
214,7680,0.000001785
215,7680,0.000001375
216,7680,0.000001480
217,7680,0.000001727
218,7680,0.000001717
219,7680,0.000001695
220,7680,0.000001652
221,7680,0.000001662
222,7680,0.000002331
223,7680,0.000001437
224,7680,0.000001444
225,7680,0.000001673
226,7680,0.000001631
227,7680,0.000001742
228,7680,0.000001813
229,7680,0.000010294
230,7680,0.000001727
231,7680,0.000001397
232,7680,0.000002601
233,7680,0.000001810
234,7680,0.000001722
235,7680,0.000001708
236,7680,0.000001881
237,7680,0.000001676
238,7680,0.000001771
239,7680,0.000001381
240,7680,0.000001520
241,7680,0.000002399
242,7680,0.000001678
243,7680,0.000001587
244,7680,0.000001606
245,7680,0.000001701
246,7680,0.000001985
247,7680,0.000001391
248,7680,0.000001406
249,7680,0.000001591
250,7680,0.000002365
251,7680,0.000001621
252,7680,0.000001762
253,7680,0.000001632
254,7680,0.000001777
255,7680,0.000001474
256,7680,0.000001443
257,7680,0.000001673
258,7680,0.000001896
259,7680,0.000002576
260,7680,0.000002049
261,7680,0.000001609
262,7680,0.000001654
263,7680,0.000001325
264,7680,0.000001403
265,7680,0.000001652
266,7680,0.000001945
267,7680,0.000002082
268,7680,0.000003473
269,7680,0.000002404
270,7680,0.000002685
271,7680,0.000002406
272,7680,0.000016735
273,7680,0.000002686
274,7680,0.000003509
275,7680,0.000001979
276,7680,0.000001755
277,7680,0.000001652
278,7680,0.000001952
279,7680,0.000001407
280,7680,0.000001444
281,7680,0.000001892
282,7680,0.000002571
283,7680,0.000001759
284,7680,0.000001631
285,7680,0.000001655
286,7680,0.000002400
287,7680,0.000001385
288,7680,0.000001455
289,7680,0.000001683
290,7680,0.000001684
291,7680,0.000001716
292,7680,0.000001911
293,7680,0.000014350
294,7680,0.000001729
295,7680,0.000001449
296,7680,0.000001465
297,7680,0.000001657
298,7680,0.000001655
299,7680,0.000001639
300,7680,0.000001581
301,7680,0.000001730
302,7680,0.000001904
303,7680,0.000001375
304,7680,0.000001539
305,7680,0.000002702
306,7680,0.000003048
307,7680,0.000003046
308,7680,0.000002549
309,7680,0.000002927
310,7680,0.000001768
311,7680,0.000001386
312,7680,0.000001453
313,7680,0.000001591
314,7680,0.000001608
315,7680,0.000002642
316,7680,0.000001707
317,7680,0.000001657
318,7680,0.000001750
319,7680,0.000001409
320,7680,0.000001433
321,7680,0.000001659
322,7680,0.000001659
323,7680,0.000001673
324,7680,0.000002702
325,7680,0.000001608
326,7680,0.000001655
327,7680,0.000001391
328,7680,0.000001739
329,7680,0.000001662
330,7680,0.000001678
331,7680,0.000001695
332,7680,0.000001744
333,7680,0.000002531
334,7680,0.000001720
335,7680,0.000001532
336,7680,0.000001388
337,7680,0.000001948
338,7680,0.000001598
339,7680,0.000001827
340,7680,0.000001907
341,7680,0.000001962
342,7680,0.000002392
343,7680,0.000001366
344,7680,0.000001446
345,7680,0.000001634
346,7680,0.000001708
347,7680,0.000001614
348,7680,0.000001768
349,7680,0.000001696
350,7680,0.000001792
351,7680,0.000002230
352,7680,0.000001470
353,7680,0.000001589
354,7680,0.000001612
355,7680,0.000001556
356,7680,0.000001583
357,7680,0.000001893
358,7680,0.000001825
359,7680,0.000001418
360,7680,0.000002196
361,7680,0.000001779
362,7680,0.000001879
363,7680,0.000001546
364,7680,0.000001580
365,7680,0.000001549
366,7680,0.000001723
367,7680,0.000001434
368,7680,0.000001700
369,7680,0.000002442
370,7680,0.000001779
371,7680,0.000001995
372,7680,0.000001977
373,7680,0.000001589
374,7680,0.000001805
375,7680,0.000001433
376,7680,0.000001923
377,7680,0.000002453
378,7680,0.000001858
379,7680,0.000001604
380,7680,0.000001536
381,7680,0.000001641
382,7680,0.000001641
383,7680,0.000001581
384,7680,0.000001306
385,7680,0.000001645
386,7680,0.000001811
387,7680,0.000002473
388,7680,0.000002119
389,7680,0.000001676
390,7680,0.000001642
391,7680,0.000001510
392,7680,0.000001371
393,7680,0.000001681
394,7680,0.000002071
395,7680,0.000002515
396,7680,0.000001622
397,7680,0.000001659
398,7680,0.000001668
399,7680,0.000001399
400,7680,0.000001619
401,7680,0.000001693
402,7680,0.000001557
403,7680,0.000001626
404,7680,0.000002465
405,7680,0.000001768
406,7680,0.000001930
407,7680,0.000001391
408,7680,0.000001653
409,7680,0.000001681
410,7680,0.000001618
411,7680,0.000001779
412,7680,0.000001797
413,7680,0.000002563
414,7680,0.000001694
415,7680,0.000001623
416,7680,0.000001462
417,7680,0.000001917
418,7680,0.000001872
419,7680,0.000001875
420,7680,0.000001664
421,7680,0.000002389
422,7680,0.000001804
423,7680,0.000001564
424,7680,0.000001420
425,7680,0.000001661
426,7680,0.000001715
427,7680,0.000001668
428,7680,0.000001683
429,7680,0.000001839
430,7680,0.000002415
431,7680,0.000001370
432,7680,0.000001964
433,7680,0.000001657
434,7680,0.000001601
435,7680,0.000001681
436,7680,0.000001708
437,7680,0.000001649
438,7680,0.000001671
439,7680,0.000002168
440,7680,0.000001719
441,7680,0.000001670
442,7680,0.000001764
443,7680,0.000001906
444,7680,0.000001719
445,7680,0.000002119
446,7680,0.000001750
447,7680,0.000002157
448,7680,0.000001497
449,7680,0.000001548
450,7680,0.000001617
451,7680,0.000001708
452,7680,0.000001687
453,7680,0.000001657
454,7680,0.000001678
455,7680,0.000001369
456,7680,0.000001676
457,7680,0.000002751
458,7680,0.000001753
459,7680,0.000001738
460,7680,0.000001573
461,7680,0.000001611
462,7680,0.000001665
463,7680,0.000001388
464,7680,0.000001440
465,7680,0.000001863
466,7680,0.000002506
467,7680,0.000001662
468,7680,0.000001953
469,7680,0.000001701
470,7680,0.000001581
471,7680,0.000001421
472,7680,0.000001394
473,7680,0.000001690
474,7680,0.000002846
475,7680,0.000001631
476,7680,0.000001666
477,7680,0.000001654
478,7680,0.000001678
479,7680,0.000001320
480,7680,0.000001486
481,7680,0.000001582
482,7680,0.000001665
483,7680,0.000002470
484,7680,0.000001677
485,7680,0.000001651
486,7680,0.000001616
487,7680,0.000001603
488,7680,0.000001360
489,7680,0.000001650
490,7680,0.000001657
491,7680,0.000001672
492,7680,0.000002388
493,7680,0.000001757
494,7680,0.000001568
495,7680,0.000001521
496,7680,0.000001369
497,7680,0.000001565
498,7680,0.000001541
499,7680,0.000001571
500,7680,0.000001930
501,7680,0.000002573
502,7680,0.000001794
503,7680,0.000001416
504,7680,0.000001566
505,7680,0.000001882
506,7680,0.000001761
507,7680,0.000001698
508,7680,0.000001660
509,7680,0.000001601
510,7680,0.000002902
511,7680,0.000001417
512,7680,0.000001482
513,7680,0.000001559
514,7680,0.000001663
515,7680,0.000001761
516,7680,0.000001737
517,7680,0.000001869
518,7680,0.000001641
519,7680,0.000002203
520,7680,0.000001397
521,7680,0.000001638
522,7680,0.000001617
523,7680,0.000001675
524,7680,0.000001668
525,7680,0.000001919
526,7680,0.000002167
527,7680,0.000001403
528,7680,0.000002259
529,7680,0.000001657
530,7680,0.000001872
531,7680,0.000001616
532,7680,0.000001650
533,7680,0.000001752
534,7680,0.000001604
535,7680,0.000001369
536,7680,0.000001649
537,7680,0.000002394
538,7680,0.000001953
539,7680,0.000001950
540,7680,0.000001731
541,7680,0.000001769
542,7680,0.000001723
543,7680,0.000001481
544,7680,0.000001494
545,7680,0.000002762
546,7680,0.000001884
547,7680,0.000001730
548,7680,0.000001813
549,7680,0.000001595
550,7680,0.000001741
551,7680,0.000001528
552,7680,0.000001705
553,7680,0.000001841
554,7680,0.000002928
555,7680,0.000001784
556,7680,0.000001623
557,7680,0.000001607
558,7680,0.000001765
559,7680,0.000001349
560,7680,0.000001459
561,7680,0.000001794
562,7680,0.000001948
563,7680,0.000002387
564,7680,0.000001692
565,7680,0.000001617
566,7680,0.000001787
567,7680,0.000001428
568,7680,0.000001695
569,7680,0.000001746
570,7680,0.000001882
571,7680,0.000002435
572,7680,0.000002070
573,7680,0.000001644
574,7680,0.000001960
575,7680,0.000001385
576,7680,0.000001490
577,7680,0.000001626
578,7680,0.000001748
579,7680,0.000002135
580,7680,0.000002611
581,7680,0.000001744
582,7680,0.000001749
583,7680,0.000001374
584,7680,0.000001443
585,7680,0.000001613
586,7680,0.000001948
587,7680,0.000001625
588,7680,0.000002423
589,7680,0.000001839
590,7680,0.000001609
591,7680,0.000001385
592,7680,0.000001565
593,7680,0.000001783
594,7680,0.000001830
595,7680,0.000001588
596,7680,0.000001625
597,7680,0.000002544
598,7680,0.000001601
599,7680,0.000001379
600,7680,0.000001538
601,7680,0.000001701
602,7680,0.000001741
603,7680,0.000001682
604,7680,0.000001995
605,7680,0.000001611
606,7680,0.000002397
607,7680,0.000001602
608,7680,0.000001537
609,7680,0.000001877
610,7680,0.000001750
611,7680,0.000001596
612,7680,0.000001540
613,7680,0.000001621
614,7680,0.000001555
615,7680,0.000002368
616,7680,0.000001480
617,7680,0.000001786
618,7680,0.000001868
619,7680,0.000001661
620,7680,0.000001756
621,7680,0.000001721
622,7680,0.000001737
623,7680,0.000001399
624,7680,0.000002107
625,7680,0.000001773
626,7680,0.000001565
627,7680,0.000001539
628,7680,0.000001712
629,7680,0.000001653
630,7680,0.000001687
631,7680,0.000001393
632,7680,0.000001376
633,7680,0.000001575
634,7680,0.000002661
635,7680,0.000001759
636,7680,0.000001947
637,7680,0.000001849
638,7680,0.000001692
639,7680,0.000001334
640,7680,0.000001467
641,7680,0.000001666
642,7680,0.000002462
643,7680,0.000001726
644,7680,0.000001612
645,7680,0.000001750
646,7680,0.000001740
647,7680,0.000001401
648,7680,0.000001364
649,7680,0.000001566
650,7680,0.000001624
651,7680,0.000001900
652,7680,0.000002354
653,7680,0.000001641
654,7680,0.000001860
655,7680,0.000001412
656,7680,0.000001464
657,7680,0.000001687
658,7680,0.000001699
659,7680,0.000001671
660,7680,0.000001593
661,7680,0.000002643
662,7680,0.000001692
663,7680,0.000001705
664,7680,0.000001481
665,7680,0.000001821
666,7680,0.000001981
667,7680,0.000001531
668,7680,0.000001864
669,7680,0.000001736
670,7680,0.000002348
671,7680,0.000001425
672,7680,0.000001412
673,7680,0.000001538
674,7680,0.000001592
675,7680,0.000001983
676,7680,0.000001756
677,7680,0.000001629
678,7680,0.000002009
679,7680,0.000002532
680,7680,0.000001403
681,7680,0.000001832
682,7680,0.000001691
683,7680,0.000001621
684,7680,0.000001682
685,7680,0.000001527
686,7680,0.000001684
687,7680,0.000002234
688,7680,0.000001751
689,7680,0.000001734
690,7680,0.000001752
691,7680,0.000001945
692,7680,0.000001629
693,7680,0.000001645
694,7680,0.000001683
695,7680,0.000001531
696,7680,0.000002391
697,7680,0.000001723
698,7680,0.000001700
699,7680,0.000001606
700,7680,0.000001669
701,7680,0.000001758
702,7680,0.000001909
703,7680,0.000001388
704,7680,0.000001392
705,7680,0.000002367
706,7680,0.000001704
707,7680,0.000001546
708,7680,0.000001755
709,7680,0.000001651
710,7680,0.000002135
711,7680,0.000001351
712,7680,0.000001393
713,7680,0.000001731
714,7680,0.000002444
715,7680,0.000001674
716,7680,0.000001603
717,7680,0.000001596
718,7680,0.000001695
719,7680,0.000001410
720,7680,0.000001482
721,7680,0.000001669
722,7680,0.000001771
723,7680,0.000002648
724,7680,0.000001952
725,7680,0.000001744
726,7680,0.000001660
727,7680,0.000001345
728,7680,0.000001406
729,7680,0.000001587
730,7680,0.000001945
731,7680,0.000001644
732,7680,0.000002410
733,7680,0.000002085
734,7680,0.000001769
735,7680,0.000001471
736,7680,0.000001471
737,7680,0.000001703
738,7680,0.000001865
739,7680,0.000001759
740,7680,0.000001857
741,7680,0.000002544
742,7680,0.000001790
743,7680,0.000001454
744,7680,0.000001495
745,7680,0.000001710
746,7680,0.000001598
747,7680,0.000001596
748,7680,0.000001689
749,7680,0.000002863
750,7680,0.000002187
751,7680,0.000001642
752,7680,0.000001539
753,7680,0.000002066
754,7680,0.000001754
755,7680,0.000001816
756,7680,0.000001673
757,7680,0.000002882
758,7680,0.000001968
759,7680,0.000001697
760,7680,0.000001915
761,7680,0.000002090
762,7680,0.000001811
763,7680,0.000001974
764,7680,0.000001709
765,7680,0.000002534
766,7680,0.000001694
767,7680,0.000001374
768,7680,0.000001411
769,7680,0.000001772
770,7680,0.000001808
771,7680,0.000001802
772,7680,0.000001752
773,7680,0.000001712
774,7680,0.000002457
775,7680,0.000001562
776,7680,0.000001428
777,7680,0.000010614
778,7680,0.000001748
779,7680,0.000001766
780,7680,0.000001621
781,7680,0.000001865
782,7680,0.000001942
783,7680,0.000001464
784,7680,0.000001541
785,7680,0.000001790
786,7680,0.000001689
787,7680,0.000001607
788,7680,0.000001522
789,7680,0.000001579
790,7680,0.000001739
791,7680,0.000001364
792,7680,0.000001550
793,7680,0.000001725
794,7680,0.000001947
795,7680,0.000001687
796,7680,0.000001655
797,7680,0.000001723
798,7680,0.000002210
799,7680,0.000001409
800,7680,0.000001434
801,7680,0.000001726
802,7680,0.000001679
803,7680,0.000001613
804,7680,0.000001607
805,7680,0.000001635
806,7680,0.000001653
807,7680,0.000001412
808,7680,0.000001872
809,7680,0.000001846
810,7680,0.000001810
811,7680,0.000001627
812,7680,0.000001566
813,7680,0.000001560
814,7680,0.000001669
815,7680,0.000002814
816,7680,0.000002077
817,7680,0.000002000
818,7680,0.000001742
819,7680,0.000001815
820,7680,0.000001576
821,7680,0.000001986
822,7680,0.000001668
823,7680,0.000001343
824,7680,0.000001428
825,7680,0.000002636
826,7680,0.000001652
827,7680,0.000001849
828,7680,0.000001705
829,7680,0.000001681
830,7680,0.000001796
831,7680,0.000001419
832,7680,0.000001508
833,7680,0.000001627
834,7680,0.000002465
835,7680,0.000001760
836,7680,0.000002064
837,7680,0.000002570
838,7680,0.000002301
839,7680,0.000002148
840,7680,0.000002019
841,7680,0.000004595
842,7680,0.000017268
843,7680,0.000002953
844,7680,0.000001909
845,7680,0.000001696
846,7680,0.000001657
847,7680,0.000002613
848,7680,0.000001832
849,7680,0.000001868
850,7680,0.000002017
851,7680,0.000001843
852,7680,0.000001834
853,7680,0.000001762
854,7680,0.000002005
855,7680,0.000001544
856,7680,0.000001531
857,7680,0.000001678
858,7680,0.000001674
859,7680,0.000001719
860,7680,0.000001728
861,7680,0.000001712
862,7680,0.000002597
863,7680,0.000014093
864,7680,0.000001641
865,7680,0.000001723
866,7680,0.000001745
867,7680,0.000001675
868,7680,0.000001681
869,7680,0.000001929
870,7680,0.000001622
871,7680,0.000001388
872,7680,0.000001467
873,7680,0.000001870
874,7680,0.000002531
875,7680,0.000002497
876,7680,0.000002296
877,7680,0.000002493
878,7680,0.000002915
879,7680,0.000002534
880,7680,0.000001616
881,7680,0.000001613
882,7680,0.000002221
883,7680,0.000001561
884,7680,0.000002082
885,7680,0.000001617
886,7680,0.000001734
887,7680,0.000001409
888,7680,0.000001615
889,7680,0.000001745
890,7680,0.000001825
891,7680,0.000001916
892,7680,0.000001621
893,7680,0.000001753
894,7680,0.000001871
895,7680,0.000001395
896,7680,0.000001470
897,7680,0.000001659
898,7680,0.000001626
899,7680,0.000001685
900,7680,0.000001891
901,7680,0.000001666
902,7680,0.000001685
903,7680,0.000001477
904,7680,0.000001446
905,7680,0.000002185
906,7680,0.000003163
907,7680,0.000001990
908,7680,0.000001743
909,7680,0.000001653
910,7680,0.000001697
911,7680,0.000001376
912,7680,0.000001616
913,7680,0.000001772
914,7680,0.000001671
915,7680,0.000001536
916,7680,0.000001540
917,7680,0.000001586
918,7680,0.000001724
919,7680,0.000001463
920,7680,0.000001661
921,7680,0.000001676
922,7680,0.000001684
923,7680,0.000001633
924,7680,0.000001544
925,7680,0.000002083
926,7680,0.000002747
927,7680,0.000001468
928,7680,0.000001668
929,7680,0.000001714
930,7680,0.000001823
931,7680,0.000001636
932,7680,0.000001682
933,7680,0.000001691
934,7680,0.000001642
935,7680,0.000002172
936,7680,0.000001560
937,7680,0.000001655
938,7680,0.000001691
939,7680,0.000001719
940,7680,0.000001602
941,7680,0.000001857
942,7680,0.000001717
943,7680,0.000002102
944,7680,0.000001529
945,7680,0.000001935
946,7680,0.000002044
947,7680,0.000002026
948,7680,0.000001851
949,7680,0.000002231
950,7680,0.000001929
951,7680,0.000002292
952,7680,0.000001507
953,7680,0.000001973
954,7680,0.000001757
955,7680,0.000002089
956,7680,0.000001602
957,7680,0.000001560
958,7680,0.000001641
959,7680,0.000001470
960,7680,0.000002238
961,7680,0.000001644
962,7680,0.000001650
963,7680,0.000001691
964,7680,0.000001939
965,7680,0.000001697
966,7680,0.000007673
967,7680,0.000003301
968,7680,0.000003305
969,7680,0.000003489
970,7680,0.000006651
971,7680,0.000004692
972,7680,0.000003661
973,7680,0.000003627
974,7680,0.000004481
975,7680,0.000002433
976,7680,0.000003449
977,7680,0.000003704
978,7680,0.000004527
979,7680,0.000003545
980,7680,0.000003596
981,7680,0.000003811
982,7680,0.000006557
983,7680,0.000002383
984,7680,0.000003363
985,7680,0.000003560
986,7680,0.000006709
987,7680,0.000003569
988,7680,0.000003481
989,7680,0.000004407
990,7680,0.000004504
991,7680,0.000002402
992,7680,0.000003376
993,7680,0.000003545
994,7680,0.000004511
995,7680,0.000003737
996,7680,0.000003519
997,7680,0.000003552
998,7680,0.000004425
999,7680,0.000002362
0,7936,0.000003467
1,7936,0.000002166
2,7936,0.000002046
3,7936,0.000001679
4,7936,0.000002150
5,7936,0.000001698
6,7936,0.000001848
7,7936,0.000002022
8,7936,0.000001736
9,7936,0.000001740
10,7936,0.000001760
11,7936,0.000001748
12,7936,0.000001631
13,7936,0.000001613
14,7936,0.000001651
15,7936,0.000001439
16,7936,0.000001642
17,7936,0.000001651
18,7936,0.000001694
19,7936,0.000001592
20,7936,0.000001809
21,7936,0.000001761
22,7936,0.000001861
23,7936,0.000001698
24,7936,0.000001614
25,7936,0.000002140
26,7936,0.000001823
27,7936,0.000001857
28,7936,0.000002393
29,7936,0.000002595
30,7936,0.000001675
31,7936,0.000001375
32,7936,0.000001713
33,7936,0.000002106
34,7936,0.000001650
35,7936,0.000001776
36,7936,0.000001787
37,7936,0.000002459
38,7936,0.000001925
39,7936,0.000001815
40,7936,0.000001973
41,7936,0.000001638
42,7936,0.000001636
43,7936,0.000002020
44,7936,0.000001792
45,7936,0.000002407
46,7936,0.000001685
47,7936,0.000001452
48,7936,0.000001463
49,7936,0.000001748
50,7936,0.000001625
51,7936,0.000001575
52,7936,0.000001500
53,7936,0.000001957
54,7936,0.000002380
55,7936,0.000001707
56,7936,0.000001830
57,7936,0.000001828
58,7936,0.000001721
59,7936,0.000001723
60,7936,0.000001745
61,7936,0.000001705
62,7936,0.000001799
63,7936,0.000002159
64,7936,0.000001591
65,7936,0.000001735
66,7936,0.000001765
67,7936,0.000001835
68,7936,0.000001734
69,7936,0.000001897
70,7936,0.000001598
71,7936,0.000002672
72,7936,0.000001834
73,7936,0.000001602
74,7936,0.000001642
75,7936,0.000001612
76,7936,0.000001780
77,7936,0.000001732
78,7936,0.000001682
79,7936,0.000002251
80,7936,0.000001629
81,7936,0.000001833
82,7936,0.000001774
83,7936,0.000001633
84,7936,0.000001640
85,7936,0.000001590
86,7936,0.000001668
87,7936,0.000001720
88,7936,0.000002422
89,7936,0.000001899
90,7936,0.000001654
91,7936,0.000001638
92,7936,0.000001750
93,7936,0.000001683
94,7936,0.000001592
95,7936,0.000001340
96,7936,0.000001823
97,7936,0.000002514
98,7936,0.000001692
99,7936,0.000002181
100,7936,0.000002014
101,7936,0.000001697
102,7936,0.000001669
103,7936,0.000001832
104,7936,0.000002007
105,7936,0.000002533
106,7936,0.000001657
107,7936,0.000002046
108,7936,0.000001548
109,7936,0.000001642
110,7936,0.000001687
111,7936,0.000001336
112,7936,0.000001306
113,7936,0.000001566
114,7936,0.000002420
115,7936,0.000001963
116,7936,0.000001700
117,7936,0.000001944
118,7936,0.000001696
119,7936,0.000001648
120,7936,0.000001612
121,7936,0.000001629
122,7936,0.000001692
123,7936,0.000002465
124,7936,0.000001732
125,7936,0.000001546
126,7936,0.000001584
127,7936,0.000001601
128,7936,0.000001399
129,7936,0.000001742
130,7936,0.000010358
131,7936,0.000001964
132,7936,0.000002155
133,7936,0.000002560
134,7936,0.000001675
135,7936,0.000001734
136,7936,0.000001681
137,7936,0.000002004
138,7936,0.000002017
139,7936,0.000001801
140,7936,0.000001680
141,7936,0.000002257
142,7936,0.000002429
143,7936,0.000001390
144,7936,0.000001490
145,7936,0.000002058
146,7936,0.000001645
147,7936,0.000001549
148,7936,0.000001607
149,7936,0.000001652
150,7936,0.000002433
151,7936,0.000001709
152,7936,0.000001663
153,7936,0.000001744
154,7936,0.000001698
155,7936,0.000001649
156,7936,0.000001834
157,7936,0.000001791
158,7936,0.000002073
159,7936,0.000002197
160,7936,0.000001504
161,7936,0.000001643
162,7936,0.000001737
163,7936,0.000001623
164,7936,0.000001566
165,7936,0.000001665
166,7936,0.000001583
167,7936,0.000026475
168,7936,0.000003947
169,7936,0.000002262
170,7936,0.000001843
171,7936,0.000001778
172,7936,0.000001705
173,7936,0.000001887
174,7936,0.000001977
175,7936,0.000001429
176,7936,0.000001719
177,7936,0.000001915
178,7936,0.000001695
179,7936,0.000001876
180,7936,0.000001677
181,7936,0.000001595
182,7936,0.000001651
183,7936,0.000001656
184,7936,0.000001621
185,7936,0.000001770
186,7936,0.000001665
187,7936,0.000001897
188,7936,0.000001756
189,7936,0.000002007
190,7936,0.000001830
191,7936,0.000001416
192,7936,0.000001696
193,7936,0.000001784
194,7936,0.000001777
195,7936,0.000001757
196,7936,0.000001693
197,7936,0.000001905
198,7936,0.000001994
199,7936,0.000001619
200,7936,0.000001757
201,7936,0.000001659
202,7936,0.000001668
203,7936,0.000001612
204,7936,0.000001904
205,7936,0.000001722
206,7936,0.000001869
207,7936,0.000001530
208,7936,0.000001602
209,7936,0.000001771
210,7936,0.000002006
211,7936,0.000002137
212,7936,0.000002008
213,7936,0.000001742
214,7936,0.000001718
215,7936,0.000001569
216,7936,0.000001690
217,7936,0.000001724
218,7936,0.000001653
219,7936,0.000001778
220,7936,0.000001704
221,7936,0.000001677
222,7936,0.000001691
223,7936,0.000001389
224,7936,0.000002467
225,7936,0.000002438
226,7936,0.000002768
227,7936,0.000002580
228,7936,0.000002722
229,7936,0.000002642
230,7936,0.000002679
231,7936,0.000001911
232,7936,0.000001732
233,7936,0.000001702
234,7936,0.000001851
235,7936,0.000001852
236,7936,0.000001713
237,7936,0.000001777
238,7936,0.000001657
239,7936,0.000001500
240,7936,0.000001462
241,7936,0.000001749
242,7936,0.000001708
243,7936,0.000001993
244,7936,0.000002206
245,7936,0.000001943
246,7936,0.000001758
247,7936,0.000001752
248,7936,0.000002011
249,7936,0.000001852
250,7936,0.000002053
251,7936,0.000001791
252,7936,0.000001720
253,7936,0.000002056
254,7936,0.000002026
255,7936,0.000001673
256,7936,0.000013896
257,7936,0.000002243
258,7936,0.000001904
259,7936,0.000001922
260,7936,0.000001617
261,7936,0.000001642
262,7936,0.000002044
263,7936,0.000001741
264,7936,0.000002114
265,7936,0.000001764
266,7936,0.000001824
267,7936,0.000001651
268,7936,0.000002288
269,7936,0.000002779
270,7936,0.000002619
271,7936,0.000002353
272,7936,0.000002679
273,7936,0.000001912
274,7936,0.000001656
275,7936,0.000001760
276,7936,0.000001671
277,7936,0.000002027
278,7936,0.000001724
279,7936,0.000001928
280,7936,0.000001931
281,7936,0.000001769
282,7936,0.000001623
283,7936,0.000001754
284,7936,0.000001707
285,7936,0.000001753
286,7936,0.000001717
287,7936,0.000001404
288,7936,0.000001429
289,7936,0.000001766
290,7936,0.000001730
291,7936,0.000001726
292,7936,0.000001767
293,7936,0.000001639
294,7936,0.000001989
295,7936,0.000001595
296,7936,0.000001616
297,7936,0.000001688
298,7936,0.000001569
299,7936,0.000001691
300,7936,0.000001889
301,7936,0.000001714
302,7936,0.000001610
303,7936,0.000001692
304,7936,0.000001715
305,7936,0.000002279
306,7936,0.000001820
307,7936,0.000001785
308,7936,0.000001614
309,7936,0.000001672
310,7936,0.000001673
311,7936,0.000001638
312,7936,0.000001794
313,7936,0.000001613
314,7936,0.000001906
315,7936,0.000001656
316,7936,0.000001685
317,7936,0.000001796
318,7936,0.000001656
319,7936,0.000001510
320,7936,0.000001600
321,7936,0.000001724
322,7936,0.000001813
323,7936,0.000002117
324,7936,0.000001738
325,7936,0.000001658
326,7936,0.000001670
327,7936,0.000001586
328,7936,0.000001616
329,7936,0.000001786
330,7936,0.000001658
331,7936,0.000001608
332,7936,0.000001852
333,7936,0.000001857
334,7936,0.000001892
335,7936,0.000001414
336,7936,0.000001506
337,7936,0.000001893
338,7936,0.000001725
339,7936,0.000001738
340,7936,0.000001730
341,7936,0.000001798
342,7936,0.000001703
343,7936,0.000001587
344,7936,0.000001970
345,7936,0.000001619
346,7936,0.000001896
347,7936,0.000001667
348,7936,0.000001713
349,7936,0.000001673
350,7936,0.000001649
351,7936,0.000001354
352,7936,0.000001390
353,7936,0.000001688
354,7936,0.000001612
355,7936,0.000001756
356,7936,0.000001696
357,7936,0.000001723
358,7936,0.000001866
359,7936,0.000001870
360,7936,0.000001613
361,7936,0.000001995
362,7936,0.000001701
363,7936,0.000002164
364,7936,0.000001741
365,7936,0.000001686
366,7936,0.000001847
367,7936,0.000001522
368,7936,0.000001413
369,7936,0.000001792
370,7936,0.000001580
371,7936,0.000001562
372,7936,0.000016302
373,7936,0.000001880
374,7936,0.000001644
375,7936,0.000001806
376,7936,0.000002234
377,7936,0.000002091
378,7936,0.000001994
379,7936,0.000001649
380,7936,0.000001773
381,7936,0.000001754
382,7936,0.000001783
383,7936,0.000001410
384,7936,0.000001522
385,7936,0.000001680
386,7936,0.000001827
387,7936,0.000002131
388,7936,0.000001999
389,7936,0.000003444
390,7936,0.000002520
391,7936,0.000001854
392,7936,0.000001960
393,7936,0.000001948
394,7936,0.000001848
395,7936,0.000001984
396,7936,0.000001904
397,7936,0.000001918
398,7936,0.000001886
399,7936,0.000002297
400,7936,0.000001577
401,7936,0.000001833
402,7936,0.000001748
403,7936,0.000001625
404,7936,0.000001690
405,7936,0.000001772
406,7936,0.000001693
407,7936,0.000001823
408,7936,0.000002497
409,7936,0.000001622
410,7936,0.000001901
411,7936,0.000001815
412,7936,0.000002016
413,7936,0.000001860
414,7936,0.000002034
415,7936,0.000001490
416,7936,0.000002556
417,7936,0.000001703
418,7936,0.000001754
419,7936,0.000001821
420,7936,0.000001973
421,7936,0.000001815
422,7936,0.000001748
423,7936,0.000001758
424,7936,0.000002725
425,7936,0.000001715
426,7936,0.000002311
427,7936,0.000001875
428,7936,0.000002101
429,7936,0.000001842
430,7936,0.000002043
431,7936,0.000001423
432,7936,0.000002442
433,7936,0.000002079
434,7936,0.000001734
435,7936,0.000001868
436,7936,0.000001737
437,7936,0.000001727
438,7936,0.000002226
439,7936,0.000001688
440,7936,0.000001864
441,7936,0.000002691
442,7936,0.000001845
443,7936,0.000001747
444,7936,0.000001921
445,7936,0.000001725
446,7936,0.000001908
447,7936,0.000001548
448,7936,0.000001569
449,7936,0.000002610
450,7936,0.000002015
451,7936,0.000001891
452,7936,0.000001771
453,7936,0.000001772
454,7936,0.000001813
455,7936,0.000001619
456,7936,0.000001724
457,7936,0.000001875
458,7936,0.000002709
459,7936,0.000001861
460,7936,0.000001703
461,7936,0.000001643
462,7936,0.000001690
463,7936,0.000001394
464,7936,0.000001386
465,7936,0.000001876
466,7936,0.000001668
467,7936,0.000015484
468,7936,0.000001771
469,7936,0.000001790
470,7936,0.000001645
471,7936,0.000001696
472,7936,0.000001659
473,7936,0.000001636
474,7936,0.000002010
475,7936,0.000002437
476,7936,0.000001730
477,7936,0.000001930
478,7936,0.000001613
479,7936,0.000001446
480,7936,0.000001360
481,7936,0.000001590
482,7936,0.000001564
483,7936,0.000001866
484,7936,0.000002459
485,7936,0.000001671
486,7936,0.000001769
487,7936,0.000001783
488,7936,0.000002127
489,7936,0.000001877
490,7936,0.000001675
491,7936,0.000001685
492,7936,0.000002452
493,7936,0.000001709
494,7936,0.000001662
495,7936,0.000001620
496,7936,0.000001526
497,7936,0.000001624
498,7936,0.000001640
499,7936,0.000001626
500,7936,0.000002142
501,7936,0.000002452
502,7936,0.000001788
503,7936,0.000001668
504,7936,0.000001691
505,7936,0.000001772
506,7936,0.000001755
507,7936,0.000001622
508,7936,0.000001694
509,7936,0.000002574
510,7936,0.000001861
511,7936,0.000001354
512,7936,0.000001408
513,7936,0.000001593
514,7936,0.000001659
515,7936,0.000001698
516,7936,0.000001719
517,7936,0.000001882
518,7936,0.000002368
519,7936,0.000001588
520,7936,0.000001796
521,7936,0.000001987
522,7936,0.000001700
523,7936,0.000002041
524,7936,0.000001761
525,7936,0.000001777
526,7936,0.000002528
527,7936,0.000001778
528,7936,0.000001551
529,7936,0.000001727
530,7936,0.000001702
531,7936,0.000001804
532,7936,0.000001730
533,7936,0.000001704
534,7936,0.000001826
535,7936,0.000002547
536,7936,0.000001781
537,7936,0.000001744
538,7936,0.000001612
539,7936,0.000001619
540,7936,0.000001667
541,7936,0.000001634
542,7936,0.000002124
543,7936,0.000002445
544,7936,0.000001868
545,7936,0.000001659
546,7936,0.000001884
547,7936,0.000001690
548,7936,0.000002036
549,7936,0.000001684
550,7936,0.000001767
551,7936,0.000002680
552,7936,0.000001855
553,7936,0.000001914
554,7936,0.000001803
555,7936,0.000001652
556,7936,0.000001895
557,7936,0.000002160
558,7936,0.000001862
559,7936,0.000002199
560,7936,0.000001628
561,7936,0.000002099
562,7936,0.000001726
563,7936,0.000001902
564,7936,0.000001710
565,7936,0.000001696
566,7936,0.000001631
567,7936,0.000001763
568,7936,0.000002314
569,7936,0.000001676
570,7936,0.000001667
571,7936,0.000001632
572,7936,0.000001847
573,7936,0.000001722
574,7936,0.000001907
575,7936,0.000001345
576,7936,0.000002198
577,7936,0.000001756
578,7936,0.000001630
579,7936,0.000001644
580,7936,0.000001728
581,7936,0.000001717
582,7936,0.000001767
583,7936,0.000001895
584,7936,0.000001668
585,7936,0.000002335
586,7936,0.000001642
587,7936,0.000001964
588,7936,0.000001688
589,7936,0.000001980
590,7936,0.000001720
591,7936,0.000001359
592,7936,0.000001446
593,7936,0.000001616
594,7936,0.000002413
595,7936,0.000001644
596,7936,0.000001785
597,7936,0.000001683
598,7936,0.000001705
599,7936,0.000001730
600,7936,0.000001855
601,7936,0.000001690
602,7936,0.000002563
603,7936,0.000001780
604,7936,0.000001812
605,7936,0.000001685
606,7936,0.000001856
607,7936,0.000001366
608,7936,0.000001464
609,7936,0.000001677
610,7936,0.000001630
611,7936,0.000002390
612,7936,0.000001693
613,7936,0.000001616
614,7936,0.000001672
615,7936,0.000001759
616,7936,0.000001699
617,7936,0.000001640
618,7936,0.000001607
619,7936,0.000001784
620,7936,0.000002373
621,7936,0.000001599
622,7936,0.000002106
623,7936,0.000001406
624,7936,0.000001578
625,7936,0.000001814
626,7936,0.000001987
627,7936,0.000001629
628,7936,0.000001579
629,7936,0.000002379
630,7936,0.000001598
631,7936,0.000001621
632,7936,0.000001640
633,7936,0.000001593
634,7936,0.000001836
635,7936,0.000001752
636,7936,0.000001711
637,7936,0.000001764
638,7936,0.000002602
639,7936,0.000001396
640,7936,0.000001476
641,7936,0.000001679
642,7936,0.000001655
643,7936,0.000001676
644,7936,0.000001578
645,7936,0.000001598
646,7936,0.000001610
647,7936,0.000001638
648,7936,0.000001945
649,7936,0.000001585
650,7936,0.000001564
651,7936,0.000001553
652,7936,0.000011887
653,7936,0.000001862
654,7936,0.000001725
655,7936,0.000002460
656,7936,0.000001508
657,7936,0.000001645
658,7936,0.000001683
659,7936,0.000001742
660,7936,0.000001757
661,7936,0.000001619
662,7936,0.000001664
663,7936,0.000001580
664,7936,0.000002347
665,7936,0.000001766
666,7936,0.000001575
667,7936,0.000001892
668,7936,0.000001712
669,7936,0.000001588
670,7936,0.000001574
671,7936,0.000001342
672,7936,0.000001458
673,7936,0.000002507
674,7936,0.000001754
675,7936,0.000001917
676,7936,0.000001774
677,7936,0.000001664
678,7936,0.000001988
679,7936,0.000001663
680,7936,0.000001694
681,7936,0.000001707
682,7936,0.000002518
683,7936,0.000001709
684,7936,0.000001812
685,7936,0.000001849
686,7936,0.000001751
687,7936,0.000001505
688,7936,0.000001572
689,7936,0.000001668
690,7936,0.000001747
691,7936,0.000002501
692,7936,0.000001696
693,7936,0.000001626
694,7936,0.000001616
695,7936,0.000001662
696,7936,0.000001693
697,7936,0.000001618
698,7936,0.000001768
699,7936,0.000002707
700,7936,0.000001725
701,7936,0.000001642
702,7936,0.000001700
703,7936,0.000001338
704,7936,0.000001419
705,7936,0.000001782
706,7936,0.000001621
707,7936,0.000001774
708,7936,0.000002599
709,7936,0.000001792
710,7936,0.000001700
711,7936,0.000001936
712,7936,0.000001732
713,7936,0.000001821
714,7936,0.000001738
715,7936,0.000001734
716,7936,0.000002431
717,7936,0.000002014
718,7936,0.000001843
719,7936,0.000001421
720,7936,0.000001498
721,7936,0.000001638
722,7936,0.000001660
723,7936,0.000001669
724,7936,0.000002446
725,7936,0.000001745
726,7936,0.000001768
727,7936,0.000001688
728,7936,0.000001881
729,7936,0.000001703
730,7936,0.000001740
731,7936,0.000001707
732,7936,0.000001846
733,7936,0.000002739
734,7936,0.000002429
735,7936,0.000001646
736,7936,0.000001755
737,7936,0.000001931
738,7936,0.000001882
739,7936,0.000002069
740,7936,0.000002579
741,7936,0.000001633
742,7936,0.000001685
743,7936,0.000001908
744,7936,0.000001851
745,7936,0.000001703
746,7936,0.000001813
747,7936,0.000001952
748,7936,0.000002151
749,7936,0.000002618
750,7936,0.000002110
751,7936,0.000001344
752,7936,0.000001457
753,7936,0.000001749
754,7936,0.000001766
755,7936,0.000001602
756,7936,0.000001782
757,7936,0.000002413
758,7936,0.000001727
759,7936,0.000001774
760,7936,0.000001576
761,7936,0.000001608
762,7936,0.000001620
763,7936,0.000001666
764,7936,0.000001645
765,7936,0.000001658
766,7936,0.000002565
767,7936,0.000001711
768,7936,0.000001605
769,7936,0.000001666
770,7936,0.000001658
771,7936,0.000002228
772,7936,0.000002962
773,7936,0.000002820
774,7936,0.000003609
775,7936,0.000002857
776,7936,0.000016983
777,7936,0.000002732
778,7936,0.000002523
779,7936,0.000003073
780,7936,0.000001685
781,7936,0.000001901
782,7936,0.000001871
783,7936,0.000001519
784,7936,0.000001643
785,7936,0.000001746
786,7936,0.000001656
787,7936,0.000001643
788,7936,0.000001630
789,7936,0.000001805
790,7936,0.000001665
791,7936,0.000002505
792,7936,0.000001947
793,7936,0.000001626
794,7936,0.000001953
795,7936,0.000001682
796,7936,0.000001697
797,7936,0.000014317
798,7936,0.000001650
799,7936,0.000001332
800,7936,0.000001387
801,7936,0.000001577
802,7936,0.000001687
803,7936,0.000001941
804,7936,0.000001687
805,7936,0.000002089
806,7936,0.000002535
807,7936,0.000002358
808,7936,0.000002563
809,7936,0.000003283
810,7936,0.000002955
811,7936,0.000001623
812,7936,0.000001903
813,7936,0.000001697
814,7936,0.000001766
815,7936,0.000001356
816,7936,0.000001482
817,7936,0.000001623
818,7936,0.000001687
819,7936,0.000002306
820,7936,0.000001936
821,7936,0.000001675
822,7936,0.000002020
823,7936,0.000001691
824,7936,0.000001905
825,7936,0.000001705
826,7936,0.000001696
827,7936,0.000002570
828,7936,0.000001637
829,7936,0.000001662
830,7936,0.000001585
831,7936,0.000001436
832,7936,0.000001590
833,7936,0.000001655
834,7936,0.000001799
835,7936,0.000002076
836,7936,0.000002473
837,7936,0.000001588
838,7936,0.000001712
839,7936,0.000001692
840,7936,0.000002027
841,7936,0.000001905
842,7936,0.000001697
843,7936,0.000002000
844,7936,0.000002750
845,7936,0.000001668
846,7936,0.000001812
847,7936,0.000001556
848,7936,0.000001500
849,7936,0.000002126
850,7936,0.000001622
851,7936,0.000001614
852,7936,0.000001613
853,7936,0.000002389
854,7936,0.000001628
855,7936,0.000001593
856,7936,0.000001875
857,7936,0.000001663
858,7936,0.000002002
859,7936,0.000001790
860,7936,0.000001672
861,7936,0.000002488
862,7936,0.000001733
863,7936,0.000001365
864,7936,0.000001334
865,7936,0.000001703
866,7936,0.000001693
867,7936,0.000001728
868,7936,0.000001705
869,7936,0.000001583
870,7936,0.000002401
871,7936,0.000001757
872,7936,0.000001598
873,7936,0.000001625
874,7936,0.000001576
875,7936,0.000001670
876,7936,0.000001751
877,7936,0.000001754
878,7936,0.000001708
879,7936,0.000002133
880,7936,0.000001675
881,7936,0.000001671
882,7936,0.000001627
883,7936,0.000001620
884,7936,0.000001681
885,7936,0.000001619
886,7936,0.000001609
887,7936,0.000001644
888,7936,0.000002433
889,7936,0.000002203
890,7936,0.000001798
891,7936,0.000001958
892,7936,0.000001809
893,7936,0.000001675
894,7936,0.000001679
895,7936,0.000001509
896,7936,0.000001850
897,7936,0.000002529
898,7936,0.000001785
899,7936,0.000002074
900,7936,0.000001767
901,7936,0.000002101
902,7936,0.000001774
903,7936,0.000001801
904,7936,0.000001615
905,7936,0.000002582
906,7936,0.000001961
907,7936,0.000001792
908,7936,0.000002159
909,7936,0.000001732
910,7936,0.000001832
911,7936,0.000001508
912,7936,0.000001504
913,7936,0.000002545
914,7936,0.000001900
915,7936,0.000001815
916,7936,0.000002433
917,7936,0.000001878
918,7936,0.000001922
919,7936,0.000001784
920,7936,0.000002374
921,7936,0.000001697
922,7936,0.000001629
923,7936,0.000001924
924,7936,0.000002096
925,7936,0.000001659
926,7936,0.000001599
927,7936,0.000001434
928,7936,0.000001504
929,7936,0.000002454
930,7936,0.000001649
931,7936,0.000001611
932,7936,0.000001724
933,7936,0.000001803
934,7936,0.000001707
935,7936,0.000001742
936,7936,0.000001766
937,7936,0.000001678
938,7936,0.000002596
939,7936,0.000001799
940,7936,0.000002101
941,7936,0.000001656
942,7936,0.000001595
943,7936,0.000001426
944,7936,0.000001610
945,7936,0.000001701
946,7936,0.000001810
947,7936,0.000002355
948,7936,0.000001678
949,7936,0.000001657
950,7936,0.000001624
951,7936,0.000001797
952,7936,0.000001703
953,7936,0.000001998
954,7936,0.000001606
955,7936,0.000002579
956,7936,0.000001615
957,7936,0.000001962
958,7936,0.000001762
959,7936,0.000001322
960,7936,0.000001415
961,7936,0.000001978
962,7936,0.000001674
963,7936,0.000001602
964,7936,0.000002430
965,7936,0.000001650
966,7936,0.000001716
967,7936,0.000007175
968,7936,0.000008912
969,7936,0.000004442
970,7936,0.000003885
971,7936,0.000003649
972,7936,0.000004515
973,7936,0.000003615
974,7936,0.000003588
975,7936,0.000002318
976,7936,0.000004203
977,7936,0.000003549
978,7936,0.000003434
979,7936,0.000003431
980,7936,0.000004498
981,7936,0.000003591
982,7936,0.000003817
983,7936,0.000003510
984,7936,0.000006791
985,7936,0.000003610
986,7936,0.000003555
987,7936,0.000003598
988,7936,0.000005557
989,7936,0.000003696
990,7936,0.000004362
991,7936,0.000003343
992,7936,0.000003338
993,7936,0.000003515
994,7936,0.000003473
995,7936,0.000003523
996,7936,0.000004486
997,7936,0.000003577
998,7936,0.000003666
999,7936,0.000003606
0,8192,0.000004669
1,8192,0.000001816
2,8192,0.000001693
3,8192,0.000001515
4,8192,0.000001588
5,8192,0.000001526
6,8192,0.000001535
7,8192,0.000001585
8,8192,0.000001728
9,8192,0.000001541
10,8192,0.000001704
11,8192,0.000001628
12,8192,0.000001439
13,8192,0.000001442
14,8192,0.000001459
15,8192,0.000001519
16,8192,0.000001370
17,8192,0.000001806
18,8192,0.000001599
19,8192,0.000001375
20,8192,0.000001815
21,8192,0.000001584
22,8192,0.000001961
23,8192,0.000002361
24,8192,0.000001506
25,8192,0.000001485
26,8192,0.000001554
27,8192,0.000001590
28,8192,0.000001538
29,8192,0.000001392
30,8192,0.000001466
31,8192,0.000001478
32,8192,0.000001577
33,8192,0.000002317
34,8192,0.000001569
35,8192,0.000001749
36,8192,0.000001498
37,8192,0.000001474
38,8192,0.000001625
39,8192,0.000001641
40,8192,0.000001514
41,8192,0.000001474
42,8192,0.000001556
43,8192,0.000002412
44,8192,0.000001446
45,8192,0.000001458
46,8192,0.000001543
47,8192,0.000001496
48,8192,0.000001581
49,8192,0.000001410
50,8192,0.000001491
51,8192,0.000001454
52,8192,0.000001699
53,8192,0.000002250
54,8192,0.000001484
55,8192,0.000001849
56,8192,0.000001497
57,8192,0.000001597
58,8192,0.000001577
59,8192,0.000001587
60,8192,0.000001512
61,8192,0.000001542
62,8192,0.000002385
63,8192,0.000001823
64,8192,0.000001593
65,8192,0.000001515
66,8192,0.000001481
67,8192,0.000001456
68,8192,0.000001489
69,8192,0.000001473
70,8192,0.000001446
71,8192,0.000002131
72,8192,0.000001482
73,8192,0.000001654
74,8192,0.000001841
75,8192,0.000001723
76,8192,0.000001504
77,8192,0.000001544
78,8192,0.000001724
79,8192,0.000001503
80,8192,0.000001554
81,8192,0.000002284
82,8192,0.000001509
83,8192,0.000001644
84,8192,0.000001947
85,8192,0.000001485
86,8192,0.000001477
87,8192,0.000001418
88,8192,0.000001500
89,8192,0.000001496
90,8192,0.000002274
91,8192,0.000001475
92,8192,0.000001383
93,8192,0.000001608
94,8192,0.000001552
95,8192,0.000001844
96,8192,0.000001671
97,8192,0.000001888
98,8192,0.000001710
99,8192,0.000002435
100,8192,0.000001630
101,8192,0.000001681
102,8192,0.000001527
103,8192,0.000001557
104,8192,0.000001445
105,8192,0.000001511
106,8192,0.000001430
107,8192,0.000001476
108,8192,0.000001409
109,8192,0.000002145
110,8192,0.000001542
111,8192,0.000001862
112,8192,0.000001414
113,8192,0.000001474
114,8192,0.000001557
115,8192,0.000001490
116,8192,0.000001847
117,8192,0.000001751
118,8192,0.000002339
119,8192,0.000001594
120,8192,0.000001560
121,8192,0.000001482
122,8192,0.000001371
123,8192,0.000001544
124,8192,0.000001431
125,8192,0.000001497
126,8192,0.000001440
127,8192,0.000001635
128,8192,0.000001846
129,8192,0.000001463
130,8192,0.000001973
131,8192,0.000001578
132,8192,0.000001509
133,8192,0.000001520
134,8192,0.000001556
135,8192,0.000001536
136,8192,0.000001473
137,8192,0.000001473
138,8192,0.000001418
139,8192,0.000001502
140,8192,0.000001481
141,8192,0.000001590
142,8192,0.000001458
143,8192,0.000001411
144,8192,0.000001440
145,8192,0.000001816
146,8192,0.000001649
147,8192,0.000001522
148,8192,0.000001510
149,8192,0.000001530
150,8192,0.000001675
151,8192,0.000001856
152,8192,0.000001798
153,8192,0.000001531
154,8192,0.000001446
155,8192,0.000001520
156,8192,0.000001425
157,8192,0.000001637
158,8192,0.000001421
159,8192,0.000001394
160,8192,0.000001540
161,8192,0.000001485
162,8192,0.000001398
163,8192,0.000001445
164,8192,0.000001544
165,8192,0.000001623
166,8192,0.000001576
167,8192,0.000001471
168,8192,0.000001797
169,8192,0.000001492
170,8192,0.000001641
171,8192,0.000001489
172,8192,0.000001533
173,8192,0.000001482
174,8192,0.000001461
175,8192,0.000001438
176,8192,0.000001449
177,8192,0.000001452
178,8192,0.000001470
179,8192,0.000001847
180,8192,0.000001487
181,8192,0.000001422
182,8192,0.000001479
183,8192,0.000001599
184,8192,0.000001599
185,8192,0.000001548
186,8192,0.000001813
187,8192,0.000001670
188,8192,0.000002359
189,8192,0.000002216
190,8192,0.000002264
191,8192,0.000002422
192,8192,0.000002935
193,8192,0.000002402
194,8192,0.000016754
195,8192,0.000002886
196,8192,0.000001838
197,8192,0.000001469
198,8192,0.000001654
199,8192,0.000001564
200,8192,0.000001829
201,8192,0.000001596
202,8192,0.000001455
203,8192,0.000001593
204,8192,0.000001532
205,8192,0.000001685
206,8192,0.000001463
207,8192,0.000001505
208,8192,0.000001489
209,8192,0.000001414
210,8192,0.000001483
211,8192,0.000001461
212,8192,0.000001591
213,8192,0.000001509
214,8192,0.000001515
215,8192,0.000001470
216,8192,0.000001415
217,8192,0.000001462
218,8192,0.000013987
219,8192,0.000001902
220,8192,0.000001551
221,8192,0.000001494
222,8192,0.000001540
223,8192,0.000001448
224,8192,0.000001710
225,8192,0.000001583
226,8192,0.000002335
227,8192,0.000002559
228,8192,0.000003878
229,8192,0.000002656
230,8192,0.000001741
231,8192,0.000001494
232,8192,0.000001389
233,8192,0.000001496
234,8192,0.000001477
235,8192,0.000001534
236,8192,0.000001454
237,8192,0.000001513
238,8192,0.000001504
239,8192,0.000001517
240,8192,0.000002439
241,8192,0.000001532
242,8192,0.000001861
243,8192,0.000001764
244,8192,0.000001496
245,8192,0.000001385
246,8192,0.000001759
247,8192,0.000001435
248,8192,0.000001435
249,8192,0.000002306
250,8192,0.000001619
251,8192,0.000001886
252,8192,0.000001444
253,8192,0.000001410
254,8192,0.000001568
255,8192,0.000001517
256,8192,0.000001991
257,8192,0.000001585
258,8192,0.000002371
259,8192,0.000001553
260,8192,0.000001458
261,8192,0.000001450
262,8192,0.000001408
263,8192,0.000001580
264,8192,0.000001424
265,8192,0.000001404
266,8192,0.000001490
267,8192,0.000001563
268,8192,0.000002262
269,8192,0.000001710
270,8192,0.000001379
271,8192,0.000001415
272,8192,0.000001467
273,8192,0.000001454
274,8192,0.000001533
275,8192,0.000001425
276,8192,0.000001543
277,8192,0.000001537
278,8192,0.000002177
279,8192,0.000001483
280,8192,0.000001567
281,8192,0.000001850
282,8192,0.000001520
283,8192,0.000001507
284,8192,0.000001433
285,8192,0.000001601
286,8192,0.000001689
287,8192,0.000002337
288,8192,0.000001913
289,8192,0.000001414
290,8192,0.000001547
291,8192,0.000001500
292,8192,0.000001490
293,8192,0.000001582
294,8192,0.000001566
295,8192,0.000001523
296,8192,0.000001512
297,8192,0.000002353
298,8192,0.000001452
299,8192,0.000001446
300,8192,0.000001517
301,8192,0.000001516
302,8192,0.000001478
303,8192,0.000001395
304,8192,0.000001399
305,8192,0.000001576
306,8192,0.000001462
307,8192,0.000002241
308,8192,0.000001506
309,8192,0.000001514
310,8192,0.000001563
311,8192,0.000001518
312,8192,0.000001683
313,8192,0.000001482
314,8192,0.000001525
315,8192,0.000001441
316,8192,0.000002244
317,8192,0.000001534
318,8192,0.000001653
319,8192,0.000001507
320,8192,0.000001509
321,8192,0.000001381
322,8192,0.000001391
323,8192,0.000001581
324,8192,0.000001487
325,8192,0.000001454
326,8192,0.000002232
327,8192,0.000001595
328,8192,0.000001509
329,8192,0.000001522
330,8192,0.000001394
331,8192,0.000001422
332,8192,0.000001427
333,8192,0.000001426
334,8192,0.000001396
335,8192,0.000001505
336,8192,0.000002238
337,8192,0.000001538
338,8192,0.000001466
339,8192,0.000001521
340,8192,0.000001324
341,8192,0.000001371
342,8192,0.000001378
343,8192,0.000001770
344,8192,0.000001597
345,8192,0.000001519
346,8192,0.000002186
347,8192,0.000001568
348,8192,0.000001552
349,8192,0.000001500
350,8192,0.000001492
351,8192,0.000001499
352,8192,0.000001560
353,8192,0.000001489
354,8192,0.000001397
355,8192,0.000001475
356,8192,0.000002362
357,8192,0.000001791
358,8192,0.000001523
359,8192,0.000001439
360,8192,0.000001554
361,8192,0.000001397
362,8192,0.000001718
363,8192,0.000001532
364,8192,0.000001618
365,8192,0.000002536
366,8192,0.000001513
367,8192,0.000001515
368,8192,0.000001471
369,8192,0.000001483
370,8192,0.000001681
371,8192,0.000001455
372,8192,0.000001458
373,8192,0.000001391
374,8192,0.000001449
375,8192,0.000002352
376,8192,0.000001500
377,8192,0.000001448
378,8192,0.000001372
379,8192,0.000001539
380,8192,0.000001585
381,8192,0.000001830
382,8192,0.000001661
383,8192,0.000001732
384,8192,0.000002591
385,8192,0.000001754
386,8192,0.000001481
387,8192,0.000001473
388,8192,0.000001566
389,8192,0.000001646
390,8192,0.000001929
391,8192,0.000001748
392,8192,0.000001441
393,8192,0.000002160
394,8192,0.000001576
395,8192,0.000001414
396,8192,0.000001602
397,8192,0.000001404
398,8192,0.000001514
399,8192,0.000001488
400,8192,0.000001555
401,8192,0.000001466
402,8192,0.000001451
403,8192,0.000002254
404,8192,0.000001424
405,8192,0.000001430
406,8192,0.000001377
407,8192,0.000001554
408,8192,0.000001412
409,8192,0.000001526
410,8192,0.000001496
411,8192,0.000001557
412,8192,0.000001477
413,8192,0.000002166
414,8192,0.000001490
415,8192,0.000001447
416,8192,0.000001464
417,8192,0.000001542
418,8192,0.000001500
419,8192,0.000001765
420,8192,0.000001441
421,8192,0.000001339
422,8192,0.000001490
423,8192,0.000002264
424,8192,0.000001871
425,8192,0.000001675
426,8192,0.000001645
427,8192,0.000001580
428,8192,0.000001588
429,8192,0.000001633
430,8192,0.000001549
431,8192,0.000001639
432,8192,0.000002292
433,8192,0.000001504
434,8192,0.000001455
435,8192,0.000001443
436,8192,0.000001732
437,8192,0.000001539
438,8192,0.000001645
439,8192,0.000001806
440,8192,0.000001572
441,8192,0.000002169
442,8192,0.000001811
443,8192,0.000001386
444,8192,0.000001489
445,8192,0.000001586
446,8192,0.000001466
447,8192,0.000001433
448,8192,0.000001597
449,8192,0.000001380
450,8192,0.000001429
451,8192,0.000002093
452,8192,0.000001521
453,8192,0.000001411
454,8192,0.000001631
455,8192,0.000001485
456,8192,0.000001410
457,8192,0.000001574
458,8192,0.000001406
459,8192,0.000001422
460,8192,0.000001390
461,8192,0.000002254
462,8192,0.000001790
463,8192,0.000001616
464,8192,0.000001572
465,8192,0.000001408
466,8192,0.000001365
467,8192,0.000001371
468,8192,0.000001729
469,8192,0.000001725
470,8192,0.000001696
471,8192,0.000002291
472,8192,0.000001924
473,8192,0.000001629
474,8192,0.000001587
475,8192,0.000001415
476,8192,0.000001490
477,8192,0.000001466
478,8192,0.000001428
479,8192,0.000001381
480,8192,0.000002337
481,8192,0.000001464
482,8192,0.000001519
483,8192,0.000001410
484,8192,0.000001478
485,8192,0.000001459
486,8192,0.000001396
487,8192,0.000001477
488,8192,0.000001360
489,8192,0.000001747
490,8192,0.000002655
491,8192,0.000001521
492,8192,0.000001415
493,8192,0.000001527
494,8192,0.000001529
495,8192,0.000001338
496,8192,0.000001465
497,8192,0.000001365
498,8192,0.000001440
499,8192,0.000001476
500,8192,0.000002214
501,8192,0.000001429
502,8192,0.000001512
503,8192,0.000001392
504,8192,0.000001530
505,8192,0.000001535
506,8192,0.000001488
507,8192,0.000001620
508,8192,0.000001515
509,8192,0.000002225
510,8192,0.000001594
511,8192,0.000001656
512,8192,0.000001641
513,8192,0.000001556
514,8192,0.000001490
515,8192,0.000001442
516,8192,0.000001631
517,8192,0.000001701
518,8192,0.000002427
519,8192,0.000001578
520,8192,0.000001541
521,8192,0.000001449
522,8192,0.000001429
523,8192,0.000001539
524,8192,0.000001387
525,8192,0.000001475
526,8192,0.000001543
527,8192,0.000001623
528,8192,0.000002233
529,8192,0.000001481
530,8192,0.000001450
531,8192,0.000001586
532,8192,0.000001490
533,8192,0.000001561
534,8192,0.000001647
535,8192,0.000001747
536,8192,0.000001481
537,8192,0.000001664
538,8192,0.000002220
539,8192,0.000001642
540,8192,0.000001482
541,8192,0.000001461
542,8192,0.000001643
543,8192,0.000001610
544,8192,0.000001599
545,8192,0.000001561
546,8192,0.000001590
547,8192,0.000002180
548,8192,0.000001489
549,8192,0.000001661
550,8192,0.000001734
551,8192,0.000001465
552,8192,0.000001477
553,8192,0.000001457
554,8192,0.000001570
555,8192,0.000001728
556,8192,0.000002417
557,8192,0.000001718
558,8192,0.000001501
559,8192,0.000001471
560,8192,0.000001429
561,8192,0.000001387
562,8192,0.000001542
563,8192,0.000001786
564,8192,0.000001545
565,8192,0.000001638
566,8192,0.000002278
567,8192,0.000001406
568,8192,0.000001430
569,8192,0.000001421
570,8192,0.000001481
571,8192,0.000001572
572,8192,0.000001454
573,8192,0.000001429
574,8192,0.000001367
575,8192,0.000001502
576,8192,0.000002185
577,8192,0.000001374
578,8192,0.000001532
579,8192,0.000001484
580,8192,0.000001514
581,8192,0.000001486
582,8192,0.000001566
583,8192,0.000001583
584,8192,0.000001600
585,8192,0.000002560
586,8192,0.000001455
587,8192,0.000001402
588,8192,0.000011919
589,8192,0.000001700
590,8192,0.000001399
591,8192,0.000001380
592,8192,0.000001411
593,8192,0.000001529
594,8192,0.000001442
595,8192,0.000001412
596,8192,0.000001549
597,8192,0.000001501
598,8192,0.000001426
599,8192,0.000001428
600,8192,0.000001483
601,8192,0.000001468
602,8192,0.000001470
603,8192,0.000002565
604,8192,0.000001514
605,8192,0.000001552
606,8192,0.000001505
607,8192,0.000001423
608,8192,0.000001364
609,8192,0.000001444
610,8192,0.000001381
611,8192,0.000001418
612,8192,0.000001759
613,8192,0.000002293
614,8192,0.000001483
615,8192,0.000001420
616,8192,0.000001523
617,8192,0.000001482
618,8192,0.000001477
619,8192,0.000001599
620,8192,0.000001499
621,8192,0.000001613
622,8192,0.000001416
623,8192,0.000002264
624,8192,0.000001452
625,8192,0.000001729
626,8192,0.000001363
627,8192,0.000001418
628,8192,0.000001404
629,8192,0.000001446
630,8192,0.000001368
631,8192,0.000001381
632,8192,0.000001509
633,8192,0.000002290
634,8192,0.000001512
635,8192,0.000001379
636,8192,0.000001535
637,8192,0.000001402
638,8192,0.000001483
639,8192,0.000001480
640,8192,0.000001512
641,8192,0.000001499
642,8192,0.000001416
643,8192,0.000002099
644,8192,0.000001448
645,8192,0.000001380
646,8192,0.000001392
647,8192,0.000001428
648,8192,0.000001371
649,8192,0.000001675
650,8192,0.000001652
651,8192,0.000001381
652,8192,0.000001585
653,8192,0.000002344
654,8192,0.000001576
655,8192,0.000001473
656,8192,0.000001584
657,8192,0.000001471
658,8192,0.000001543
659,8192,0.000001561
660,8192,0.000001411
661,8192,0.000001440
662,8192,0.000002264
663,8192,0.000001680
664,8192,0.000001506
665,8192,0.000001484
666,8192,0.000001386
667,8192,0.000001372
668,8192,0.000001461
669,8192,0.000001498
670,8192,0.000001521
671,8192,0.000001498
672,8192,0.000002299
673,8192,0.000001686
674,8192,0.000001760
675,8192,0.000001473
676,8192,0.000001474
677,8192,0.000001438
678,8192,0.000001410
679,8192,0.000001711
680,8192,0.000001561
681,8192,0.000001372
682,8192,0.000002437
683,8192,0.000001460
684,8192,0.000001446
685,8192,0.000001750
686,8192,0.000001466
687,8192,0.000001511
688,8192,0.000001468
689,8192,0.000001469
690,8192,0.000001660
691,8192,0.000001495
692,8192,0.000001662
693,8192,0.000001532
694,8192,0.000001510
695,8192,0.000001459
696,8192,0.000002332
697,8192,0.000001657
698,8192,0.000001476
699,8192,0.000001373
700,8192,0.000001425
701,8192,0.000001539
702,8192,0.000001486
703,8192,0.000001421
704,8192,0.000001526
705,8192,0.000001555
706,8192,0.000002277
707,8192,0.000001584
708,8192,0.000001674
709,8192,0.000001445
710,8192,0.000001730
711,8192,0.000001520
712,8192,0.000001867
713,8192,0.000001721
714,8192,0.000001465
715,8192,0.000001612
716,8192,0.000002306
717,8192,0.000001518
718,8192,0.000001384
719,8192,0.000001469
720,8192,0.000001407
721,8192,0.000002025
722,8192,0.000001512
723,8192,0.000001686
724,8192,0.000001536
725,8192,0.000002380
726,8192,0.000001589
727,8192,0.000001531
728,8192,0.000001435
729,8192,0.000001711
730,8192,0.000001695
731,8192,0.000001702
732,8192,0.000001579
733,8192,0.000001402
734,8192,0.000002207
735,8192,0.000001537
736,8192,0.000001475
737,8192,0.000001484
738,8192,0.000001363
739,8192,0.000001342
740,8192,0.000001491
741,8192,0.000001773
742,8192,0.000001502
743,8192,0.000001916
744,8192,0.000002388
745,8192,0.000001478
746,8192,0.000001651
747,8192,0.000001514
748,8192,0.000001525
749,8192,0.000001496
750,8192,0.000001804
751,8192,0.000001487
752,8192,0.000001779
753,8192,0.000002526
754,8192,0.000001484
755,8192,0.000001491
756,8192,0.000001534
757,8192,0.000001556
758,8192,0.000001646
759,8192,0.000001674
760,8192,0.000001671
761,8192,0.000001534
762,8192,0.000002627
763,8192,0.000001626
764,8192,0.000001612
765,8192,0.000001444
766,8192,0.000001407
767,8192,0.000001762
768,8192,0.000001582
769,8192,0.000001447
770,8192,0.000001570
771,8192,0.000002401
772,8192,0.000001413
773,8192,0.000001493
774,8192,0.000001506
775,8192,0.000001438
776,8192,0.000001379
777,8192,0.000001423
778,8192,0.000001475
779,8192,0.000001598
780,8192,0.000001507
781,8192,0.000002194
782,8192,0.000001411
783,8192,0.000001464
784,8192,0.000001647
785,8192,0.000001403
786,8192,0.000001425
787,8192,0.000001492
788,8192,0.000001540
789,8192,0.000001501
790,8192,0.000001483
791,8192,0.000002718
792,8192,0.000001408
793,8192,0.000001474
794,8192,0.000001370
795,8192,0.000001442
796,8192,0.000001485
797,8192,0.000001614
798,8192,0.000001508
799,8192,0.000001535
800,8192,0.000001662
801,8192,0.000002121
802,8192,0.000001430
803,8192,0.000001400
804,8192,0.000001522
805,8192,0.000001491
806,8192,0.000001777
807,8192,0.000001601
808,8192,0.000001658
809,8192,0.000001528
810,8192,0.000001690
811,8192,0.000003563
812,8192,0.000002412
813,8192,0.000002642
814,8192,0.000002132
815,8192,0.000002397
816,8192,0.000016534
817,8192,0.000004231
818,8192,0.000002053
819,8192,0.000001537
820,8192,0.000001993
821,8192,0.000001725
822,8192,0.000001466
823,8192,0.000001695
824,8192,0.000002387
825,8192,0.000001522
826,8192,0.000001419
827,8192,0.000001414
828,8192,0.000001483
829,8192,0.000001449
830,8192,0.000001479
831,8192,0.000001614
832,8192,0.000001524
833,8192,0.000001604
834,8192,0.000001561
835,8192,0.000001825
836,8192,0.000001480
837,8192,0.000001551
838,8192,0.000001524
839,8192,0.000001841
840,8192,0.000014242
841,8192,0.000001755
842,8192,0.000001417
843,8192,0.000001461
844,8192,0.000001405
845,8192,0.000001467
846,8192,0.000001716
847,8192,0.000002070
848,8192,0.000002514
849,8192,0.000002361
850,8192,0.000002316
851,8192,0.000002578
852,8192,0.000001999
853,8192,0.000001526
854,8192,0.000001446
855,8192,0.000001552
856,8192,0.000001445
857,8192,0.000001630
858,8192,0.000001365
859,8192,0.000001372
860,8192,0.000001697
861,8192,0.000002162
862,8192,0.000001450
863,8192,0.000001467
864,8192,0.000001459
865,8192,0.000001462
866,8192,0.000001403
867,8192,0.000001474
868,8192,0.000001587
869,8192,0.000001557
870,8192,0.000001542
871,8192,0.000001516
872,8192,0.000001570
873,8192,0.000001610
874,8192,0.000001713
875,8192,0.000001467
876,8192,0.000001485
877,8192,0.000001446
878,8192,0.000001515
879,8192,0.000001785
880,8192,0.000001645
881,8192,0.000001667
882,8192,0.000001409
883,8192,0.000001380
884,8192,0.000001371
885,8192,0.000001616
886,8192,0.000001620
887,8192,0.000001747
888,8192,0.000001906
889,8192,0.000001910
890,8192,0.000001765
891,8192,0.000001492
892,8192,0.000001665
893,8192,0.000001665
894,8192,0.000001703
895,8192,0.000001537
896,8192,0.000001808
897,8192,0.000001537
898,8192,0.000001432
899,8192,0.000001809
900,8192,0.000001409
901,8192,0.000001387
902,8192,0.000001395
903,8192,0.000001596
904,8192,0.000001582
905,8192,0.000001614
906,8192,0.000001664
907,8192,0.000001553
908,8192,0.000001825
909,8192,0.000001579
910,8192,0.000001635
911,8192,0.000001590
912,8192,0.000001528
913,8192,0.000001409
914,8192,0.000001688
915,8192,0.000001525
916,8192,0.000001653
917,8192,0.000001475
918,8192,0.000001523
919,8192,0.000001647
920,8192,0.000001447
921,8192,0.000001715
922,8192,0.000001503
923,8192,0.000001676
924,8192,0.000001822
925,8192,0.000001591
926,8192,0.000001804
927,8192,0.000001362
928,8192,0.000001574
929,8192,0.000001431
930,8192,0.000001466
931,8192,0.000001622
932,8192,0.000001470
933,8192,0.000001583
934,8192,0.000001528
935,8192,0.000001394
936,8192,0.000001443
937,8192,0.000001365
938,8192,0.000001414
939,8192,0.000001812
940,8192,0.000001486
941,8192,0.000001664
942,8192,0.000001502
943,8192,0.000001472
944,8192,0.000001528
945,8192,0.000001469
946,8192,0.000001625
947,8192,0.000001561
948,8192,0.000001453
949,8192,0.000001673
950,8192,0.000001679
951,8192,0.000001520
952,8192,0.000001795
953,8192,0.000001383
954,8192,0.000001378
955,8192,0.000001921
956,8192,0.000001480
957,8192,0.000001528
958,8192,0.000001568
959,8192,0.000002172
960,8192,0.000001511
961,8192,0.000001518
962,8192,0.000001649
963,8192,0.000001739
964,8192,0.000001657
965,8192,0.000001410
966,8192,0.000001468
967,8192,0.000001562
968,8192,0.000001614
969,8192,0.000009146
970,8192,0.000002929
971,8192,0.000002802
972,8192,0.000003087
973,8192,0.000003140
974,8192,0.000002819
975,8192,0.000006138
976,8192,0.000002852
977,8192,0.000002720
978,8192,0.000002731
979,8192,0.000002840
980,8192,0.000002685
981,8192,0.000002714
982,8192,0.000002687
983,8192,0.000002752
984,8192,0.000002665
985,8192,0.000002743
986,8192,0.000004761
987,8192,0.000002764
988,8192,0.000003167
989,8192,0.000002716
990,8192,0.000002745
991,8192,0.000002679
992,8192,0.000004045
993,8192,0.000002746
994,8192,0.000003654
995,8192,0.000002781
996,8192,0.000003091
997,8192,0.000002948
998,8192,0.000002753
999,8192,0.000002709
