Sr,Size,Latency
0,1,0.000003214
1,1,0.000000625
2,1,0.000000490
3,1,0.000000490
4,1,0.000000489
5,1,0.000000490
6,1,0.000000490
7,1,0.000000490
8,1,0.000000490
9,1,0.000000490
10,1,0.000000490
11,1,0.000000490
12,1,0.000000489
13,1,0.000000490
14,1,0.000000491
15,1,0.000000489
16,1,0.000000488
17,1,0.000000489
18,1,0.000000490
19,1,0.000000488
20,1,0.000000488
21,1,0.000000602
22,1,0.000000706
23,1,0.000000626
24,1,0.000000682
25,1,0.000000650
26,1,0.000000664
27,1,0.000000649
28,1,0.000000736
29,1,0.000000712
30,1,0.000000645
31,1,0.000000650
32,1,0.000000588
33,1,0.000000630
34,1,0.000000650
35,1,0.000000549
36,1,0.000000696
37,1,0.000000908
38,1,0.000000745
39,1,0.000000587
40,1,0.000000602
41,1,0.000000741
42,1,0.000000620
43,1,0.000000560
44,1,0.000000578
45,1,0.000000578
46,1,0.000000554
47,1,0.000000607
48,1,0.000000927
49,1,0.000000550
50,1,0.000000620
51,1,0.000000621
52,1,0.000000580
53,1,0.000000616
54,1,0.000000727
55,1,0.000000592
56,1,0.000000652
57,1,0.000000650
58,1,0.000000573
59,1,0.000000539
60,1,0.000000585
61,1,0.000000640
62,1,0.000000588
63,1,0.000000684
64,1,0.000000629
65,1,0.000000621
66,1,0.000000590
67,1,0.000000572
68,1,0.000000633
69,1,0.000000627
70,1,0.000000611
71,1,0.000000574
72,1,0.000000560
73,1,0.000000594
74,1,0.000000644
75,1,0.000000597
76,1,0.000000642
77,1,0.000000780
78,1,0.000000743
79,1,0.000000715
80,1,0.000000754
81,1,0.000000718
82,1,0.000000693
83,1,0.000000800
84,1,0.000013134
85,1,0.000000736
86,1,0.000000748
87,1,0.000000662
88,1,0.000000556
89,1,0.000000636
90,1,0.000000687
91,1,0.000000695
92,1,0.000000694
93,1,0.000000603
94,1,0.000000673
95,1,0.000000598
96,1,0.000000659
97,1,0.000000598
98,1,0.000000649
99,1,0.000000609
100,1,0.000000686
101,1,0.000000836
102,1,0.000000736
103,1,0.000000685
104,1,0.000000755
105,1,0.000000688
106,1,0.000000730
107,1,0.000000742
108,1,0.000000656
109,1,0.000000696
110,1,0.000000655
111,1,0.000000768
112,1,0.000000660
113,1,0.000000699
114,1,0.000000731
115,1,0.000000699
116,1,0.000000732
117,1,0.000000670
118,1,0.000000719
119,1,0.000000695
120,1,0.000000667
121,1,0.000000747
122,1,0.000000715
123,1,0.000000697
124,1,0.000000705
125,1,0.000000744
126,1,0.000000676
127,1,0.000000933
128,1,0.000000818
129,1,0.000000696
130,1,0.000000721
131,1,0.000000661
132,1,0.000000694
133,1,0.000000689
134,1,0.000000662
135,1,0.000000651
136,1,0.000000671
137,1,0.000000731
138,1,0.000000676
139,1,0.000000733
140,1,0.000000684
141,1,0.000000673
142,1,0.000000628
143,1,0.000000857
144,1,0.000000750
145,1,0.000000707
146,1,0.000000684
147,1,0.000000707
148,1,0.000000639
149,1,0.000000691
150,1,0.000000685
151,1,0.000000742
152,1,0.000000631
153,1,0.000000757
154,1,0.000000684
155,1,0.000000679
156,1,0.000000685
157,1,0.000000724
158,1,0.000000726
159,1,0.000000670
160,1,0.000000724
161,1,0.000000701
162,1,0.000000758
163,1,0.000000661
164,1,0.000000715
165,1,0.000000767
166,1,0.000000934
167,1,0.000000724
168,1,0.000000662
169,1,0.000000727
170,1,0.000000687
171,1,0.000000683
172,1,0.000000665
173,1,0.000000702
174,1,0.000000688
175,1,0.000000703
176,1,0.000000687
177,1,0.000000690
178,1,0.000000673
179,1,0.000000762
180,1,0.000000676
181,1,0.000000720
182,1,0.000000670
183,1,0.000000689
184,1,0.000000663
185,1,0.000000883
186,1,0.000000718
187,1,0.000000690
188,1,0.000000692
189,1,0.000000678
190,1,0.000000733
191,1,0.000000716
192,1,0.000000849
193,1,0.000000658
194,1,0.000000655
195,1,0.000000674
196,1,0.000000694
197,1,0.000000666
198,1,0.000000676
199,1,0.000000681
200,1,0.000000915
201,1,0.000000735
202,1,0.000000540
203,1,0.000000677
204,1,0.000000675
205,1,0.000000666
206,1,0.000000743
207,1,0.000000642
208,1,0.000000752
209,1,0.000000651
210,1,0.000000659
211,1,0.000000730
212,1,0.000000729
213,1,0.000000692
214,1,0.000000661
215,1,0.000000696
216,1,0.000000923
217,1,0.000000685
218,1,0.000000819
219,1,0.000000660
220,1,0.000001065
221,1,0.000000670
222,1,0.000000709
223,1,0.000000658
224,1,0.000000753
225,1,0.000000618
226,1,0.000000758
227,1,0.000000643
228,1,0.000000686
229,1,0.000000646
230,1,0.000000642
231,1,0.000000698
232,1,0.000000630
233,1,0.000000664
234,1,0.000000614
235,1,0.000000651
236,1,0.000000642
237,1,0.000000708
238,1,0.000000680
239,1,0.000000694
240,1,0.000000648
241,1,0.000000671
242,1,0.000000597
243,1,0.000000636
244,1,0.000000714
245,1,0.000000688
246,1,0.000000781
247,1,0.000000689
248,1,0.000000804
249,1,0.000000767
250,1,0.000000679
251,1,0.000000682
252,1,0.000000672
253,1,0.000000630
254,1,0.000000695
255,1,0.000000689
256,1,0.000000752
257,1,0.000000647
258,1,0.000000681
259,1,0.000000719
260,1,0.000000676
261,1,0.000000721
262,1,0.000000686
263,1,0.000000759
264,1,0.000000690
265,1,0.000000721
266,1,0.000000698
267,1,0.000000693
268,1,0.000000658
269,1,0.000000696
270,1,0.000000702
271,1,0.000000719
272,1,0.000000625
273,1,0.000000661
274,1,0.000000677
275,1,0.000000803
276,1,0.000000656
277,1,0.000000742
278,1,0.000000685
279,1,0.000000732
280,1,0.000000736
281,1,0.000000641
282,1,0.000000630
283,1,0.000000593
284,1,0.000000647
285,1,0.000000834
286,1,0.000000620
287,1,0.000000719
288,1,0.000000722
289,1,0.000000647
290,1,0.000000697
291,1,0.000000661
292,1,0.000000810
293,1,0.000000669
294,1,0.000000744
295,1,0.000000710
296,1,0.000000710
297,1,0.000000679
298,1,0.000000657
299,1,0.000000767
300,1,0.000000671
301,1,0.000000696
302,1,0.000000717
303,1,0.000000659
304,1,0.000000655
305,1,0.000000711
306,1,0.000000652
307,1,0.000000745
308,1,0.000013190
309,1,0.000000759
310,1,0.000000697
311,1,0.000000652
312,1,0.000000694
313,1,0.000000712
314,1,0.000000670
315,1,0.000000707
316,1,0.000000695
317,1,0.000000707
318,1,0.000000703
319,1,0.000000659
320,1,0.000000727
321,1,0.000000700
322,1,0.000000725
323,1,0.000000686
324,1,0.000000708
325,1,0.000000715
326,1,0.000000710
327,1,0.000000629
328,1,0.000000715
329,1,0.000000713
330,1,0.000000760
331,1,0.000000677
332,1,0.000000688
333,1,0.000000650
334,1,0.000000576
335,1,0.000000659
336,1,0.000000672
337,1,0.000000778
338,1,0.000000725
339,1,0.000000725
340,1,0.000000751
341,1,0.000000705
342,1,0.000000683
343,1,0.000000676
344,1,0.000000711
345,1,0.000000675
346,1,0.000000746
347,1,0.000000681
348,1,0.000000766
349,1,0.000000680
350,1,0.000000687
351,1,0.000000675
352,1,0.000000812
353,1,0.000000734
354,1,0.000000752
355,1,0.000000721
356,1,0.000000677
357,1,0.000000724
358,1,0.000000645
359,1,0.000000757
360,1,0.000000696
361,1,0.000000660
362,1,0.000000670
363,1,0.000000704
364,1,0.000000784
365,1,0.000000702
366,1,0.000000728
367,1,0.000000713
368,1,0.000000666
369,1,0.000000716
370,1,0.000000702
371,1,0.000000715
372,1,0.000000719
373,1,0.000000721
374,1,0.000000703
375,1,0.000012957
376,1,0.000000679
377,1,0.000000669
378,1,0.000000764
379,1,0.000000667
380,1,0.000000716
381,1,0.000000732
382,1,0.000000691
383,1,0.000000662
384,1,0.000000749
385,1,0.000000641
386,1,0.000000664
387,1,0.000000729
388,1,0.000000662
389,1,0.000000775
390,1,0.000000671
391,1,0.000000647
392,1,0.000000751
393,1,0.000000669
394,1,0.000000711
395,1,0.000000744
396,1,0.000000676
397,1,0.000000702
398,1,0.000000756
399,1,0.000000728
400,1,0.000000637
401,1,0.000000752
402,1,0.000000686
403,1,0.000000703
404,1,0.000000818
405,1,0.000000682
406,1,0.000000728
407,1,0.000000738
408,1,0.000000668
409,1,0.000000740
410,1,0.000000697
411,1,0.000000786
412,1,0.000000715
413,1,0.000000871
414,1,0.000000709
415,1,0.000000748
416,1,0.000000928
417,1,0.000000678
418,1,0.000000709
419,1,0.000000663
420,1,0.000000700
421,1,0.000000686
422,1,0.000000755
423,1,0.000000686
424,1,0.000000752
425,1,0.000000772
426,1,0.000000882
427,1,0.000000674
428,1,0.000000653
429,1,0.000000741
430,1,0.000000692
431,1,0.000000730
432,1,0.000000683
433,1,0.000000718
434,1,0.000000663
435,1,0.000000784
436,1,0.000000663
437,1,0.000000680
438,1,0.000000689
439,1,0.000000615
440,1,0.000000730
441,1,0.000000681
442,1,0.000000729
443,1,0.000000740
444,1,0.000000735
445,1,0.000000720
446,1,0.000000696
447,1,0.000000725
448,1,0.000000710
449,1,0.000000716
450,1,0.000000711
451,1,0.000000710
452,1,0.000000667
453,1,0.000000731
454,1,0.000000759
455,1,0.000000658
456,1,0.000000770
457,1,0.000000679
458,1,0.000000755
459,1,0.000000774
460,1,0.000000710
461,1,0.000000671
462,1,0.000000703
463,1,0.000000700
464,1,0.000000691
465,1,0.000000721
466,1,0.000000656
467,1,0.000000668
468,1,0.000000856
469,1,0.000000646
470,1,0.000000634
471,1,0.000000658
472,1,0.000000601
473,1,0.000000593
474,1,0.000000646
475,1,0.000000846
476,1,0.000001047
477,1,0.000000665
478,1,0.000000844
479,1,0.000000587
480,1,0.000000755
481,1,0.000000619
482,1,0.000000639
483,1,0.000000682
484,1,0.000000694
485,1,0.000000657
486,1,0.000000664
487,1,0.000000705
488,1,0.000000682
489,1,0.000000695
490,1,0.000000652
491,1,0.000000770
492,1,0.000001273
493,1,0.000000491
494,1,0.000000486
495,1,0.000000485
496,1,0.000000488
497,1,0.000000485
498,1,0.000000485
499,1,0.000000486
500,1,0.000000486
501,1,0.000000486
502,1,0.000000485
503,1,0.000000485
504,1,0.000000485
505,1,0.000000485
506,1,0.000000484
507,1,0.000000485
508,1,0.000000487
509,1,0.000000484
510,1,0.000000485
511,1,0.000000485
512,1,0.000000544
513,1,0.000000485
514,1,0.000000486
515,1,0.000000484
516,1,0.000000484
517,1,0.000000484
518,1,0.000000484
519,1,0.000000485
520,1,0.000000484
521,1,0.000000484
522,1,0.000000485
523,1,0.000000484
524,1,0.000000484
525,1,0.000000485
526,1,0.000000485
527,1,0.000000482
528,1,0.000000483
529,1,0.000000485
530,1,0.000000484
531,1,0.000000484
532,1,0.000000483
533,1,0.000000484
534,1,0.000000483
535,1,0.000000484
536,1,0.000000483
537,1,0.000000485
538,1,0.000000484
539,1,0.000000485
540,1,0.000000484
541,1,0.000000483
542,1,0.000000483
543,1,0.000000487
544,1,0.000000484
545,1,0.000000484
546,1,0.000000484
547,1,0.000000484
548,1,0.000000485
549,1,0.000000485
550,1,0.000000485
551,1,0.000000484
552,1,0.000000485
553,1,0.000000487
554,1,0.000000485
555,1,0.000000484
556,1,0.000000485
557,1,0.000000589
558,1,0.000000710
559,1,0.000000687
560,1,0.000000694
561,1,0.000000700
562,1,0.000000669
563,1,0.000000649
564,1,0.000000584
565,1,0.000000799
566,1,0.000000708
567,1,0.000000762
568,1,0.000000692
569,1,0.000000764
570,1,0.000000623
571,1,0.000000569
572,1,0.000000639
573,1,0.000000760
574,1,0.000000633
575,1,0.000000632
576,1,0.000000673
577,1,0.000000772
578,1,0.000000680
579,1,0.000000695
580,1,0.000000721
581,1,0.000000699
582,1,0.000000710
583,1,0.000000695
584,1,0.000000770
585,1,0.000000716
586,1,0.000000764
587,1,0.000000608
588,1,0.000000696
589,1,0.000000750
590,1,0.000000698
591,1,0.000000744
592,1,0.000000691
593,1,0.000000745
594,1,0.000000682
595,1,0.000000648
596,1,0.000000683
597,1,0.000000754
598,1,0.000000683
599,1,0.000000751
600,1,0.000000703
601,1,0.000000815
602,1,0.000000680
603,1,0.000000779
604,1,0.000000736
605,1,0.000000745
606,1,0.000000696
607,1,0.000000691
608,1,0.000000712
609,1,0.000000680
610,1,0.000000628
611,1,0.000000699
612,1,0.000000714
613,1,0.000000744
614,1,0.000000609
615,1,0.000000660
616,1,0.000000711
617,1,0.000000664
618,1,0.000000709
619,1,0.000000685
620,1,0.000000653
621,1,0.000000719
622,1,0.000000713
623,1,0.000000732
624,1,0.000000686
625,1,0.000000728
626,1,0.000000731
627,1,0.000000741
628,1,0.000000710
629,1,0.000000719
630,1,0.000000709
631,1,0.000000691
632,1,0.000000694
633,1,0.000000709
634,1,0.000000698
635,1,0.000000856
636,1,0.000000745
637,1,0.000000863
638,1,0.000000732
639,1,0.000000667
640,1,0.000000730
641,1,0.000000673
642,1,0.000000644
643,1,0.000000696
644,1,0.000000692
645,1,0.000000839
646,1,0.000000792
647,1,0.000001217
648,1,0.000000486
649,1,0.000000486
650,1,0.000000486
651,1,0.000000485
652,1,0.000000485
653,1,0.000000485
654,1,0.000000485
655,1,0.000000485
656,1,0.000000485
657,1,0.000000485
658,1,0.000000485
659,1,0.000000484
660,1,0.000000485
661,1,0.000000485
662,1,0.000000484
663,1,0.000000485
664,1,0.000000485
665,1,0.000000485
666,1,0.000000484
667,1,0.000000485
668,1,0.000000483
669,1,0.000000484
670,1,0.000000484
671,1,0.000000484
672,1,0.000000484
673,1,0.000000483
674,1,0.000000484
675,1,0.000000482
676,1,0.000000482
677,1,0.000000483
678,1,0.000000483
679,1,0.000000484
680,1,0.000000483
681,1,0.000000484
682,1,0.000000484
683,1,0.000000483
684,1,0.000000484
685,1,0.000000484
686,1,0.000000484
687,1,0.000062538
688,1,0.000000610
689,1,0.000000488
690,1,0.000000490
691,1,0.000000487
692,1,0.000000489
693,1,0.000000488
694,1,0.000000488
695,1,0.000000494
696,1,0.000000487
697,1,0.000000488
698,1,0.000000488
699,1,0.000000488
700,1,0.000000489
701,1,0.000000487
702,1,0.000000488
703,1,0.000000489
704,1,0.000000490
705,1,0.000000487
706,1,0.000000490
707,1,0.000000488
708,1,0.000000487
709,1,0.000000489
710,1,0.000000489
711,1,0.000000488
712,1,0.000000489
713,1,0.000000488
714,1,0.000000487
715,1,0.000000488
716,1,0.000000488
717,1,0.000000488
718,1,0.000000488
719,1,0.000000488
720,1,0.000000488
721,1,0.000000487
722,1,0.000000488
723,1,0.000000487
724,1,0.000000487
725,1,0.000000487
726,1,0.000000488
727,1,0.000000487
728,1,0.000000487
729,1,0.000000487
730,1,0.000000487
731,1,0.000000487
732,1,0.000000488
733,1,0.000000485
734,1,0.000000487
735,1,0.000000487
736,1,0.000000486
737,1,0.000000485
738,1,0.000000487
739,1,0.000000486
740,1,0.000000486
741,1,0.000000487
742,1,0.000000485
743,1,0.000000486
744,1,0.000000487
745,1,0.000000486
746,1,0.000000485
747,1,0.000000487
748,1,0.000000487
749,1,0.000000485
750,1,0.000000486
751,1,0.000000487
752,1,0.000000487
753,1,0.000000486
754,1,0.000000488
755,1,0.000000487
756,1,0.000000487
757,1,0.000000487
758,1,0.000000489
759,1,0.000000487
760,1,0.000000488
761,1,0.000000487
762,1,0.000000487
763,1,0.000000488
764,1,0.000000489
765,1,0.000000487
766,1,0.000000488
767,1,0.000000490
768,1,0.000000550
769,1,0.000000487
770,1,0.000000488
771,1,0.000000489
772,1,0.000000489
773,1,0.000000491
774,1,0.000000487
775,1,0.000000489
776,1,0.000000488
777,1,0.000000487
778,1,0.000000488
779,1,0.000000487
780,1,0.000000487
781,1,0.000000487
782,1,0.000000488
783,1,0.000000488
784,1,0.000000488
785,1,0.000000487
786,1,0.000000488
787,1,0.000000488
788,1,0.000000487
789,1,0.000000487
790,1,0.000000488
791,1,0.000000487
792,1,0.000000487
793,1,0.000000486
794,1,0.000000486
795,1,0.000000487
796,1,0.000000488
797,1,0.000000486
798,1,0.000000485
799,1,0.000000487
800,1,0.000000486
801,1,0.000000485
802,1,0.000000487
803,1,0.000000486
804,1,0.000000487
805,1,0.000000487
806,1,0.000000485
807,1,0.000000487
808,1,0.000000487
809,1,0.000000487
810,1,0.000000486
811,1,0.000000487
812,1,0.000000486
813,1,0.000000487
814,1,0.000000485
815,1,0.000000487
816,1,0.000000488
817,1,0.000000485
818,1,0.000000488
819,1,0.000000487
820,1,0.000000488
821,1,0.000000487
822,1,0.000000488
823,1,0.000000488
824,1,0.000000488
825,1,0.000000487
826,1,0.000000487
827,1,0.000000488
828,1,0.000000489
829,1,0.000000488
830,1,0.000000488
831,1,0.000000489
832,1,0.000000490
833,1,0.000000487
834,1,0.000000490
835,1,0.000000489
836,1,0.000000487
837,1,0.000000489
838,1,0.000000488
839,1,0.000000488
840,1,0.000000487
841,1,0.000000488
842,1,0.000000487
843,1,0.000000488
844,1,0.000000487
845,1,0.000000487
846,1,0.000000487
847,1,0.000000487
848,1,0.000000489
849,1,0.000000486
850,1,0.000000487
851,1,0.000000487
852,1,0.000000486
853,1,0.000000488
854,1,0.000000486
855,1,0.000000486
856,1,0.000000486
857,1,0.000000487
858,1,0.000000486
859,1,0.000000487
860,1,0.000000487
861,1,0.000000487
862,1,0.000000485
863,1,0.000000486
864,1,0.000000485
865,1,0.000000485
866,1,0.000000487
867,1,0.000000485
868,1,0.000000485
869,1,0.000000487
870,1,0.000000486
871,1,0.000000487
872,1,0.000000487
873,1,0.000000485
874,1,0.000000486
875,1,0.000000486
876,1,0.000000487
877,1,0.000000486
878,1,0.000000488
879,1,0.000000487
880,1,0.000000488
881,1,0.000000487
882,1,0.000000488
883,1,0.000000487
884,1,0.000000486
885,1,0.000000488
886,1,0.000000487
887,1,0.000000488
888,1,0.000000487
889,1,0.000000488
890,1,0.000000488
891,1,0.000000487
892,1,0.000000488
893,1,0.000000487
894,1,0.000000488
895,1,0.000000489
896,1,0.000000489
897,1,0.000000489
898,1,0.000000489
899,1,0.000000487
900,1,0.000000489
901,1,0.000000488
902,1,0.000000488
903,1,0.000000488
904,1,0.000000488
905,1,0.000000487
906,1,0.000000487
907,1,0.000000488
908,1,0.000000489
909,1,0.000000486
910,1,0.000000488
911,1,0.000000487
912,1,0.000000488
913,1,0.000000485
914,1,0.000000488
915,1,0.000000487
916,1,0.000000489
917,1,0.000000487
918,1,0.000000486
919,1,0.000000488
920,1,0.000000486
921,1,0.000000486
922,1,0.000000486
923,1,0.000000487
924,1,0.000000487
925,1,0.000000486
926,1,0.000000487
927,1,0.000000486
928,1,0.000000485
929,1,0.000000485
930,1,0.000000487
931,1,0.000000487
932,1,0.000000487
933,1,0.000000488
934,1,0.000000486
935,1,0.000000487
936,1,0.000000487
937,1,0.000000486
938,1,0.000000485
939,1,0.000000488
940,1,0.000000488
941,1,0.000000486
942,1,0.000000488
943,1,0.000000489
944,1,0.000000487
945,1,0.000000488
946,1,0.000000488
947,1,0.000000488
948,1,0.000000488
949,1,0.000000488
950,1,0.000000488
951,1,0.000000488
952,1,0.000000488
953,1,0.000000487
954,1,0.000000488
955,1,0.000000489
956,1,0.000000489
957,1,0.000000486
958,1,0.000000489
959,1,0.000000490
960,1,0.000000488
961,1,0.000000487
962,1,0.000000489
963,1,0.000000488
964,1,0.000000489
965,1,0.000000489
966,1,0.000000488
967,1,0.000000488
968,1,0.000000486
969,1,0.000000488
970,1,0.000000485
971,1,0.000000489
972,1,0.000000486
973,1,0.000000487
974,1,0.000000488
975,1,0.000000487
976,1,0.000000488
977,1,0.000000487
978,1,0.000000488
979,1,0.000000486
980,1,0.000000487
981,1,0.000000487
982,1,0.000000486
983,1,0.000000487
984,1,0.000000486
985,1,0.000000485
986,1,0.000000486
987,1,0.000000485
988,1,0.000000485
989,1,0.000000486
990,1,0.000000487
991,1,0.000000487
992,1,0.000000487
993,1,0.000000485
994,1,0.000000487
995,1,0.000000486
996,1,0.000000488
997,1,0.000000487
998,1,0.000000486
999,1,0.000000487
0,256,0.000000867
1,256,0.000000519
2,256,0.000000499
3,256,0.000000498
4,256,0.000000497
5,256,0.000000499
6,256,0.000000498
7,256,0.000000499
8,256,0.000000499
9,256,0.000000505
10,256,0.000000498
11,256,0.000000500
12,256,0.000000507
13,256,0.000000499
14,256,0.000000498
15,256,0.000000499
16,256,0.000000721
17,256,0.000000504
18,256,0.000000498
19,256,0.000000498
20,256,0.000000499
21,256,0.000000498
22,256,0.000000499
23,256,0.000000498
24,256,0.000000498
25,256,0.000000504
26,256,0.000000499
27,256,0.000000499
28,256,0.000000506
29,256,0.000000498
30,256,0.000000499
31,256,0.000000499
32,256,0.000000637
33,256,0.000000499
34,256,0.000000499
35,256,0.000000499
36,256,0.000000499
37,256,0.000000499
38,256,0.000000499
39,256,0.000000498
40,256,0.000000501
41,256,0.000000504
42,256,0.000000498
43,256,0.000000500
44,256,0.000000505
45,256,0.000000497
46,256,0.000000497
47,256,0.000000499
48,256,0.000000728
49,256,0.000000497
50,256,0.000000498
51,256,0.000000497
52,256,0.000000498
53,256,0.000000497
54,256,0.000000498
55,256,0.000000497
56,256,0.000000498
57,256,0.000000501
58,256,0.000000499
59,256,0.000000497
60,256,0.000000506
61,256,0.000000498
62,256,0.000000496
63,256,0.000000498
64,256,0.000000658
65,256,0.000000499
66,256,0.000000497
67,256,0.000000498
68,256,0.000000498
69,256,0.000000498
70,256,0.000000497
71,256,0.000000498
72,256,0.000000498
73,256,0.000000502
74,256,0.000000499
75,256,0.000000497
76,256,0.000000506
77,256,0.000000498
78,256,0.000000498
79,256,0.000000498
80,256,0.000000785
81,256,0.000000501
82,256,0.000000499
83,256,0.000000500
84,256,0.000000498
85,256,0.000000501
86,256,0.000000499
87,256,0.000000500
88,256,0.000000498
89,256,0.000000503
90,256,0.000000501
91,256,0.000000499
92,256,0.000000506
93,256,0.000000500
94,256,0.000000499
95,256,0.000000499
96,256,0.000000629
97,256,0.000000499
98,256,0.000000500
99,256,0.000000497
100,256,0.000000499
101,256,0.000000499
102,256,0.000000499
103,256,0.000000499
104,256,0.000000499
105,256,0.000000503
106,256,0.000000498
107,256,0.000000508
108,256,0.000000499
109,256,0.000000498
110,256,0.000000497
111,256,0.000000499
112,256,0.000000703
113,256,0.000000499
114,256,0.000000498
115,256,0.000000498
116,256,0.000000497
117,256,0.000000498
118,256,0.000000497
119,256,0.000000497
120,256,0.000000497
121,256,0.000000500
122,256,0.000000498
123,256,0.000000496
124,256,0.000000504
125,256,0.000000496
126,256,0.000000497
127,256,0.000000499
128,256,0.000000825
129,256,0.000000499
130,256,0.000000498
131,256,0.000000499
132,256,0.000000497
133,256,0.000000498
134,256,0.000000498
135,256,0.000000498
136,256,0.000000499
137,256,0.000000502
138,256,0.000000499
139,256,0.000000498
140,256,0.000000505
141,256,0.000000499
142,256,0.000000500
143,256,0.000000498
144,256,0.000000635
145,256,0.000000499
146,256,0.000000498
147,256,0.000000499
148,256,0.000000498
149,256,0.000000499
150,256,0.000000499
151,256,0.000000499
152,256,0.000000499
153,256,0.000000504
154,256,0.000000499
155,256,0.000000500
156,256,0.000000507
157,256,0.000000499
158,256,0.000000499
159,256,0.000000500
160,256,0.000000622
161,256,0.000000498
162,256,0.000000499
163,256,0.000000500
164,256,0.000000499
165,256,0.000000497
166,256,0.000000499
167,256,0.000000498
168,256,0.000000497
169,256,0.000000503
170,256,0.000000505
171,256,0.000000505
172,256,0.000000496
173,256,0.000000497
174,256,0.000000497
175,256,0.000000498
176,256,0.000000642
177,256,0.000000497
178,256,0.000000499
179,256,0.000000498
180,256,0.000000497
181,256,0.000012821
182,256,0.000000722
183,256,0.000000486
184,256,0.000000485
185,256,0.000000489
186,256,0.000000493
187,256,0.000000494
188,256,0.000000485
189,256,0.000000486
190,256,0.000000486
191,256,0.000000486
192,256,0.000000690
193,256,0.000000485
194,256,0.000000485
195,256,0.000000484
196,256,0.000000485
197,256,0.000000485
198,256,0.000000486
199,256,0.000000485
200,256,0.000000484
201,256,0.000000490
202,256,0.000000490
203,256,0.000000491
204,256,0.000000485
205,256,0.000000484
206,256,0.000000485
207,256,0.000000484
208,256,0.000000615
209,256,0.000000485
210,256,0.000000485
211,256,0.000000483
212,256,0.000000484
213,256,0.000000484
214,256,0.000000484
215,256,0.000000484
216,256,0.000000483
217,256,0.000000488
218,256,0.000000490
219,256,0.000000490
220,256,0.000000483
221,256,0.000000483
222,256,0.000000483
223,256,0.000000483
224,256,0.000000628
225,256,0.000000484
226,256,0.000000483
227,256,0.000000485
228,256,0.000000484
229,256,0.000000484
230,256,0.000000484
231,256,0.000000485
232,256,0.000000485
233,256,0.000000488
234,256,0.000000492
235,256,0.000000492
236,256,0.000000484
237,256,0.000000484
238,256,0.000000485
239,256,0.000000485
240,256,0.000000617
241,256,0.000000484
242,256,0.000000485
243,256,0.000000485
244,256,0.000000485
245,256,0.000000485
246,256,0.000000486
247,256,0.000000485
248,256,0.000000485
249,256,0.000000490
250,256,0.000000491
251,256,0.000000492
252,256,0.000000485
253,256,0.000000484
254,256,0.000000485
255,256,0.000000485
256,256,0.000000717
257,256,0.000000486
258,256,0.000000484
259,256,0.000000485
260,256,0.000000485
261,256,0.000000485
262,256,0.000000484
263,256,0.000000483
264,256,0.000000484
265,256,0.000000487
266,256,0.000000493
267,256,0.000000491
268,256,0.000000485
269,256,0.000000484
270,256,0.000000484
271,256,0.000000484
272,256,0.000000620
273,256,0.000000486
274,256,0.000000484
275,256,0.000000483
276,256,0.000000484
277,256,0.000000483
278,256,0.000000485
279,256,0.000000483
280,256,0.000000484
281,256,0.000000488
282,256,0.000000489
283,256,0.000000492
284,256,0.000000482
285,256,0.000000484
286,256,0.000000483
287,256,0.000000483
288,256,0.000000588
289,256,0.000000483
290,256,0.000000485
291,256,0.000000485
292,256,0.000000483
293,256,0.000000484
294,256,0.000000485
295,256,0.000000485
296,256,0.000000483
297,256,0.000000488
298,256,0.000000493
299,256,0.000000494
300,256,0.000000484
301,256,0.000000486
302,256,0.000000485
303,256,0.000000485
304,256,0.000000562
305,256,0.000000486
306,256,0.000000485
307,256,0.000000485
308,256,0.000000486
309,256,0.000000487
310,256,0.000000485
311,256,0.000000486
312,256,0.000000486
313,256,0.000000490
314,256,0.000000491
315,256,0.000000492
316,256,0.000000485
317,256,0.000000485
318,256,0.000000484
319,256,0.000000485
320,256,0.000000626
321,256,0.000000486
322,256,0.000000485
323,256,0.000000484
324,256,0.000000484
325,256,0.000000485
326,256,0.000000484
327,256,0.000000484
328,256,0.000000485
329,256,0.000000487
330,256,0.000000492
331,256,0.000000491
332,256,0.000000481
333,256,0.000000483
334,256,0.000000485
335,256,0.000000483
336,256,0.000000623
337,256,0.000000485
338,256,0.000000483
339,256,0.000000484
340,256,0.000000483
341,256,0.000000484
342,256,0.000000485
343,256,0.000000483
344,256,0.000000483
345,256,0.000000488
346,256,0.000000491
347,256,0.000000491
348,256,0.000000484
349,256,0.000000484
350,256,0.000000484
351,256,0.000000485
352,256,0.000000706
353,256,0.000000485
354,256,0.000000485
355,256,0.000000484
356,256,0.000000484
357,256,0.000000485
358,256,0.000000485
359,256,0.000000486
360,256,0.000000485
361,256,0.000000489
362,256,0.000000491
363,256,0.000000493
364,256,0.000000485
365,256,0.000000485
366,256,0.000000485
367,256,0.000000485
368,256,0.000000701
369,256,0.000000484
370,256,0.000000486
371,256,0.000000487
372,256,0.000000484
373,256,0.000000486
374,256,0.000000484
375,256,0.000000486
376,256,0.000000485
377,256,0.000000488
378,256,0.000000493
379,256,0.000000493
380,256,0.000000485
381,256,0.000000486
382,256,0.000000484
383,256,0.000000484
384,256,0.000000569
385,256,0.000000485
386,256,0.000000484
387,256,0.000000485
388,256,0.000000483
389,256,0.000000484
390,256,0.000000484
391,256,0.000000483
392,256,0.000000485
393,256,0.000000488
394,256,0.000000490
395,256,0.000000492
396,256,0.000000484
397,256,0.000000484
398,256,0.000000483
399,256,0.000000483
400,256,0.000000559
401,256,0.000000483
402,256,0.000000484
403,256,0.000000484
404,256,0.000000483
405,256,0.000000485
406,256,0.000000483
407,256,0.000000483
408,256,0.000000483
409,256,0.000000489
410,256,0.000000490
411,256,0.000000492
412,256,0.000000483
413,256,0.000000485
414,256,0.000000485
415,256,0.000000484
416,256,0.000000642
417,256,0.000000485
418,256,0.000000485
419,256,0.000000485
420,256,0.000000484
421,256,0.000000486
422,256,0.000000485
423,256,0.000000485
424,256,0.000000485
425,256,0.000000489
426,256,0.000000485
427,256,0.000000486
428,256,0.000000492
429,256,0.000000486
430,256,0.000000486
431,256,0.000000486
432,256,0.000000589
433,256,0.000000485
434,256,0.000000485
435,256,0.000000486
436,256,0.000000487
437,256,0.000000485
438,256,0.000000484
439,256,0.000000486
440,256,0.000000484
441,256,0.000000491
442,256,0.000000492
443,256,0.000000493
444,256,0.000000484
445,256,0.000000484
446,256,0.000000484
447,256,0.000000485
448,256,0.000000622
449,256,0.000000484
450,256,0.000000485
451,256,0.000000484
452,256,0.000000484
453,256,0.000000485
454,256,0.000000484
455,256,0.000000485
456,256,0.000000485
457,256,0.000000488
458,256,0.000000491
459,256,0.000000492
460,256,0.000000483
461,256,0.000000483
462,256,0.000000483
463,256,0.000000483
464,256,0.000000616
465,256,0.000000485
466,256,0.000000483
467,256,0.000000483
468,256,0.000000483
469,256,0.000000484
470,256,0.000000485
471,256,0.000000483
472,256,0.000000485
473,256,0.000000487
474,256,0.000000492
475,256,0.000000492
476,256,0.000000484
477,256,0.000000484
478,256,0.000000485
479,256,0.000000485
480,256,0.000000614
481,256,0.000000484
482,256,0.000000485
483,256,0.000000484
484,256,0.000000486
485,256,0.000000484
486,256,0.000000485
487,256,0.000000486
488,256,0.000000485
489,256,0.000000490
490,256,0.000000494
491,256,0.000000493
492,256,0.000000486
493,256,0.000000486
494,256,0.000000487
495,256,0.000000485
496,256,0.000000615
497,256,0.000000485
498,256,0.000000485
499,256,0.000000486
500,256,0.000000485
501,256,0.000000486
502,256,0.000000484
503,256,0.000000485
504,256,0.000000484
505,256,0.000000490
506,256,0.000000493
507,256,0.000000493
508,256,0.000000484
509,256,0.000000486
510,256,0.000000484
511,256,0.000000483
512,256,0.000000697
513,256,0.000000484
514,256,0.000000485
515,256,0.000000484
516,256,0.000000484
517,256,0.000000484
518,256,0.000000483
519,256,0.000000484
520,256,0.000000483
521,256,0.000000490
522,256,0.000000490
523,256,0.000000490
524,256,0.000000485
525,256,0.000000482
526,256,0.000000484
527,256,0.000000484
528,256,0.000000619
529,256,0.000000484
530,256,0.000000484
531,256,0.000000484
532,256,0.000000484
533,256,0.000000485
534,256,0.000000484
535,256,0.000000485
536,256,0.000000483
537,256,0.000000489
538,256,0.000000491
539,256,0.000000492
540,256,0.000000486
541,256,0.000000485
542,256,0.000000485
543,256,0.000000485
544,256,0.000000624
545,256,0.000000484
546,256,0.000000485
547,256,0.000000485
548,256,0.000000485
549,256,0.000000485
550,256,0.000000484
551,256,0.000000486
552,256,0.000000485
553,256,0.000000490
554,256,0.000000494
555,256,0.000000494
556,256,0.000000485
557,256,0.000000484
558,256,0.000000485
559,256,0.000000484
560,256,0.000000634
561,256,0.000000486
562,256,0.000000484
563,256,0.000000486
564,256,0.000000485
565,256,0.000000485
566,256,0.000000483
567,256,0.000000484
568,256,0.000000484
569,256,0.000000489
570,256,0.000000491
571,256,0.000000493
572,256,0.000000486
573,256,0.000000483
574,256,0.000000484
575,256,0.000000484
576,256,0.000000843
577,256,0.000000484
578,256,0.000000484
579,256,0.000000484
580,256,0.000000483
581,256,0.000000484
582,256,0.000000484
583,256,0.000000483
584,256,0.000000483
585,256,0.000000487
586,256,0.000000490
587,256,0.000000490
588,256,0.000000484
589,256,0.000000485
590,256,0.000000483
591,256,0.000000484
592,256,0.000000618
593,256,0.000000483
594,256,0.000000486
595,256,0.000000484
596,256,0.000000485
597,256,0.000000487
598,256,0.000000485
599,256,0.000000485
600,256,0.000000484
601,256,0.000000489
602,256,0.000000491
603,256,0.000000492
604,256,0.000000484
605,256,0.000000485
606,256,0.000000485
607,256,0.000000485
608,256,0.000000563
609,256,0.000000486
610,256,0.000000485
611,256,0.000000487
612,256,0.000000486
613,256,0.000000485
614,256,0.000000486
615,256,0.000000485
616,256,0.000000487
617,256,0.000000489
618,256,0.000000492
619,256,0.000000492
620,256,0.000000485
621,256,0.000000485
622,256,0.000000485
623,256,0.000000486
624,256,0.000000847
625,256,0.000000486
626,256,0.000000485
627,256,0.000000487
628,256,0.000000485
629,256,0.000000484
630,256,0.000000484
631,256,0.000000485
632,256,0.000000484
633,256,0.000000490
634,256,0.000000492
635,256,0.000000493
636,256,0.000000484
637,256,0.000000483
638,256,0.000000483
639,256,0.000000484
640,256,0.000000635
641,256,0.000000484
642,256,0.000000484
643,256,0.000000485
644,256,0.000000485
645,256,0.000000485
646,256,0.000000484
647,256,0.000000483
648,256,0.000000484
649,256,0.000000487
650,256,0.000000492
651,256,0.000000491
652,256,0.000000484
653,256,0.000000485
654,256,0.000000484
655,256,0.000000483
656,256,0.000000623
657,256,0.000000483
658,256,0.000000484
659,256,0.000000484
660,256,0.000000484
661,256,0.000000485
662,256,0.000000484
663,256,0.000000485
664,256,0.000000484
665,256,0.000000490
666,256,0.000000492
667,256,0.000000493
668,256,0.000000485
669,256,0.000000485
670,256,0.000000486
671,256,0.000000485
672,256,0.000000625
673,256,0.000000485
674,256,0.000000486
675,256,0.000000485
676,256,0.000000487
677,256,0.000000486
678,256,0.000000485
679,256,0.000000485
680,256,0.000000485
681,256,0.000000490
682,256,0.000000493
683,256,0.000000575
684,256,0.000000766
685,256,0.000000648
686,256,0.000000690
687,256,0.000000682
688,256,0.000000829
689,256,0.000000675
690,256,0.000000708
691,256,0.000000629
692,256,0.000000866
693,256,0.000000630
694,256,0.000000688
695,256,0.000000668
696,256,0.000000742
697,256,0.000000653
698,256,0.000000869
699,256,0.000000701
700,256,0.000000689
701,256,0.000000690
702,256,0.000000681
703,256,0.000013692
704,256,0.000000862
705,256,0.000000673
706,256,0.000000692
707,256,0.000000855
708,256,0.000000599
709,256,0.000000499
710,256,0.000000571
711,256,0.000000498
712,256,0.000000497
713,256,0.000000502
714,256,0.000000497
715,256,0.000000497
716,256,0.000000497
717,256,0.000000498
718,256,0.000000499
719,256,0.000000497
720,256,0.000000636
721,256,0.000000498
722,256,0.000000498
723,256,0.000000497
724,256,0.000000497
725,256,0.000000498
726,256,0.000000499
727,256,0.000000496
728,256,0.000000497
729,256,0.000013125
730,256,0.000000527
731,256,0.000000494
732,256,0.000000487
733,256,0.000000487
734,256,0.000000487
735,256,0.000000486
736,256,0.000000624
737,256,0.000000486
738,256,0.000000487
739,256,0.000000488
740,256,0.000000487
741,256,0.000000486
742,256,0.000000488
743,256,0.000000486
744,256,0.000000487
745,256,0.000000491
746,256,0.000000494
747,256,0.000000494
748,256,0.000000486
749,256,0.000000487
750,256,0.000000486
751,256,0.000000485
752,256,0.000000681
753,256,0.000000485
754,256,0.000000486
755,256,0.000000486
756,256,0.000000486
757,256,0.000000485
758,256,0.000000486
759,256,0.000000485
760,256,0.000013349
761,256,0.000000544
762,256,0.000000500
763,256,0.000000501
764,256,0.000000494
765,256,0.000000494
766,256,0.000000494
767,256,0.000000494
768,256,0.000000625
769,256,0.000000495
770,256,0.000000494
771,256,0.000000494
772,256,0.000000495
773,256,0.000000495
774,256,0.000000493
775,256,0.000000494
776,256,0.000000493
777,256,0.000000498
778,256,0.000000500
779,256,0.000000502
780,256,0.000000494
781,256,0.000000493
782,256,0.000000494
783,256,0.000000494
784,256,0.000000813
785,256,0.000000493
786,256,0.000013257
787,256,0.000000532
788,256,0.000000485
789,256,0.000000484
790,256,0.000000485
791,256,0.000000484
792,256,0.000000485
793,256,0.000000489
794,256,0.000000490
795,256,0.000000492
796,256,0.000000484
797,256,0.000000485
798,256,0.000000486
799,256,0.000000485
800,256,0.000000625
801,256,0.000000486
802,256,0.000000485
803,256,0.000000486
804,256,0.000000485
805,256,0.000000486
806,256,0.000000486
807,256,0.000000486
808,256,0.000000487
809,256,0.000000490
810,256,0.000000493
811,256,0.000000492
812,256,0.000000485
813,256,0.000000486
814,256,0.000000485
815,256,0.000000485
816,256,0.000000570
817,256,0.000000486
818,256,0.000000485
819,256,0.000000484
820,256,0.000000485
821,256,0.000000483
822,256,0.000000486
823,256,0.000000484
824,256,0.000000484
825,256,0.000000488
826,256,0.000000493
827,256,0.000000492
828,256,0.000000484
829,256,0.000000484
830,256,0.000000485
831,256,0.000000484
832,256,0.000000699
833,256,0.000000483
834,256,0.000000484
835,256,0.000000484
836,256,0.000000484
837,256,0.000000483
838,256,0.000000484
839,256,0.000000483
840,256,0.000000484
841,256,0.000000491
842,256,0.000000492
843,256,0.000000491
844,256,0.000000484
845,256,0.000000483
846,256,0.000000485
847,256,0.000000484
848,256,0.000000617
849,256,0.000000485
850,256,0.000000484
851,256,0.000000484
852,256,0.000000485
853,256,0.000000483
854,256,0.000000484
855,256,0.000000485
856,256,0.000000485
857,256,0.000000490
858,256,0.000000493
859,256,0.000000492
860,256,0.000000485
861,256,0.000000485
862,256,0.000000486
863,256,0.000000487
864,256,0.000000622
865,256,0.000000485
866,256,0.000000486
867,256,0.000000487
868,256,0.000000486
869,256,0.000000487
870,256,0.000000485
871,256,0.000000485
872,256,0.000000485
873,256,0.000000490
874,256,0.000000492
875,256,0.000000493
876,256,0.000000486
877,256,0.000000484
878,256,0.000000485
879,256,0.000000485
880,256,0.000000623
881,256,0.000000486
882,256,0.000000486
883,256,0.000000486
884,256,0.000000484
885,256,0.000000485
886,256,0.000000484
887,256,0.000000485
888,256,0.000000484
889,256,0.000000491
890,256,0.000000493
891,256,0.000000493
892,256,0.000000484
893,256,0.000000485
894,256,0.000000484
895,256,0.000000483
896,256,0.000000566
897,256,0.000000484
898,256,0.000000483
899,256,0.000000484
900,256,0.000000483
901,256,0.000000484
902,256,0.000000483
903,256,0.000000484
904,256,0.000000484
905,256,0.000000489
906,256,0.000000491
907,256,0.000000493
908,256,0.000000483
909,256,0.000000484
910,256,0.000000485
911,256,0.000000485
912,256,0.000000568
913,256,0.000000484
914,256,0.000000486
915,256,0.000000484
916,256,0.000000484
917,256,0.000000485
918,256,0.000000485
919,256,0.000000485
920,256,0.000000485
921,256,0.000000490
922,256,0.000000493
923,256,0.000000493
924,256,0.000000486
925,256,0.000000485
926,256,0.000000486
927,256,0.000000486
928,256,0.000000573
929,256,0.000000486
930,256,0.000000485
931,256,0.000000486
932,256,0.000000486
933,256,0.000000486
934,256,0.000000487
935,256,0.000000485
936,256,0.000000485
937,256,0.000000490
938,256,0.000000491
939,256,0.000000492
940,256,0.000000486
941,256,0.000000486
942,256,0.000000484
943,256,0.000000485
944,256,0.000000569
945,256,0.000000485
946,256,0.000000484
947,256,0.000000484
948,256,0.000000485
949,256,0.000000485
950,256,0.000000485
951,256,0.000000485
952,256,0.000000483
953,256,0.000000489
954,256,0.000000492
955,256,0.000000492
956,256,0.000000483
957,256,0.000000484
958,256,0.000000484
959,256,0.000000486
960,256,0.000000571
961,256,0.000000484
962,256,0.000000484
963,256,0.000000484
964,256,0.000000484
965,256,0.000000486
966,256,0.000000484
967,256,0.000000484
968,256,0.000000485
969,256,0.000000489
970,256,0.000000490
971,256,0.000000491
972,256,0.000000484
973,256,0.000000484
974,256,0.000000483
975,256,0.000000486
976,256,0.000000925
977,256,0.000000487
978,256,0.000000488
979,256,0.000000487
980,256,0.000000488
981,256,0.000000488
982,256,0.000000489
983,256,0.000000487
984,256,0.000000488
985,256,0.000000491
986,256,0.000000493
987,256,0.000000496
988,256,0.000000488
989,256,0.000000488
990,256,0.000000489
991,256,0.000000489
992,256,0.000000627
993,256,0.000000485
994,256,0.000000486
995,256,0.000000486
996,256,0.000000486
997,256,0.000000486
998,256,0.000000485
999,256,0.000000485
0,512,0.000000961
1,512,0.000000516
2,512,0.000000491
3,512,0.000000489
4,512,0.000000490
5,512,0.000000497
6,512,0.000000497
7,512,0.000000491
8,512,0.000000576
9,512,0.000000492
10,512,0.000000491
11,512,0.000013300
12,512,0.000000528
13,512,0.000000507
14,512,0.000000508
15,512,0.000000500
16,512,0.000000598
17,512,0.000000501
18,512,0.000000500
19,512,0.000000502
20,512,0.000000499
21,512,0.000000501
22,512,0.000000507
23,512,0.000000499
24,512,0.000000600
25,512,0.000000501
26,512,0.000000501
27,512,0.000000501
28,512,0.000000497
29,512,0.000000503
30,512,0.000000506
31,512,0.000000499
32,512,0.000000585
33,512,0.000000500
34,512,0.000000501
35,512,0.000000500
36,512,0.000000499
37,512,0.000000499
38,512,0.000000506
39,512,0.000000498
40,512,0.000000588
41,512,0.000000500
42,512,0.000000502
43,512,0.000000500
44,512,0.000000497
45,512,0.000000502
46,512,0.000000506
47,512,0.000000497
48,512,0.000000575
49,512,0.000000499
50,512,0.000000501
51,512,0.000000500
52,512,0.000000499
53,512,0.000000499
54,512,0.000000507
55,512,0.000000499
56,512,0.000000583
57,512,0.000000498
58,512,0.000000497
59,512,0.000000496
60,512,0.000000497
61,512,0.000000505
62,512,0.000000504
63,512,0.000000499
64,512,0.000000574
65,512,0.000000499
66,512,0.000000499
67,512,0.000000498
68,512,0.000000498
69,512,0.000000500
70,512,0.000000504
71,512,0.000000499
72,512,0.000000617
73,512,0.000000499
74,512,0.000000499
75,512,0.000000498
76,512,0.000000496
77,512,0.000000508
78,512,0.000000506
79,512,0.000000501
80,512,0.000000574
81,512,0.000000499
82,512,0.000000500
83,512,0.000000500
84,512,0.000000498
85,512,0.000000508
86,512,0.000000506
87,512,0.000000502
88,512,0.000000579
89,512,0.000000499
90,512,0.000000499
91,512,0.000000500
92,512,0.000000500
93,512,0.000000508
94,512,0.000000504
95,512,0.000000501
96,512,0.000013123
97,512,0.000000572
98,512,0.000000492
99,512,0.000000488
100,512,0.000000489
101,512,0.000000496
102,512,0.000000494
103,512,0.000000489
104,512,0.000000576
105,512,0.000000488
106,512,0.000000489
107,512,0.000000489
108,512,0.000000488
109,512,0.000000495
110,512,0.000000495
111,512,0.000000491
112,512,0.000000574
113,512,0.000013261
114,512,0.000000560
115,512,0.000000507
116,512,0.000000505
117,512,0.000000512
118,512,0.000000514
119,512,0.000000505
120,512,0.000000600
121,512,0.000000502
122,512,0.000000500
123,512,0.000000500
124,512,0.000000501
125,512,0.000000510
126,512,0.000000507
127,512,0.000000501
128,512,0.000000595
129,512,0.000000500
130,512,0.000000501
131,512,0.000000500
132,512,0.000000502
133,512,0.000000507
134,512,0.000000506
135,512,0.000000500
136,512,0.000000587
137,512,0.000000501
138,512,0.000000501
139,512,0.000000500
140,512,0.000000501
141,512,0.000000510
142,512,0.000000509
143,512,0.000000501
144,512,0.000000583
145,512,0.000000502
146,512,0.000000502
147,512,0.000000503
148,512,0.000000503
149,512,0.000000509
150,512,0.000000507
151,512,0.000012891
152,512,0.000000788
153,512,0.000000487
154,512,0.000000491
155,512,0.000000489
156,512,0.000000488
157,512,0.000000496
158,512,0.000000492
159,512,0.000000487
160,512,0.000000569
161,512,0.000000488
162,512,0.000000488
163,512,0.000000487
164,512,0.000000488
165,512,0.000000495
166,512,0.000000494
167,512,0.000000487
168,512,0.000000593
169,512,0.000000488
170,512,0.000000489
171,512,0.000000486
172,512,0.000000487
173,512,0.000000494
174,512,0.000000494
175,512,0.000000488
176,512,0.000000564
177,512,0.000000488
178,512,0.000000490
179,512,0.000000487
180,512,0.000000488
181,512,0.000000497
182,512,0.000000495
183,512,0.000000488
184,512,0.000000508
185,512,0.000000490
186,512,0.000000489
187,512,0.000000488
188,512,0.000000488
189,512,0.000000495
190,512,0.000000495
191,512,0.000000488
192,512,0.000000571
193,512,0.000000491
194,512,0.000000491
195,512,0.000000488
196,512,0.000000488
197,512,0.000000498
198,512,0.000000497
199,512,0.000000491
200,512,0.000000575
201,512,0.000000490
202,512,0.000000490
203,512,0.000000488
204,512,0.000000489
205,512,0.000000497
206,512,0.000000494
207,512,0.000000488
208,512,0.000000576
209,512,0.000000491
210,512,0.000000488
211,512,0.000000486
212,512,0.000000487
213,512,0.000000495
214,512,0.000000493
215,512,0.000000487
216,512,0.000000573
217,512,0.000000488
218,512,0.000000488
219,512,0.000000486
220,512,0.000000485
221,512,0.000000495
222,512,0.000000495
223,512,0.000000486
224,512,0.000000561
225,512,0.000000489
226,512,0.000000488
227,512,0.000000487
228,512,0.000000485
229,512,0.000000496
230,512,0.000000491
231,512,0.000000488
232,512,0.000000572
233,512,0.000000490
234,512,0.000000490
235,512,0.000000487
236,512,0.000000485
237,512,0.000000496
238,512,0.000000494
239,512,0.000000488
240,512,0.000000577
241,512,0.000000489
242,512,0.000000487
243,512,0.000000487
244,512,0.000000487
245,512,0.000000496
246,512,0.000000495
247,512,0.000000489
248,512,0.000000507
249,512,0.000000488
250,512,0.000000490
251,512,0.000000489
252,512,0.000000488
253,512,0.000000498
254,512,0.000000496
255,512,0.000000489
256,512,0.000000574
257,512,0.000000492
258,512,0.000000490
259,512,0.000000489
260,512,0.000000489
261,512,0.000000496
262,512,0.000000495
263,512,0.000000488
264,512,0.000000577
265,512,0.000000491
266,512,0.000000489
267,512,0.000000489
268,512,0.000000488
269,512,0.000000497
270,512,0.000000495
271,512,0.000000488
272,512,0.000000579
273,512,0.000000489
274,512,0.000000490
275,512,0.000000488
276,512,0.000000487
277,512,0.000000496
278,512,0.000000496
279,512,0.000000487
280,512,0.000000574
281,512,0.000000489
282,512,0.000000488
283,512,0.000000487
284,512,0.000000486
285,512,0.000000496
286,512,0.000000495
287,512,0.000000488
288,512,0.000000576
289,512,0.000000489
290,512,0.000000496
291,512,0.000000488
292,512,0.000000485
293,512,0.000000494
294,512,0.000000493
295,512,0.000000488
296,512,0.000000674
297,512,0.000000489
298,512,0.000000488
299,512,0.000000488
300,512,0.000000488
301,512,0.000000497
302,512,0.000000495
303,512,0.000000488
304,512,0.000000564
305,512,0.000000490
306,512,0.000000491
307,512,0.000000488
308,512,0.000000487
309,512,0.000000496
310,512,0.000000495
311,512,0.000000488
312,512,0.000000572
313,512,0.000000491
314,512,0.000000492
315,512,0.000000488
316,512,0.000000488
317,512,0.000000500
318,512,0.000000497
319,512,0.000000489
320,512,0.000000616
321,512,0.000000490
322,512,0.000000491
323,512,0.000000487
324,512,0.000000488
325,512,0.000000499
326,512,0.000000495
327,512,0.000000488
328,512,0.000000572
329,512,0.000000491
330,512,0.000000490
331,512,0.000000487
332,512,0.000000487
333,512,0.000000498
334,512,0.000000496
335,512,0.000000487
336,512,0.000000565
337,512,0.000000490
338,512,0.000000488
339,512,0.000000486
340,512,0.000000487
341,512,0.000000496
342,512,0.000000494
343,512,0.000000487
344,512,0.000000568
345,512,0.000000487
346,512,0.000000490
347,512,0.000000487
348,512,0.000000484
349,512,0.000000495
350,512,0.000000495
351,512,0.000000487
352,512,0.000000568
353,512,0.000000489
354,512,0.000000489
355,512,0.000000487
356,512,0.000000487
357,512,0.000000497
358,512,0.000000494
359,512,0.000000487
360,512,0.000000572
361,512,0.000000488
362,512,0.000000490
363,512,0.000000488
364,512,0.000000489
365,512,0.000000496
366,512,0.000000496
367,512,0.000000487
368,512,0.000000632
369,512,0.000000491
370,512,0.000000487
371,512,0.000000487
372,512,0.000000488
373,512,0.000000496
374,512,0.000000495
375,512,0.000000488
376,512,0.000000571
377,512,0.000000491
378,512,0.000000491
379,512,0.000000489
380,512,0.000000487
381,512,0.000000498
382,512,0.000000495
383,512,0.000000487
384,512,0.000000768
385,512,0.000000490
386,512,0.000000490
387,512,0.000000488
388,512,0.000000487
389,512,0.000000496
390,512,0.000000493
391,512,0.000000488
392,512,0.000000574
393,512,0.000000489
394,512,0.000000490
395,512,0.000000487
396,512,0.000000486
397,512,0.000000495
398,512,0.000000494
399,512,0.000000488
400,512,0.000000562
401,512,0.000000489
402,512,0.000000488
403,512,0.000000488
404,512,0.000000486
405,512,0.000000494
406,512,0.000000493
407,512,0.000000486
408,512,0.000000569
409,512,0.000000488
410,512,0.000000488
411,512,0.000000486
412,512,0.000000487
413,512,0.000000495
414,512,0.000000494
415,512,0.000000487
416,512,0.000000571
417,512,0.000000489
418,512,0.000000488
419,512,0.000000489
420,512,0.000000487
421,512,0.000000495
422,512,0.000000495
423,512,0.000000487
424,512,0.000000559
425,512,0.000000490
426,512,0.000000489
427,512,0.000000487
428,512,0.000000488
429,512,0.000000496
430,512,0.000000494
431,512,0.000000488
432,512,0.000000563
433,512,0.000000492
434,512,0.000000490
435,512,0.000000487
436,512,0.000000487
437,512,0.000000496
438,512,0.000000494
439,512,0.000000492
440,512,0.000000508
441,512,0.000000492
442,512,0.000000490
443,512,0.000000488
444,512,0.000000488
445,512,0.000000496
446,512,0.000000495
447,512,0.000000488
448,512,0.000000562
449,512,0.000000490
450,512,0.000000492
451,512,0.000000487
452,512,0.000000487
453,512,0.000000496
454,512,0.000000494
455,512,0.000000488
456,512,0.000000570
457,512,0.000000489
458,512,0.000000488
459,512,0.000000487
460,512,0.000000487
461,512,0.000000497
462,512,0.000000495
463,512,0.000000487
464,512,0.000000565
465,512,0.000000489
466,512,0.000000489
467,512,0.000000486
468,512,0.000000485
469,512,0.000000495
470,512,0.000000494
471,512,0.000000486
472,512,0.000000553
473,512,0.000000487
474,512,0.000000486
475,512,0.000000488
476,512,0.000000485
477,512,0.000000496
478,512,0.000000495
479,512,0.000000490
480,512,0.000000562
481,512,0.000000489
482,512,0.000000490
483,512,0.000000488
484,512,0.000000486
485,512,0.000000496
486,512,0.000000493
487,512,0.000000487
488,512,0.000000519
489,512,0.000000489
490,512,0.000000490
491,512,0.000000488
492,512,0.000000488
493,512,0.000000496
494,512,0.000000494
495,512,0.000000488
496,512,0.000000622
497,512,0.000000491
498,512,0.000000491
499,512,0.000000489
500,512,0.000000488
501,512,0.000000498
502,512,0.000000495
503,512,0.000000489
504,512,0.000000767
505,512,0.000000511
506,512,0.000000495
507,512,0.000000495
508,512,0.000000495
509,512,0.000000503
510,512,0.000000501
511,512,0.000000496
512,512,0.000000637
513,512,0.000000487
514,512,0.000000489
515,512,0.000000489
516,512,0.000000487
517,512,0.000000496
518,512,0.000000493
519,512,0.000000488
520,512,0.000000833
521,512,0.000000487
522,512,0.000000488
523,512,0.000000486
524,512,0.000000487
525,512,0.000000494
526,512,0.000000494
527,512,0.000000488
528,512,0.000000625
529,512,0.000000487
530,512,0.000000485
531,512,0.000000486
532,512,0.000000486
533,512,0.000000496
534,512,0.000000496
535,512,0.000000497
536,512,0.000000632
537,512,0.000000490
538,512,0.000000488
539,512,0.000000487
540,512,0.000000487
541,512,0.000000493
542,512,0.000000493
543,512,0.000000489
544,512,0.000000634
545,512,0.000000488
546,512,0.000000488
547,512,0.000000488
548,512,0.000000487
549,512,0.000000496
550,512,0.000000496
551,512,0.000000489
552,512,0.000000629
553,512,0.000000490
554,512,0.000000490
555,512,0.000000488
556,512,0.000000489
557,512,0.000000496
558,512,0.000000495
559,512,0.000000489
560,512,0.000000696
561,512,0.000000489
562,512,0.000000489
563,512,0.000000490
564,512,0.000000488
565,512,0.000000496
566,512,0.000000494
567,512,0.000000490
568,512,0.000000727
569,512,0.000000490
570,512,0.000000489
571,512,0.000000489
572,512,0.000000488
573,512,0.000000511
574,512,0.000000494
575,512,0.000000489
576,512,0.000000624
577,512,0.000000488
578,512,0.000000487
579,512,0.000000486
580,512,0.000000488
581,512,0.000000495
582,512,0.000000496
583,512,0.000000487
584,512,0.000000632
585,512,0.000000489
586,512,0.000000487
587,512,0.000000486
588,512,0.000000488
589,512,0.000000496
590,512,0.000000494
591,512,0.000000488
592,512,0.000000572
593,512,0.000000487
594,512,0.000000487
595,512,0.000000486
596,512,0.000000487
597,512,0.000000496
598,512,0.000000496
599,512,0.000000487
600,512,0.000000575
601,512,0.000000488
602,512,0.000000490
603,512,0.000000487
604,512,0.000000488
605,512,0.000000495
606,512,0.000000492
607,512,0.000000490
608,512,0.000000654
609,512,0.000000488
610,512,0.000000489
611,512,0.000000489
612,512,0.000000489
613,512,0.000000495
614,512,0.000000494
615,512,0.000000488
616,512,0.000000653
617,512,0.000000491
618,512,0.000000489
619,512,0.000000490
620,512,0.000000488
621,512,0.000000496
622,512,0.000000496
623,512,0.000000489
624,512,0.000000649
625,512,0.000000489
626,512,0.000000490
627,512,0.000000489
628,512,0.000000488
629,512,0.000000497
630,512,0.000000493
631,512,0.000000488
632,512,0.000000842
633,512,0.000000489
634,512,0.000000486
635,512,0.000000486
636,512,0.000000488
637,512,0.000000493
638,512,0.000000626
639,512,0.000000673
640,512,0.000000790
641,512,0.000000720
642,512,0.000000680
643,512,0.000000662
644,512,0.000000687
645,512,0.000000719
646,512,0.000000670
647,512,0.000000812
648,512,0.000000765
649,512,0.000000696
650,512,0.000000715
651,512,0.000000693
652,512,0.000000876
653,512,0.000000714
654,512,0.000000808
655,512,0.000000722
656,512,0.000000840
657,512,0.000000755
658,512,0.000000655
659,512,0.000000692
660,512,0.000000684
661,512,0.000000812
662,512,0.000000554
663,512,0.000023505
664,512,0.000000619
665,512,0.000000498
666,512,0.000000498
667,512,0.000000498
668,512,0.000000502
669,512,0.000000507
670,512,0.000000508
671,512,0.000000507
672,512,0.000000644
673,512,0.000000501
674,512,0.000000498
675,512,0.000000499
676,512,0.000000498
677,512,0.000000506
678,512,0.000000505
679,512,0.000000501
680,512,0.000000641
681,512,0.000000498
682,512,0.000000498
683,512,0.000000498
684,512,0.000000499
685,512,0.000000509
686,512,0.000000510
687,512,0.000000507
688,512,0.000000586
689,512,0.000000500
690,512,0.000000499
691,512,0.000000497
692,512,0.000000501
693,512,0.000000505
694,512,0.000000509
695,512,0.000000508
696,512,0.000000649
697,512,0.000000498
698,512,0.000000499
699,512,0.000000497
700,512,0.000000497
701,512,0.000000505
702,512,0.000000504
703,512,0.000000499
704,512,0.000000654
705,512,0.000000502
706,512,0.000000497
707,512,0.000000498
708,512,0.000000496
709,512,0.000000503
710,512,0.000013189
711,512,0.000000529
712,512,0.000000628
713,512,0.000000489
714,512,0.000000490
715,512,0.000000490
716,512,0.000000490
717,512,0.000000498
718,512,0.000000492
719,512,0.000000492
720,512,0.000000625
721,512,0.000000490
722,512,0.000000490
723,512,0.000000489
724,512,0.000000490
725,512,0.000000496
726,512,0.000000497
727,512,0.000015892
728,512,0.000000658
729,512,0.000000504
730,512,0.000000502
731,512,0.000000503
732,512,0.000000501
733,512,0.000000513
734,512,0.000000507
735,512,0.000000505
736,512,0.000000639
737,512,0.000000506
738,512,0.000000501
739,512,0.000000501
740,512,0.000000500
741,512,0.000000511
742,512,0.000000508
743,512,0.000013151
744,512,0.000000656
745,512,0.000000489
746,512,0.000000489
747,512,0.000000489
748,512,0.000000488
749,512,0.000000497
750,512,0.000000493
751,512,0.000000489
752,512,0.000000622
753,512,0.000000489
754,512,0.000000487
755,512,0.000000487
756,512,0.000000489
757,512,0.000000497
758,512,0.000000494
759,512,0.000000488
760,512,0.000000628
761,512,0.000000488
762,512,0.000000488
763,512,0.000000489
764,512,0.000000489
765,512,0.000000496
766,512,0.000000494
767,512,0.000000489
768,512,0.000000709
769,512,0.000000489
770,512,0.000000489
771,512,0.000000488
772,512,0.000000487
773,512,0.000000497
774,512,0.000000495
775,512,0.000000490
776,512,0.000000579
777,512,0.000000488
778,512,0.000000489
779,512,0.000000489
780,512,0.000000491
781,512,0.000000498
782,512,0.000000497
783,512,0.000000492
784,512,0.000000796
785,512,0.000000491
786,512,0.000000490
787,512,0.000000489
788,512,0.000000489
789,512,0.000000498
790,512,0.000000496
791,512,0.000000490
792,512,0.000000574
793,512,0.000000488
794,512,0.000000490
795,512,0.000000488
796,512,0.000000489
797,512,0.000000497
798,512,0.000000495
799,512,0.000000489
800,512,0.000000625
801,512,0.000000490
802,512,0.000000488
803,512,0.000000489
804,512,0.000000488
805,512,0.000000495
806,512,0.000000495
807,512,0.000000490
808,512,0.000000573
809,512,0.000000488
810,512,0.000000490
811,512,0.000000488
812,512,0.000000488
813,512,0.000000495
814,512,0.000000492
815,512,0.000000488
816,512,0.000000574
817,512,0.000000488
818,512,0.000000488
819,512,0.000000488
820,512,0.000000487
821,512,0.000000497
822,512,0.000000494
823,512,0.000000490
824,512,0.000000633
825,512,0.000000488
826,512,0.000000489
827,512,0.000000489
828,512,0.000000490
829,512,0.000000496
830,512,0.000000498
831,512,0.000000498
832,512,0.000000629
833,512,0.000000490
834,512,0.000000490
835,512,0.000000489
836,512,0.000000491
837,512,0.000000497
838,512,0.000000494
839,512,0.000000490
840,512,0.000000627
841,512,0.000000489
842,512,0.000000490
843,512,0.000000490
844,512,0.000000489
845,512,0.000000496
846,512,0.000000497
847,512,0.000000491
848,512,0.000000575
849,512,0.000000493
850,512,0.000000489
851,512,0.000000490
852,512,0.000000489
853,512,0.000000497
854,512,0.000000496
855,512,0.000000490
856,512,0.000000574
857,512,0.000000491
858,512,0.000000489
859,512,0.000000490
860,512,0.000000490
861,512,0.000000496
862,512,0.000000496
863,512,0.000000491
864,512,0.000000572
865,512,0.000000490
866,512,0.000000489
867,512,0.000000489
868,512,0.000000489
869,512,0.000000496
870,512,0.000000495
871,512,0.000000489
872,512,0.000000631
873,512,0.000000488
874,512,0.000000487
875,512,0.000000489
876,512,0.000000489
877,512,0.000000494
878,512,0.000000492
879,512,0.000000491
880,512,0.000000872
881,512,0.000000491
882,512,0.000000489
883,512,0.000000487
884,512,0.000000491
885,512,0.000000497
886,512,0.000000494
887,512,0.000000489
888,512,0.000000626
889,512,0.000000490
890,512,0.000000489
891,512,0.000000489
892,512,0.000000489
893,512,0.000000497
894,512,0.000000496
895,512,0.000000489
896,512,0.000000631
897,512,0.000000492
898,512,0.000000490
899,512,0.000000489
900,512,0.000000492
901,512,0.000000497
902,512,0.000000496
903,512,0.000000490
904,512,0.000000656
905,512,0.000000489
906,512,0.000000490
907,512,0.000000491
908,512,0.000000489
909,512,0.000000498
910,512,0.000000494
911,512,0.000000490
912,512,0.000000630
913,512,0.000000491
914,512,0.000000489
915,512,0.000000490
916,512,0.000000490
917,512,0.000000495
918,512,0.000000497
919,512,0.000000488
920,512,0.000000575
921,512,0.000000488
922,512,0.000000489
923,512,0.000000489
924,512,0.000000490
925,512,0.000000495
926,512,0.000000493
927,512,0.000000489
928,512,0.000000628
929,512,0.000000489
930,512,0.000000489
931,512,0.000000488
932,512,0.000000488
933,512,0.000000496
934,512,0.000000494
935,512,0.000000486
936,512,0.000000624
937,512,0.000000489
938,512,0.000000488
939,512,0.000000488
940,512,0.000000489
941,512,0.000000496
942,512,0.000000495
943,512,0.000000489
944,512,0.000000622
945,512,0.000000492
946,512,0.000000490
947,512,0.000000488
948,512,0.000000490
949,512,0.000000496
950,512,0.000000494
951,512,0.000000491
952,512,0.000000644
953,512,0.000000490
954,512,0.000000488
955,512,0.000000490
956,512,0.000000488
957,512,0.000000497
958,512,0.000000495
959,512,0.000000489
960,512,0.000000676
961,512,0.000000491
962,512,0.000000490
963,512,0.000000492
964,512,0.000000490
965,512,0.000000499
966,512,0.000000496
967,512,0.000000490
968,512,0.000000626
969,512,0.000000489
970,512,0.000000489
971,512,0.000000489
972,512,0.000000489
973,512,0.000000498
974,512,0.000000496
975,512,0.000000489
976,512,0.000000571
977,512,0.000000491
978,512,0.000000490
979,512,0.000000489
980,512,0.000000489
981,512,0.000000499
982,512,0.000000493
983,512,0.000000489
984,512,0.000000575
985,512,0.000000489
986,512,0.000000489
987,512,0.000000489
988,512,0.000000488
989,512,0.000000497
990,512,0.000000495
991,512,0.000000488
992,512,0.000000621
993,512,0.000000491
994,512,0.000000488
995,512,0.000000487
996,512,0.000000487
997,512,0.000000494
998,512,0.000000495
999,512,0.000000491
0,768,0.000000917
1,768,0.000000496
2,768,0.000000493
3,768,0.000000497
4,768,0.000000496
5,768,0.000000654
6,768,0.000000509
7,768,0.000000492
8,768,0.000000490
9,768,0.000000499
10,768,0.000000564
11,768,0.000000498
12,768,0.000000496
13,768,0.000000491
14,768,0.000000491
15,768,0.000000499
16,768,0.000000517
17,768,0.000000493
18,768,0.000000491
19,768,0.000000499
20,768,0.000000497
21,768,0.000000580
22,768,0.000000493
23,768,0.000000494
24,768,0.000000497
25,768,0.000000499
26,768,0.000000560
27,768,0.000000495
28,768,0.000000494
29,768,0.000000493
30,768,0.000000499
31,768,0.000000497
32,768,0.000000518
33,768,0.000000494
34,768,0.000000493
35,768,0.000000499
36,768,0.000000501
37,768,0.000000614
38,768,0.000000491
39,768,0.000000492
40,768,0.000000497
41,768,0.000000499
42,768,0.000000560
43,768,0.000000494
44,768,0.000000491
45,768,0.000000490
46,768,0.000000499
47,768,0.000000495
48,768,0.000000513
49,768,0.000000494
50,768,0.000000492
51,768,0.000000499
52,768,0.000000497
53,768,0.000000554
54,768,0.000000492
55,768,0.000000494
56,768,0.000000496
57,768,0.000000499
58,768,0.000000557
59,768,0.000000492
60,768,0.000000490
61,768,0.000000492
62,768,0.000000498
63,768,0.000000494
64,768,0.000000564
65,768,0.000000492
66,768,0.000000491
67,768,0.000000499
68,768,0.000000497
69,768,0.000000555
70,768,0.000000492
71,768,0.000000492
72,768,0.000000497
73,768,0.000000498
74,768,0.000000559
75,768,0.000000492
76,768,0.000000493
77,768,0.000000492
78,768,0.000000499
79,768,0.000000494
80,768,0.000000564
81,768,0.000000493
82,768,0.000000492
83,768,0.000000498
84,768,0.000000499
85,768,0.000000562
86,768,0.000000492
87,768,0.000000492
88,768,0.000000499
89,768,0.000000501
90,768,0.000000559
91,768,0.000000495
92,768,0.000000493
93,768,0.000000494
94,768,0.000000498
95,768,0.000000497
96,768,0.000000566
97,768,0.000000493
98,768,0.000000492
99,768,0.000000499
100,768,0.000000499
101,768,0.000000558
102,768,0.000000493
103,768,0.000000493
104,768,0.000000496
105,768,0.000000500
106,768,0.000000624
107,768,0.000000494
108,768,0.000000491
109,768,0.000000491
110,768,0.000000502
111,768,0.000000494
112,768,0.000000560
113,768,0.000000492
114,768,0.000000491
115,768,0.000000499
116,768,0.000000497
117,768,0.000000556
118,768,0.000000490
119,768,0.000000491
120,768,0.000000498
121,768,0.000000500
122,768,0.000000558
123,768,0.000000490
124,768,0.000000492
125,768,0.000000487
126,768,0.000000496
127,768,0.000000492
128,768,0.000000513
129,768,0.000000492
130,768,0.000000489
131,768,0.000000497
132,768,0.000000500
133,768,0.000000611
134,768,0.000000491
135,768,0.000000492
136,768,0.000000500
137,768,0.000000497
138,768,0.000000558
139,768,0.000000493
140,768,0.000000492
141,768,0.000000490
142,768,0.000000499
143,768,0.000000496
144,768,0.000000514
145,768,0.000000493
146,768,0.000000498
147,768,0.000000498
148,768,0.000000499
149,768,0.000000557
150,768,0.000000491
151,768,0.000000493
152,768,0.000000500
153,768,0.000000503
154,768,0.000000617
155,768,0.000000493
156,768,0.000000494
157,768,0.000000493
158,768,0.000000500
159,768,0.000000496
160,768,0.000000511
161,768,0.000000492
162,768,0.000000492
163,768,0.000000500
164,768,0.000000502
165,768,0.000000558
166,768,0.000000492
167,768,0.000000493
168,768,0.000000498
169,768,0.000000500
170,768,0.000000560
171,768,0.000000494
172,768,0.000000492
173,768,0.000000491
174,768,0.000000498
175,768,0.000000494
176,768,0.000000508
177,768,0.000000492
178,768,0.000000491
179,768,0.000000497
180,768,0.000000499
181,768,0.000000565
182,768,0.000000490
183,768,0.000000492
184,768,0.000000496
185,768,0.000000499
186,768,0.000000557
187,768,0.000000491
188,768,0.000000491
189,768,0.000000488
190,768,0.000000499
191,768,0.000000494
192,768,0.000000514
193,768,0.000000493
194,768,0.000000491
195,768,0.000000498
196,768,0.000000500
197,768,0.000000622
198,768,0.000000491
199,768,0.000000489
200,768,0.000000497
201,768,0.000000499
202,768,0.000000614
203,768,0.000000494
204,768,0.000000492
205,768,0.000000491
206,768,0.000000499
207,768,0.000000496
208,768,0.000000509
209,768,0.000000494
210,768,0.000000492
211,768,0.000000498
212,768,0.000000500
213,768,0.000000598
214,768,0.000000492
215,768,0.000000492
216,768,0.000000499
217,768,0.000000499
218,768,0.000000559
219,768,0.000000494
220,768,0.000000493
221,768,0.000000491
222,768,0.000000499
223,768,0.000000496
224,768,0.000000514
225,768,0.000000492
226,768,0.000000489
227,768,0.000000499
228,768,0.000000501
229,768,0.000000556
230,768,0.000000492
231,768,0.000000493
232,768,0.000000497
233,768,0.000000500
234,768,0.000000558
235,768,0.000000490
236,768,0.000000491
237,768,0.000000491
238,768,0.000000498
239,768,0.000000494
240,768,0.000000516
241,768,0.000000491
242,768,0.000000489
243,768,0.000000497
244,768,0.000000496
245,768,0.000000554
246,768,0.000000492
247,768,0.000000493
248,768,0.000000494
249,768,0.000000496
250,768,0.000000558
251,768,0.000000493
252,768,0.000000491
253,768,0.000000492
254,768,0.000000499
255,768,0.000000495
256,768,0.000000511
257,768,0.000000494
258,768,0.000000492
259,768,0.000000498
260,768,0.000000498
261,768,0.000000559
262,768,0.000000492
263,768,0.000000493
264,768,0.000000499
265,768,0.000000499
266,768,0.000000560
267,768,0.000000494
268,768,0.000000493
269,768,0.000000491
270,768,0.000000498
271,768,0.000000496
272,768,0.000000516
273,768,0.000000493
274,768,0.000000491
275,768,0.000000499
276,768,0.000000498
277,768,0.000000558
278,768,0.000000493
279,768,0.000000492
280,768,0.000000497
281,768,0.000000499
282,768,0.000000558
283,768,0.000000493
284,768,0.000000492
285,768,0.000000491
286,768,0.000000498
287,768,0.000000495
288,768,0.000000513
289,768,0.000000492
290,768,0.000000491
291,768,0.000000498
292,768,0.000000502
293,768,0.000000788
294,768,0.000000490
295,768,0.000000492
296,768,0.000000497
297,768,0.000000499
298,768,0.000000559
299,768,0.000000495
300,768,0.000000493
301,768,0.000000489
302,768,0.000000497
303,768,0.000000496
304,768,0.000000572
305,768,0.000000491
306,768,0.000000490
307,768,0.000000498
308,768,0.000000501
309,768,0.000000563
310,768,0.000000491
311,768,0.000000491
312,768,0.000000497
313,768,0.000000498
314,768,0.000000558
315,768,0.000000494
316,768,0.000000491
317,768,0.000000491
318,768,0.000000499
319,768,0.000000495
320,768,0.000000566
321,768,0.000000493
322,768,0.000000491
323,768,0.000000498
324,768,0.000000500
325,768,0.000000561
326,768,0.000000493
327,768,0.000000493
328,768,0.000000496
329,768,0.000000499
330,768,0.000000561
331,768,0.000000495
332,768,0.000000493
333,768,0.000000492
334,768,0.000000499
335,768,0.000000497
336,768,0.000000620
337,768,0.000000499
338,768,0.000000497
339,768,0.000000504
340,768,0.000000502
341,768,0.000000573
342,768,0.000000499
343,768,0.000000497
344,768,0.000000503
345,768,0.000000506
346,768,0.000000613
347,768,0.000000493
348,768,0.000000490
349,768,0.000000490
350,768,0.000000497
351,768,0.000000493
352,768,0.000000512
353,768,0.000000491
354,768,0.000000490
355,768,0.000000499
356,768,0.000000494
357,768,0.000000556
358,768,0.000000489
359,768,0.000000491
360,768,0.000000496
361,768,0.000000497
362,768,0.000000611
363,768,0.000000490
364,768,0.000000488
365,768,0.000000489
366,768,0.000000495
367,768,0.000000492
368,768,0.000000517
369,768,0.000000490
370,768,0.000000488
371,768,0.000000494
372,768,0.000000495
373,768,0.000000557
374,768,0.000000489
375,768,0.000000489
376,768,0.000000494
377,768,0.000000497
378,768,0.000000556
379,768,0.000000493
380,768,0.000000489
381,768,0.000000489
382,768,0.000000496
383,768,0.000000494
384,768,0.000000510
385,768,0.000000491
386,768,0.000000490
387,768,0.000000496
388,768,0.000000498
389,768,0.000000564
390,768,0.000000492
391,768,0.000000491
392,768,0.000000499
393,768,0.000000500
394,768,0.000000611
395,768,0.000000493
396,768,0.000000492
397,768,0.000000492
398,768,0.000000499
399,768,0.000000493
400,768,0.000000508
401,768,0.000000491
402,768,0.000000488
403,768,0.000000497
404,768,0.000000498
405,768,0.000000559
406,768,0.000000491
407,768,0.000000492
408,768,0.000000497
409,768,0.000000497
410,768,0.000000557
411,768,0.000000491
412,768,0.000000490
413,768,0.000000489
414,768,0.000000496
415,768,0.000000493
416,768,0.000000509
417,768,0.000000490
418,768,0.000000489
419,768,0.000000496
420,768,0.000000496
421,768,0.000000554
422,768,0.000000489
423,768,0.000000489
424,768,0.000000493
425,768,0.000000497
426,768,0.000000557
427,768,0.000000492
428,768,0.000000490
429,768,0.000000488
430,768,0.000000496
431,768,0.000000493
432,768,0.000000509
433,768,0.000000491
434,768,0.000000491
435,768,0.000000497
436,768,0.000000495
437,768,0.000000557
438,768,0.000000491
439,768,0.000000488
440,768,0.000000496
441,768,0.000000498
442,768,0.000000556
443,768,0.000000493
444,768,0.000000490
445,768,0.000000491
446,768,0.000000496
447,768,0.000000494
448,768,0.000000511
449,768,0.000000493
450,768,0.000000491
451,768,0.000000497
452,768,0.000000498
453,768,0.000000555
454,768,0.000000491
455,768,0.000000492
456,768,0.000000495
457,768,0.000000498
458,768,0.000000555
459,768,0.000000491
460,768,0.000000492
461,768,0.000000489
462,768,0.000000499
463,768,0.000000493
464,768,0.000000509
465,768,0.000000491
466,768,0.000000489
467,768,0.000000497
468,768,0.000000495
469,768,0.000000611
470,768,0.000000490
471,768,0.000000490
472,768,0.000000495
473,768,0.000000498
474,768,0.000000559
475,768,0.000000492
476,768,0.000000488
477,768,0.000000489
478,768,0.000000498
479,768,0.000000493
480,768,0.000000562
481,768,0.000000490
482,768,0.000000487
483,768,0.000000494
484,768,0.000000494
485,768,0.000000607
486,768,0.000000490
487,768,0.000000490
488,768,0.000000494
489,768,0.000000498
490,768,0.000000558
491,768,0.000000490
492,768,0.000000490
493,768,0.000000490
494,768,0.000000496
495,768,0.000000492
496,768,0.000000513
497,768,0.000000491
498,768,0.000000497
499,768,0.000000497
500,768,0.000000496
501,768,0.000000554
502,768,0.000000492
503,768,0.000000489
504,768,0.000000497
505,768,0.000000497
506,768,0.000000557
507,768,0.000000491
508,768,0.000000491
509,768,0.000000491
510,768,0.000000497
511,768,0.000000494
512,768,0.000000566
513,768,0.000000492
514,768,0.000000491
515,768,0.000000497
516,768,0.000000500
517,768,0.000000615
518,768,0.000000490
519,768,0.000000490
520,768,0.000000496
521,768,0.000000499
522,768,0.000000557
523,768,0.000000492
524,768,0.000000490
525,768,0.000000489
526,768,0.000000499
527,768,0.000000494
528,768,0.000000508
529,768,0.000000492
530,768,0.000000488
531,768,0.000000497
532,768,0.000000494
533,768,0.000000555
534,768,0.000000490
535,768,0.000000490
536,768,0.000000495
537,768,0.000000497
538,768,0.000000554
539,768,0.000000491
540,768,0.000000489
541,768,0.000000488
542,768,0.000000495
543,768,0.000000492
544,768,0.000000562
545,768,0.000000491
546,768,0.000000488
547,768,0.000000497
548,768,0.000000497
549,768,0.000000562
550,768,0.000000493
551,768,0.000000491
552,768,0.000000494
553,768,0.000000499
554,768,0.000000556
555,768,0.000000491
556,768,0.000000489
557,768,0.000000489
558,768,0.000000498
559,768,0.000000493
560,768,0.000000510
561,768,0.000000492
562,768,0.000000490
563,768,0.000000496
564,768,0.000000499
565,768,0.000000562
566,768,0.000000492
567,768,0.000000489
568,768,0.000000498
569,768,0.000000497
570,768,0.000000556
571,768,0.000000493
572,768,0.000000490
573,768,0.000000491
574,768,0.000000498
575,768,0.000000493
576,768,0.000000508
577,768,0.000000492
578,768,0.000000491
579,768,0.000000498
580,768,0.000000496
581,768,0.000000557
582,768,0.000000490
583,768,0.000000490
584,768,0.000000495
585,768,0.000000499
586,768,0.000000613
587,768,0.000000492
588,768,0.000000489
589,768,0.000000489
590,768,0.000000497
591,768,0.000000492
592,768,0.000000567
593,768,0.000000491
594,768,0.000000489
595,768,0.000000498
596,768,0.000000499
597,768,0.000000566
598,768,0.000000490
599,768,0.000000490
600,768,0.000000493
601,768,0.000000500
602,768,0.000000556
603,768,0.000000491
604,768,0.000000489
605,768,0.000000489
606,768,0.000000494
607,768,0.000000492
608,768,0.000000506
609,768,0.000000490
610,768,0.000000490
611,768,0.000000497
612,768,0.000000497
613,768,0.000000554
614,768,0.000000489
615,768,0.000000489
616,768,0.000000494
617,768,0.000000498
618,768,0.000000556
619,768,0.000000548
620,768,0.000000490
621,768,0.000000489
622,768,0.000000498
623,768,0.000000492
624,768,0.000000509
625,768,0.000000492
626,768,0.000000491
627,768,0.000000497
628,768,0.000000501
629,768,0.000000555
630,768,0.000000492
631,768,0.000000489
632,768,0.000000497
633,768,0.000000514
634,768,0.000000566
635,768,0.000000492
636,768,0.000000492
637,768,0.000000489
638,768,0.000000499
639,768,0.000000496
640,768,0.000000565
641,768,0.000000492
642,768,0.000000491
643,768,0.000000498
644,768,0.000000495
645,768,0.000000555
646,768,0.000000491
647,768,0.000000490
648,768,0.000000496
649,768,0.000000497
650,768,0.000000611
651,768,0.000000492
652,768,0.000000489
653,768,0.000000490
654,768,0.000000498
655,768,0.000000493
656,768,0.000000507
657,768,0.000000490
658,768,0.000000488
659,768,0.000000495
660,768,0.000000499
661,768,0.000000552
662,768,0.000000489
663,768,0.000000489
664,768,0.000000494
665,768,0.000000496
666,768,0.000000769
667,768,0.000000699
668,768,0.000000765
669,768,0.000000745
670,768,0.000000753
671,768,0.000000682
672,768,0.000000911
673,768,0.000000687
674,768,0.000000847
675,768,0.000000638
676,768,0.000000712
677,768,0.000001070
678,768,0.000000723
679,768,0.000000842
680,768,0.000000715
681,768,0.000000835
682,768,0.000015394
683,768,0.000000725
684,768,0.000000742
685,768,0.000000678
686,768,0.000000688
687,768,0.000000894
688,768,0.000001631
689,768,0.000000504
690,768,0.000000567
691,768,0.000000511
692,768,0.000000512
693,768,0.000000715
694,768,0.000000506
695,768,0.000000505
696,768,0.000000509
697,768,0.000000512
698,768,0.000000886
699,768,0.000000564
700,768,0.000000507
701,768,0.000000504
702,768,0.000000512
703,768,0.000000509
704,768,0.000000868
705,768,0.000000505
706,768,0.000000515
707,768,0.000000511
708,768,0.000000543
709,768,0.000000693
710,768,0.000000506
711,768,0.000000508
712,768,0.000000512
713,768,0.000000512
714,768,0.000000697
715,768,0.000000564
716,768,0.000000506
717,768,0.000000507
718,768,0.000000514
719,768,0.000000510
720,768,0.000000654
721,768,0.000000507
722,768,0.000000505
723,768,0.000000509
724,768,0.000000512
725,768,0.000000725
726,768,0.000000505
727,768,0.000000505
728,768,0.000000511
729,768,0.000000512
730,768,0.000000688
731,768,0.000000563
732,768,0.000000505
733,768,0.000000503
734,768,0.000000511
735,768,0.000000506
736,768,0.000000647
737,768,0.000000504
738,768,0.000000568
739,768,0.000000510
740,768,0.000000512
741,768,0.000000703
742,768,0.000000504
743,768,0.000000506
744,768,0.000000511
745,768,0.000000514
746,768,0.000000697
747,768,0.000000506
748,768,0.000000505
749,768,0.000000506
750,768,0.000000511
751,768,0.000000508
752,768,0.000000594
753,768,0.000000504
754,768,0.000000511
755,768,0.000000512
756,768,0.000000512
757,768,0.000000639
758,768,0.000000506
759,768,0.000000506
760,768,0.000000512
761,768,0.000000512
762,768,0.000000780
763,768,0.000000508
764,768,0.000000507
765,768,0.000000507
766,768,0.000000513
767,768,0.000000510
768,768,0.000000658
769,768,0.000013043
770,768,0.000000575
771,768,0.000000498
772,768,0.000000498
773,768,0.000000618
774,768,0.000000493
775,768,0.000000492
776,768,0.000000498
777,768,0.000000508
778,768,0.000000685
779,768,0.000000492
780,768,0.000000493
781,768,0.000000491
782,768,0.000000499
783,768,0.000000494
784,768,0.000000745
785,768,0.000000493
786,768,0.000000491
787,768,0.000000499
788,768,0.000000498
789,768,0.000000673
790,768,0.000000493
791,768,0.000000492
792,768,0.000000498
793,768,0.000000498
794,768,0.000000633
795,768,0.000000550
796,768,0.000000493
797,768,0.000000491
798,768,0.000000499
799,768,0.000000495
800,768,0.000000591
801,768,0.000000493
802,768,0.000000501
803,768,0.000000497
804,768,0.000000497
805,768,0.000001041
806,768,0.000000494
807,768,0.000000492
808,768,0.000000499
809,768,0.000000499
810,768,0.000000688
811,768,0.000000556
812,768,0.000000492
813,768,0.000000491
814,768,0.000000499
815,768,0.000000495
816,768,0.000000632
817,768,0.000000494
818,768,0.000000555
819,768,0.000000495
820,768,0.000000497
821,768,0.000000622
822,768,0.000000493
823,768,0.000000492
824,768,0.000000497
825,768,0.000000497
826,768,0.000000675
827,768,0.000000553
828,768,0.000000492
829,768,0.000000490
830,768,0.000000500
831,768,0.000000495
832,768,0.000000851
833,768,0.000000493
834,768,0.000000498
835,768,0.000000496
836,768,0.000000495
837,768,0.000000624
838,768,0.000000492
839,768,0.000000493
840,768,0.000000497
841,768,0.000000501
842,768,0.000000621
843,768,0.000000555
844,768,0.000000494
845,768,0.000000490
846,768,0.000000499
847,768,0.000000496
848,768,0.000000681
849,768,0.000000493
850,768,0.000000632
851,768,0.000000499
852,768,0.000000500
853,768,0.000000685
854,768,0.000000494
855,768,0.000000492
856,768,0.000000498
857,768,0.000000500
858,768,0.000000679
859,768,0.000000551
860,768,0.000000493
861,768,0.000000494
862,768,0.000000499
863,768,0.000000495
864,768,0.000000587
865,768,0.000000493
866,768,0.000000500
867,768,0.000000500
868,768,0.000000497
869,768,0.000000622
870,768,0.000000493
871,768,0.000000494
872,768,0.000000499
873,768,0.000000497
874,768,0.000000622
875,768,0.000000553
876,768,0.000000492
877,768,0.000000492
878,768,0.000000498
879,768,0.000000496
880,768,0.000000642
881,768,0.000000491
882,768,0.000000564
883,768,0.000000494
884,768,0.000000496
885,768,0.000000677
886,768,0.000000492
887,768,0.000000492
888,768,0.000000498
889,768,0.000000500
890,768,0.000000676
891,768,0.000000490
892,768,0.000000492
893,768,0.000000492
894,768,0.000000499
895,768,0.000000494
896,768,0.000000640
897,768,0.000000495
898,768,0.000000491
899,768,0.000000500
900,768,0.000000497
901,768,0.000000679
902,768,0.000000494
903,768,0.000000492
904,768,0.000000500
905,768,0.000000499
906,768,0.000000677
907,768,0.000000555
908,768,0.000000494
909,768,0.000000491
910,768,0.000000500
911,768,0.000000496
912,768,0.000000642
913,768,0.000000495
914,768,0.000000493
915,768,0.000000499
916,768,0.000000500
917,768,0.000000623
918,768,0.000000493
919,768,0.000000493
920,768,0.000000500
921,768,0.000000501
922,768,0.000000728
923,768,0.000000559
924,768,0.000000493
925,768,0.000000490
926,768,0.000000501
927,768,0.000000495
928,768,0.000000585
929,768,0.000000494
930,768,0.000000491
931,768,0.000000500
932,768,0.000000498
933,768,0.000000677
934,768,0.000000494
935,768,0.000000491
936,768,0.000000497
937,768,0.000000497
938,768,0.000000676
939,768,0.000000551
940,768,0.000000493
941,768,0.000000490
942,768,0.000000497
943,768,0.000000495
944,768,0.000000641
945,768,0.000000492
946,768,0.000000490
947,768,0.000000497
948,768,0.000000496
949,768,0.000000690
950,768,0.000000492
951,768,0.000000490
952,768,0.000000499
953,768,0.000000497
954,768,0.000000680
955,768,0.000000552
956,768,0.000000494
957,768,0.000000492
958,768,0.000000499
959,768,0.000000496
960,768,0.000000733
961,768,0.000000494
962,768,0.000000499
963,768,0.000000496
964,768,0.000000496
965,768,0.000000688
966,768,0.000000576
967,768,0.000000493
968,768,0.000000491
969,768,0.000000500
970,768,0.000000691
971,768,0.000000552
972,768,0.000000494
973,768,0.000000492
974,768,0.000000499
975,768,0.000000496
976,768,0.000000694
977,768,0.000000493
978,768,0.000000491
979,768,0.000000500
980,768,0.000000499
981,768,0.000000631
982,768,0.000000493
983,768,0.000000492
984,768,0.000000499
985,768,0.000000502
986,768,0.000000690
987,768,0.000000549
988,768,0.000000493
989,768,0.000000489
990,768,0.000000499
991,768,0.000000495
992,768,0.000000637
993,768,0.000000493
994,768,0.000000560
995,768,0.000000494
996,768,0.000000494
997,768,0.000000681
998,768,0.000000492
999,768,0.000000492
0,1024,0.000000959
1,1024,0.000000517
2,1024,0.000000497
3,1024,0.000000503
4,1024,0.000000584
5,1024,0.000000505
6,1024,0.000000491
7,1024,0.000000500
8,1024,0.000000521
9,1024,0.000000504
10,1024,0.000000492
11,1024,0.000000502
12,1024,0.000000517
13,1024,0.000000503
14,1024,0.000000500
15,1024,0.000000491
16,1024,0.000000519
17,1024,0.000000502
18,1024,0.000000500
19,1024,0.000000491
20,1024,0.000000514
21,1024,0.000000506
22,1024,0.000000499
23,1024,0.000000493
24,1024,0.000000566
25,1024,0.000000494
26,1024,0.000000500
27,1024,0.000000495
28,1024,0.000000566
29,1024,0.000000504
30,1024,0.000000502
31,1024,0.000000506
32,1024,0.000000514
33,1024,0.000000501
34,1024,0.000000504
35,1024,0.000000494
36,1024,0.000000513
37,1024,0.000000505
38,1024,0.000000501
39,1024,0.000000499
40,1024,0.000000516
41,1024,0.000000502
42,1024,0.000000505
43,1024,0.000000496
44,1024,0.000000571
45,1024,0.000000500
46,1024,0.000000504
47,1024,0.000000496
48,1024,0.000000743
49,1024,0.000000504
50,1024,0.000000502
51,1024,0.000000496
52,1024,0.000000566
53,1024,0.000000497
54,1024,0.000000502
55,1024,0.000000503
56,1024,0.000000517
57,1024,0.000000503
58,1024,0.000000500
59,1024,0.000000498
60,1024,0.000000571
61,1024,0.000000502
62,1024,0.000000501
63,1024,0.000000495
64,1024,0.000000515
65,1024,0.000000495
66,1024,0.000000501
67,1024,0.000000499
68,1024,0.000000514
69,1024,0.000000503
70,1024,0.000000499
71,1024,0.000000498
72,1024,0.000000565
73,1024,0.000000504
74,1024,0.000000501
75,1024,0.000000500
76,1024,0.000000513
77,1024,0.000000502
78,1024,0.000000500
79,1024,0.000000495
80,1024,0.000000915
81,1024,0.000000505
82,1024,0.000000501
83,1024,0.000000496
84,1024,0.000000560
85,1024,0.000000493
86,1024,0.000000500
87,1024,0.000000497
88,1024,0.000000517
89,1024,0.000000494
90,1024,0.000000500
91,1024,0.000000499
92,1024,0.000000515
93,1024,0.000000505
94,1024,0.000000501
95,1024,0.000000496
96,1024,0.000000512
97,1024,0.000000498
98,1024,0.000000502
99,1024,0.000000501
100,1024,0.000000571
101,1024,0.000000503
102,1024,0.000000502
103,1024,0.000000496
104,1024,0.000000565
105,1024,0.000000503
106,1024,0.000000502
107,1024,0.000000495
108,1024,0.000000582
109,1024,0.000000502
110,1024,0.000000503
111,1024,0.000000493
112,1024,0.000000515
113,1024,0.000000503
114,1024,0.000000502
115,1024,0.000000501
116,1024,0.000000573
117,1024,0.000000502
118,1024,0.000000504
119,1024,0.000000492
120,1024,0.000000514
121,1024,0.000000496
122,1024,0.000000501
123,1024,0.000000494
124,1024,0.000000516
125,1024,0.000000498
126,1024,0.000000499
127,1024,0.000000500
128,1024,0.000000567
129,1024,0.000000501
130,1024,0.000000499
131,1024,0.000000505
132,1024,0.000000514
133,1024,0.000000502
134,1024,0.000000498
135,1024,0.000000494
136,1024,0.000000515
137,1024,0.000000502
138,1024,0.000000501
139,1024,0.000000492
140,1024,0.000000515
141,1024,0.000000498
142,1024,0.000000502
143,1024,0.000000506
144,1024,0.000000515
145,1024,0.000000494
146,1024,0.000000500
147,1024,0.000000498
148,1024,0.000000565
149,1024,0.000000495
150,1024,0.000000500
151,1024,0.000000495
152,1024,0.000000578
153,1024,0.000000502
154,1024,0.000000501
155,1024,0.000000496
156,1024,0.000000558
157,1024,0.000000501
158,1024,0.000000503
159,1024,0.000000495
160,1024,0.000000585
161,1024,0.000000504
162,1024,0.000000505
163,1024,0.000000496
164,1024,0.000000514
165,1024,0.000000506
166,1024,0.000000504
167,1024,0.000000496
168,1024,0.000000568
169,1024,0.000000495
170,1024,0.000000501
171,1024,0.000000499
172,1024,0.000000517
173,1024,0.000000502
174,1024,0.000000499
175,1024,0.000000494
176,1024,0.000000513
177,1024,0.000000503
178,1024,0.000000500
179,1024,0.000000497
180,1024,0.000000569
181,1024,0.000000502
182,1024,0.000000502
183,1024,0.000000494
184,1024,0.000000569
185,1024,0.000000501
186,1024,0.000000500
187,1024,0.000000495
188,1024,0.000000515
189,1024,0.000000504
190,1024,0.000000499
191,1024,0.000000494
192,1024,0.000000565
193,1024,0.000000496
194,1024,0.000000498
195,1024,0.000000502
196,1024,0.000000612
197,1024,0.000000495
198,1024,0.000000498
199,1024,0.000000498
200,1024,0.000000512
201,1024,0.000000495
202,1024,0.000000500
203,1024,0.000000499
204,1024,0.000000513
205,1024,0.000000503
206,1024,0.000000502
207,1024,0.000000494
208,1024,0.000000568
209,1024,0.000000503
210,1024,0.000000502
211,1024,0.000000493
212,1024,0.000000571
213,1024,0.000000506
214,1024,0.000000501
215,1024,0.000000501
216,1024,0.000000513
217,1024,0.000000502
218,1024,0.000000502
219,1024,0.000000495
220,1024,0.000000512
221,1024,0.000000496
222,1024,0.000000502
223,1024,0.000000508
224,1024,0.000000569
225,1024,0.000000497
226,1024,0.000000503
227,1024,0.000000507
228,1024,0.000000574
229,1024,0.000000501
230,1024,0.000000502
231,1024,0.000000499
232,1024,0.000000581
233,1024,0.000000502
234,1024,0.000000502
235,1024,0.000000497
236,1024,0.000000514
237,1024,0.000000501
238,1024,0.000000502
239,1024,0.000000500
240,1024,0.000000514
241,1024,0.000000501
242,1024,0.000000501
243,1024,0.000000499
244,1024,0.000000518
245,1024,0.000000505
246,1024,0.000000501
247,1024,0.000000491
248,1024,0.000000564
249,1024,0.000000496
250,1024,0.000000500
251,1024,0.000000506
252,1024,0.000000561
253,1024,0.000000517
254,1024,0.000000515
255,1024,0.000000514
256,1024,0.000000520
257,1024,0.000000494
258,1024,0.000000498
259,1024,0.000000499
260,1024,0.000000578
261,1024,0.000000505
262,1024,0.000000501
263,1024,0.000000495
264,1024,0.000000514
265,1024,0.000000497
266,1024,0.000000501
267,1024,0.000000498
268,1024,0.000000515
269,1024,0.000000500
270,1024,0.000000500
271,1024,0.000000499
272,1024,0.000000570
273,1024,0.000000502
274,1024,0.000000501
275,1024,0.000000493
276,1024,0.000000518
277,1024,0.000000504
278,1024,0.000000503
279,1024,0.000000500
280,1024,0.000000516
281,1024,0.000000506
282,1024,0.000000502
283,1024,0.000000496
284,1024,0.000000515
285,1024,0.000000503
286,1024,0.000000503
287,1024,0.000000506
288,1024,0.000000516
289,1024,0.000000505
290,1024,0.000000502
291,1024,0.000000500
292,1024,0.000000566
293,1024,0.000000503
294,1024,0.000000502
295,1024,0.000000494
296,1024,0.000000513
297,1024,0.000000504
298,1024,0.000000502
299,1024,0.000000497
300,1024,0.000000510
301,1024,0.000000495
302,1024,0.000000498
303,1024,0.000000492
304,1024,0.000000513
305,1024,0.000000496
306,1024,0.000000500
307,1024,0.000000497
308,1024,0.000000516
309,1024,0.000000500
310,1024,0.000000500
311,1024,0.000000495
312,1024,0.000000514
313,1024,0.000000493
314,1024,0.000000499
315,1024,0.000000498
316,1024,0.000000514
317,1024,0.000000494
318,1024,0.000000498
319,1024,0.000000505
320,1024,0.000000516
321,1024,0.000000501
322,1024,0.000000500
323,1024,0.000000507
324,1024,0.000000566
325,1024,0.000000504
326,1024,0.000000501
327,1024,0.000000494
328,1024,0.000000517
329,1024,0.000000501
330,1024,0.000000503
331,1024,0.000000506
332,1024,0.000000513
333,1024,0.000000495
334,1024,0.000000502
335,1024,0.000000499
336,1024,0.000000564
337,1024,0.000000495
338,1024,0.000000502
339,1024,0.000000507
340,1024,0.000000516
341,1024,0.000000495
342,1024,0.000000503
343,1024,0.000000501
344,1024,0.000000565
345,1024,0.000000502
346,1024,0.000000501
347,1024,0.000000498
348,1024,0.000000516
349,1024,0.000000506
350,1024,0.000000503
351,1024,0.000000506
352,1024,0.000000579
353,1024,0.000000505
354,1024,0.000000503
355,1024,0.000000495
356,1024,0.000000568
357,1024,0.000000494
358,1024,0.000000501
359,1024,0.000000497
360,1024,0.000000584
361,1024,0.000000505
362,1024,0.000000502
363,1024,0.000000494
364,1024,0.000000573
365,1024,0.000000500
366,1024,0.000000501
367,1024,0.000000494
368,1024,0.000000513
369,1024,0.000000495
370,1024,0.000000500
371,1024,0.000000493
372,1024,0.000000566
373,1024,0.000000502
374,1024,0.000000502
375,1024,0.000000503
376,1024,0.000000514
377,1024,0.000000502
378,1024,0.000000500
379,1024,0.000000500
380,1024,0.000000513
381,1024,0.000000503
382,1024,0.000000499
383,1024,0.000000500
384,1024,0.000000566
385,1024,0.000000495
386,1024,0.000000500
387,1024,0.000000500
388,1024,0.000000516
389,1024,0.000000496
390,1024,0.000000502
391,1024,0.000000500
392,1024,0.000000517
393,1024,0.000000502
394,1024,0.000000503
395,1024,0.000000494
396,1024,0.000000515
397,1024,0.000000499
398,1024,0.000000501
399,1024,0.000000495
400,1024,0.000000514
401,1024,0.000000494
402,1024,0.000000501
403,1024,0.000000494
404,1024,0.000000565
405,1024,0.000000499
406,1024,0.000000503
407,1024,0.000000500
408,1024,0.000000515
409,1024,0.000000500
410,1024,0.000000501
411,1024,0.000000500
412,1024,0.000000571
413,1024,0.000000504
414,1024,0.000000502
415,1024,0.000000496
416,1024,0.000000513
417,1024,0.000000503
418,1024,0.000000502
419,1024,0.000000493
420,1024,0.000000515
421,1024,0.000000501
422,1024,0.000000504
423,1024,0.000000494
424,1024,0.000000515
425,1024,0.000000493
426,1024,0.000000501
427,1024,0.000000504
428,1024,0.000000566
429,1024,0.000000502
430,1024,0.000000500
431,1024,0.000000491
432,1024,0.000000565
433,1024,0.000000506
434,1024,0.000000500
435,1024,0.000000492
436,1024,0.000000574
437,1024,0.000000503
438,1024,0.000000505
439,1024,0.000000492
440,1024,0.000000514
441,1024,0.000000495
442,1024,0.000000499
443,1024,0.000000499
444,1024,0.000000517
445,1024,0.000000495
446,1024,0.000000500
447,1024,0.000000508
448,1024,0.000000516
449,1024,0.000000504
450,1024,0.000000499
451,1024,0.000000495
452,1024,0.000000516
453,1024,0.000000495
454,1024,0.000000501
455,1024,0.000000501
456,1024,0.000000586
457,1024,0.000000506
458,1024,0.000000502
459,1024,0.000000493
460,1024,0.000000522
461,1024,0.000000503
462,1024,0.000000502
463,1024,0.000000506
464,1024,0.000000842
465,1024,0.000000504
466,1024,0.000000502
467,1024,0.000000507
468,1024,0.000000517
469,1024,0.000000503
470,1024,0.000000501
471,1024,0.000000493
472,1024,0.000000565
473,1024,0.000000504
474,1024,0.000000502
475,1024,0.000000494
476,1024,0.000000519
477,1024,0.000000500
478,1024,0.000000502
479,1024,0.000000499
480,1024,0.000000513
481,1024,0.000000504
482,1024,0.000000502
483,1024,0.000000493
484,1024,0.000000515
485,1024,0.000000503
486,1024,0.000000500
487,1024,0.000000494
488,1024,0.000000573
489,1024,0.000000494
490,1024,0.000000502
491,1024,0.000000493
492,1024,0.000000567
493,1024,0.000000502
494,1024,0.000000500
495,1024,0.000000496
496,1024,0.000000514
497,1024,0.000000497
498,1024,0.000000501
499,1024,0.000000497
500,1024,0.000000517
501,1024,0.000000503
502,1024,0.000000501
503,1024,0.000000499
504,1024,0.000000514
505,1024,0.000000495
506,1024,0.000000499
507,1024,0.000000500
508,1024,0.000000586
509,1024,0.000000520
510,1024,0.000000516
511,1024,0.000000510
512,1024,0.000000523
513,1024,0.000000505
514,1024,0.000000504
515,1024,0.000000493
516,1024,0.000000514
517,1024,0.000000495
518,1024,0.000000504
519,1024,0.000000507
520,1024,0.000000516
521,1024,0.000000500
522,1024,0.000000502
523,1024,0.000000498
524,1024,0.000000561
525,1024,0.000000503
526,1024,0.000000500
527,1024,0.000000493
528,1024,0.000000574
529,1024,0.000000502
530,1024,0.000000505
531,1024,0.000000494
532,1024,0.000000514
533,1024,0.000000503
534,1024,0.000000501
535,1024,0.000000500
536,1024,0.000000566
537,1024,0.000000502
538,1024,0.000000503
539,1024,0.000000494
540,1024,0.000000566
541,1024,0.000000503
542,1024,0.000000504
543,1024,0.000000493
544,1024,0.000000567
545,1024,0.000000494
546,1024,0.000000500
547,1024,0.000000498
548,1024,0.000000565
549,1024,0.000000500
550,1024,0.000000501
551,1024,0.000000492
552,1024,0.000000515
553,1024,0.000000500
554,1024,0.000000499
555,1024,0.000000503
556,1024,0.000000515
557,1024,0.000000502
558,1024,0.000000500
559,1024,0.000000498
560,1024,0.000000514
561,1024,0.000000502
562,1024,0.000000498
563,1024,0.000000494
564,1024,0.000000516
565,1024,0.000000505
566,1024,0.000000498
567,1024,0.000000495
568,1024,0.000000516
569,1024,0.000000503
570,1024,0.000000498
571,1024,0.000000494
572,1024,0.000000577
573,1024,0.000000501
574,1024,0.000000501
575,1024,0.000000495
576,1024,0.000000801
577,1024,0.000000504
578,1024,0.000000503
579,1024,0.000000496
580,1024,0.000000516
581,1024,0.000000504
582,1024,0.000000503
583,1024,0.000000495
584,1024,0.000000520
585,1024,0.000000501
586,1024,0.000000501
587,1024,0.000000495
588,1024,0.000000586
589,1024,0.000000504
590,1024,0.000000501
591,1024,0.000000495
592,1024,0.000000516
593,1024,0.000000506
594,1024,0.000000503
595,1024,0.000000500
596,1024,0.000000515
597,1024,0.000000496
598,1024,0.000000500
599,1024,0.000000495
600,1024,0.000000512
601,1024,0.000000495
602,1024,0.000000500
603,1024,0.000000497
604,1024,0.000000565
605,1024,0.000000504
606,1024,0.000000506
607,1024,0.000000495
608,1024,0.000000516
609,1024,0.000000502
610,1024,0.000000499
611,1024,0.000000491
612,1024,0.000000520
613,1024,0.000000495
614,1024,0.000000500
615,1024,0.000000497
616,1024,0.000000515
617,1024,0.000000503
618,1024,0.000000500
619,1024,0.000000502
620,1024,0.000000516
621,1024,0.000000494
622,1024,0.000000500
623,1024,0.000000500
624,1024,0.000000520
625,1024,0.000000502
626,1024,0.000000500
627,1024,0.000000495
628,1024,0.000000519
629,1024,0.000000503
630,1024,0.000000500
631,1024,0.000000497
632,1024,0.000000516
633,1024,0.000000496
634,1024,0.000000499
635,1024,0.000000495
636,1024,0.000000518
637,1024,0.000000505
638,1024,0.000000502
639,1024,0.000000497
640,1024,0.000000517
641,1024,0.000000495
642,1024,0.000000502
643,1024,0.000000496
644,1024,0.000000518
645,1024,0.000000500
646,1024,0.000000501
647,1024,0.000000495
648,1024,0.000000574
649,1024,0.000000503
650,1024,0.000000500
651,1024,0.000000494
652,1024,0.000000518
653,1024,0.000000500
654,1024,0.000000500
655,1024,0.000000496
656,1024,0.000000516
657,1024,0.000000500
658,1024,0.000000500
659,1024,0.000000495
660,1024,0.000000518
661,1024,0.000000504
662,1024,0.000000501
663,1024,0.000000494
664,1024,0.000000562
665,1024,0.000000505
666,1024,0.000000499
667,1024,0.000000493
668,1024,0.000000582
669,1024,0.000000500
670,1024,0.000000500
671,1024,0.000000495
672,1024,0.000000571
673,1024,0.000000500
674,1024,0.000000499
675,1024,0.000000497
676,1024,0.000000515
677,1024,0.000000501
678,1024,0.000000500
679,1024,0.000000491
680,1024,0.000000566
681,1024,0.000000496
682,1024,0.000000502
683,1024,0.000000505
684,1024,0.000000568
685,1024,0.000000504
686,1024,0.000000502
687,1024,0.000000496
688,1024,0.000000516
689,1024,0.000000503
690,1024,0.000000500
691,1024,0.000000501
692,1024,0.000000519
693,1024,0.000000496
694,1024,0.000000501
695,1024,0.000000501
696,1024,0.000000517
697,1024,0.000000503
698,1024,0.000000499
699,1024,0.000000494
700,1024,0.000000517
701,1024,0.000000506
702,1024,0.000000503
703,1024,0.000000497
704,1024,0.000000519
705,1024,0.000000506
706,1024,0.000000500
707,1024,0.000000495
708,1024,0.000000513
709,1024,0.000000501
710,1024,0.000000501
711,1024,0.000000499
712,1024,0.000000518
713,1024,0.000000502
714,1024,0.000000500
715,1024,0.000000492
716,1024,0.000000513
717,1024,0.000000494
718,1024,0.000000499
719,1024,0.000000498
720,1024,0.000000513
721,1024,0.000000503
722,1024,0.000000500
723,1024,0.000000498
724,1024,0.000000513
725,1024,0.000000503
726,1024,0.000000501
727,1024,0.000000499
728,1024,0.000000578
729,1024,0.000000505
730,1024,0.000000500
731,1024,0.000000496
732,1024,0.000000513
733,1024,0.000000494
734,1024,0.000000501
735,1024,0.000000494
736,1024,0.000000515
737,1024,0.000000505
738,1024,0.000000501
739,1024,0.000000496
740,1024,0.000000515
741,1024,0.000000503
742,1024,0.000000501
743,1024,0.000000491
744,1024,0.000000513
745,1024,0.000000504
746,1024,0.000000502
747,1024,0.000000494
748,1024,0.000000519
749,1024,0.000000507
750,1024,0.000000502
751,1024,0.000000494
752,1024,0.000000640
753,1024,0.000000506
754,1024,0.000000508
755,1024,0.000000493
756,1024,0.000000640
757,1024,0.000000558
758,1024,0.000000497
759,1024,0.000000494
760,1024,0.000000635
761,1024,0.000000504
762,1024,0.000000504
763,1024,0.000000496
764,1024,0.000000610
765,1024,0.000000575
766,1024,0.000000513
767,1024,0.000000509
768,1024,0.000000604
769,1024,0.000000504
770,1024,0.000000500
771,1024,0.000000495
772,1024,0.000000789
773,1024,0.000000505
774,1024,0.000000500
775,1024,0.000000494
776,1024,0.000000637
777,1024,0.000000559
778,1024,0.000000499
779,1024,0.000000493
780,1024,0.000000581
781,1024,0.000000504
782,1024,0.000000499
783,1024,0.000000493
784,1024,0.000000668
785,1024,0.000000503
786,1024,0.000000500
787,1024,0.000000493
788,1024,0.000000868
789,1024,0.000000560
790,1024,0.000000498
791,1024,0.000000502
792,1024,0.000000640
793,1024,0.000000565
794,1024,0.000000497
795,1024,0.000000501
796,1024,0.000000638
797,1024,0.000000563
798,1024,0.000000554
799,1024,0.000000502
800,1024,0.000000745
801,1024,0.000000568
802,1024,0.000000498
803,1024,0.000000493
804,1024,0.000000628
805,1024,0.000000504
806,1024,0.000000502
807,1024,0.000000495
808,1024,0.000000987
809,1024,0.000000562
810,1024,0.000000559
811,1024,0.000000495
812,1024,0.000000642
813,1024,0.000000559
814,1024,0.000000555
815,1024,0.000000501
816,1024,0.000000638
817,1024,0.000000504
818,1024,0.000000503
819,1024,0.000000497
820,1024,0.000000668
821,1024,0.000000615
822,1024,0.000000501
823,1024,0.000000505
824,1024,0.000000878
825,1024,0.000000503
826,1024,0.000000502
827,1024,0.000000495
828,1024,0.000000636
829,1024,0.000000504
830,1024,0.000000501
831,1024,0.000000497
832,1024,0.000000639
833,1024,0.000000501
834,1024,0.000000501
835,1024,0.000000491
836,1024,0.000000582
837,1024,0.000000493
838,1024,0.000000498
839,1024,0.000000493
840,1024,0.000000590
841,1024,0.000000504
842,1024,0.000000499
843,1024,0.000000491
844,1024,0.000000580
845,1024,0.000000787
846,1024,0.000000498
847,1024,0.000000492
848,1024,0.000000642
849,1024,0.000000504
850,1024,0.000000552
851,1024,0.000000493
852,1024,0.000000644
853,1024,0.000000560
854,1024,0.000000497
855,1024,0.000000492
856,1024,0.000000726
857,1024,0.000000557
858,1024,0.000000498
859,1024,0.000000495
860,1024,0.000000759
861,1024,0.000000504
862,1024,0.000000501
863,1024,0.000000494
864,1024,0.000000588
865,1024,0.000000557
866,1024,0.000000554
867,1024,0.000000501
868,1024,0.000000637
869,1024,0.000000502
870,1024,0.000000501
871,1024,0.000000491
872,1024,0.000000589
873,1024,0.000000560
874,1024,0.000000499
875,1024,0.000000495
876,1024,0.000000587
877,1024,0.000000558
878,1024,0.000000499
879,1024,0.000000495
880,1024,0.000000589
881,1024,0.000000558
882,1024,0.000000552
883,1024,0.000000499
884,1024,0.000000587
885,1024,0.000000502
886,1024,0.000000563
887,1024,0.000000491
888,1024,0.000000587
889,1024,0.000000502
890,1024,0.000000556
891,1024,0.000000494
892,1024,0.000000638
893,1024,0.000000503
894,1024,0.000000499
895,1024,0.000000493
896,1024,0.000000584
897,1024,0.000000503
898,1024,0.000000503
899,1024,0.000000493
900,1024,0.000000955
901,1024,0.000000505
902,1024,0.000000500
903,1024,0.000000494
904,1024,0.000000591
905,1024,0.000000502
906,1024,0.000000501
907,1024,0.000000494
908,1024,0.000000640
909,1024,0.000000503
910,1024,0.000000500
911,1024,0.000000491
912,1024,0.000000637
913,1024,0.000000504
914,1024,0.000000499
915,1024,0.000000494
916,1024,0.000000761
917,1024,0.000000564
918,1024,0.000000500
919,1024,0.000000503
920,1024,0.000000595
921,1024,0.000000505
922,1024,0.000000501
923,1024,0.000000495
924,1024,0.000000589
925,1024,0.000000505
926,1024,0.000000503
927,1024,0.000000496
928,1024,0.000000588
929,1024,0.000000505
930,1024,0.000000500
931,1024,0.000000496
932,1024,0.000000589
933,1024,0.000000502
934,1024,0.000000503
935,1024,0.000000495
936,1024,0.000000587
937,1024,0.000000590
938,1024,0.000000498
939,1024,0.000000501
940,1024,0.000000993
941,1024,0.000000503
942,1024,0.000000501
943,1024,0.000000492
944,1024,0.000000588
945,1024,0.000000554
946,1024,0.000000499
947,1024,0.000000501
948,1024,0.000000630
949,1024,0.000000502
950,1024,0.000000500
951,1024,0.000000490
952,1024,0.000000585
953,1024,0.000000504
954,1024,0.000000499
955,1024,0.000000491
956,1024,0.000000591
957,1024,0.000000560
958,1024,0.000000496
959,1024,0.000000492
960,1024,0.000000642
961,1024,0.000000554
962,1024,0.000000499
963,1024,0.000000493
964,1024,0.000000640
965,1024,0.000000504
966,1024,0.000000500
967,1024,0.000000495
968,1024,0.000000640
969,1024,0.000000505
970,1024,0.000000503
971,1024,0.000000494
972,1024,0.000000587
973,1024,0.000000559
974,1024,0.000000500
975,1024,0.000000493
976,1024,0.000000588
977,1024,0.000000554
978,1024,0.000000502
979,1024,0.000000496
980,1024,0.000000587
981,1024,0.000000503
982,1024,0.000000503
983,1024,0.000000495
984,1024,0.000000642
985,1024,0.000000562
986,1024,0.000000499
987,1024,0.000000494
988,1024,0.000000684
989,1024,0.000000608
990,1024,0.000000612
991,1024,0.000000604
992,1024,0.000000640
993,1024,0.000000561
994,1024,0.000000852
995,1024,0.000000500
996,1024,0.000000695
997,1024,0.000000567
998,1024,0.000000499
999,1024,0.000000491
0,1280,0.000001005
1,1280,0.000000522
2,1280,0.000000506
3,1280,0.000000651
4,1280,0.000000516
5,1280,0.000000505
6,1280,0.000000630
7,1280,0.000000509
8,1280,0.000000504
9,1280,0.000000571
10,1280,0.000000506
11,1280,0.000000505
12,1280,0.000000596
13,1280,0.000000507
14,1280,0.000000506
15,1280,0.000000501
16,1280,0.000000531
17,1280,0.000000506
18,1280,0.000000504
19,1280,0.000000564
20,1280,0.000000502
21,1280,0.000000508
22,1280,0.000000614
23,1280,0.000000503
24,1280,0.000000504
25,1280,0.000000569
26,1280,0.000000502
27,1280,0.000000506
28,1280,0.000000569
29,1280,0.000000504
30,1280,0.000000499
31,1280,0.000000507
32,1280,0.000000576
33,1280,0.000000509
34,1280,0.000000502
35,1280,0.000000619
36,1280,0.000000506
37,1280,0.000000507
38,1280,0.000000634
39,1280,0.000000504
40,1280,0.000000505
41,1280,0.000000565
42,1280,0.000000504
43,1280,0.000000503
44,1280,0.000000572
45,1280,0.000000504
46,1280,0.000000498
47,1280,0.000000506
48,1280,0.000000576
49,1280,0.000000498
50,1280,0.000000509
51,1280,0.000000574
52,1280,0.000000510
53,1280,0.000000510
54,1280,0.000000571
55,1280,0.000000505
56,1280,0.000000506
57,1280,0.000000571
58,1280,0.000000503
59,1280,0.000000506
60,1280,0.000000570
61,1280,0.000000558
62,1280,0.000000503
63,1280,0.000000514
64,1280,0.000000584
65,1280,0.000000506
66,1280,0.000000505
67,1280,0.000000565
68,1280,0.000000509
69,1280,0.000000508
70,1280,0.000000565
71,1280,0.000000505
72,1280,0.000000508
73,1280,0.000000566
74,1280,0.000000545
75,1280,0.000000504
76,1280,0.000000630
77,1280,0.000000555
78,1280,0.000000505
79,1280,0.000000505
80,1280,0.000000568
81,1280,0.000000504
82,1280,0.000000500
83,1280,0.000000664
84,1280,0.000000507
85,1280,0.000000504
86,1280,0.000000564
87,1280,0.000000504
88,1280,0.000000506
89,1280,0.000000566
90,1280,0.000000503
91,1280,0.000000504
92,1280,0.000000567
93,1280,0.000000502
94,1280,0.000000503
95,1280,0.000000506
96,1280,0.000000579
97,1280,0.000000506
98,1280,0.000000520
99,1280,0.000000569
100,1280,0.000000498
101,1280,0.000000503
102,1280,0.000000562
103,1280,0.000000504
104,1280,0.000000505
105,1280,0.000000567
106,1280,0.000000502
107,1280,0.000000504
108,1280,0.000000568
109,1280,0.000000503
110,1280,0.000000505
111,1280,0.000000505
112,1280,0.000000519
113,1280,0.000000506
114,1280,0.000000500
115,1280,0.000000565
116,1280,0.000000500
117,1280,0.000000505
118,1280,0.000000618
119,1280,0.000000506
120,1280,0.000000506
121,1280,0.000000628
122,1280,0.000000502
123,1280,0.000000507
124,1280,0.000000631
125,1280,0.000000506
126,1280,0.000000507
127,1280,0.000000506
128,1280,0.000008742
129,1280,0.000000683
130,1280,0.000000502
131,1280,0.000000570
132,1280,0.000000501
133,1280,0.000000503
134,1280,0.000000562
135,1280,0.000000549
136,1280,0.000000503
137,1280,0.000000566
138,1280,0.000000502
139,1280,0.000000503
140,1280,0.000000566
141,1280,0.000000501
142,1280,0.000000503
143,1280,0.000000503
144,1280,0.000000702
145,1280,0.000000503
146,1280,0.000000512
147,1280,0.000000622
148,1280,0.000000496
149,1280,0.000000505
150,1280,0.000000619
151,1280,0.000000501
152,1280,0.000000504
153,1280,0.000000565
154,1280,0.000000500
155,1280,0.000000504
156,1280,0.000000569
157,1280,0.000000554
158,1280,0.000000498
159,1280,0.000000508
160,1280,0.000000522
161,1280,0.000000498
162,1280,0.000000505
163,1280,0.000000561
164,1280,0.000000507
165,1280,0.000000505
166,1280,0.000000669
167,1280,0.000000509
168,1280,0.000000502
169,1280,0.000000568
170,1280,0.000000505
171,1280,0.000000499
172,1280,0.000000569
173,1280,0.000000504
174,1280,0.000000502
175,1280,0.000000506
176,1280,0.000000572
177,1280,0.000000499
178,1280,0.000000504
179,1280,0.000000565
180,1280,0.000000500
181,1280,0.000000503
182,1280,0.000000848
183,1280,0.000000501
184,1280,0.000000506
185,1280,0.000000628
186,1280,0.000000552
187,1280,0.000000499
188,1280,0.000000568
189,1280,0.000000502
190,1280,0.000000502
191,1280,0.000000505
192,1280,0.000000570
193,1280,0.000000497
194,1280,0.000000503
195,1280,0.000000616
196,1280,0.000000502
197,1280,0.000000500
198,1280,0.000000562
199,1280,0.000000501
200,1280,0.000000502
201,1280,0.000000630
202,1280,0.000000515
203,1280,0.000000517
204,1280,0.000000595
205,1280,0.000000501
206,1280,0.000000502
207,1280,0.000000510
208,1280,0.000000584
209,1280,0.000000505
210,1280,0.000000500
211,1280,0.000000574
212,1280,0.000000504
213,1280,0.000000504
214,1280,0.000000563
215,1280,0.000000505
216,1280,0.000000504
217,1280,0.000000635
218,1280,0.000000502
219,1280,0.000000506
220,1280,0.000000567
221,1280,0.000000503
222,1280,0.000000499
223,1280,0.000000506
224,1280,0.000000518
225,1280,0.000000506
226,1280,0.000000502
227,1280,0.000000564
228,1280,0.000000508
229,1280,0.000000505
230,1280,0.000000565
231,1280,0.000000504
232,1280,0.000000505
233,1280,0.000000571
234,1280,0.000000503
235,1280,0.000000504
236,1280,0.000000566
237,1280,0.000000502
238,1280,0.000000503
239,1280,0.000000513
240,1280,0.000000517
241,1280,0.000000502
242,1280,0.000000507
243,1280,0.000000563
244,1280,0.000000497
245,1280,0.000000506
246,1280,0.000000617
247,1280,0.000000502
248,1280,0.000000504
249,1280,0.000000566
250,1280,0.000000552
251,1280,0.000000502
252,1280,0.000000568
253,1280,0.000000501
254,1280,0.000000502
255,1280,0.000000511
256,1280,0.000000516
257,1280,0.000000500
258,1280,0.000000509
259,1280,0.000000567
260,1280,0.000000504
261,1280,0.000000505
262,1280,0.000000561
263,1280,0.000000501
264,1280,0.000000504
265,1280,0.000000565
266,1280,0.000000503
267,1280,0.000000502
268,1280,0.000000569
269,1280,0.000000554
270,1280,0.000000503
271,1280,0.000000509
272,1280,0.000000519
273,1280,0.000000505
274,1280,0.000000501
275,1280,0.000000565
276,1280,0.000000505
277,1280,0.000000504
278,1280,0.000000565
279,1280,0.000000503
280,1280,0.000000505
281,1280,0.000000626
282,1280,0.000000502
283,1280,0.000000504
284,1280,0.000000575
285,1280,0.000000503
286,1280,0.000000504
287,1280,0.000000510
288,1280,0.000000586
289,1280,0.000000506
290,1280,0.000000511
291,1280,0.000000622
292,1280,0.000000508
293,1280,0.000000504
294,1280,0.000000564
295,1280,0.000000502
296,1280,0.000000503
297,1280,0.000000568
298,1280,0.000000501
299,1280,0.000000503
300,1280,0.000000575
301,1280,0.000000502
302,1280,0.000000498
303,1280,0.000000507
304,1280,0.000000518
305,1280,0.000000508
306,1280,0.000000499
307,1280,0.000000564
308,1280,0.000000507
309,1280,0.000000505
310,1280,0.000000616
311,1280,0.000000502
312,1280,0.000000502
313,1280,0.000000569
314,1280,0.000000556
315,1280,0.000000502
316,1280,0.000000573
317,1280,0.000000503
318,1280,0.000000502
319,1280,0.000000508
320,1280,0.000000566
321,1280,0.000000505
322,1280,0.000000500
323,1280,0.000000561
324,1280,0.000000505
325,1280,0.000000505
326,1280,0.000000563
327,1280,0.000000502
328,1280,0.000000504
329,1280,0.000000564
330,1280,0.000000502
331,1280,0.000000504
332,1280,0.000000566
333,1280,0.000000555
334,1280,0.000000505
335,1280,0.000000502
336,1280,0.000000522
337,1280,0.000000510
338,1280,0.000000503
339,1280,0.000000616
340,1280,0.000000506
341,1280,0.000000506
342,1280,0.000000618
343,1280,0.000000504
344,1280,0.000000505
345,1280,0.000000621
346,1280,0.000000504
347,1280,0.000000503
348,1280,0.000000572
349,1280,0.000000564
350,1280,0.000000502
351,1280,0.000000510
352,1280,0.000000518
353,1280,0.000000504
354,1280,0.000000509
355,1280,0.000000562
356,1280,0.000000496
357,1280,0.000000507
358,1280,0.000000623
359,1280,0.000000504
360,1280,0.000000505
361,1280,0.000000572
362,1280,0.000000500
363,1280,0.000000501
364,1280,0.000000572
365,1280,0.000000501
366,1280,0.000000502
367,1280,0.000000501
368,1280,0.000000520
369,1280,0.000000498
370,1280,0.000000505
371,1280,0.000000563
372,1280,0.000000502
373,1280,0.000000509
374,1280,0.000000570
375,1280,0.000000503
376,1280,0.000000503
377,1280,0.000000566
378,1280,0.000000506
379,1280,0.000000503
380,1280,0.000000566
381,1280,0.000000552
382,1280,0.000000505
383,1280,0.000000502
384,1280,0.000000518
385,1280,0.000000504
386,1280,0.000000498
387,1280,0.000000561
388,1280,0.000000507
389,1280,0.000000507
390,1280,0.000000626
391,1280,0.000000508
392,1280,0.000000504
393,1280,0.000000563
394,1280,0.000000501
395,1280,0.000000504
396,1280,0.000000570
397,1280,0.000000504
398,1280,0.000000504
399,1280,0.000000512
400,1280,0.000000568
401,1280,0.000000506
402,1280,0.000000511
403,1280,0.000000570
404,1280,0.000000506
405,1280,0.000000505
406,1280,0.000000643
407,1280,0.000000525
408,1280,0.000000521
409,1280,0.000000573
410,1280,0.000000509
411,1280,0.000000511
412,1280,0.000000568
413,1280,0.000000503
414,1280,0.000000501
415,1280,0.000000511
416,1280,0.000000570
417,1280,0.000000497
418,1280,0.000000508
419,1280,0.000000563
420,1280,0.000000505
421,1280,0.000000509
422,1280,0.000000623
423,1280,0.000000503
424,1280,0.000000504
425,1280,0.000000572
426,1280,0.000000501
427,1280,0.000000502
428,1280,0.000000565
429,1280,0.000000500
430,1280,0.000000497
431,1280,0.000000507
432,1280,0.000000515
433,1280,0.000000505
434,1280,0.000000510
435,1280,0.000000622
436,1280,0.000000504
437,1280,0.000000506
438,1280,0.000000625
439,1280,0.000000503
440,1280,0.000000504
441,1280,0.000000564
442,1280,0.000000502
443,1280,0.000000503
444,1280,0.000000568
445,1280,0.000000501
446,1280,0.000000502
447,1280,0.000000511
448,1280,0.000000569
449,1280,0.000000509
450,1280,0.000000510
451,1280,0.000000570
452,1280,0.000000506
453,1280,0.000000505
454,1280,0.000000562
455,1280,0.000000503
456,1280,0.000000504
457,1280,0.000000568
458,1280,0.000000554
459,1280,0.000000503
460,1280,0.000000569
461,1280,0.000000501
462,1280,0.000000505
463,1280,0.000000512
464,1280,0.000000560
465,1280,0.000000504
466,1280,0.000000503
467,1280,0.000000565
468,1280,0.000000507
469,1280,0.000000507
470,1280,0.000000628
471,1280,0.000000502
472,1280,0.000000503
473,1280,0.000000571
474,1280,0.000000501
475,1280,0.000000502
476,1280,0.000000566
477,1280,0.000000501
478,1280,0.000000502
479,1280,0.000000507
480,1280,0.000000576
481,1280,0.000000498
482,1280,0.000000507
483,1280,0.000000564
484,1280,0.000000504
485,1280,0.000000503
486,1280,0.000000564
487,1280,0.000000501
488,1280,0.000000503
489,1280,0.000000566
490,1280,0.000000501
491,1280,0.000000502
492,1280,0.000000567
493,1280,0.000000502
494,1280,0.000000501
495,1280,0.000000507
496,1280,0.000000516
497,1280,0.000000504
498,1280,0.000000509
499,1280,0.000000571
500,1280,0.000000504
501,1280,0.000000504
502,1280,0.000000565
503,1280,0.000000505
504,1280,0.000000504
505,1280,0.000000565
506,1280,0.000000555
507,1280,0.000000504
508,1280,0.000000571
509,1280,0.000000502
510,1280,0.000000504
511,1280,0.000000503
512,1280,0.000000571
513,1280,0.000000498
514,1280,0.000000508
515,1280,0.000000565
516,1280,0.000000508
517,1280,0.000000506
518,1280,0.000000564
519,1280,0.000000504
520,1280,0.000000505
521,1280,0.000000565
522,1280,0.000000504
523,1280,0.000000503
524,1280,0.000000567
525,1280,0.000000501
526,1280,0.000000502
527,1280,0.000000510
528,1280,0.000000517
529,1280,0.000000500
530,1280,0.000000508
531,1280,0.000000562
532,1280,0.000000504
533,1280,0.000000503
534,1280,0.000000619
535,1280,0.000000503
536,1280,0.000000503
537,1280,0.000000565
538,1280,0.000000500
539,1280,0.000000500
540,1280,0.000000574
541,1280,0.000000499
542,1280,0.000000500
543,1280,0.000000506
544,1280,0.000000517
545,1280,0.000000502
546,1280,0.000000501
547,1280,0.000000562
548,1280,0.000000504
549,1280,0.000000501
550,1280,0.000000562
551,1280,0.000000503
552,1280,0.000000503
553,1280,0.000000569
554,1280,0.000000503
555,1280,0.000000503
556,1280,0.000000568
557,1280,0.000000502
558,1280,0.000000505
559,1280,0.000000508
560,1280,0.000000519
561,1280,0.000000501
562,1280,0.000000512
563,1280,0.000000570
564,1280,0.000000499
565,1280,0.000000506
566,1280,0.000000565
567,1280,0.000000504
568,1280,0.000000505
569,1280,0.000000628
570,1280,0.000000504
571,1280,0.000000504
572,1280,0.000000573
573,1280,0.000000502
574,1280,0.000000499
575,1280,0.000000506
576,1280,0.000000666
577,1280,0.000000505
578,1280,0.000000504
579,1280,0.000000566
580,1280,0.000000498
581,1280,0.000000504
582,1280,0.000000618
583,1280,0.000000505
584,1280,0.000000503
585,1280,0.000000572
586,1280,0.000000500
587,1280,0.000000502
588,1280,0.000000569
589,1280,0.000000503
590,1280,0.000000499
591,1280,0.000000505
592,1280,0.000000520
593,1280,0.000000502
594,1280,0.000000503
595,1280,0.000000563
596,1280,0.000000506
597,1280,0.000000504
598,1280,0.000000562
599,1280,0.000000503
600,1280,0.000000505
601,1280,0.000000568
602,1280,0.000000499
603,1280,0.000000501
604,1280,0.000000569
605,1280,0.000000502
606,1280,0.000000502
607,1280,0.000000507
608,1280,0.000000565
609,1280,0.000000507
610,1280,0.000000500
611,1280,0.000000581
612,1280,0.000000515
613,1280,0.000000519
614,1280,0.000000626
615,1280,0.000000502
616,1280,0.000000506
617,1280,0.000000575
618,1280,0.000000501
619,1280,0.000000504
620,1280,0.000000575
621,1280,0.000000500
622,1280,0.000000503
623,1280,0.000000510
624,1280,0.000000517
625,1280,0.000000506
626,1280,0.000000507
627,1280,0.000000617
628,1280,0.000000506
629,1280,0.000000505
630,1280,0.000000565
631,1280,0.000000504
632,1280,0.000000505
633,1280,0.000000630
634,1280,0.000000553
635,1280,0.000000503
636,1280,0.000000567
637,1280,0.000000503
638,1280,0.000000503
639,1280,0.000000506
640,1280,0.000000522
641,1280,0.000000505
642,1280,0.000000500
643,1280,0.000000565
644,1280,0.000000504
645,1280,0.000000507
646,1280,0.000000561
647,1280,0.000000501
648,1280,0.000000503
649,1280,0.000000564
650,1280,0.000000505
651,1280,0.000000504
652,1280,0.000000573
653,1280,0.000000499
654,1280,0.000000497
655,1280,0.000000506
656,1280,0.000000574
657,1280,0.000000505
658,1280,0.000000509
659,1280,0.000000635
660,1280,0.000000506
661,1280,0.000000505
662,1280,0.000000624
663,1280,0.000000502
664,1280,0.000000503
665,1280,0.000000622
666,1280,0.000000551
667,1280,0.000000505
668,1280,0.000000566
669,1280,0.000000500
670,1280,0.000000500
671,1280,0.000000505
672,1280,0.000000516
673,1280,0.000000502
674,1280,0.000000505
675,1280,0.000000562
676,1280,0.000000498
677,1280,0.000000505
678,1280,0.000000563
679,1280,0.000000503
680,1280,0.000000504
681,1280,0.000000566
682,1280,0.000000507
683,1280,0.000000504
684,1280,0.000000568
685,1280,0.000000549
686,1280,0.000000507
687,1280,0.000000513
688,1280,0.000000519
689,1280,0.000000504
690,1280,0.000000502
691,1280,0.000000615
692,1280,0.000000506
693,1280,0.000000508
694,1280,0.000000563
695,1280,0.000000503
696,1280,0.000000504
697,1280,0.000000569
698,1280,0.000000504
699,1280,0.000000502
700,1280,0.000000570
701,1280,0.000000500
702,1280,0.000000497
703,1280,0.000000510
704,1280,0.000000518
705,1280,0.000000504
706,1280,0.000000510
707,1280,0.000000567
708,1280,0.000000508
709,1280,0.000000503
710,1280,0.000000562
711,1280,0.000000504
712,1280,0.000000502
713,1280,0.000000565
714,1280,0.000000499
715,1280,0.000000503
716,1280,0.000000566
717,1280,0.000000558
718,1280,0.000000497
719,1280,0.000000505
720,1280,0.000000557
721,1280,0.000000504
722,1280,0.000000504
723,1280,0.000000609
724,1280,0.000000504
725,1280,0.000000505
726,1280,0.000000563
727,1280,0.000000504
728,1280,0.000000502
729,1280,0.000000567
730,1280,0.000000502
731,1280,0.000000503
732,1280,0.000000570
733,1280,0.000000502
734,1280,0.000000498
735,1280,0.000000508
736,1280,0.000000519
737,1280,0.000000505
738,1280,0.000000500
739,1280,0.000000631
740,1280,0.000000506
741,1280,0.000000511
742,1280,0.000000619
743,1280,0.000000512
744,1280,0.000000504
745,1280,0.000000565
746,1280,0.000000503
747,1280,0.000000504
748,1280,0.000000619
749,1280,0.000000554
750,1280,0.000000505
751,1280,0.000000505
752,1280,0.000000518
753,1280,0.000000498
754,1280,0.000000507
755,1280,0.000000564
756,1280,0.000000505
757,1280,0.000000508
758,1280,0.000000561
759,1280,0.000000502
760,1280,0.000000504
761,1280,0.000000630
762,1280,0.000000553
763,1280,0.000000504
764,1280,0.000000569
765,1280,0.000000502
766,1280,0.000000497
767,1280,0.000000509
768,1280,0.000000524
769,1280,0.000000501
770,1280,0.000000503
771,1280,0.000000613
772,1280,0.000000507
773,1280,0.000000502
774,1280,0.000000559
775,1280,0.000000501
776,1280,0.000000503
777,1280,0.000000564
778,1280,0.000000503
779,1280,0.000000503
780,1280,0.000000628
781,1280,0.000000553
782,1280,0.000000501
783,1280,0.000000509
784,1280,0.000000515
785,1280,0.000000504
786,1280,0.000000503
787,1280,0.000000563
788,1280,0.000000505
789,1280,0.000000505
790,1280,0.000000566
791,1280,0.000000505
792,1280,0.000000505
793,1280,0.000000565
794,1280,0.000000500
795,1280,0.000000504
796,1280,0.000000624
797,1280,0.000000503
798,1280,0.000000500
799,1280,0.000000507
800,1280,0.000000655
801,1280,0.000000575
802,1280,0.000000504
803,1280,0.000000702
804,1280,0.000000508
805,1280,0.000000504
806,1280,0.000000767
807,1280,0.000000560
808,1280,0.000000503
809,1280,0.000000680
810,1280,0.000000563
811,1280,0.000000503
812,1280,0.000000769
813,1280,0.000000573
814,1280,0.000000503
815,1280,0.000000502
816,1280,0.000000669
817,1280,0.000000568
818,1280,0.000000509
819,1280,0.000000651
820,1280,0.000000580
821,1280,0.000000508
822,1280,0.000000649
823,1280,0.000000628
824,1280,0.000000502
825,1280,0.000000687
826,1280,0.000000564
827,1280,0.000000502
828,1280,0.000000681
829,1280,0.000000789
830,1280,0.000000503
831,1280,0.000000505
832,1280,0.000000982
833,1280,0.000000570
834,1280,0.000000501
835,1280,0.000000817
836,1280,0.000000509
837,1280,0.000000502
838,1280,0.000000717
839,1280,0.000000560
840,1280,0.000000503
841,1280,0.000000804
842,1280,0.000000564
843,1280,0.000000504
844,1280,0.000000688
845,1280,0.000000566
846,1280,0.000000503
847,1280,0.000000512
848,1280,0.000000653
849,1280,0.000000509
850,1280,0.000000502
851,1280,0.000000642
852,1280,0.000000509
853,1280,0.000000509
854,1280,0.000000649
855,1280,0.000000561
856,1280,0.000000504
857,1280,0.000000690
858,1280,0.000000571
859,1280,0.000000505
860,1280,0.000000689
861,1280,0.000000571
862,1280,0.000000501
863,1280,0.000000510
864,1280,0.000000643
865,1280,0.000000507
866,1280,0.000000504
867,1280,0.000000964
868,1280,0.000000549
869,1280,0.000000505
870,1280,0.000000695
871,1280,0.000000549
872,1280,0.000000505
873,1280,0.000000687
874,1280,0.000000569
875,1280,0.000000504
876,1280,0.000000689
877,1280,0.000000568
878,1280,0.000000501
879,1280,0.000000504
880,1280,0.000000765
881,1280,0.000000571
882,1280,0.000000502
883,1280,0.000000770
884,1280,0.000000509
885,1280,0.000000507
886,1280,0.000000697
887,1280,0.000000567
888,1280,0.000000505
889,1280,0.000000671
890,1280,0.000000571
891,1280,0.000000505
892,1280,0.000000685
893,1280,0.000000569
894,1280,0.000000502
895,1280,0.000000508
896,1280,0.000000644
897,1280,0.000000566
898,1280,0.000000504
899,1280,0.000000697
900,1280,0.000000569
901,1280,0.000000500
902,1280,0.000000705
903,1280,0.000000564
904,1280,0.000000507
905,1280,0.000000861
906,1280,0.000000570
907,1280,0.000000504
908,1280,0.000000692
909,1280,0.000000574
910,1280,0.000000504
911,1280,0.000000502
912,1280,0.000000598
913,1280,0.000000567
914,1280,0.000000504
915,1280,0.000000641
916,1280,0.000000570
917,1280,0.000000500
918,1280,0.000000635
919,1280,0.000000550
920,1280,0.000000502
921,1280,0.000000962
922,1280,0.000000565
923,1280,0.000000504
924,1280,0.000000685
925,1280,0.000000571
926,1280,0.000000501
927,1280,0.000000502
928,1280,0.000000675
929,1280,0.000000572
930,1280,0.000000507
931,1280,0.000000702
932,1280,0.000000508
933,1280,0.000000502
934,1280,0.000000776
935,1280,0.000000572
936,1280,0.000000504
937,1280,0.000000684
938,1280,0.000000567
939,1280,0.000000506
940,1280,0.000000627
941,1280,0.000000568
942,1280,0.000000497
943,1280,0.000000497
944,1280,0.000000645
945,1280,0.000000507
946,1280,0.000000510
947,1280,0.000000703
948,1280,0.000000510
949,1280,0.000000504
950,1280,0.000000692
951,1280,0.000000560
952,1280,0.000000506
953,1280,0.000000690
954,1280,0.000000569
955,1280,0.000000503
956,1280,0.000000686
957,1280,0.000000576
958,1280,0.000000500
959,1280,0.000000502
960,1280,0.000000651
961,1280,0.000000572
962,1280,0.000000501
963,1280,0.000000687
964,1280,0.000000506
965,1280,0.000000506
966,1280,0.000000716
967,1280,0.000000560
968,1280,0.000000507
969,1280,0.000000786
970,1280,0.000000571
971,1280,0.000000507
972,1280,0.000000767
973,1280,0.000000580
974,1280,0.000000506
975,1280,0.000000502
976,1280,0.000000643
977,1280,0.000000568
978,1280,0.000000504
979,1280,0.000000693
980,1280,0.000000577
981,1280,0.000000504
982,1280,0.000000641
983,1280,0.000000568
984,1280,0.000000506
985,1280,0.000000630
986,1280,0.000000568
987,1280,0.000000509
988,1280,0.000001009
989,1280,0.000000569
990,1280,0.000000505
991,1280,0.000000500
992,1280,0.000000600
993,1280,0.000000510
994,1280,0.000000503
995,1280,0.000000784
996,1280,0.000000576
997,1280,0.000000502
998,1280,0.000000647
999,1280,0.000000561
0,1536,0.000000859
1,1536,0.000000510
2,1536,0.000000604
3,1536,0.000000513
4,1536,0.000000506
5,1536,0.000000592
6,1536,0.000000510
7,1536,0.000000503
8,1536,0.000000544
9,1536,0.000000505
10,1536,0.000000586
11,1536,0.000000509
12,1536,0.000000505
13,1536,0.000000581
14,1536,0.000000504
15,1536,0.000000511
16,1536,0.000000545
17,1536,0.000000507
18,1536,0.000000624
19,1536,0.000000508
20,1536,0.000000505
21,1536,0.000000567
22,1536,0.000000503
23,1536,0.000000505
24,1536,0.000000543
25,1536,0.000000506
26,1536,0.000000572
27,1536,0.000000557
28,1536,0.000000506
29,1536,0.000000570
30,1536,0.000000505
31,1536,0.000000505
32,1536,0.000000576
33,1536,0.000000506
34,1536,0.000000574
35,1536,0.000000845
36,1536,0.000000506
37,1536,0.000000567
38,1536,0.000000506
39,1536,0.000000506
40,1536,0.000000524
41,1536,0.000000504
42,1536,0.000000573
43,1536,0.000000504
44,1536,0.000000506
45,1536,0.000000562
46,1536,0.000000553
47,1536,0.000000500
48,1536,0.000000523
49,1536,0.000000506
50,1536,0.000000572
51,1536,0.000000553
52,1536,0.000000504
53,1536,0.000000617
54,1536,0.000000505
55,1536,0.000000501
56,1536,0.000000527
57,1536,0.000000507
58,1536,0.000000564
59,1536,0.000000508
60,1536,0.000000508
61,1536,0.000000570
62,1536,0.000000508
63,1536,0.000000504
64,1536,0.000000575
65,1536,0.000000510
66,1536,0.000000563
67,1536,0.000000505
68,1536,0.000000506
69,1536,0.000000577
70,1536,0.000000509
71,1536,0.000000505
72,1536,0.000000575
73,1536,0.000000510
74,1536,0.000000619
75,1536,0.000000553
76,1536,0.000000507
77,1536,0.000000566
78,1536,0.000000509
79,1536,0.000000518
80,1536,0.000000523
81,1536,0.000000507
82,1536,0.000000567
83,1536,0.000000508
84,1536,0.000000506
85,1536,0.000000568
86,1536,0.000000510
87,1536,0.000000501
88,1536,0.000000572
89,1536,0.000000511
90,1536,0.000000577
91,1536,0.000000505
92,1536,0.000000506
93,1536,0.000000572
94,1536,0.000000508
95,1536,0.000000515
96,1536,0.000000527
97,1536,0.000000507
98,1536,0.000000621
99,1536,0.000000504
100,1536,0.000000507
101,1536,0.000000605
102,1536,0.000000511
103,1536,0.000000504
104,1536,0.000000520
105,1536,0.000000508
106,1536,0.000000565
107,1536,0.000000504
108,1536,0.000000506
109,1536,0.000000564
110,1536,0.000000500
111,1536,0.000000505
112,1536,0.000000518
113,1536,0.000000505
114,1536,0.000000562
115,1536,0.000000552
116,1536,0.000000505
117,1536,0.000000623
118,1536,0.000000506
119,1536,0.000000506
120,1536,0.000000588
121,1536,0.000000504
122,1536,0.000000561
123,1536,0.000000505
124,1536,0.000000507
125,1536,0.000000618
126,1536,0.000000506
127,1536,0.000000504
128,1536,0.000000569
129,1536,0.000000510
130,1536,0.000000574
131,1536,0.000000505
132,1536,0.000000507
133,1536,0.000000626
134,1536,0.000000506
135,1536,0.000000504
136,1536,0.000000523
137,1536,0.000000506
138,1536,0.000000569
139,1536,0.000000509
140,1536,0.000000514
141,1536,0.000000570
142,1536,0.000000518
143,1536,0.000000502
144,1536,0.000000523
145,1536,0.000000505
146,1536,0.000000563
147,1536,0.000000506
148,1536,0.000000508
149,1536,0.000000614
150,1536,0.000000517
151,1536,0.000000503
152,1536,0.000000520
153,1536,0.000000506
154,1536,0.000000613
155,1536,0.000000505
156,1536,0.000000506
157,1536,0.000000560
158,1536,0.000000500
159,1536,0.000000508
160,1536,0.000000560
161,1536,0.000000508
162,1536,0.000000565
163,1536,0.000000505
164,1536,0.000000505
165,1536,0.000000567
166,1536,0.000000507
167,1536,0.000000501
168,1536,0.000000597
169,1536,0.000000519
170,1536,0.000000589
171,1536,0.000000505
172,1536,0.000000504
173,1536,0.000000632
174,1536,0.000000506
175,1536,0.000000504
176,1536,0.000000528
177,1536,0.000000510
178,1536,0.000000570
179,1536,0.000000509
180,1536,0.000000508
181,1536,0.000000625
182,1536,0.000000505
183,1536,0.000000508
184,1536,0.000000531
185,1536,0.000000505
186,1536,0.000000571
187,1536,0.000000504
188,1536,0.000000508
189,1536,0.000000621
190,1536,0.000000500
191,1536,0.000000505
192,1536,0.000000580
193,1536,0.000000506
194,1536,0.000000629
195,1536,0.000000677
196,1536,0.000000510
197,1536,0.000000760
198,1536,0.000000643
199,1536,0.000000745
200,1536,0.000000749
201,1536,0.000000692
202,1536,0.000000811
203,1536,0.000000789
204,1536,0.000000694
205,1536,0.000000743
206,1536,0.000000767
207,1536,0.000000725
208,1536,0.000000721
209,1536,0.000000727
210,1536,0.000000899
211,1536,0.000000900
212,1536,0.000000730
213,1536,0.000000792
214,1536,0.000000673
215,1536,0.000000709
216,1536,0.000000736
217,1536,0.000000664
218,1536,0.000000748
219,1536,0.000000805
220,1536,0.000001073
221,1536,0.000000567
222,1536,0.000000506
223,1536,0.000000501
224,1536,0.000000562
225,1536,0.000000503
226,1536,0.000000627
227,1536,0.000000504
228,1536,0.000000506
229,1536,0.000000644
230,1536,0.000000560
231,1536,0.000000504
232,1536,0.000000522
233,1536,0.000000511
234,1536,0.000000562
235,1536,0.000000547
236,1536,0.000000505
237,1536,0.000000571
238,1536,0.000000507
239,1536,0.000000503
240,1536,0.000000579
241,1536,0.000000507
242,1536,0.000000566
243,1536,0.000000546
244,1536,0.000000506
245,1536,0.000000569
246,1536,0.000000506
247,1536,0.000000550
248,1536,0.000000569
249,1536,0.000000509
250,1536,0.000000564
251,1536,0.000000511
252,1536,0.000000505
253,1536,0.000000567
254,1536,0.000000507
255,1536,0.000000514
256,1536,0.000000573
257,1536,0.000000504
258,1536,0.000000626
259,1536,0.000000556
260,1536,0.000000506
261,1536,0.000000614
262,1536,0.000000541
263,1536,0.000000503
264,1536,0.000000563
265,1536,0.000000502
266,1536,0.000000564
267,1536,0.000000856
268,1536,0.000000505
269,1536,0.000000565
270,1536,0.000000507
271,1536,0.000000500
272,1536,0.000000519
273,1536,0.000000505
274,1536,0.000000619
275,1536,0.000000502
276,1536,0.000000504
277,1536,0.000000617
278,1536,0.000000507
279,1536,0.000000499
280,1536,0.000013439
281,1536,0.000000521
282,1536,0.000000580
283,1536,0.000000518
284,1536,0.000000520
285,1536,0.000000580
286,1536,0.000000520
287,1536,0.000000514
288,1536,0.000000534
289,1536,0.000000522
290,1536,0.000000581
291,1536,0.000000518
292,1536,0.000000519
293,1536,0.000000580
294,1536,0.000000510
295,1536,0.000000521
296,1536,0.000000532
297,1536,0.000001144
298,1536,0.000000889
299,1536,0.000000754
300,1536,0.000000729
301,1536,0.000001084
302,1536,0.000000681
303,1536,0.000000723
304,1536,0.000000829
305,1536,0.000000793
306,1536,0.000000821
307,1536,0.000000722
308,1536,0.000000962
309,1536,0.000001292
310,1536,0.000000521
311,1536,0.000000515
312,1536,0.000000535
313,1536,0.000000517
314,1536,0.000000579
315,1536,0.000000565
316,1536,0.000000519
317,1536,0.000000623
318,1536,0.000000514
319,1536,0.000000518
320,1536,0.000000636
321,1536,0.000000518
322,1536,0.000000591
323,1536,0.000000520
324,1536,0.000000520
325,1536,0.000000582
326,1536,0.000000519
327,1536,0.000000777
328,1536,0.000000577
329,1536,0.000000505
330,1536,0.000000562
331,1536,0.000000558
332,1536,0.000000502
333,1536,0.000000613
334,1536,0.000000510
335,1536,0.000000503
336,1536,0.000000579
337,1536,0.000000509
338,1536,0.000000620
339,1536,0.000000517
340,1536,0.000000512
341,1536,0.000000630
342,1536,0.000000518
343,1536,0.000000511
344,1536,0.000000842
345,1536,0.000000503
346,1536,0.000000570
347,1536,0.000000507
348,1536,0.000000504
349,1536,0.000000624
350,1536,0.000000502
351,1536,0.000000509
352,1536,0.000000527
353,1536,0.000000508
354,1536,0.000000570
355,1536,0.000000505
356,1536,0.000000507
357,1536,0.000000634
358,1536,0.000000545
359,1536,0.000000509
360,1536,0.000000568
361,1536,0.000000509
362,1536,0.000000567
363,1536,0.000000506
364,1536,0.000000506
365,1536,0.000000612
366,1536,0.000000509
367,1536,0.000000503
368,1536,0.000000578
369,1536,0.000000509
370,1536,0.000000624
371,1536,0.000000506
372,1536,0.000000511
373,1536,0.000000574
374,1536,0.000000507
375,1536,0.000000501
376,1536,0.000000565
377,1536,0.000000504
378,1536,0.000000622
379,1536,0.000000549
380,1536,0.000000506
381,1536,0.000000564
382,1536,0.000000503
383,1536,0.000000500
384,1536,0.000000576
385,1536,0.000000506
386,1536,0.000000565
387,1536,0.000000507
388,1536,0.000000505
389,1536,0.000000624
390,1536,0.000000514
391,1536,0.000000501
392,1536,0.000000583
393,1536,0.000000503
394,1536,0.000000568
395,1536,0.000000506
396,1536,0.000000507
397,1536,0.000000566
398,1536,0.000000505
399,1536,0.000000511
400,1536,0.000000590
401,1536,0.000000511
402,1536,0.000000610
403,1536,0.000000507
404,1536,0.000000508
405,1536,0.000000578
406,1536,0.000000507
407,1536,0.000000505
408,1536,0.000000519
409,1536,0.000000508
410,1536,0.000000564
411,1536,0.000000554
412,1536,0.000000512
413,1536,0.000000566
414,1536,0.000000502
415,1536,0.000000502
416,1536,0.000000521
417,1536,0.000000511
418,1536,0.000000568
419,1536,0.000000505
420,1536,0.000000510
421,1536,0.000000633
422,1536,0.000000602
423,1536,0.000000505
424,1536,0.000000576
425,1536,0.000000510
426,1536,0.000000626
427,1536,0.000000564
428,1536,0.000000513
429,1536,0.000000567
430,1536,0.000000500
431,1536,0.000000504
432,1536,0.000000592
433,1536,0.000000507
434,1536,0.000000628
435,1536,0.000000555
436,1536,0.000000505
437,1536,0.000000561
438,1536,0.000000508
439,1536,0.000000501
440,1536,0.000000911
441,1536,0.000000505
442,1536,0.000000564
443,1536,0.000000556
444,1536,0.000000505
445,1536,0.000000627
446,1536,0.000000542
447,1536,0.000000500
448,1536,0.000000576
449,1536,0.000000504
450,1536,0.000000615
451,1536,0.000000504
452,1536,0.000000504
453,1536,0.000000565
454,1536,0.000000500
455,1536,0.000000500
456,1536,0.000000572
457,1536,0.000000506
458,1536,0.000000618
459,1536,0.000000507
460,1536,0.000000506
461,1536,0.000000571
462,1536,0.000000579
463,1536,0.000000503
464,1536,0.000000521
465,1536,0.000000515
466,1536,0.000000564
467,1536,0.000000506
468,1536,0.000000507
469,1536,0.000000632
470,1536,0.000000505
471,1536,0.000000502
472,1536,0.000000593
473,1536,0.000000510
474,1536,0.000000564
475,1536,0.000000504
476,1536,0.000000505
477,1536,0.000000984
478,1536,0.000000550
479,1536,0.000000556
480,1536,0.000000578
481,1536,0.000000510
482,1536,0.000000567
483,1536,0.000000505
484,1536,0.000000506
485,1536,0.000000626
486,1536,0.000000551
487,1536,0.000000504
488,1536,0.000000571
489,1536,0.000000504
490,1536,0.000000562
491,1536,0.000000557
492,1536,0.000000505
493,1536,0.000000565
494,1536,0.000000545
495,1536,0.000000546
496,1536,0.000000571
497,1536,0.000000510
498,1536,0.000000612
499,1536,0.000000549
500,1536,0.000000507
501,1536,0.000000616
502,1536,0.000000551
503,1536,0.000000502
504,1536,0.000000560
505,1536,0.000000508
506,1536,0.000000631
507,1536,0.000000544
508,1536,0.000000509
509,1536,0.000000647
510,1536,0.000000919
511,1536,0.000000516
512,1536,0.000000576
513,1536,0.000000509
514,1536,0.000000625
515,1536,0.000000554
516,1536,0.000000506
517,1536,0.000000566
518,1536,0.000000556
519,1536,0.000000506
520,1536,0.000000676
521,1536,0.000000510
522,1536,0.000000620
523,1536,0.000000597
524,1536,0.000000508
525,1536,0.000000621
526,1536,0.000000557
527,1536,0.000000504
528,1536,0.000008945
529,1536,0.000000537
530,1536,0.000000628
531,1536,0.000000564
532,1536,0.000000506
533,1536,0.000000620
534,1536,0.000000569
535,1536,0.000000501
536,1536,0.000000599
537,1536,0.000000511
538,1536,0.000000562
539,1536,0.000000505
540,1536,0.000000505
541,1536,0.000000613
542,1536,0.000000508
543,1536,0.000000502
544,1536,0.000000519
545,1536,0.000000508
546,1536,0.000000564
547,1536,0.000000551
548,1536,0.000000507
549,1536,0.000000851
550,1536,0.000000508
551,1536,0.000000504
552,1536,0.000000583
553,1536,0.000000505
554,1536,0.000000622
555,1536,0.000000510
556,1536,0.000000508
557,1536,0.000000569
558,1536,0.000000512
559,1536,0.000000506
560,1536,0.000000581
561,1536,0.000000505
562,1536,0.000000616
563,1536,0.000000557
564,1536,0.000000506
565,1536,0.000000623
566,1536,0.000000511
567,1536,0.000000517
568,1536,0.000000584
569,1536,0.000000511
570,1536,0.000000627
571,1536,0.000000556
572,1536,0.000000509
573,1536,0.000000627
574,1536,0.000000509
575,1536,0.000000505
576,1536,0.000000579
577,1536,0.000000510
578,1536,0.000000623
579,1536,0.000000553
580,1536,0.000000510
581,1536,0.000000577
582,1536,0.000000510
583,1536,0.000000501
584,1536,0.000000586
585,1536,0.000000509
586,1536,0.000000840
587,1536,0.000000505
588,1536,0.000000506
589,1536,0.000000618
590,1536,0.000000505
591,1536,0.000000514
592,1536,0.000000571
593,1536,0.000000511
594,1536,0.000000623
595,1536,0.000000505
596,1536,0.000000505
597,1536,0.000000619
598,1536,0.000000551
599,1536,0.000000510
600,1536,0.000000563
601,1536,0.000000508
602,1536,0.000000563
603,1536,0.000000507
604,1536,0.000000508
605,1536,0.000000630
606,1536,0.000000547
607,1536,0.000000503
608,1536,0.000000523
609,1536,0.000000503
610,1536,0.000000581
611,1536,0.000000563
612,1536,0.000000506
613,1536,0.000000625
614,1536,0.000000509
615,1536,0.000000507
616,1536,0.000000590
617,1536,0.000000513
618,1536,0.000000631
619,1536,0.000000550
620,1536,0.000000510
621,1536,0.000000635
622,1536,0.000000510
623,1536,0.000000507
624,1536,0.000000598
625,1536,0.000000510
626,1536,0.000000617
627,1536,0.000000508
628,1536,0.000000507
629,1536,0.000000620
630,1536,0.000000549
631,1536,0.000000506
632,1536,0.000000568
633,1536,0.000000511
634,1536,0.000000628
635,1536,0.000000567
636,1536,0.000000508
637,1536,0.000000564
638,1536,0.000000508
639,1536,0.000000500
640,1536,0.000000520
641,1536,0.000000505
642,1536,0.000000562
643,1536,0.000000556
644,1536,0.000000506
645,1536,0.000000619
646,1536,0.000000547
647,1536,0.000000503
648,1536,0.000000585
649,1536,0.000000506
650,1536,0.000000882
651,1536,0.000000551
652,1536,0.000000506
653,1536,0.000000629
654,1536,0.000000508
655,1536,0.000000504
656,1536,0.000000584
657,1536,0.000000508
658,1536,0.000000567
659,1536,0.000000550
660,1536,0.000000506
661,1536,0.000000566
662,1536,0.000000507
663,1536,0.000000512
664,1536,0.000000575
665,1536,0.000000512
666,1536,0.000000567
667,1536,0.000000504
668,1536,0.000000505
669,1536,0.000000647
670,1536,0.000000822
671,1536,0.000000504
672,1536,0.000000580
673,1536,0.000000512
674,1536,0.000000565
675,1536,0.000000555
676,1536,0.000000510
677,1536,0.000000621
678,1536,0.000000552
679,1536,0.000000505
680,1536,0.000000617
681,1536,0.000000525
682,1536,0.000000644
683,1536,0.000000555
684,1536,0.000000508
685,1536,0.000000637
686,1536,0.000000556
687,1536,0.000000502
688,1536,0.000000585
689,1536,0.000000509
690,1536,0.000000564
691,1536,0.000000566
692,1536,0.000000512
693,1536,0.000000616
694,1536,0.000000509
695,1536,0.000000505
696,1536,0.000000627
697,1536,0.000000516
698,1536,0.000000639
699,1536,0.000000556
700,1536,0.000000504
701,1536,0.000000637
702,1536,0.000000508
703,1536,0.000000791
704,1536,0.000000638
705,1536,0.000000506
706,1536,0.000000622
707,1536,0.000000561
708,1536,0.000000504
709,1536,0.000000902
710,1536,0.000000508
711,1536,0.000000503
712,1536,0.000000586
713,1536,0.000000513
714,1536,0.000000631
715,1536,0.000000563
716,1536,0.000000508
717,1536,0.000000651
718,1536,0.000000550
719,1536,0.000000506
720,1536,0.000000590
721,1536,0.000000506
722,1536,0.000000567
723,1536,0.000000552
724,1536,0.000000507
725,1536,0.000000635
726,1536,0.000000510
727,1536,0.000000503
728,1536,0.000000569
729,1536,0.000000512
730,1536,0.000000623
731,1536,0.000000566
732,1536,0.000000508
733,1536,0.000000657
734,1536,0.000000510
735,1536,0.000000555
736,1536,0.000000576
737,1536,0.000000511
738,1536,0.000000567
739,1536,0.000000765
740,1536,0.000000508
741,1536,0.000000569
742,1536,0.000000500
743,1536,0.000000502
744,1536,0.000000641
745,1536,0.000000572
746,1536,0.000000613
747,1536,0.000000558
748,1536,0.000000507
749,1536,0.000000631
750,1536,0.000000551
751,1536,0.000000508
752,1536,0.000000581
753,1536,0.000000510
754,1536,0.000000624
755,1536,0.000000844
756,1536,0.000000506
757,1536,0.000000665
758,1536,0.000000555
759,1536,0.000000505
760,1536,0.000000589
761,1536,0.000000569
762,1536,0.000000566
763,1536,0.000000505
764,1536,0.000000512
765,1536,0.000000648
766,1536,0.000013427
767,1536,0.000000547
768,1536,0.000000614
769,1536,0.000000529
770,1536,0.000000643
771,1536,0.000000571
772,1536,0.000000517
773,1536,0.000000580
774,1536,0.000000510
775,1536,0.000000516
776,1536,0.000000582
777,1536,0.000000519
778,1536,0.000000678
779,1536,0.000000565
780,1536,0.000000519
781,1536,0.000000647
782,1536,0.000000563
783,1536,0.000000517
784,1536,0.000000579
785,1536,0.000000519
786,1536,0.000000647
787,1536,0.000000578
788,1536,0.000000517
789,1536,0.000000639
790,1536,0.000000565
791,1536,0.000000515
792,1536,0.000000593
793,1536,0.000000522
794,1536,0.000000640
795,1536,0.000000570
796,1536,0.000000516
797,1536,0.000000650
798,1536,0.000000553
799,1536,0.000000528
800,1536,0.000000583
801,1536,0.000000520
802,1536,0.000000643
803,1536,0.000000566
804,1536,0.000000518
805,1536,0.000000634
806,1536,0.000000559
807,1536,0.000000526
808,1536,0.000000634
809,1536,0.000000521
810,1536,0.000000650
811,1536,0.000000573
812,1536,0.000000518
813,1536,0.000000585
814,1536,0.000000511
815,1536,0.000000520
816,1536,0.000000611
817,1536,0.000000519
818,1536,0.000000942
819,1536,0.000000569
820,1536,0.000000519
821,1536,0.000000631
822,1536,0.000000567
823,1536,0.000000515
824,1536,0.000000985
825,1536,0.000000600
826,1536,0.000000637
827,1536,0.000000516
828,1536,0.000000515
829,1536,0.000000694
830,1536,0.000000511
831,1536,0.000000521
832,1536,0.000000585
833,1536,0.000000520
834,1536,0.000000709
835,1536,0.000000590
836,1536,0.000000515
837,1536,0.000000713
838,1536,0.000000634
839,1536,0.000000518
840,1536,0.000000681
841,1536,0.000000607
842,1536,0.000000663
843,1536,0.000000578
844,1536,0.000000517
845,1536,0.000000708
846,1536,0.000000578
847,1536,0.000000517
848,1536,0.000000614
849,1536,0.000000633
850,1536,0.000000778
851,1536,0.000000605
852,1536,0.000000524
853,1536,0.000000661
854,1536,0.000000569
855,1536,0.000000514
856,1536,0.000000669
857,1536,0.000000610
858,1536,0.000000706
859,1536,0.000000576
860,1536,0.000000519
861,1536,0.000000839
862,1536,0.000000563
863,1536,0.000000562
864,1536,0.000000618
865,1536,0.000000585
866,1536,0.000000708
867,1536,0.000000581
868,1536,0.000000517
869,1536,0.000000652
870,1536,0.000000584
871,1536,0.000000520
872,1536,0.000000608
873,1536,0.000000613
874,1536,0.000000703
875,1536,0.000000583
876,1536,0.000000520
877,1536,0.000000706
878,1536,0.000000524
879,1536,0.000000517
880,1536,0.000000673
881,1536,0.000000580
882,1536,0.000000700
883,1536,0.000000624
884,1536,0.000000515
885,1536,0.000000709
886,1536,0.000000582
887,1536,0.000000520
888,1536,0.000000664
889,1536,0.000000621
890,1536,0.000000691
891,1536,0.000000579
892,1536,0.000000515
893,1536,0.000000704
894,1536,0.000000554
895,1536,0.000000563
896,1536,0.000000748
897,1536,0.000000596
898,1536,0.000000649
899,1536,0.000000595
900,1536,0.000000517
901,1536,0.000000694
902,1536,0.000000576
903,1536,0.000000519
904,1536,0.000000613
905,1536,0.000000595
906,1536,0.000000697
907,1536,0.000000579
908,1536,0.000000516
909,1536,0.000000808
910,1536,0.000000555
911,1536,0.000000580
912,1536,0.000000685
913,1536,0.000000590
914,1536,0.000000703
915,1536,0.000000580
916,1536,0.000000518
917,1536,0.000013311
918,1536,0.000000762
919,1536,0.000000505
920,1536,0.000000661
921,1536,0.000000572
922,1536,0.000000710
923,1536,0.000000566
924,1536,0.000000506
925,1536,0.000000725
926,1536,0.000000564
927,1536,0.000000501
928,1536,0.000000756
929,1536,0.000000575
930,1536,0.000000686
931,1536,0.000000571
932,1536,0.000000505
933,1536,0.000000690
934,1536,0.000000599
935,1536,0.000000510
936,1536,0.000000600
937,1536,0.000000581
938,1536,0.000000700
939,1536,0.000000580
940,1536,0.000000506
941,1536,0.000000633
942,1536,0.000000574
943,1536,0.000000510
944,1536,0.000000648
945,1536,0.000000871
946,1536,0.000000686
947,1536,0.000000592
948,1536,0.000000504
949,1536,0.000000658
950,1536,0.000000572
951,1536,0.000000502
952,1536,0.000000818
953,1536,0.000000616
954,1536,0.000000684
955,1536,0.000000595
956,1536,0.000000509
957,1536,0.000000799
958,1536,0.000000569
959,1536,0.000000510
960,1536,0.000000608
961,1536,0.000000506
962,1536,0.000000631
963,1536,0.000000569
964,1536,0.000000508
965,1536,0.000000695
966,1536,0.000000567
967,1536,0.000000506
968,1536,0.000000653
969,1536,0.000000635
970,1536,0.000015588
971,1536,0.000000616
972,1536,0.000000523
973,1536,0.000000719
974,1536,0.000000573
975,1536,0.000000574
976,1536,0.000000741
977,1536,0.000000613
978,1536,0.000000721
979,1536,0.000000594
980,1536,0.000000522
981,1536,0.000000710
982,1536,0.000000583
983,1536,0.000000522
984,1536,0.000000774
985,1536,0.000000677
986,1536,0.000000759
987,1536,0.000000596
988,1536,0.000000524
989,1536,0.000000684
990,1536,0.000000589
991,1536,0.000000520
992,1536,0.000000661
993,1536,0.000000599
994,1536,0.000001059
995,1536,0.000000583
996,1536,0.000000524
997,1536,0.000000787
998,1536,0.000000585
999,1536,0.000000519
0,1792,0.000000914
1,1792,0.000000854
2,1792,0.000000665
3,1792,0.000000560
4,1792,0.000000592
5,1792,0.000000564
6,1792,0.000000597
7,1792,0.000000575
8,1792,0.000000510
9,1792,0.000000683
10,1792,0.000000509
11,1792,0.000000640
12,1792,0.000000554
13,1792,0.000000614
14,1792,0.000000566
15,1792,0.000000509
16,1792,0.000000602
17,1792,0.000000507
18,1792,0.000000628
19,1792,0.000000563
20,1792,0.000000621
21,1792,0.000000561
22,1792,0.000000571
23,1792,0.000000586
24,1792,0.000000510
25,1792,0.000000634
26,1792,0.000000562
27,1792,0.000000635
28,1792,0.000000576
29,1792,0.000000626
30,1792,0.000000577
31,1792,0.000000507
32,1792,0.000000590
33,1792,0.000000511
34,1792,0.000000629
35,1792,0.000000510
36,1792,0.000000629
37,1792,0.000000561
38,1792,0.000000570
39,1792,0.000000574
40,1792,0.000000509
41,1792,0.000000631
42,1792,0.000000514
43,1792,0.000000632
44,1792,0.000000582
45,1792,0.000000692
46,1792,0.000000576
47,1792,0.000000569
48,1792,0.000000617
49,1792,0.000000512
50,1792,0.000000633
51,1792,0.000000512
52,1792,0.000000830
53,1792,0.000000554
54,1792,0.000000631
55,1792,0.000000701
56,1792,0.000000578
57,1792,0.000000641
58,1792,0.000000513
59,1792,0.000000652
60,1792,0.000000560
61,1792,0.000000677
62,1792,0.000000570
63,1792,0.000000508
64,1792,0.000000935
65,1792,0.000000566
66,1792,0.000000626
67,1792,0.000000508
68,1792,0.000000626
69,1792,0.000000553
70,1792,0.000000576
71,1792,0.000000575
72,1792,0.000000508
73,1792,0.000000644
74,1792,0.000000570
75,1792,0.000000617
76,1792,0.000000512
77,1792,0.000000622
78,1792,0.000000558
79,1792,0.000000507
80,1792,0.000000595
81,1792,0.000000555
82,1792,0.000000611
83,1792,0.000000516
84,1792,0.000000640
85,1792,0.000000562
86,1792,0.000000925
87,1792,0.000000579
88,1792,0.000000558
89,1792,0.000000812
90,1792,0.000000513
91,1792,0.000000700
92,1792,0.000000576
93,1792,0.000000637
94,1792,0.000000564
95,1792,0.000000515
96,1792,0.000000612
97,1792,0.000000514
98,1792,0.000000995
99,1792,0.000000518
100,1792,0.000000637
101,1792,0.000000562
102,1792,0.000000640
103,1792,0.000000584
104,1792,0.000000512
105,1792,0.000000631
106,1792,0.000000512
107,1792,0.000000622
108,1792,0.000000558
109,1792,0.000000569
110,1792,0.000000565
111,1792,0.000000509
112,1792,0.000000584
113,1792,0.000000513
114,1792,0.000000638
115,1792,0.000000571
116,1792,0.000000629
117,1792,0.000000553
118,1792,0.000000636
119,1792,0.000000578
120,1792,0.000000515
121,1792,0.000000628
122,1792,0.000000512
123,1792,0.000000657
124,1792,0.000000508
125,1792,0.000000626
126,1792,0.000000573
127,1792,0.000000508
128,1792,0.000000604
129,1792,0.000000561
130,1792,0.000000707
131,1792,0.000000514
132,1792,0.000000645
133,1792,0.000000565
134,1792,0.000000570
135,1792,0.000000575
136,1792,0.000000509
137,1792,0.000000637
138,1792,0.000000514
139,1792,0.000000630
140,1792,0.000000573
141,1792,0.000000675
142,1792,0.000000567
143,1792,0.000000572
144,1792,0.000000672
145,1792,0.000000529
146,1792,0.000000669
147,1792,0.000000522
148,1792,0.000000677
149,1792,0.000000584
150,1792,0.000000672
151,1792,0.000000560
152,1792,0.000000512
153,1792,0.000000633
154,1792,0.000000565
155,1792,0.000000690
156,1792,0.000000577
157,1792,0.000000632
158,1792,0.000000756
159,1792,0.000000590
160,1792,0.000000581
161,1792,0.000000511
162,1792,0.000000636
163,1792,0.000000511
164,1792,0.000000565
165,1792,0.000000559
166,1792,0.000000640
167,1792,0.000000572
168,1792,0.000000510
169,1792,0.000000642
170,1792,0.000000510
171,1792,0.000000625
172,1792,0.000000562
173,1792,0.000000625
174,1792,0.000000565
175,1792,0.000000556
176,1792,0.000000603
177,1792,0.000000560
178,1792,0.000000617
179,1792,0.000000510
180,1792,0.000000643
181,1792,0.000000567
182,1792,0.000000622
183,1792,0.000000562
184,1792,0.000000509
185,1792,0.000000633
186,1792,0.000000516
187,1792,0.000000640
188,1792,0.000000560
189,1792,0.000000636
190,1792,0.000000678
191,1792,0.000000507
192,1792,0.000000605
193,1792,0.000000565
194,1792,0.000000650
195,1792,0.000000513
196,1792,0.000000648
197,1792,0.000000571
198,1792,0.000000675
199,1792,0.000000862
200,1792,0.000000560
201,1792,0.000000632
202,1792,0.000000519
203,1792,0.000000639
204,1792,0.000000555
205,1792,0.000000635
206,1792,0.000000568
207,1792,0.000000564
208,1792,0.000000593
209,1792,0.000000519
210,1792,0.000000662
211,1792,0.000000574
212,1792,0.000000652
213,1792,0.000000547
214,1792,0.000000573
215,1792,0.000000568
216,1792,0.000000517
217,1792,0.000000645
218,1792,0.000000510
219,1792,0.000000632
220,1792,0.000000569
221,1792,0.000000642
222,1792,0.000000579
223,1792,0.000000510
224,1792,0.000000585
225,1792,0.000000514
226,1792,0.000000640
227,1792,0.000000514
228,1792,0.000000663
229,1792,0.000000564
230,1792,0.000000571
231,1792,0.000000563
232,1792,0.000000513
233,1792,0.000000608
234,1792,0.000000514
235,1792,0.000000639
236,1792,0.000000550
237,1792,0.000001001
238,1792,0.000000569
239,1792,0.000000561
240,1792,0.000000699
241,1792,0.000000513
242,1792,0.000000634
243,1792,0.000000563
244,1792,0.000000629
245,1792,0.000000560
246,1792,0.000000804
247,1792,0.000000563
248,1792,0.000000510
249,1792,0.000000643
250,1792,0.000000589
251,1792,0.000000636
252,1792,0.000000560
253,1792,0.000000630
254,1792,0.000000564
255,1792,0.000000512
256,1792,0.000000621
257,1792,0.000000511
258,1792,0.000000670
259,1792,0.000000558
260,1792,0.000000693
261,1792,0.000000569
262,1792,0.000000623
263,1792,0.000000571
264,1792,0.000000511
265,1792,0.000000648
266,1792,0.000000563
267,1792,0.000000640
268,1792,0.000000507
269,1792,0.000000685
270,1792,0.000000567
271,1792,0.000000828
272,1792,0.000000615
273,1792,0.000000517
274,1792,0.000000637
275,1792,0.000000512
276,1792,0.000000622
277,1792,0.000000568
278,1792,0.000000630
279,1792,0.000000569
280,1792,0.000000510
281,1792,0.000000646
282,1792,0.000000557
283,1792,0.000000609
284,1792,0.000000510
285,1792,0.000000693
286,1792,0.000000556
287,1792,0.000000509
288,1792,0.000000660
289,1792,0.000000596
290,1792,0.000000668
291,1792,0.000000532
292,1792,0.000000664
293,1792,0.000000766
294,1792,0.000000577
295,1792,0.000000565
296,1792,0.000000510
297,1792,0.000000660
298,1792,0.000000579
299,1792,0.000000652
300,1792,0.000000554
301,1792,0.000000636
302,1792,0.000000574
303,1792,0.000000559
304,1792,0.000000634
305,1792,0.000000515
306,1792,0.000000686
307,1792,0.000000515
308,1792,0.000000636
309,1792,0.000000511
310,1792,0.000000637
311,1792,0.000000575
312,1792,0.000000513
313,1792,0.000000639
314,1792,0.000000517
315,1792,0.000000624
316,1792,0.000000570
317,1792,0.000000651
318,1792,0.000000671
319,1792,0.000000510
320,1792,0.000000648
321,1792,0.000000573
322,1792,0.000000645
323,1792,0.000000562
324,1792,0.000000638
325,1792,0.000000559
326,1792,0.000000637
327,1792,0.000000573
328,1792,0.000000507
329,1792,0.000000640
330,1792,0.000000513
331,1792,0.000000682
332,1792,0.000000565
333,1792,0.000000692
334,1792,0.000000550
335,1792,0.000000558
336,1792,0.000000613
337,1792,0.000000567
338,1792,0.000000621
339,1792,0.000000517
340,1792,0.000000662
341,1792,0.000000564
342,1792,0.000000637
343,1792,0.000000581
344,1792,0.000000510
345,1792,0.000000640
346,1792,0.000000517
347,1792,0.000000625
348,1792,0.000000560
349,1792,0.000000677
350,1792,0.000000571
351,1792,0.000000521
352,1792,0.000000612
353,1792,0.000000567
354,1792,0.000000643
355,1792,0.000000562
356,1792,0.000000647
357,1792,0.000000555
358,1792,0.000000578
359,1792,0.000000587
360,1792,0.000000510
361,1792,0.000000657
362,1792,0.000000564
363,1792,0.000000692
364,1792,0.000000562
365,1792,0.000000638
366,1792,0.000000581
367,1792,0.000000565
368,1792,0.000000986
369,1792,0.000000514
370,1792,0.000000630
371,1792,0.000000515
372,1792,0.000000713
373,1792,0.000000556
374,1792,0.000000681
375,1792,0.000000561
376,1792,0.000000508
377,1792,0.000000697
378,1792,0.000000511
379,1792,0.000000626
380,1792,0.000000561
381,1792,0.000000639
382,1792,0.000000568
383,1792,0.000000510
384,1792,0.000000600
385,1792,0.000000518
386,1792,0.000000630
387,1792,0.000000513
388,1792,0.000000640
389,1792,0.000000569
390,1792,0.000000623
391,1792,0.000000565
392,1792,0.000000511
393,1792,0.000000839
394,1792,0.000000555
395,1792,0.000000633
396,1792,0.000000556
397,1792,0.000000690
398,1792,0.000000557
399,1792,0.000000509
400,1792,0.000000587
401,1792,0.000000516
402,1792,0.000000649
403,1792,0.000000512
404,1792,0.000000641
405,1792,0.000000563
406,1792,0.000000578
407,1792,0.000000567
408,1792,0.000000510
409,1792,0.000000736
410,1792,0.000000518
411,1792,0.000000669
412,1792,0.000000577
413,1792,0.000000573
414,1792,0.000000760
415,1792,0.000000565
416,1792,0.000000616
417,1792,0.000000514
418,1792,0.000000765
419,1792,0.000001088
420,1792,0.000000907
421,1792,0.000000767
422,1792,0.000000827
423,1792,0.000000785
424,1792,0.000000754
425,1792,0.000001028
426,1792,0.000000721
427,1792,0.000000792
428,1792,0.000000902
429,1792,0.000000783
430,1792,0.000000767
431,1792,0.000000660
432,1792,0.000000862
433,1792,0.000000737
434,1792,0.000001010
435,1792,0.000000753
436,1792,0.000000902
437,1792,0.000000780
438,1792,0.000000967
439,1792,0.000000820
440,1792,0.000000732
441,1792,0.000000908
442,1792,0.000000993
443,1792,0.000001339
444,1792,0.000000573
445,1792,0.000000687
446,1792,0.000000562
447,1792,0.000000563
448,1792,0.000000626
449,1792,0.000000564
450,1792,0.000000721
451,1792,0.000000568
452,1792,0.000000646
453,1792,0.000000568
454,1792,0.000000623
455,1792,0.000000582
456,1792,0.000000506
457,1792,0.000000664
458,1792,0.000000508
459,1792,0.000000641
460,1792,0.000000565
461,1792,0.000000634
462,1792,0.000000547
463,1792,0.000000506
464,1792,0.000000628
465,1792,0.000000560
466,1792,0.000000629
467,1792,0.000000556
468,1792,0.000000687
469,1792,0.000000563
470,1792,0.000000635
471,1792,0.000000577
472,1792,0.000000564
473,1792,0.000000640
474,1792,0.000000510
475,1792,0.000000673
476,1792,0.000000589
477,1792,0.000000692
478,1792,0.000000554
479,1792,0.000000506
480,1792,0.000000620
481,1792,0.000000558
482,1792,0.000000633
483,1792,0.000000515
484,1792,0.000000571
485,1792,0.000000553
486,1792,0.000000636
487,1792,0.000000569
488,1792,0.000000508
489,1792,0.000000650
490,1792,0.000000597
491,1792,0.000000642
492,1792,0.000000551
493,1792,0.000000636
494,1792,0.000000577
495,1792,0.000000560
496,1792,0.000000577
497,1792,0.000000514
498,1792,0.000000766
499,1792,0.000000509
500,1792,0.000000629
501,1792,0.000000511
502,1792,0.000000583
503,1792,0.000000577
504,1792,0.000000512
505,1792,0.000000680
506,1792,0.000000518
507,1792,0.000000629
508,1792,0.000000553
509,1792,0.000000700
510,1792,0.000000570
511,1792,0.000000550
512,1792,0.000000595
513,1792,0.000000512
514,1792,0.000000641
515,1792,0.000000560
516,1792,0.000000645
517,1792,0.000015169
518,1792,0.000000876
519,1792,0.000000580
520,1792,0.000000580
521,1792,0.000000591
522,1792,0.000000527
523,1792,0.000000690
524,1792,0.000000606
525,1792,0.000000642
526,1792,0.000000687
527,1792,0.000000779
528,1792,0.000000940
529,1792,0.000000701
530,1792,0.000000997
531,1792,0.000000893
532,1792,0.000000795
533,1792,0.000000758
534,1792,0.000001024
535,1792,0.000000828
536,1792,0.000000796
537,1792,0.000000903
538,1792,0.000000911
539,1792,0.000001185
540,1792,0.000000578
541,1792,0.000000659
542,1792,0.000000563
543,1792,0.000000519
544,1792,0.000000707
545,1792,0.000000571
546,1792,0.000000645
547,1792,0.000000591
548,1792,0.000000648
549,1792,0.000000719
550,1792,0.000000640
551,1792,0.000000600
552,1792,0.000000520
553,1792,0.000000645
554,1792,0.000000524
555,1792,0.000000630
556,1792,0.000000558
557,1792,0.000000648
558,1792,0.000000584
559,1792,0.000000521
560,1792,0.000000608
561,1792,0.000000525
562,1792,0.000000631
563,1792,0.000000525
564,1792,0.000000580
565,1792,0.000000567
566,1792,0.000000645
567,1792,0.000000524
568,1792,0.000000521
569,1792,0.000000638
570,1792,0.000000522
571,1792,0.000000868
572,1792,0.000000581
573,1792,0.000000646
574,1792,0.000000654
575,1792,0.000000569
576,1792,0.000013078
577,1792,0.000000539
578,1792,0.000000624
579,1792,0.000000510
580,1792,0.000000624
581,1792,0.000000569
582,1792,0.000000600
583,1792,0.000000623
584,1792,0.000000523
585,1792,0.000000636
586,1792,0.000000510
587,1792,0.000000641
588,1792,0.000000559
589,1792,0.000000649
590,1792,0.000000564
591,1792,0.000000557
592,1792,0.000000609
593,1792,0.000000513
594,1792,0.000000660
595,1792,0.000000562
596,1792,0.000000701
597,1792,0.000000613
598,1792,0.000000722
599,1792,0.000000573
600,1792,0.000000510
601,1792,0.000000622
602,1792,0.000000521
603,1792,0.000000679
604,1792,0.000000721
605,1792,0.000000636
606,1792,0.000000640
607,1792,0.000000571
608,1792,0.000000642
609,1792,0.000000560
610,1792,0.000000641
611,1792,0.000000564
612,1792,0.000000657
613,1792,0.000000558
614,1792,0.000000574
615,1792,0.000000601
616,1792,0.000000511
617,1792,0.000000690
618,1792,0.000000548
619,1792,0.000000629
620,1792,0.000000571
621,1792,0.000008846
622,1792,0.000000670
623,1792,0.000000517
624,1792,0.000000598
625,1792,0.000000515
626,1792,0.000000644
627,1792,0.000000560
628,1792,0.000000651
629,1792,0.000000560
630,1792,0.000000637
631,1792,0.000000565
632,1792,0.000000509
633,1792,0.000000621
634,1792,0.000000512
635,1792,0.000000620
636,1792,0.000000571
637,1792,0.000000646
638,1792,0.000000658
639,1792,0.000000572
640,1792,0.000000575
641,1792,0.000000512
642,1792,0.000000649
643,1792,0.000000511
644,1792,0.000000817
645,1792,0.000000577
646,1792,0.000000737
647,1792,0.000000575
648,1792,0.000000512
649,1792,0.000000634
650,1792,0.000000517
651,1792,0.000000640
652,1792,0.000000552
653,1792,0.000000637
654,1792,0.000000572
655,1792,0.000000509
656,1792,0.000000593
657,1792,0.000000513
658,1792,0.000000701
659,1792,0.000000511
660,1792,0.000000627
661,1792,0.000000571
662,1792,0.000000576
663,1792,0.000000569
664,1792,0.000000509
665,1792,0.000000694
666,1792,0.000000551
667,1792,0.000000703
668,1792,0.000000585
669,1792,0.000000634
670,1792,0.000000565
671,1792,0.000000517
672,1792,0.000000593
673,1792,0.000000569
674,1792,0.000000636
675,1792,0.000000903
676,1792,0.000000652
677,1792,0.000000549
678,1792,0.000000573
679,1792,0.000000582
680,1792,0.000000511
681,1792,0.000000635
682,1792,0.000000511
683,1792,0.000000652
684,1792,0.000000574
685,1792,0.000000631
686,1792,0.000000563
687,1792,0.000000508
688,1792,0.000000648
689,1792,0.000000513
690,1792,0.000000624
691,1792,0.000000515
692,1792,0.000000662
693,1792,0.000000567
694,1792,0.000000642
695,1792,0.000000582
696,1792,0.000000513
697,1792,0.000000629
698,1792,0.000000513
699,1792,0.000000622
700,1792,0.000000574
701,1792,0.000000623
702,1792,0.000000577
703,1792,0.000000567
704,1792,0.000000610
705,1792,0.000000608
706,1792,0.000000704
707,1792,0.000000568
708,1792,0.000000646
709,1792,0.000000578
710,1792,0.000000654
711,1792,0.000000564
712,1792,0.000000510
713,1792,0.000000624
714,1792,0.000000515
715,1792,0.000000686
716,1792,0.000000607
717,1792,0.000000671
718,1792,0.000000560
719,1792,0.000000508
720,1792,0.000000666
721,1792,0.000000511
722,1792,0.000000989
723,1792,0.000000563
724,1792,0.000000573
725,1792,0.000000555
726,1792,0.000000639
727,1792,0.000000563
728,1792,0.000000511
729,1792,0.000000746
730,1792,0.000000581
731,1792,0.000000648
732,1792,0.000000562
733,1792,0.000000685
734,1792,0.000000559
735,1792,0.000000558
736,1792,0.000000579
737,1792,0.000000516
738,1792,0.000000626
739,1792,0.000000553
740,1792,0.000000641
741,1792,0.000000571
742,1792,0.000000683
743,1792,0.000000597
744,1792,0.000000510
745,1792,0.000000667
746,1792,0.000000511
747,1792,0.000000648
748,1792,0.000000584
749,1792,0.000000739
750,1792,0.000000580
751,1792,0.000000571
752,1792,0.000000602
753,1792,0.000000588
754,1792,0.000000631
755,1792,0.000000513
756,1792,0.000000632
757,1792,0.000000551
758,1792,0.000000637
759,1792,0.000000575
760,1792,0.000000507
761,1792,0.000000630
762,1792,0.000000514
763,1792,0.000000645
764,1792,0.000000582
765,1792,0.000000750
766,1792,0.000000555
767,1792,0.000000509
768,1792,0.000000628
769,1792,0.000000510
770,1792,0.000000646
771,1792,0.000000575
772,1792,0.000000637
773,1792,0.000000564
774,1792,0.000000641
775,1792,0.000000603
776,1792,0.000000510
777,1792,0.000000698
778,1792,0.000000510
779,1792,0.000000621
780,1792,0.000000544
781,1792,0.000000619
782,1792,0.000000563
783,1792,0.000000509
784,1792,0.000000598
785,1792,0.000000753
786,1792,0.000000633
787,1792,0.000000563
788,1792,0.000000630
789,1792,0.000000511
790,1792,0.000000640
791,1792,0.000000577
792,1792,0.000000563
793,1792,0.000000642
794,1792,0.000000508
795,1792,0.000000694
796,1792,0.000000577
797,1792,0.000000883
798,1792,0.000000578
799,1792,0.000000558
800,1792,0.000000585
801,1792,0.000000511
802,1792,0.000000640
803,1792,0.000000562
804,1792,0.000000628
805,1792,0.000000557
806,1792,0.000000632
807,1792,0.000000508
808,1792,0.000000509
809,1792,0.000000643
810,1792,0.000000555
811,1792,0.000000636
812,1792,0.000000564
813,1792,0.000000641
814,1792,0.000000571
815,1792,0.000000572
816,1792,0.000000638
817,1792,0.000000510
818,1792,0.000000628
819,1792,0.000000559
820,1792,0.000000627
821,1792,0.000000507
822,1792,0.000000641
823,1792,0.000000585
824,1792,0.000000506
825,1792,0.000000824
826,1792,0.000000508
827,1792,0.000000623
828,1792,0.000000553
829,1792,0.000000688
830,1792,0.000000506
831,1792,0.000000510
832,1792,0.000000578
833,1792,0.000000513
834,1792,0.000000701
835,1792,0.000000565
836,1792,0.000000644
837,1792,0.000000575
838,1792,0.000000631
839,1792,0.000000571
840,1792,0.000000507
841,1792,0.000000690
842,1792,0.000000556
843,1792,0.000000570
844,1792,0.000000557
845,1792,0.000000637
846,1792,0.000000554
847,1792,0.000000511
848,1792,0.000000611
849,1792,0.000000512
850,1792,0.000000688
851,1792,0.000000552
852,1792,0.000000684
853,1792,0.000000563
854,1792,0.000000642
855,1792,0.000000553
856,1792,0.000000510
857,1792,0.000000725
858,1792,0.000000588
859,1792,0.000000706
860,1792,0.000000570
861,1792,0.000000821
862,1792,0.000000579
863,1792,0.000000573
864,1792,0.000000620
865,1792,0.000000552
866,1792,0.000000711
867,1792,0.000000597
868,1792,0.000000708
869,1792,0.000000567
870,1792,0.000000688
871,1792,0.000000605
872,1792,0.000000510
873,1792,0.000000703
874,1792,0.000000554
875,1792,0.000000815
876,1792,0.000000589
877,1792,0.000000711
878,1792,0.000000585
879,1792,0.000000567
880,1792,0.000000654
881,1792,0.000000568
882,1792,0.000000707
883,1792,0.000000786
884,1792,0.000000697
885,1792,0.000000578
886,1792,0.000000734
887,1792,0.000000582
888,1792,0.000000509
889,1792,0.000000726
890,1792,0.000000513
891,1792,0.000000756
892,1792,0.000000586
893,1792,0.000000725
894,1792,0.000000575
895,1792,0.000000584
896,1792,0.000000751
897,1792,0.000000626
898,1792,0.000000735
899,1792,0.000000622
900,1792,0.000000723
901,1792,0.000000583
902,1792,0.000000723
903,1792,0.000000801
904,1792,0.000000517
905,1792,0.000000785
906,1792,0.000000614
907,1792,0.000000856
908,1792,0.000000568
909,1792,0.000000743
910,1792,0.000000583
911,1792,0.000000567
912,1792,0.000000683
913,1792,0.000000580
914,1792,0.000000707
915,1792,0.000000555
916,1792,0.000000709
917,1792,0.000000883
918,1792,0.000000741
919,1792,0.000000582
920,1792,0.000000576
921,1792,0.000000697
922,1792,0.000000512
923,1792,0.000000645
924,1792,0.000000574
925,1792,0.000000692
926,1792,0.000000584
927,1792,0.000000560
928,1792,0.000000660
929,1792,0.000000576
930,1792,0.000000708
931,1792,0.000000591
932,1792,0.000000781
933,1792,0.000000562
934,1792,0.000000775
935,1792,0.000000583
936,1792,0.000000509
937,1792,0.000000704
938,1792,0.000000517
939,1792,0.000000696
940,1792,0.000000597
941,1792,0.000000698
942,1792,0.000000629
943,1792,0.000000560
944,1792,0.000000689
945,1792,0.000000584
946,1792,0.000000659
947,1792,0.000000565
948,1792,0.000000709
949,1792,0.000000573
950,1792,0.000000691
951,1792,0.000000581
952,1792,0.000000577
953,1792,0.000000657
954,1792,0.000000625
955,1792,0.000000687
956,1792,0.000000577
957,1792,0.000000675
958,1792,0.000000578
959,1792,0.000000564
960,1792,0.000000687
961,1792,0.000000623
962,1792,0.000000789
963,1792,0.000000597
964,1792,0.000000646
965,1792,0.000000579
966,1792,0.000000746
967,1792,0.000000590
968,1792,0.000000509
969,1792,0.000000745
970,1792,0.000000600
971,1792,0.000000778
972,1792,0.000000610
973,1792,0.000000697
974,1792,0.000000574
975,1792,0.000000562
976,1792,0.000000661
977,1792,0.000000598
978,1792,0.000000710
979,1792,0.000000739
980,1792,0.000000762
981,1792,0.000000573
982,1792,0.000000747
983,1792,0.000000647
984,1792,0.000000520
985,1792,0.000000722
986,1792,0.000000611
987,1792,0.000000649
988,1792,0.000000578
989,1792,0.000000742
990,1792,0.000000584
991,1792,0.000000561
992,1792,0.000000667
993,1792,0.000000520
994,1792,0.000000829
995,1792,0.000000557
996,1792,0.000000718
997,1792,0.000000577
998,1792,0.000000734
999,1792,0.000000595
0,2048,0.000000923
1,2048,0.000000563
2,2048,0.000000613
3,2048,0.000000518
4,2048,0.000000595
5,2048,0.000000516
6,2048,0.000000869
7,2048,0.000000566
8,2048,0.000000634
9,2048,0.000000512
10,2048,0.000000592
11,2048,0.000000515
12,2048,0.000000890
13,2048,0.000000559
14,2048,0.000000580
15,2048,0.000000559
16,2048,0.000000602
17,2048,0.000000557
18,2048,0.000000588
19,2048,0.000000514
20,2048,0.000000674
21,2048,0.000000593
22,2048,0.000000597
23,2048,0.000000575
24,2048,0.000000615
25,2048,0.000000571
26,2048,0.000000610
27,2048,0.000000518
28,2048,0.000000583
29,2048,0.000000516
30,2048,0.000000615
31,2048,0.000000740
32,2048,0.000000586
33,2048,0.000000518
34,2048,0.000000613
35,2048,0.000000572
36,2048,0.000000615
37,2048,0.000000897
38,2048,0.000000626
39,2048,0.000000569
40,2048,0.000000747
41,2048,0.000000567
42,2048,0.000000647
43,2048,0.000000570
44,2048,0.000000601
45,2048,0.000000565
46,2048,0.000000664
47,2048,0.000000514
48,2048,0.000000625
49,2048,0.000000767
50,2048,0.000000635
51,2048,0.000000579
52,2048,0.000000606
53,2048,0.000000566
54,2048,0.000000620
55,2048,0.000000585
56,2048,0.000000626
57,2048,0.000000561
58,2048,0.000000925
59,2048,0.000000568
60,2048,0.000000587
61,2048,0.000000560
62,2048,0.000000603
63,2048,0.000000578
64,2048,0.000000609
65,2048,0.000000577
66,2048,0.000000586
67,2048,0.000000554
68,2048,0.000000590
69,2048,0.000000513
70,2048,0.000000600
71,2048,0.000000564
72,2048,0.000000588
73,2048,0.000000517
74,2048,0.000000584
75,2048,0.000000555
76,2048,0.000000616
77,2048,0.000000562
78,2048,0.000000587
79,2048,0.000000512
80,2048,0.000000620
81,2048,0.000000566
82,2048,0.000000609
83,2048,0.000000573
84,2048,0.000000618
85,2048,0.000000578
86,2048,0.000000609
87,2048,0.000000565
88,2048,0.000000575
89,2048,0.000000519
90,2048,0.000000652
91,2048,0.000000572
92,2048,0.000000606
93,2048,0.000000572
94,2048,0.000000583
95,2048,0.000000515
96,2048,0.000000596
97,2048,0.000000564
98,2048,0.000000598
99,2048,0.000000516
100,2048,0.000000624
101,2048,0.000000566
102,2048,0.000000583
103,2048,0.000000518
104,2048,0.000000588
105,2048,0.000000522
106,2048,0.000000861
107,2048,0.000000563
108,2048,0.000000615
109,2048,0.000000571
110,2048,0.000000613
111,2048,0.000000564
112,2048,0.000000723
113,2048,0.000000513
114,2048,0.000000595
115,2048,0.000000558
116,2048,0.000000638
117,2048,0.000000567
118,2048,0.000000598
119,2048,0.000000566
120,2048,0.000000649
121,2048,0.000000570
122,2048,0.000000609
123,2048,0.000000578
124,2048,0.000000580
125,2048,0.000000515
126,2048,0.000000623
127,2048,0.000000577
128,2048,0.000000603
129,2048,0.000000519
130,2048,0.000000621
131,2048,0.000000568
132,2048,0.000000585
133,2048,0.000000513
134,2048,0.000000621
135,2048,0.000000554
136,2048,0.000000613
137,2048,0.000000562
138,2048,0.000000646
139,2048,0.000000516
140,2048,0.000000583
141,2048,0.000000563
142,2048,0.000000601
143,2048,0.000000569
144,2048,0.000000592
145,2048,0.000000513
146,2048,0.000000604
147,2048,0.000000567
148,2048,0.000000605
149,2048,0.000000576
150,2048,0.000000913
151,2048,0.000000575
152,2048,0.000000629
153,2048,0.000000561
154,2048,0.000000601
155,2048,0.000000565
156,2048,0.000000580
157,2048,0.000000515
158,2048,0.000000620
159,2048,0.000000565
160,2048,0.000000599
161,2048,0.000000512
162,2048,0.000000592
163,2048,0.000000516
164,2048,0.000000587
165,2048,0.000000511
166,2048,0.000000608
167,2048,0.000000558
168,2048,0.000000614
169,2048,0.000000571
170,2048,0.000000581
171,2048,0.000000511
172,2048,0.000000624
173,2048,0.000000575
174,2048,0.000000604
175,2048,0.000000570
176,2048,0.000000600
177,2048,0.000000514
178,2048,0.000000599
179,2048,0.000000511
180,2048,0.000000605
181,2048,0.000000574
182,2048,0.000000597
183,2048,0.000000571
184,2048,0.000000608
185,2048,0.000000564
186,2048,0.000000614
187,2048,0.000000517
188,2048,0.000000586
189,2048,0.000000516
190,2048,0.000000608
191,2048,0.000000575
192,2048,0.000000666
193,2048,0.000000560
194,2048,0.000000615
195,2048,0.000000564
196,2048,0.000000608
197,2048,0.000000569
198,2048,0.000000607
199,2048,0.000000569
200,2048,0.000000641
201,2048,0.000000860
202,2048,0.000000608
203,2048,0.000000563
204,2048,0.000000584
205,2048,0.000000519
206,2048,0.000000605
207,2048,0.000000515
208,2048,0.000000617
209,2048,0.000000575
210,2048,0.000000595
211,2048,0.000000510
212,2048,0.000000597
213,2048,0.000000565
214,2048,0.000000593
215,2048,0.000000561
216,2048,0.000000605
217,2048,0.000000786
218,2048,0.000000602
219,2048,0.000000575
220,2048,0.000000600
221,2048,0.000000582
222,2048,0.000000589
223,2048,0.000000515
224,2048,0.000000606
225,2048,0.000000569
226,2048,0.000000607
227,2048,0.000000560
228,2048,0.000000636
229,2048,0.000000911
230,2048,0.000000604
231,2048,0.000000569
232,2048,0.000000771
233,2048,0.000000560
234,2048,0.000000616
235,2048,0.000000514
236,2048,0.000000652
237,2048,0.000000562
238,2048,0.000000617
239,2048,0.000000571
240,2048,0.000000594
241,2048,0.000000848
242,2048,0.000000595
243,2048,0.000000521
244,2048,0.000000583
245,2048,0.000000516
246,2048,0.000000640
247,2048,0.000000574
248,2048,0.000000566
249,2048,0.000000512
250,2048,0.000000651
251,2048,0.000000562
252,2048,0.000000661
253,2048,0.000000565
254,2048,0.000000612
255,2048,0.000000528
256,2048,0.000000591
257,2048,0.000000574
258,2048,0.000000586
259,2048,0.000000571
260,2048,0.000000826
261,2048,0.000000567
262,2048,0.000000590
263,2048,0.000000515
264,2048,0.000000590
265,2048,0.000000570
266,2048,0.000000634
267,2048,0.000000512
268,2048,0.000000609
269,2048,0.000000568
270,2048,0.000000588
271,2048,0.000000560
272,2048,0.000000602
273,2048,0.000000561
274,2048,0.000000599
275,2048,0.000000568
276,2048,0.000000653
277,2048,0.000000560
278,2048,0.000000615
279,2048,0.000000570
280,2048,0.000000648
281,2048,0.000000579
282,2048,0.000000598
283,2048,0.000000563
284,2048,0.000000596
285,2048,0.000000831
286,2048,0.000000595
287,2048,0.000000566
288,2048,0.000000604
289,2048,0.000000570
290,2048,0.000000645
291,2048,0.000000766
292,2048,0.000000633
293,2048,0.000000520
294,2048,0.000000603
295,2048,0.000000568
296,2048,0.000000584
297,2048,0.000000827
298,2048,0.000000620
299,2048,0.000000568
300,2048,0.000000630
301,2048,0.000000573
302,2048,0.000000615
303,2048,0.000000578
304,2048,0.000000586
305,2048,0.000000563
306,2048,0.000000635
307,2048,0.000000518
308,2048,0.000000614
309,2048,0.000000564
310,2048,0.000000586
311,2048,0.000000558
312,2048,0.000000606
313,2048,0.000000568
314,2048,0.000000583
315,2048,0.000000557
316,2048,0.000000607
317,2048,0.000000585
318,2048,0.000000600
319,2048,0.000000563
320,2048,0.000000618
321,2048,0.000000568
322,2048,0.000000645
323,2048,0.000000568
324,2048,0.000000609
325,2048,0.000000511
326,2048,0.000000652
327,2048,0.000000561
328,2048,0.000000602
329,2048,0.000000514
330,2048,0.000000638
331,2048,0.000000570
332,2048,0.000000602
333,2048,0.000000561
334,2048,0.000000634
335,2048,0.000000575
336,2048,0.000000601
337,2048,0.000000559
338,2048,0.000000602
339,2048,0.000000571
340,2048,0.000000609
341,2048,0.000000587
342,2048,0.000000667
343,2048,0.000000573
344,2048,0.000000607
345,2048,0.000000571
346,2048,0.000000589
347,2048,0.000000566
348,2048,0.000000592
349,2048,0.000000530
350,2048,0.000000591
351,2048,0.000000518
352,2048,0.000000607
353,2048,0.000000570
354,2048,0.000000609
355,2048,0.000000564
356,2048,0.000000580
357,2048,0.000000560
358,2048,0.000000615
359,2048,0.000000574
360,2048,0.000000607
361,2048,0.000000566
362,2048,0.000000601
363,2048,0.000000562
364,2048,0.000000613
365,2048,0.000000578
366,2048,0.000000599
367,2048,0.000000569
368,2048,0.000000610
369,2048,0.000000564
370,2048,0.000000592
371,2048,0.000000575
372,2048,0.000000571
373,2048,0.000000560
374,2048,0.000000605
375,2048,0.000000511
376,2048,0.000000611
377,2048,0.000000571
378,2048,0.000000606
379,2048,0.000000569
380,2048,0.000000610
381,2048,0.000000577
382,2048,0.000000626
383,2048,0.000000590
384,2048,0.000000605
385,2048,0.000000560
386,2048,0.000000599
387,2048,0.000000569
388,2048,0.000000606
389,2048,0.000000570
390,2048,0.000000658
391,2048,0.000000574
392,2048,0.000000634
393,2048,0.000000564
394,2048,0.000000802
395,2048,0.000000569
396,2048,0.000000625
397,2048,0.000000569
398,2048,0.000000607
399,2048,0.000000584
400,2048,0.000000654
401,2048,0.000000567
402,2048,0.000000622
403,2048,0.000000571
404,2048,0.000000572
405,2048,0.000000517
406,2048,0.000000613
407,2048,0.000000569
408,2048,0.000000610
409,2048,0.000000573
410,2048,0.000000649
411,2048,0.000000511
412,2048,0.000000635
413,2048,0.000000572
414,2048,0.000000608
415,2048,0.000000573
416,2048,0.000000636
417,2048,0.000000580
418,2048,0.000000624
419,2048,0.000000512
420,2048,0.000000615
421,2048,0.000000573
422,2048,0.000000601
423,2048,0.000000908
424,2048,0.000000579
425,2048,0.000000511
426,2048,0.000000598
427,2048,0.000000577
428,2048,0.000000623
429,2048,0.000000577
430,2048,0.000000604
431,2048,0.000000569
432,2048,0.000000605
433,2048,0.000000583
434,2048,0.000000593
435,2048,0.000000515
436,2048,0.000000581
437,2048,0.000000560
438,2048,0.000000590
439,2048,0.000000558
440,2048,0.000000609
441,2048,0.000000512
442,2048,0.000000592
443,2048,0.000000570
444,2048,0.000000578
445,2048,0.000000514
446,2048,0.000000669
447,2048,0.000000571
448,2048,0.000000602
449,2048,0.000000567
450,2048,0.000000594
451,2048,0.000000577
452,2048,0.000000593
453,2048,0.000000518
454,2048,0.000000594
455,2048,0.000000513
456,2048,0.000000600
457,2048,0.000000563
458,2048,0.000000953
459,2048,0.000000516
460,2048,0.000000583
461,2048,0.000000513
462,2048,0.000000611
463,2048,0.000000574
464,2048,0.000000597
465,2048,0.000000557
466,2048,0.000000626
467,2048,0.000000515
468,2048,0.000000605
469,2048,0.000000580
470,2048,0.000000586
471,2048,0.000000567
472,2048,0.000000641
473,2048,0.000000514
474,2048,0.000000589
475,2048,0.000000577
476,2048,0.000000628
477,2048,0.000000759
478,2048,0.000000591
479,2048,0.000000579
480,2048,0.000000597
481,2048,0.000000513
482,2048,0.000000602
483,2048,0.000000836
484,2048,0.000000586
485,2048,0.000000567
486,2048,0.000000733
487,2048,0.000000515
488,2048,0.000000608
489,2048,0.000000564
490,2048,0.000000606
491,2048,0.000000514
492,2048,0.000000576
493,2048,0.000000516
494,2048,0.000000591
495,2048,0.000000514
496,2048,0.000000762
497,2048,0.000000513
498,2048,0.000000573
499,2048,0.000000514
500,2048,0.000000627
501,2048,0.000000524
502,2048,0.000000612
503,2048,0.000000576
504,2048,0.000000604
505,2048,0.000000567
506,2048,0.000000585
507,2048,0.000000514
508,2048,0.000000587
509,2048,0.000000512
510,2048,0.000000633
511,2048,0.000000594
512,2048,0.000000580
513,2048,0.000000517
514,2048,0.000000609
515,2048,0.000000564
516,2048,0.000000609
517,2048,0.000000563
518,2048,0.000000901
519,2048,0.000000564
520,2048,0.000000577
521,2048,0.000000516
522,2048,0.000000663
523,2048,0.000000565
524,2048,0.000000606
525,2048,0.000000570
526,2048,0.000000581
527,2048,0.000000517
528,2048,0.000000635
529,2048,0.000000513
530,2048,0.000000641
531,2048,0.000000574
532,2048,0.000000600
533,2048,0.000000563
534,2048,0.000000590
535,2048,0.000000558
536,2048,0.000000588
537,2048,0.000000511
538,2048,0.000000610
539,2048,0.000000589
540,2048,0.000000625
541,2048,0.000000569
542,2048,0.000000580
543,2048,0.000000566
544,2048,0.000000636
545,2048,0.000000566
546,2048,0.000000589
547,2048,0.000000523
548,2048,0.000000604
549,2048,0.000000514
550,2048,0.000000580
551,2048,0.000000525
552,2048,0.000000581
553,2048,0.000000517
554,2048,0.000000587
555,2048,0.000000577
556,2048,0.000000578
557,2048,0.000000564
558,2048,0.000000615
559,2048,0.000000574
560,2048,0.000000567
561,2048,0.000000520
562,2048,0.000000587
563,2048,0.000000572
564,2048,0.000000647
565,2048,0.000000572
566,2048,0.000000640
567,2048,0.000000565
568,2048,0.000000601
569,2048,0.000000571
570,2048,0.000000583
571,2048,0.000000510
572,2048,0.000000580
573,2048,0.000000563
574,2048,0.000000590
575,2048,0.000000572
576,2048,0.000000641
577,2048,0.000000511
578,2048,0.000000574
579,2048,0.000000515
580,2048,0.000000571
581,2048,0.000000515
582,2048,0.000000636
583,2048,0.000000511
584,2048,0.000000608
585,2048,0.000000583
586,2048,0.000000569
587,2048,0.000000513
588,2048,0.000000580
589,2048,0.000000515
590,2048,0.000000598
591,2048,0.000000568
592,2048,0.000000584
593,2048,0.000000523
594,2048,0.000000607
595,2048,0.000000565
596,2048,0.000000600
597,2048,0.000000510
598,2048,0.000000585
599,2048,0.000000510
600,2048,0.000000583
601,2048,0.000000561
602,2048,0.000000869
603,2048,0.000000564
604,2048,0.000000575
605,2048,0.000000512
606,2048,0.000000566
607,2048,0.000000566
608,2048,0.000000580
609,2048,0.000000518
610,2048,0.000000572
611,2048,0.000000516
612,2048,0.000000593
613,2048,0.000000517
614,2048,0.000000595
615,2048,0.000000759
616,2048,0.000000581
617,2048,0.000000512
618,2048,0.000000654
619,2048,0.000000560
620,2048,0.000000580
621,2048,0.000000515
622,2048,0.000000571
623,2048,0.000000515
624,2048,0.000000574
625,2048,0.000000514
626,2048,0.000000598
627,2048,0.000000576
628,2048,0.000000572
629,2048,0.000000515
630,2048,0.000000626
631,2048,0.000000511
632,2048,0.000000590
633,2048,0.000000557
634,2048,0.000000574
635,2048,0.000000510
636,2048,0.000000602
637,2048,0.000000561
638,2048,0.000000611
639,2048,0.000000575
640,2048,0.000000610
641,2048,0.000000714
642,2048,0.000000578
643,2048,0.000000515
644,2048,0.000000577
645,2048,0.000000576
646,2048,0.000000592
647,2048,0.000000512
648,2048,0.000000569
649,2048,0.000000512
650,2048,0.000000587
651,2048,0.000000560
652,2048,0.000000574
653,2048,0.000000520
654,2048,0.000000920
655,2048,0.000000560
656,2048,0.000000661
657,2048,0.000000587
658,2048,0.000000612
659,2048,0.000000575
660,2048,0.000000586
661,2048,0.000000513
662,2048,0.000000577
663,2048,0.000000513
664,2048,0.000000596
665,2048,0.000000562
666,2048,0.000000582
667,2048,0.000000516
668,2048,0.000000597
669,2048,0.000000569
670,2048,0.000000694
671,2048,0.000000566
672,2048,0.000000648
673,2048,0.000000515
674,2048,0.000000615
675,2048,0.000000567
676,2048,0.000000795
677,2048,0.000000563
678,2048,0.000000589
679,2048,0.000000561
680,2048,0.000000635
681,2048,0.000000514
682,2048,0.000000600
683,2048,0.000000567
684,2048,0.000000586
685,2048,0.000000865
686,2048,0.000000756
687,2048,0.000000782
688,2048,0.000000791
689,2048,0.000000784
690,2048,0.000000820
691,2048,0.000000748
692,2048,0.000000809
693,2048,0.000000745
694,2048,0.000000867
695,2048,0.000000863
696,2048,0.000000843
697,2048,0.000000729
698,2048,0.000000790
699,2048,0.000000984
700,2048,0.000000844
701,2048,0.000001057
702,2048,0.000000791
703,2048,0.000000741
704,2048,0.000000841
705,2048,0.000000693
706,2048,0.000000764
707,2048,0.000001200
708,2048,0.000000586
709,2048,0.000000512
710,2048,0.000000565
711,2048,0.000000514
712,2048,0.000000594
713,2048,0.000000564
714,2048,0.000000927
715,2048,0.000000510
716,2048,0.000000578
717,2048,0.000000515
718,2048,0.000000536
719,2048,0.000000514
720,2048,0.000000700
721,2048,0.000000562
722,2048,0.000000596
723,2048,0.000000565
724,2048,0.000000570
725,2048,0.000000519
726,2048,0.000000563
727,2048,0.000000512
728,2048,0.000000580
729,2048,0.000000516
730,2048,0.000000600
731,2048,0.000000569
732,2048,0.000000610
733,2048,0.000000565
734,2048,0.000000660
735,2048,0.000000510
736,2048,0.000000619
737,2048,0.000000513
738,2048,0.000000571
739,2048,0.000000512
740,2048,0.000000583
741,2048,0.000000516
742,2048,0.000000581
743,2048,0.000000514
744,2048,0.000000637
745,2048,0.000000513
746,2048,0.000000637
747,2048,0.000000555
748,2048,0.000000647
749,2048,0.000000512
750,2048,0.000000649
751,2048,0.000000571
752,2048,0.000000640
753,2048,0.000000555
754,2048,0.000000676
755,2048,0.000000577
756,2048,0.000000678
757,2048,0.000000560
758,2048,0.000000657
759,2048,0.000000563
760,2048,0.000000592
761,2048,0.000000562
762,2048,0.000000578
763,2048,0.000000512
764,2048,0.000000632
765,2048,0.000000512
766,2048,0.000000696
767,2048,0.000000580
768,2048,0.000000603
769,2048,0.000000554
770,2048,0.000000679
771,2048,0.000000573
772,2048,0.000000703
773,2048,0.000000575
774,2048,0.000000662
775,2048,0.000000578
776,2048,0.000000651
777,2048,0.000000557
778,2048,0.000000597
779,2048,0.000000557
780,2048,0.000000669
781,2048,0.000000574
782,2048,0.000000653
783,2048,0.000000568
784,2048,0.000000651
785,2048,0.000000563
786,2048,0.000000682
787,2048,0.000000563
788,2048,0.000000637
789,2048,0.000000577
790,2048,0.000000601
791,2048,0.000000558
792,2048,0.000000603
793,2048,0.000000687
794,2048,0.000010246
795,2048,0.000000756
796,2048,0.000000661
797,2048,0.000000518
798,2048,0.000000839
799,2048,0.000000703
800,2048,0.000000875
801,2048,0.000000783
802,2048,0.000000800
803,2048,0.000015725
804,2048,0.000000809
805,2048,0.000000748
806,2048,0.000000926
807,2048,0.000000897
808,2048,0.000000866
809,2048,0.000000752
810,2048,0.000000964
811,2048,0.000000670
812,2048,0.000000718
813,2048,0.000000586
814,2048,0.000000690
815,2048,0.000000577
816,2048,0.000000665
817,2048,0.000000609
818,2048,0.000000674
819,2048,0.000000588
820,2048,0.000000763
821,2048,0.000000584
822,2048,0.000000665
823,2048,0.000000577
824,2048,0.000000679
825,2048,0.000000582
826,2048,0.000000697
827,2048,0.000000575
828,2048,0.000000631
829,2048,0.000000527
830,2048,0.000000670
831,2048,0.000000583
832,2048,0.000000681
833,2048,0.000000571
834,2048,0.000000615
835,2048,0.000000592
836,2048,0.000000598
837,2048,0.000000581
838,2048,0.000000599
839,2048,0.000000571
840,2048,0.000000661
841,2048,0.000000583
842,2048,0.000000666
843,2048,0.000000583
844,2048,0.000000615
845,2048,0.000000580
846,2048,0.000000682
847,2048,0.000000588
848,2048,0.000000623
849,2048,0.000000596
850,2048,0.000000790
851,2048,0.000000576
852,2048,0.000000719
853,2048,0.000000885
854,2048,0.000000681
855,2048,0.000000582
856,2048,0.000000629
857,2048,0.000000589
858,2048,0.000000694
859,2048,0.000000577
860,2048,0.000000657
861,2048,0.000000572
862,2048,0.000000630
863,2048,0.000000584
864,2048,0.000000614
865,2048,0.000000572
866,2048,0.000000618
867,2048,0.000000580
868,2048,0.000000672
869,2048,0.000000577
870,2048,0.000009187
871,2048,0.000001149
872,2048,0.000001566
873,2048,0.000000579
874,2048,0.000000675
875,2048,0.000000580
876,2048,0.000000778
877,2048,0.000000576
878,2048,0.000000699
879,2048,0.000000573
880,2048,0.000000744
881,2048,0.000000580
882,2048,0.000000752
883,2048,0.000000584
884,2048,0.000000699
885,2048,0.000000581
886,2048,0.000000708
887,2048,0.000000595
888,2048,0.000000806
889,2048,0.000000587
890,2048,0.000013478
891,2048,0.000000543
892,2048,0.000000692
893,2048,0.000000563
894,2048,0.000000850
895,2048,0.000000576
896,2048,0.000000636
897,2048,0.000000514
898,2048,0.000000687
899,2048,0.000000568
900,2048,0.000000708
901,2048,0.000000568
902,2048,0.000000637
903,2048,0.000000570
904,2048,0.000000641
905,2048,0.000000569
906,2048,0.000000638
907,2048,0.000000577
908,2048,0.000000633
909,2048,0.000000573
910,2048,0.000000742
911,2048,0.000000513
912,2048,0.000001010
913,2048,0.000000657
914,2048,0.000000630
915,2048,0.000000571
916,2048,0.000000684
917,2048,0.000000577
918,2048,0.000000638
919,2048,0.000000581
920,2048,0.000000712
921,2048,0.000000567
922,2048,0.000000696
923,2048,0.000000577
924,2048,0.000000714
925,2048,0.000000562
926,2048,0.000000683
927,2048,0.000000578
928,2048,0.000000704
929,2048,0.000000564
930,2048,0.000000621
931,2048,0.000000568
932,2048,0.000000755
933,2048,0.000000571
934,2048,0.000000689
935,2048,0.000000576
936,2048,0.000000638
937,2048,0.000000578
938,2048,0.000000701
939,2048,0.000000570
940,2048,0.000000847
941,2048,0.000000568
942,2048,0.000000669
943,2048,0.000000575
944,2048,0.000000633
945,2048,0.000000515
946,2048,0.000000682
947,2048,0.000000567
948,2048,0.000000638
949,2048,0.000000576
950,2048,0.000000677
951,2048,0.000000565
952,2048,0.000000625
953,2048,0.000000570
954,2048,0.000000706
955,2048,0.000000584
956,2048,0.000000708
957,2048,0.000000573
958,2048,0.000000635
959,2048,0.000000570
960,2048,0.000000701
961,2048,0.000000577
962,2048,0.000000784
963,2048,0.000000565
964,2048,0.000000727
965,2048,0.000000795
966,2048,0.000000684
967,2048,0.000000568
968,2048,0.000000822
969,2048,0.000000570
970,2048,0.000000830
971,2048,0.000000570
972,2048,0.000000764
973,2048,0.000000569
974,2048,0.000000653
975,2048,0.000000572
976,2048,0.000000637
977,2048,0.000000585
978,2048,0.000000658
979,2048,0.000000562
980,2048,0.000000684
981,2048,0.000000571
982,2048,0.000000691
983,2048,0.000000577
984,2048,0.000000769
985,2048,0.000000774
986,2048,0.000000698
987,2048,0.000000568
988,2048,0.000000660
989,2048,0.000000574
990,2048,0.000000682
991,2048,0.000000573
992,2048,0.000000705
993,2048,0.000000578
994,2048,0.000000653
995,2048,0.000000580
996,2048,0.000000701
997,2048,0.000000577
998,2048,0.000000628
999,2048,0.000000565
0,2304,0.000001153
1,2304,0.000000677
2,2304,0.000000584
3,2304,0.000000591
4,2304,0.000000553
5,2304,0.000000692
6,2304,0.000000572
7,2304,0.000000630
8,2304,0.000000582
9,2304,0.000000560
10,2304,0.000000650
11,2304,0.000000574
12,2304,0.000000741
13,2304,0.000000521
14,2304,0.000000627
15,2304,0.000000568
16,2304,0.000000597
17,2304,0.000000641
18,2304,0.000000595
19,2304,0.000000648
20,2304,0.000000575
21,2304,0.000000654
22,2304,0.000000574
23,2304,0.000000632
24,2304,0.000000641
25,2304,0.000000577
26,2304,0.000000647
27,2304,0.000000526
28,2304,0.000000580
29,2304,0.000000521
30,2304,0.000000659
31,2304,0.000000576
32,2304,0.000000592
33,2304,0.000000635
34,2304,0.000000571
35,2304,0.000000645
36,2304,0.000000575
37,2304,0.000000625
38,2304,0.000000558
39,2304,0.000000734
40,2304,0.000000582
41,2304,0.000000583
42,2304,0.000000653
43,2304,0.000000579
44,2304,0.000000642
45,2304,0.000000571
46,2304,0.000000637
47,2304,0.000000563
48,2304,0.000000609
49,2304,0.000000681
50,2304,0.000000574
51,2304,0.000000626
52,2304,0.000000570
53,2304,0.000000629
54,2304,0.000000563
55,2304,0.000000637
56,2304,0.000000586
57,2304,0.000000573
58,2304,0.000000575
59,2304,0.000000523
60,2304,0.000000639
61,2304,0.000000566
62,2304,0.000000646
63,2304,0.000000561
64,2304,0.000000544
65,2304,0.000000656
66,2304,0.000000559
67,2304,0.000000680
68,2304,0.000000586
69,2304,0.000000620
70,2304,0.000000561
71,2304,0.000000672
72,2304,0.000000584
73,2304,0.000000565
74,2304,0.000000636
75,2304,0.000000576
76,2304,0.000000633
77,2304,0.000000521
78,2304,0.000000612
79,2304,0.000000566
80,2304,0.000000922
81,2304,0.000000687
82,2304,0.000000561
83,2304,0.000000588
84,2304,0.000000570
85,2304,0.000000636
86,2304,0.000000524
87,2304,0.000000642
88,2304,0.000000694
89,2304,0.000000600
90,2304,0.000000576
91,2304,0.000000565
92,2304,0.000000644
93,2304,0.000000581
94,2304,0.000000629
95,2304,0.000000571
96,2304,0.000000600
97,2304,0.000000691
98,2304,0.000000588
99,2304,0.000000652
100,2304,0.000000565
101,2304,0.000000764
102,2304,0.000000565
103,2304,0.000000663
104,2304,0.000000644
105,2304,0.000000528
106,2304,0.000000631
107,2304,0.000000579
108,2304,0.000000642
109,2304,0.000000531
110,2304,0.000000842
111,2304,0.000000568
112,2304,0.000000625
113,2304,0.000000616
114,2304,0.000000519
115,2304,0.000000652
116,2304,0.000000587
117,2304,0.000000639
118,2304,0.000000522
119,2304,0.000000892
120,2304,0.000000690
121,2304,0.000000579
122,2304,0.000000629
123,2304,0.000000531
124,2304,0.000000631
125,2304,0.000000637
126,2304,0.000000721
127,2304,0.000000529
128,2304,0.000000577
129,2304,0.000000633
130,2304,0.000000557
131,2304,0.000000638
132,2304,0.000000518
133,2304,0.000000628
134,2304,0.000000516
135,2304,0.000000645
136,2304,0.000000579
137,2304,0.000000575
138,2304,0.000000637
139,2304,0.000000592
140,2304,0.000000644
141,2304,0.000000574
142,2304,0.000000645
143,2304,0.000000558
144,2304,0.000000597
145,2304,0.000000647
146,2304,0.000000579
147,2304,0.000000629
148,2304,0.000000576
149,2304,0.000000637
150,2304,0.000000558
151,2304,0.000000582
152,2304,0.000000646
153,2304,0.000000587
154,2304,0.000000706
155,2304,0.000000550
156,2304,0.000000630
157,2304,0.000000564
158,2304,0.000000625
159,2304,0.000000521
160,2304,0.000000794
161,2304,0.000000702
162,2304,0.000000563
163,2304,0.000000628
164,2304,0.000000564
165,2304,0.000000643
166,2304,0.000000522
167,2304,0.000000627
168,2304,0.000000670
169,2304,0.000000578
170,2304,0.000000580
171,2304,0.000000521
172,2304,0.000000644
173,2304,0.000000569
174,2304,0.000000656
175,2304,0.000000572
176,2304,0.000000621
177,2304,0.000000687
178,2304,0.000000566
179,2304,0.000000577
180,2304,0.000000513
181,2304,0.000000625
182,2304,0.000000560
183,2304,0.000000645
184,2304,0.000000632
185,2304,0.000000567
186,2304,0.000000582
187,2304,0.000000522
188,2304,0.000000699
189,2304,0.000000563
190,2304,0.000000640
191,2304,0.000000562
192,2304,0.000000588
193,2304,0.000000625
194,2304,0.000000522
195,2304,0.000000636
196,2304,0.000000516
197,2304,0.000000570
198,2304,0.000000520
199,2304,0.000000645
200,2304,0.000000580
201,2304,0.000000519
202,2304,0.000000636
203,2304,0.000000562
204,2304,0.000000635
205,2304,0.000000524
206,2304,0.000000648
207,2304,0.000000564
208,2304,0.000000587
209,2304,0.000000661
210,2304,0.000000627
211,2304,0.000000696
212,2304,0.000000514
213,2304,0.000000637
214,2304,0.000000561
215,2304,0.000000710
216,2304,0.000000644
217,2304,0.000000562
218,2304,0.000000655
219,2304,0.000000557
220,2304,0.000000625
221,2304,0.000000569
222,2304,0.000000688
223,2304,0.000000521
224,2304,0.000000779
225,2304,0.000000680
226,2304,0.000000578
227,2304,0.000000663
228,2304,0.000000581
229,2304,0.000000624
230,2304,0.000000603
231,2304,0.000000639
232,2304,0.000000580
233,2304,0.000000641
234,2304,0.000000625
235,2304,0.000000561
236,2304,0.000000823
237,2304,0.000000517
238,2304,0.000000659
239,2304,0.000000560
240,2304,0.000000586
241,2304,0.000000640
242,2304,0.000000559
243,2304,0.000000624
244,2304,0.000000566
245,2304,0.000000626
246,2304,0.000000518
247,2304,0.000000650
248,2304,0.000000967
249,2304,0.000000560
250,2304,0.000000625
251,2304,0.000000556
252,2304,0.000000633
253,2304,0.000000560
254,2304,0.000000660
255,2304,0.000000565
256,2304,0.000000599
257,2304,0.000000633
258,2304,0.000000580
259,2304,0.000000594
260,2304,0.000000517
261,2304,0.000000657
262,2304,0.000000570
263,2304,0.000000577
264,2304,0.000000647
265,2304,0.000000589
266,2304,0.000000936
267,2304,0.000000575
268,2304,0.000000636
269,2304,0.000000560
270,2304,0.000000635
271,2304,0.000000561
272,2304,0.000000541
273,2304,0.000000644
274,2304,0.000000575
275,2304,0.000000647
276,2304,0.000000578
277,2304,0.000000657
278,2304,0.000000565
279,2304,0.000000634
280,2304,0.000000639
281,2304,0.000000590
282,2304,0.000000589
283,2304,0.000000521
284,2304,0.000000624
285,2304,0.000000572
286,2304,0.000000640
287,2304,0.000000565
288,2304,0.000000582
289,2304,0.000000578
290,2304,0.000000558
291,2304,0.000000649
292,2304,0.000000568
293,2304,0.000000637
294,2304,0.000000563
295,2304,0.000000623
296,2304,0.000000646
297,2304,0.000000588
298,2304,0.000000627
299,2304,0.000000561
300,2304,0.000000626
301,2304,0.000000514
302,2304,0.000000626
303,2304,0.000000559
304,2304,0.000000608
305,2304,0.000000679
306,2304,0.000000558
307,2304,0.000000646
308,2304,0.000000517
309,2304,0.000000640
310,2304,0.000000518
311,2304,0.000000633
312,2304,0.000000579
313,2304,0.000000520
314,2304,0.000000579
315,2304,0.000000517
316,2304,0.000000634
317,2304,0.000000571
318,2304,0.000000626
319,2304,0.000000566
320,2304,0.000000575
321,2304,0.000000579
322,2304,0.000000570
323,2304,0.000000637
324,2304,0.000000564
325,2304,0.000000637
326,2304,0.000000566
327,2304,0.000000635
328,2304,0.000000583
329,2304,0.000000593
330,2304,0.000000637
331,2304,0.000000573
332,2304,0.000000621
333,2304,0.000000572
334,2304,0.000000638
335,2304,0.000000571
336,2304,0.000000594
337,2304,0.000000633
338,2304,0.000000561
339,2304,0.000000681
340,2304,0.000000596
341,2304,0.000000644
342,2304,0.000000557
343,2304,0.000000632
344,2304,0.000000629
345,2304,0.000000569
346,2304,0.000000583
347,2304,0.000000580
348,2304,0.000000646
349,2304,0.000000575
350,2304,0.000000868
351,2304,0.000000525
352,2304,0.000000610
353,2304,0.000000683
354,2304,0.000000566
355,2304,0.000000586
356,2304,0.000000573
357,2304,0.000000647
358,2304,0.000000582
359,2304,0.000000578
360,2304,0.000000623
361,2304,0.000000588
362,2304,0.000000993
363,2304,0.000000595
364,2304,0.000000621
365,2304,0.000000524
366,2304,0.000000647
367,2304,0.000000594
368,2304,0.000000605
369,2304,0.000000635
370,2304,0.000000567
371,2304,0.000000575
372,2304,0.000000569
373,2304,0.000000635
374,2304,0.000000517
375,2304,0.000000639
376,2304,0.000000587
377,2304,0.000000530
378,2304,0.000000646
379,2304,0.000000529
380,2304,0.000000655
381,2304,0.000000571
382,2304,0.000000635
383,2304,0.000000567
384,2304,0.000000599
385,2304,0.000000683
386,2304,0.000000560
387,2304,0.000000625
388,2304,0.000000563
389,2304,0.000000625
390,2304,0.000000563
391,2304,0.000000634
392,2304,0.000000635
393,2304,0.000000571
394,2304,0.000000624
395,2304,0.000000529
396,2304,0.000000796
397,2304,0.000000568
398,2304,0.000000625
399,2304,0.000000525
400,2304,0.000000577
401,2304,0.000000635
402,2304,0.000000560
403,2304,0.000000583
404,2304,0.000000563
405,2304,0.000000920
406,2304,0.000000560
407,2304,0.000000622
408,2304,0.000000582
409,2304,0.000000566
410,2304,0.000000577
411,2304,0.000000528
412,2304,0.000000643
413,2304,0.000000573
414,2304,0.000000654
415,2304,0.000000568
416,2304,0.000000631
417,2304,0.000000585
418,2304,0.000000570
419,2304,0.000000627
420,2304,0.000000574
421,2304,0.000000639
422,2304,0.000000558
423,2304,0.000000688
424,2304,0.000000640
425,2304,0.000000571
426,2304,0.000000682
427,2304,0.000000577
428,2304,0.000000634
429,2304,0.000000572
430,2304,0.000000638
431,2304,0.000000570
432,2304,0.000000584
433,2304,0.000000639
434,2304,0.000000582
435,2304,0.000000634
436,2304,0.000000574
437,2304,0.000000628
438,2304,0.000000518
439,2304,0.000000574
440,2304,0.000000584
441,2304,0.000000572
442,2304,0.000000574
443,2304,0.000000528
444,2304,0.000000589
445,2304,0.000000523
446,2304,0.000000631
447,2304,0.000000572
448,2304,0.000000597
449,2304,0.000000583
450,2304,0.000000529
451,2304,0.000000641
452,2304,0.000000521
453,2304,0.000000656
454,2304,0.000000579
455,2304,0.000000641
456,2304,0.000000636
457,2304,0.000000589
458,2304,0.000000686
459,2304,0.000000581
460,2304,0.000000634
461,2304,0.000000802
462,2304,0.000000628
463,2304,0.000000519
464,2304,0.000000643
465,2304,0.000000643
466,2304,0.000000584
467,2304,0.000000631
468,2304,0.000000517
469,2304,0.000000625
470,2304,0.000000559
471,2304,0.000000648
472,2304,0.000000643
473,2304,0.000000562
474,2304,0.000000662
475,2304,0.000000566
476,2304,0.000000647
477,2304,0.000000577
478,2304,0.000000661
479,2304,0.000000571
480,2304,0.000000607
481,2304,0.000000654
482,2304,0.000000579
483,2304,0.000000646
484,2304,0.000000581
485,2304,0.000000996
486,2304,0.000000520
487,2304,0.000000632
488,2304,0.000000657
489,2304,0.000000567
490,2304,0.000000593
491,2304,0.000000571
492,2304,0.000000641
493,2304,0.000000517
494,2304,0.000000836
495,2304,0.000000518
496,2304,0.000000619
497,2304,0.000000694
498,2304,0.000000560
499,2304,0.000000631
500,2304,0.000000570
501,2304,0.000000646
502,2304,0.000000562
503,2304,0.000000634
504,2304,0.000000632
505,2304,0.000000568
506,2304,0.000000827
507,2304,0.000000566
508,2304,0.000000649
509,2304,0.000000831
510,2304,0.000000644
511,2304,0.000000563
512,2304,0.000000583
513,2304,0.000000587
514,2304,0.000000559
515,2304,0.000000643
516,2304,0.000000518
517,2304,0.000000636
518,2304,0.000000594
519,2304,0.000000602
520,2304,0.000000646
521,2304,0.000000724
522,2304,0.000000639
523,2304,0.000000559
524,2304,0.000000715
525,2304,0.000000580
526,2304,0.000000650
527,2304,0.000000526
528,2304,0.000000612
529,2304,0.000000696
530,2304,0.000000561
531,2304,0.000000591
532,2304,0.000000568
533,2304,0.000000637
534,2304,0.000000570
535,2304,0.000000636
536,2304,0.000000632
537,2304,0.000000560
538,2304,0.000000580
539,2304,0.000000522
540,2304,0.000000638
541,2304,0.000000517
542,2304,0.000000626
543,2304,0.000000514
544,2304,0.000000587
545,2304,0.000000584
546,2304,0.000000558
547,2304,0.000000628
548,2304,0.000000517
549,2304,0.000000629
550,2304,0.000000556
551,2304,0.000000622
552,2304,0.000000583
553,2304,0.000000514
554,2304,0.000000644
555,2304,0.000000575
556,2304,0.000000640
557,2304,0.000000573
558,2304,0.000000631
559,2304,0.000000519
560,2304,0.000000586
561,2304,0.000000640
562,2304,0.000000574
563,2304,0.000000643
564,2304,0.000000566
565,2304,0.000000631
566,2304,0.000000569
567,2304,0.000000655
568,2304,0.000000604
569,2304,0.000000585
570,2304,0.000000655
571,2304,0.000000586
572,2304,0.000000635
573,2304,0.000000565
574,2304,0.000000637
575,2304,0.000000570
576,2304,0.000000599
577,2304,0.000000751
578,2304,0.000000561
579,2304,0.000000628
580,2304,0.000000520
581,2304,0.000000577
582,2304,0.000000561
583,2304,0.000000625
584,2304,0.000000643
585,2304,0.000000578
586,2304,0.000000579
587,2304,0.000000518
588,2304,0.000000627
589,2304,0.000000516
590,2304,0.000000634
591,2304,0.000000521
592,2304,0.000000597
593,2304,0.000000632
594,2304,0.000000562
595,2304,0.000000640
596,2304,0.000000569
597,2304,0.000000629
598,2304,0.000000567
599,2304,0.000000662
600,2304,0.000000685
601,2304,0.000000567
602,2304,0.000000622
603,2304,0.000000555
604,2304,0.000000635
605,2304,0.000000515
606,2304,0.000000632
607,2304,0.000000559
608,2304,0.000000939
609,2304,0.000000583
610,2304,0.000000564
611,2304,0.000000631
612,2304,0.000000576
613,2304,0.000000627
614,2304,0.000000521
615,2304,0.000000633
616,2304,0.000000636
617,2304,0.000000568
618,2304,0.000000582
619,2304,0.000000557
620,2304,0.000000967
621,2304,0.000000522
622,2304,0.000000633
623,2304,0.000000512
624,2304,0.000000599
625,2304,0.000000676
626,2304,0.000000561
627,2304,0.000000648
628,2304,0.000000569
629,2304,0.000000635
630,2304,0.000000519
631,2304,0.000000622
632,2304,0.000000585
633,2304,0.000000562
634,2304,0.000000579
635,2304,0.000000527
636,2304,0.000000657
637,2304,0.000000568
638,2304,0.000000632
639,2304,0.000000523
640,2304,0.000000598
641,2304,0.000000582
642,2304,0.000000562
643,2304,0.000000587
644,2304,0.000000512
645,2304,0.000000986
646,2304,0.000000563
647,2304,0.000000587
648,2304,0.000000582
649,2304,0.000000558
650,2304,0.000000641
651,2304,0.000000781
652,2304,0.000000576
653,2304,0.000000516
654,2304,0.000000636
655,2304,0.000000521
656,2304,0.000000575
657,2304,0.000000583
658,2304,0.000000559
659,2304,0.000000630
660,2304,0.000000568
661,2304,0.000000647
662,2304,0.000000518
663,2304,0.000000633
664,2304,0.000000605
665,2304,0.000000571
666,2304,0.000000590
667,2304,0.000000575
668,2304,0.000000580
669,2304,0.000000517
670,2304,0.000000787
671,2304,0.000000577
672,2304,0.000000594
673,2304,0.000000589
674,2304,0.000000520
675,2304,0.000000638
676,2304,0.000000556
677,2304,0.000000633
678,2304,0.000000561
679,2304,0.000000919
680,2304,0.000000614
681,2304,0.000000588
682,2304,0.000000591
683,2304,0.000000532
684,2304,0.000000636
685,2304,0.000000570
686,2304,0.000000641
687,2304,0.000000560
688,2304,0.000001010
689,2304,0.000000595
690,2304,0.000000561
691,2304,0.000000638
692,2304,0.000000564
693,2304,0.000000623
694,2304,0.000000521
695,2304,0.000000621
696,2304,0.000000648
697,2304,0.000000564
698,2304,0.000000629
699,2304,0.000000519
700,2304,0.000000637
701,2304,0.000000576
702,2304,0.000000576
703,2304,0.000000519
704,2304,0.000000599
705,2304,0.000000654
706,2304,0.000000556
707,2304,0.000000641
708,2304,0.000000563
709,2304,0.000000633
710,2304,0.000000516
711,2304,0.000000637
712,2304,0.000000584
713,2304,0.000000519
714,2304,0.000000629
715,2304,0.000000566
716,2304,0.000000627
717,2304,0.000000519
718,2304,0.000000631
719,2304,0.000000522
720,2304,0.000000578
721,2304,0.000000586
722,2304,0.000000565
723,2304,0.000000670
724,2304,0.000000571
725,2304,0.000000620
726,2304,0.000000514
727,2304,0.000000659
728,2304,0.000000639
729,2304,0.000000578
730,2304,0.000000580
731,2304,0.000000561
732,2304,0.000000628
733,2304,0.000000575
734,2304,0.000000578
735,2304,0.000000517
736,2304,0.000000576
737,2304,0.000000584
738,2304,0.000000565
739,2304,0.000000628
740,2304,0.000000575
741,2304,0.000000574
742,2304,0.000000560
743,2304,0.000000623
744,2304,0.000000588
745,2304,0.000000561
746,2304,0.000000644
747,2304,0.000000559
748,2304,0.000000626
749,2304,0.000000518
750,2304,0.000000576
751,2304,0.000000515
752,2304,0.000000572
753,2304,0.000000579
754,2304,0.000000516
755,2304,0.000000625
756,2304,0.000000571
757,2304,0.000000575
758,2304,0.000000516
759,2304,0.000000626
760,2304,0.000000587
761,2304,0.000000523
762,2304,0.000000715
763,2304,0.000000576
764,2304,0.000000634
765,2304,0.000000570
766,2304,0.000000578
767,2304,0.000000523
768,2304,0.000000533
769,2304,0.000000581
770,2304,0.000000559
771,2304,0.000000635
772,2304,0.000000515
773,2304,0.000000637
774,2304,0.000000518
775,2304,0.000000623
776,2304,0.000000641
777,2304,0.000000567
778,2304,0.000000582
779,2304,0.000000532
780,2304,0.000000586
781,2304,0.000000523
782,2304,0.000000630
783,2304,0.000000525
784,2304,0.000000598
785,2304,0.000000694
786,2304,0.000000569
787,2304,0.000000673
788,2304,0.000000561
789,2304,0.000000626
790,2304,0.000000521
791,2304,0.000000641
792,2304,0.000000584
793,2304,0.000000559
794,2304,0.000000667
795,2304,0.000000537
796,2304,0.000000647
797,2304,0.000000567
798,2304,0.000000633
799,2304,0.000000530
800,2304,0.000000590
801,2304,0.000000592
802,2304,0.000000556
803,2304,0.000000590
804,2304,0.000000564
805,2304,0.000000626
806,2304,0.000000564
807,2304,0.000000622
808,2304,0.000000583
809,2304,0.000000574
810,2304,0.000000686
811,2304,0.000000571
812,2304,0.000000576
813,2304,0.000000523
814,2304,0.000000624
815,2304,0.000000530
816,2304,0.000000587
817,2304,0.000000591
818,2304,0.000000521
819,2304,0.000000643
820,2304,0.000000569
821,2304,0.000000626
822,2304,0.000000516
823,2304,0.000000682
824,2304,0.000000881
825,2304,0.000000527
826,2304,0.000000580
827,2304,0.000000533
828,2304,0.000000642
829,2304,0.000000577
830,2304,0.000000625
831,2304,0.000000525
832,2304,0.000000591
833,2304,0.000000582
834,2304,0.000000515
835,2304,0.000000586
836,2304,0.000000563
837,2304,0.000000624
838,2304,0.000000516
839,2304,0.000000642
840,2304,0.000000584
841,2304,0.000000569
842,2304,0.000000581
843,2304,0.000000531
844,2304,0.000000586
845,2304,0.000000526
846,2304,0.000000579
847,2304,0.000000530
848,2304,0.000000539
849,2304,0.000000645
850,2304,0.000000559
851,2304,0.000000632
852,2304,0.000000566
853,2304,0.000000640
854,2304,0.000000516
855,2304,0.000000627
856,2304,0.000000590
857,2304,0.000000578
858,2304,0.000000629
859,2304,0.000000530
860,2304,0.000000638
861,2304,0.000000568
862,2304,0.000000967
863,2304,0.000000525
864,2304,0.000000599
865,2304,0.000000633
866,2304,0.000000517
867,2304,0.000000655
868,2304,0.000000566
869,2304,0.000000626
870,2304,0.000000568
871,2304,0.000000635
872,2304,0.000000640
873,2304,0.000000580
874,2304,0.000000581
875,2304,0.000000581
876,2304,0.000000580
877,2304,0.000000572
878,2304,0.000000635
879,2304,0.000000569
880,2304,0.000000573
881,2304,0.000000659
882,2304,0.000000566
883,2304,0.000000659
884,2304,0.000000573
885,2304,0.000000631
886,2304,0.000000515
887,2304,0.000000626
888,2304,0.000000812
889,2304,0.000000607
890,2304,0.000000728
891,2304,0.000000607
892,2304,0.000001158
893,2304,0.000000611
894,2304,0.000000664
895,2304,0.000000593
896,2304,0.000000652
897,2304,0.000000767
898,2304,0.000000593
899,2304,0.000000663
900,2304,0.000000589
901,2304,0.000000662
902,2304,0.000000580
903,2304,0.000001153
904,2304,0.000000766
905,2304,0.000000605
906,2304,0.000000757
907,2304,0.000000589
908,2304,0.000001031
909,2304,0.000000594
910,2304,0.000000870
911,2304,0.000000582
912,2304,0.000000886
913,2304,0.000000788
914,2304,0.000000610
915,2304,0.000000709
916,2304,0.000000583
917,2304,0.000000811
918,2304,0.000000574
919,2304,0.000000733
920,2304,0.000000725
921,2304,0.000000633
922,2304,0.000000716
923,2304,0.000000602
924,2304,0.000000723
925,2304,0.000000586
926,2304,0.000000669
927,2304,0.000000596
928,2304,0.000000698
929,2304,0.000000760
930,2304,0.000000605
931,2304,0.000000710
932,2304,0.000000603
933,2304,0.000000658
934,2304,0.000000577
935,2304,0.000000743
936,2304,0.000000834
937,2304,0.000000615
938,2304,0.000000758
939,2304,0.000000598
940,2304,0.000000712
941,2304,0.000000589
942,2304,0.000000717
943,2304,0.000000578
944,2304,0.000000707
945,2304,0.000000652
946,2304,0.000000620
947,2304,0.000000763
948,2304,0.000000587
949,2304,0.000000976
950,2304,0.000000581
951,2304,0.000000733
952,2304,0.000000753
953,2304,0.000000612
954,2304,0.000001112
955,2304,0.000000603
956,2304,0.000000733
957,2304,0.000000591
958,2304,0.000000734
959,2304,0.000000604
960,2304,0.000001004
961,2304,0.000001007
962,2304,0.000000847
963,2304,0.000000915
964,2304,0.000000840
965,2304,0.000000952
966,2304,0.000000721
967,2304,0.000001125
968,2304,0.000001055
969,2304,0.000000814
970,2304,0.000010311
971,2304,0.000000717
972,2304,0.000000657
973,2304,0.000000582
974,2304,0.000000663
975,2304,0.000000572
976,2304,0.000000764
977,2304,0.000000766
978,2304,0.000000592
979,2304,0.000000714
980,2304,0.000000674
981,2304,0.000000914
982,2304,0.000000578
983,2304,0.000000733
984,2304,0.000000765
985,2304,0.000000610
986,2304,0.000001024
987,2304,0.000000594
988,2304,0.000000709
989,2304,0.000000616
990,2304,0.000000708
991,2304,0.000000618
992,2304,0.000000748
993,2304,0.000000643
994,2304,0.000000605
995,2304,0.000000847
996,2304,0.000000603
997,2304,0.000000749
998,2304,0.000000610
999,2304,0.000000740
0,2560,0.000000992
1,2560,0.000000657
2,2560,0.000000561
3,2560,0.000000647
4,2560,0.000000657
5,2560,0.000000611
6,2560,0.000000627
7,2560,0.000000525
8,2560,0.000000596
9,2560,0.000000640
10,2560,0.000000592
11,2560,0.000000587
12,2560,0.000000659
13,2560,0.000000587
14,2560,0.000000576
15,2560,0.000000525
16,2560,0.000000595
17,2560,0.000000578
18,2560,0.000000574
19,2560,0.000000641
20,2560,0.000000578
21,2560,0.000000578
22,2560,0.000000579
23,2560,0.000000530
24,2560,0.000000598
25,2560,0.000000632
26,2560,0.000000516
27,2560,0.000000643
28,2560,0.000000679
29,2560,0.000000526
30,2560,0.000000620
31,2560,0.000000561
32,2560,0.000000633
33,2560,0.000000775
34,2560,0.000000575
35,2560,0.000000628
36,2560,0.000000581
37,2560,0.000000566
38,2560,0.000000638
39,2560,0.000000582
40,2560,0.000000588
41,2560,0.000000626
42,2560,0.000000565
43,2560,0.000000632
44,2560,0.000000647
45,2560,0.000000838
46,2560,0.000000630
47,2560,0.000000571
48,2560,0.000000597
49,2560,0.000000579
50,2560,0.000000520
51,2560,0.000000636
52,2560,0.000000583
53,2560,0.000000570
54,2560,0.000000637
55,2560,0.000000574
56,2560,0.000000593
57,2560,0.000000625
58,2560,0.000000518
59,2560,0.000000583
60,2560,0.000000637
61,2560,0.000000569
62,2560,0.000000627
63,2560,0.000000530
64,2560,0.000000591
65,2560,0.000000581
66,2560,0.000000521
67,2560,0.000000595
68,2560,0.000000579
69,2560,0.000000529
70,2560,0.000000574
71,2560,0.000000528
72,2560,0.000000583
73,2560,0.000000628
74,2560,0.000000517
75,2560,0.000000577
76,2560,0.000000581
77,2560,0.000000656
78,2560,0.000000576
79,2560,0.000000582
80,2560,0.000000842
81,2560,0.000000641
82,2560,0.000000513
83,2560,0.000000639
84,2560,0.000000685
85,2560,0.000000582
86,2560,0.000000623
87,2560,0.000000527
88,2560,0.000000591
89,2560,0.000000633
90,2560,0.000000554
91,2560,0.000000618
92,2560,0.000000642
93,2560,0.000000590
94,2560,0.000000628
95,2560,0.000000528
96,2560,0.000000588
97,2560,0.000000688
98,2560,0.000000576
99,2560,0.000000634
100,2560,0.000000684
101,2560,0.000000587
102,2560,0.000000612
103,2560,0.000000524
104,2560,0.000000603
105,2560,0.000000595
106,2560,0.000000537
107,2560,0.000000654
108,2560,0.000000632
109,2560,0.000000577
110,2560,0.000000644
111,2560,0.000000527
112,2560,0.000000596
113,2560,0.000000614
114,2560,0.000000521
115,2560,0.000000582
116,2560,0.000000637
117,2560,0.000000568
118,2560,0.000000626
119,2560,0.000000571
120,2560,0.000000546
121,2560,0.000000624
122,2560,0.000000562
123,2560,0.000000631
124,2560,0.000000641
125,2560,0.000000592
126,2560,0.000000879
127,2560,0.000000568
128,2560,0.000000590
129,2560,0.000000633
130,2560,0.000000582
131,2560,0.000000629
132,2560,0.000000579
133,2560,0.000000565
134,2560,0.000000631
135,2560,0.000000528
136,2560,0.000000585
137,2560,0.000000632
138,2560,0.000000569
139,2560,0.000000621
140,2560,0.000000644
141,2560,0.000000567
142,2560,0.000000591
143,2560,0.000000525
144,2560,0.000000632
145,2560,0.000000701
146,2560,0.000000573
147,2560,0.000000646
148,2560,0.000000580
149,2560,0.000000531
150,2560,0.000000579
151,2560,0.000000524
152,2560,0.000000594
153,2560,0.000000712
154,2560,0.000000515
155,2560,0.000000623
156,2560,0.000000580
157,2560,0.000000529
158,2560,0.000000633
159,2560,0.000000528
160,2560,0.000000599
161,2560,0.000000583
162,2560,0.000000517
163,2560,0.000000626
164,2560,0.000000636
165,2560,0.000000577
166,2560,0.000000630
167,2560,0.000000525
168,2560,0.000000581
169,2560,0.000000631
170,2560,0.000000675
171,2560,0.000000633
172,2560,0.000000634
173,2560,0.000000526
174,2560,0.000000622
175,2560,0.000000527
176,2560,0.000000580
177,2560,0.000000579
178,2560,0.000000518
179,2560,0.000000963
180,2560,0.000000579
181,2560,0.000000565
182,2560,0.000000625
183,2560,0.000000582
184,2560,0.000000540
185,2560,0.000000629
186,2560,0.000000580
187,2560,0.000000620
188,2560,0.000000866
189,2560,0.000000583
190,2560,0.000000618
191,2560,0.000000527
192,2560,0.000000551
193,2560,0.000000625
194,2560,0.000000568
195,2560,0.000000585
196,2560,0.000000638
197,2560,0.000000915
198,2560,0.000000580
199,2560,0.000000571
200,2560,0.000000841
201,2560,0.000000645
202,2560,0.000000568
203,2560,0.000000666
204,2560,0.000000614
205,2560,0.000000564
206,2560,0.000000580
207,2560,0.000000561
208,2560,0.000000588
209,2560,0.000000622
210,2560,0.000000520
211,2560,0.000000652
212,2560,0.000000582
213,2560,0.000000566
214,2560,0.000000631
215,2560,0.000000576
216,2560,0.000000583
217,2560,0.000000580
218,2560,0.000000516
219,2560,0.000000585
220,2560,0.000000584
221,2560,0.000000571
222,2560,0.000000645
223,2560,0.000000530
224,2560,0.000000543
225,2560,0.000000638
226,2560,0.000000516
227,2560,0.000000624
228,2560,0.000000805
229,2560,0.000000586
230,2560,0.000000573
231,2560,0.000000523
232,2560,0.000000586
233,2560,0.000000678
234,2560,0.000000564
235,2560,0.000000652
236,2560,0.000000623
237,2560,0.000000564
238,2560,0.000000637
239,2560,0.000000575
240,2560,0.000000923
241,2560,0.000000640
242,2560,0.000000563
243,2560,0.000000581
244,2560,0.000000580
245,2560,0.000000532
246,2560,0.000000824
247,2560,0.000000572
248,2560,0.000000590
249,2560,0.000000705
250,2560,0.000000579
251,2560,0.000000622
252,2560,0.000000632
253,2560,0.000000594
254,2560,0.000000628
255,2560,0.000000526
256,2560,0.000000540
257,2560,0.000000582
258,2560,0.000000915
259,2560,0.000000628
260,2560,0.000000633
261,2560,0.000000567
262,2560,0.000000575
263,2560,0.000000530
264,2560,0.000000541
265,2560,0.000000580
266,2560,0.000000573
267,2560,0.000000649
268,2560,0.000000574
269,2560,0.000000571
270,2560,0.000000568
271,2560,0.000000526
272,2560,0.000000594
273,2560,0.000000580
274,2560,0.000000515
275,2560,0.000000582
276,2560,0.000000578
277,2560,0.000000565
278,2560,0.000000577
279,2560,0.000000517
280,2560,0.000000536
281,2560,0.000000623
282,2560,0.000000560
283,2560,0.000000642
284,2560,0.000000582
285,2560,0.000000576
286,2560,0.000000621
287,2560,0.000000526
288,2560,0.000000583
289,2560,0.000000581
290,2560,0.000000526
291,2560,0.000000583
292,2560,0.000000570
293,2560,0.000000566
294,2560,0.000000580
295,2560,0.000000519
296,2560,0.000000600
297,2560,0.000000580
298,2560,0.000000518
299,2560,0.000000631
300,2560,0.000000579
301,2560,0.000000567
302,2560,0.000000636
303,2560,0.000000564
304,2560,0.000000581
305,2560,0.000000658
306,2560,0.000000895
307,2560,0.000000656
308,2560,0.000000648
309,2560,0.000000526
310,2560,0.000000629
311,2560,0.000000535
312,2560,0.000000592
313,2560,0.000000687
314,2560,0.000000572
315,2560,0.000000834
316,2560,0.000000644
317,2560,0.000000578
318,2560,0.000000626
319,2560,0.000000518
320,2560,0.000000541
321,2560,0.000000630
322,2560,0.000000565
323,2560,0.000000577
324,2560,0.000000577
325,2560,0.000000571
326,2560,0.000000628
327,2560,0.000000579
328,2560,0.000000589
329,2560,0.000000652
330,2560,0.000000971
331,2560,0.000000584
332,2560,0.000000641
333,2560,0.000000604
334,2560,0.000000584
335,2560,0.000000529
336,2560,0.000000538
337,2560,0.000000626
338,2560,0.000000514
339,2560,0.000000582
340,2560,0.000000581
341,2560,0.000000530
342,2560,0.000000630
343,2560,0.000000574
344,2560,0.000000539
345,2560,0.000000637
346,2560,0.000000565
347,2560,0.000000588
348,2560,0.000000586
349,2560,0.000000638
350,2560,0.000000633
351,2560,0.000000529
352,2560,0.000000711
353,2560,0.000000581
354,2560,0.000000517
355,2560,0.000000581
356,2560,0.000000584
357,2560,0.000000535
358,2560,0.000000622
359,2560,0.000000563
360,2560,0.000000544
361,2560,0.000000579
362,2560,0.000000518
363,2560,0.000000633
364,2560,0.000000581
365,2560,0.000000531
366,2560,0.000000574
367,2560,0.000000568
368,2560,0.000000575
369,2560,0.000000633
370,2560,0.000000520
371,2560,0.000000631
372,2560,0.000000638
373,2560,0.000000578
374,2560,0.000000636
375,2560,0.000000530
376,2560,0.000000540
377,2560,0.000000639
378,2560,0.000000517
379,2560,0.000000576
380,2560,0.000000643
381,2560,0.000000591
382,2560,0.000000572
383,2560,0.000000569
384,2560,0.000000581
385,2560,0.000000638
386,2560,0.000000565
387,2560,0.000000631
388,2560,0.000000625
389,2560,0.000000529
390,2560,0.000000627
391,2560,0.000000525
392,2560,0.000000580
393,2560,0.000000633
394,2560,0.000000524
395,2560,0.000000629
396,2560,0.000000579
397,2560,0.000000569
398,2560,0.000000574
399,2560,0.000000526
400,2560,0.000000544
401,2560,0.000000578
402,2560,0.000000519
403,2560,0.000000586
404,2560,0.000000581
405,2560,0.000000534
406,2560,0.000000581
407,2560,0.000000526
408,2560,0.000000594
409,2560,0.000000656
410,2560,0.000000565
411,2560,0.000000635
412,2560,0.000000631
413,2560,0.000000599
414,2560,0.000000627
415,2560,0.000000578
416,2560,0.000000541
417,2560,0.000000637
418,2560,0.000000558
419,2560,0.000000622
420,2560,0.000000582
421,2560,0.000000527
422,2560,0.000000626
423,2560,0.000000530
424,2560,0.000000587
425,2560,0.000000638
426,2560,0.000000562
427,2560,0.000000641
428,2560,0.000000633
429,2560,0.000000528
430,2560,0.000000640
431,2560,0.000000567
432,2560,0.000000611
433,2560,0.000000628
434,2560,0.000000563
435,2560,0.000000652
436,2560,0.000000579
437,2560,0.000000567
438,2560,0.000000678
439,2560,0.000000577
440,2560,0.000000542
441,2560,0.000000631
442,2560,0.000000568
443,2560,0.000000576
444,2560,0.000000579
445,2560,0.000000530
446,2560,0.000000640
447,2560,0.000000575
448,2560,0.000000546
449,2560,0.000000637
450,2560,0.000000563
451,2560,0.000000622
452,2560,0.000000581
453,2560,0.000000577
454,2560,0.000000576
455,2560,0.000000525
456,2560,0.000000540
457,2560,0.000000641
458,2560,0.000000580
459,2560,0.000000581
460,2560,0.000000586
461,2560,0.000000534
462,2560,0.000000579
463,2560,0.000000525
464,2560,0.000000588
465,2560,0.000000582
466,2560,0.000000574
467,2560,0.000000629
468,2560,0.000000639
469,2560,0.000000575
470,2560,0.000000587
471,2560,0.000000523
472,2560,0.000000589
473,2560,0.000000643
474,2560,0.000000565
475,2560,0.000000643
476,2560,0.000000578
477,2560,0.000000573
478,2560,0.000000575
479,2560,0.000000569
480,2560,0.000000578
481,2560,0.000000632
482,2560,0.000000517
483,2560,0.000000619
484,2560,0.000000582
485,2560,0.000000528
486,2560,0.000000575
487,2560,0.000000529
488,2560,0.000000537
489,2560,0.000000628
490,2560,0.000000518
491,2560,0.000000578
492,2560,0.000000580
493,2560,0.000000567
494,2560,0.000000574
495,2560,0.000000526
496,2560,0.000000588
497,2560,0.000000583
498,2560,0.000000516
499,2560,0.000000636
500,2560,0.000000646
501,2560,0.000000528
502,2560,0.000000632
503,2560,0.000000572
504,2560,0.000000595
505,2560,0.000000649
506,2560,0.000000566
507,2560,0.000000630
508,2560,0.000000587
509,2560,0.000000569
510,2560,0.000000674
511,2560,0.000000578
512,2560,0.000000607
513,2560,0.000000639
514,2560,0.000000584
515,2560,0.000000588
516,2560,0.000000582
517,2560,0.000000532
518,2560,0.000000633
519,2560,0.000000567
520,2560,0.000000587
521,2560,0.000000589
522,2560,0.000000522
523,2560,0.000000585
524,2560,0.000000802
525,2560,0.000000576
526,2560,0.000000630
527,2560,0.000000572
528,2560,0.000000582
529,2560,0.000000634
530,2560,0.000000528
531,2560,0.000000627
532,2560,0.000000638
533,2560,0.000000817
534,2560,0.000000631
535,2560,0.000000520
536,2560,0.000000544
537,2560,0.000000710
538,2560,0.000000572
539,2560,0.000000781
540,2560,0.000000585
541,2560,0.000000522
542,2560,0.000000581
543,2560,0.000000516
544,2560,0.000000633
545,2560,0.000000632
546,2560,0.000000561
547,2560,0.000000632
548,2560,0.000000597
549,2560,0.000000559
550,2560,0.000000579
551,2560,0.000000519
552,2560,0.000000542
553,2560,0.000000583
554,2560,0.000000520
555,2560,0.000000703
556,2560,0.000000644
557,2560,0.000000579
558,2560,0.000000643
559,2560,0.000000523
560,2560,0.000000578
561,2560,0.000000638
562,2560,0.000000564
563,2560,0.000000625
564,2560,0.000000585
565,2560,0.000000530
566,2560,0.000000627
567,2560,0.000000531
568,2560,0.000000580
569,2560,0.000000635
570,2560,0.000000568
571,2560,0.000000629
572,2560,0.000000682
573,2560,0.000000578
574,2560,0.000000647
575,2560,0.000000570
576,2560,0.000000595
577,2560,0.000000580
578,2560,0.000000566
579,2560,0.000000632
580,2560,0.000000610
581,2560,0.000000570
582,2560,0.000000618
583,2560,0.000000524
584,2560,0.000000556
585,2560,0.000000653
586,2560,0.000000565
587,2560,0.000000577
588,2560,0.000000575
589,2560,0.000000566
590,2560,0.000000577
591,2560,0.000000525
592,2560,0.000000583
593,2560,0.000000582
594,2560,0.000000515
595,2560,0.000000622
596,2560,0.000000584
597,2560,0.000000527
598,2560,0.000000634
599,2560,0.000000569
600,2560,0.000000580
601,2560,0.000000588
602,2560,0.000000514
603,2560,0.000000650
604,2560,0.000000587
605,2560,0.000000576
606,2560,0.000000627
607,2560,0.000000525
608,2560,0.000000543
609,2560,0.000000578
610,2560,0.000000516
611,2560,0.000000629
612,2560,0.000000621
613,2560,0.000000591
614,2560,0.000000604
615,2560,0.000000527
616,2560,0.000000548
617,2560,0.000000644
618,2560,0.000000591
619,2560,0.000000696
620,2560,0.000000584
621,2560,0.000000532
622,2560,0.000000633
623,2560,0.000000528
624,2560,0.000000601
625,2560,0.000000589
626,2560,0.000000565
627,2560,0.000000628
628,2560,0.000000633
629,2560,0.000000566
630,2560,0.000000589
631,2560,0.000000523
632,2560,0.000000581
633,2560,0.000000634
634,2560,0.000000565
635,2560,0.000000655
636,2560,0.000000583
637,2560,0.000000526
638,2560,0.000000632
639,2560,0.000000528
640,2560,0.000000538
641,2560,0.000000577
642,2560,0.000000515
643,2560,0.000000586
644,2560,0.000000581
645,2560,0.000000569
646,2560,0.000000575
647,2560,0.000000523
648,2560,0.000000580
649,2560,0.000000586
650,2560,0.000000575
651,2560,0.000000622
652,2560,0.000000584
653,2560,0.000000528
654,2560,0.000000634
655,2560,0.000000527
656,2560,0.000000598
657,2560,0.000000633
658,2560,0.000000572
659,2560,0.000000692
660,2560,0.000000629
661,2560,0.000000568
662,2560,0.000000576
663,2560,0.000000529
664,2560,0.000000578
665,2560,0.000000585
666,2560,0.000000573
667,2560,0.000000578
668,2560,0.000000642
669,2560,0.000000576
670,2560,0.000000585
671,2560,0.000000525
672,2560,0.000000590
673,2560,0.000000694
674,2560,0.000000572
675,2560,0.000000625
676,2560,0.000000588
677,2560,0.000000531
678,2560,0.000000629
679,2560,0.000000527
680,2560,0.000000581
681,2560,0.000000589
682,2560,0.000000530
683,2560,0.000000632
684,2560,0.000000580
685,2560,0.000000530
686,2560,0.000000641
687,2560,0.000000570
688,2560,0.000000580
689,2560,0.000000630
690,2560,0.000000519
691,2560,0.000000586
692,2560,0.000000643
693,2560,0.000000527
694,2560,0.000000623
695,2560,0.000000529
696,2560,0.000000628
697,2560,0.000000581
698,2560,0.000000516
699,2560,0.000000621
700,2560,0.000000582
701,2560,0.000000530
702,2560,0.000000583
703,2560,0.000000525
704,2560,0.000000592
705,2560,0.000000636
706,2560,0.000000579
707,2560,0.000000633
708,2560,0.000000585
709,2560,0.000000574
710,2560,0.000000631
711,2560,0.000000567
712,2560,0.000000585
713,2560,0.000000582
714,2560,0.000000517
715,2560,0.000000659
716,2560,0.000000597
717,2560,0.000000523
718,2560,0.000000628
719,2560,0.000000569
720,2560,0.000000544
721,2560,0.000000637
722,2560,0.000000519
723,2560,0.000000632
724,2560,0.000000591
725,2560,0.000000564
726,2560,0.000000579
727,2560,0.000000522
728,2560,0.000000585
729,2560,0.000000683
730,2560,0.000000574
731,2560,0.000000595
732,2560,0.000000586
733,2560,0.000000559
734,2560,0.000000629
735,2560,0.000000518
736,2560,0.000000576
737,2560,0.000000584
738,2560,0.000000516
739,2560,0.000000635
740,2560,0.000000646
741,2560,0.000000578
742,2560,0.000000579
743,2560,0.000000522
744,2560,0.000000584
745,2560,0.000000586
746,2560,0.000000574
747,2560,0.000000622
748,2560,0.000000590
749,2560,0.000000526
750,2560,0.000000576
751,2560,0.000000524
752,2560,0.000000581
753,2560,0.000000582
754,2560,0.000000517
755,2560,0.000000639
756,2560,0.000000641
757,2560,0.000000566
758,2560,0.000000578
759,2560,0.000000527
760,2560,0.000000539
761,2560,0.000000635
762,2560,0.000000517
763,2560,0.000000627
764,2560,0.000000653
765,2560,0.000000881
766,2560,0.000000633
767,2560,0.000000583
768,2560,0.000000542
769,2560,0.000000651
770,2560,0.000000572
771,2560,0.000000744
772,2560,0.000000586
773,2560,0.000000529
774,2560,0.000000580
775,2560,0.000000534
776,2560,0.000000585
777,2560,0.000000640
778,2560,0.000000577
779,2560,0.000000631
780,2560,0.000000948
781,2560,0.000000582
782,2560,0.000000640
783,2560,0.000000578
784,2560,0.000000589
785,2560,0.000000651
786,2560,0.000000717
787,2560,0.000000641
788,2560,0.000000582
789,2560,0.000000527
790,2560,0.000000637
791,2560,0.000000577
792,2560,0.000000586
793,2560,0.000000655
794,2560,0.000000525
795,2560,0.000000647
796,2560,0.000000576
797,2560,0.000000567
798,2560,0.000001015
799,2560,0.000000573
800,2560,0.000000577
801,2560,0.000000584
802,2560,0.000000524
803,2560,0.000000688
804,2560,0.000000684
805,2560,0.000000564
806,2560,0.000000628
807,2560,0.000000525
808,2560,0.000000582
809,2560,0.000000584
810,2560,0.000000518
811,2560,0.000000634
812,2560,0.000000589
813,2560,0.000000561
814,2560,0.000000702
815,2560,0.000000563
816,2560,0.000000607
817,2560,0.000000660
818,2560,0.000000574
819,2560,0.000000706
820,2560,0.000000620
821,2560,0.000000561
822,2560,0.000000684
823,2560,0.000000559
824,2560,0.000000575
825,2560,0.000000695
826,2560,0.000000557
827,2560,0.000000662
828,2560,0.000000588
829,2560,0.000000568
830,2560,0.000000581
831,2560,0.000000520
832,2560,0.000000735
833,2560,0.000000584
834,2560,0.000000518
835,2560,0.000000579
836,2560,0.000000594
837,2560,0.000000522
838,2560,0.000000629
839,2560,0.000000564
840,2560,0.000000577
841,2560,0.000000694
842,2560,0.000000554
843,2560,0.000000682
844,2560,0.000000642
845,2560,0.000000581
846,2560,0.000000637
847,2560,0.000000558
848,2560,0.000000593
849,2560,0.000000638
850,2560,0.000000562
851,2560,0.000000659
852,2560,0.000000683
853,2560,0.000000557
854,2560,0.000000639
855,2560,0.000000563
856,2560,0.000000585
857,2560,0.000000632
858,2560,0.000000525
859,2560,0.000000644
860,2560,0.000000643
861,2560,0.000000524
862,2560,0.000000580
863,2560,0.000000516
864,2560,0.000000591
865,2560,0.000000632
866,2560,0.000000517
867,2560,0.000000684
868,2560,0.000000583
869,2560,0.000000532
870,2560,0.000000586
871,2560,0.000000529
872,2560,0.000000601
873,2560,0.000000584
874,2560,0.000000521
875,2560,0.000000627
876,2560,0.000000594
877,2560,0.000000534
878,2560,0.000000655
879,2560,0.000000594
880,2560,0.000000537
881,2560,0.000000612
882,2560,0.000000518
883,2560,0.000000624
884,2560,0.000000587
885,2560,0.000000528
886,2560,0.000000580
887,2560,0.000000526
888,2560,0.000000575
889,2560,0.000000635
890,2560,0.000000566
891,2560,0.000000580
892,2560,0.000000640
893,2560,0.000000531
894,2560,0.000000623
895,2560,0.000000527
896,2560,0.000000538
897,2560,0.000000692
898,2560,0.000000516
899,2560,0.000000689
900,2560,0.000000713
901,2560,0.000000605
902,2560,0.000000718
903,2560,0.000000585
904,2560,0.000000724
905,2560,0.000000775
906,2560,0.000000590
907,2560,0.000000734
908,2560,0.000000705
909,2560,0.000000930
910,2560,0.000000716
911,2560,0.000000584
912,2560,0.000000708
913,2560,0.000000714
914,2560,0.000000590
915,2560,0.000000689
916,2560,0.000000785
917,2560,0.000000613
918,2560,0.000000798
919,2560,0.000000589
920,2560,0.000000801
921,2560,0.000000751
922,2560,0.000000594
923,2560,0.000000771
924,2560,0.000000708
925,2560,0.000000862
926,2560,0.000000713
927,2560,0.000000623
928,2560,0.000000671
929,2560,0.000000765
930,2560,0.000000594
931,2560,0.000000701
932,2560,0.000000708
933,2560,0.000000611
934,2560,0.000000719
935,2560,0.000000602
936,2560,0.000000650
937,2560,0.000000705
938,2560,0.000000595
939,2560,0.000000746
940,2560,0.000000711
941,2560,0.000000608
942,2560,0.000000721
943,2560,0.000000597
944,2560,0.000000663
945,2560,0.000000710
946,2560,0.000000595
947,2560,0.000000709
948,2560,0.000000776
949,2560,0.000000610
950,2560,0.000000658
951,2560,0.000000584
952,2560,0.000000729
953,2560,0.000000863
954,2560,0.000000590
955,2560,0.000000736
956,2560,0.000000775
957,2560,0.000000615
958,2560,0.000000709
959,2560,0.000000606
960,2560,0.000000712
961,2560,0.000000812
962,2560,0.000000594
963,2560,0.000000689
964,2560,0.000000731
965,2560,0.000000615
966,2560,0.000001051
967,2560,0.000000592
968,2560,0.000000726
969,2560,0.000000715
970,2560,0.000000592
971,2560,0.000000764
972,2560,0.000000709
973,2560,0.000000619
974,2560,0.000000660
975,2560,0.000000585
976,2560,0.000000648
977,2560,0.000000732
978,2560,0.000000597
979,2560,0.000000688
980,2560,0.000001090
981,2560,0.000000613
982,2560,0.000000717
983,2560,0.000000608
984,2560,0.000000703
985,2560,0.000000846
986,2560,0.000000599
987,2560,0.000000700
988,2560,0.000000840
989,2560,0.000000611
990,2560,0.000000663
991,2560,0.000000615
992,2560,0.000000654
993,2560,0.000001121
994,2560,0.000000617
995,2560,0.000000690
996,2560,0.000000765
997,2560,0.000000616
998,2560,0.000000719
999,2560,0.000000588
0,2816,0.000000993
1,2816,0.000000635
2,2816,0.000000604
3,2816,0.000000760
4,2816,0.000000599
5,2816,0.000000626
6,2816,0.000000539
7,2816,0.000000584
8,2816,0.000000577
9,2816,0.000000899
10,2816,0.000000581
11,2816,0.000000581
12,2816,0.000000579
13,2816,0.000000580
14,2816,0.000000579
15,2816,0.000000529
16,2816,0.000000557
17,2816,0.000000658
18,2816,0.000000910
19,2816,0.000000536
20,2816,0.000000584
21,2816,0.000000630
22,2816,0.000000579
23,2816,0.000000641
24,2816,0.000000630
25,2816,0.000000595
26,2816,0.000000588
27,2816,0.000000576
28,2816,0.000000529
29,2816,0.000000676
30,2816,0.000000864
31,2816,0.000000574
32,2816,0.000000552
33,2816,0.000000583
34,2816,0.000000586
35,2816,0.000000566
36,2816,0.000000626
37,2816,0.000000622
38,2816,0.000000533
39,2816,0.000000621
40,2816,0.000000637
41,2816,0.000000534
42,2816,0.000000630
43,2816,0.000000672
44,2816,0.000000525
45,2816,0.000000584
46,2816,0.000000578
47,2816,0.000000524
48,2816,0.000000556
49,2816,0.000000576
50,2816,0.000000621
51,2816,0.000000595
52,2816,0.000000579
53,2816,0.000000637
54,2816,0.000000535
55,2816,0.000000632
56,2816,0.000000635
57,2816,0.000015198
58,2816,0.000000697
59,2816,0.000000593
60,2816,0.000000542
61,2816,0.000000603
62,2816,0.000000639
63,2816,0.000000635
64,2816,0.000000598
65,2816,0.000000652
66,2816,0.000000645
67,2816,0.000000597
68,2816,0.000000632
69,2816,0.000000588
70,2816,0.000000573
71,2816,0.000000653
72,2816,0.000000704
73,2816,0.000000588
74,2816,0.000000589
75,2816,0.000000603
76,2816,0.000000613
77,2816,0.000000633
78,2816,0.000000644
79,2816,0.000000544
80,2816,0.000000606
81,2816,0.000000642
82,2816,0.000000602
83,2816,0.000000585
84,2816,0.000000790
85,2816,0.000000632
86,2816,0.000000544
87,2816,0.000000655
88,2816,0.000000709
89,2816,0.000000579
90,2816,0.000000588
91,2816,0.000000648
92,2816,0.000000604
93,2816,0.000000628
94,2816,0.000000663
95,2816,0.000000587
96,2816,0.000000617
97,2816,0.000000654
98,2816,0.000000699
99,2816,0.000000591
100,2816,0.000000584
101,2816,0.000000599
102,2816,0.000000548
103,2816,0.000000656
104,2816,0.000000604
105,2816,0.000000544
106,2816,0.000000629
107,2816,0.000000650
108,2816,0.000000696
109,2816,0.000000595
110,2816,0.000000616
111,2816,0.000000554
112,2816,0.000000608
113,2816,0.000000613
114,2816,0.000000651
115,2816,0.000000593
116,2816,0.000013320
117,2816,0.000000722
118,2816,0.000000592
119,2816,0.000000632
120,2816,0.000000590
121,2816,0.000000539
122,2816,0.000000630
123,2816,0.000000621
124,2816,0.000000575
125,2816,0.000000648
126,2816,0.000000646
127,2816,0.000000581
128,2816,0.000000603
129,2816,0.000000631
130,2816,0.000000585
131,2816,0.000000600
132,2816,0.000000642
133,2816,0.000000680
134,2816,0.000000585
135,2816,0.000000621
136,2816,0.000000580
137,2816,0.000000533
138,2816,0.000000627
139,2816,0.000000598
140,2816,0.000000529
141,2816,0.000000631
142,2816,0.000000575
143,2816,0.000000872
144,2816,0.000000541
145,2816,0.000000583
146,2816,0.000000584
147,2816,0.000000528
148,2816,0.000000590
149,2816,0.000000579
150,2816,0.000000533
151,2816,0.000000584
152,2816,0.000000573
153,2816,0.000000533
154,2816,0.000000579
155,2816,0.000000628
156,2816,0.000000575
157,2816,0.000000583
158,2816,0.000000581
159,2816,0.000000530
160,2816,0.000000550
161,2816,0.000000626
162,2816,0.000000585
163,2816,0.000000536
164,2816,0.000000619
165,2816,0.000000937
166,2816,0.000000534
167,2816,0.000000620
168,2816,0.000000584
169,2816,0.000000581
170,2816,0.000000590
171,2816,0.000000583
172,2816,0.000000586
173,2816,0.000000636
174,2816,0.000000580
175,2816,0.000000534
176,2816,0.000000585
177,2816,0.000000584
178,2816,0.000000588
179,2816,0.000000583
180,2816,0.000000619
181,2816,0.000000670
182,2816,0.000000537
183,2816,0.000000643
184,2816,0.000000606
185,2816,0.000000580
186,2816,0.000000654
187,2816,0.000000632
188,2816,0.000000576
189,2816,0.000000612
190,2816,0.000000617
191,2816,0.000000530
192,2816,0.000000586
193,2816,0.000000632
194,2816,0.000000683
195,2816,0.000000568
196,2816,0.000000590
197,2816,0.000000581
198,2816,0.000000535
199,2816,0.000000581
200,2816,0.000000575
201,2816,0.000000534
202,2816,0.000000636
203,2816,0.000000629
204,2816,0.000000531
205,2816,0.000000584
206,2816,0.000000577
207,2816,0.000000533
208,2816,0.000000602
209,2816,0.000000576
210,2816,0.000000579
211,2816,0.000000569
212,2816,0.000000577
213,2816,0.000000648
214,2816,0.000000584
215,2816,0.000000588
216,2816,0.000000582
217,2816,0.000000536
218,2816,0.000000636
219,2816,0.000000691
220,2816,0.000000588
221,2816,0.000000623
222,2816,0.000000582
223,2816,0.000000529
224,2816,0.000000587
225,2816,0.000000631
226,2816,0.000000640
227,2816,0.000000592
228,2816,0.000000626
229,2816,0.000000584
230,2816,0.000000598
231,2816,0.000000629
232,2816,0.000000586
233,2816,0.000000536
234,2816,0.000000627
235,2816,0.000000587
236,2816,0.000000578
237,2816,0.000000584
238,2816,0.000000590
239,2816,0.000000530
240,2816,0.000000552
241,2816,0.000000632
242,2816,0.000000587
243,2816,0.000000605
244,2816,0.000000574
245,2816,0.000000668
246,2816,0.000000531
247,2816,0.000000630
248,2816,0.000000587
249,2816,0.000000575
250,2816,0.000000583
251,2816,0.000000577
252,2816,0.000000528
253,2816,0.000000585
254,2816,0.000000579
255,2816,0.000000537
256,2816,0.000000551
257,2816,0.000000628
258,2816,0.000000587
259,2816,0.000000573
260,2816,0.000000616
261,2816,0.000000620
262,2816,0.000000580
263,2816,0.000000585
264,2816,0.000000641
265,2816,0.000000537
266,2816,0.000000576
267,2816,0.000000577
268,2816,0.000000534
269,2816,0.000000586
270,2816,0.000000582
271,2816,0.000000577
272,2816,0.000000588
273,2816,0.000000617
274,2816,0.000000588
275,2816,0.000000578
276,2816,0.000000623
277,2816,0.000000593
278,2816,0.000000606
279,2816,0.000000652
280,2816,0.000000603
281,2816,0.000000578
282,2816,0.000000587
283,2816,0.000000655
284,2816,0.000000579
285,2816,0.000000707
286,2816,0.000000663
287,2816,0.000000574
288,2816,0.000000656
289,2816,0.000000584
290,2816,0.000000658
291,2816,0.000000535
292,2816,0.000000646
293,2816,0.000000646
294,2816,0.000000537
295,2816,0.000000614
296,2816,0.000000624
297,2816,0.000000609
298,2816,0.000000654
299,2816,0.000000651
300,2816,0.000000618
301,2816,0.000000579
302,2816,0.000000684
303,2816,0.000000579
304,2816,0.000000548
305,2816,0.000000574
306,2816,0.000000646
307,2816,0.000000573
308,2816,0.000000591
309,2816,0.000000580
310,2816,0.000000532
311,2816,0.000000672
312,2816,0.000000587
313,2816,0.000000535
314,2816,0.000000646
315,2816,0.000000575
316,2816,0.000000530
317,2816,0.000000625
318,2816,0.000000632
319,2816,0.000000566
320,2816,0.000000647
321,2816,0.000000582
322,2816,0.000000584
323,2816,0.000000539
324,2816,0.000000579
325,2816,0.000000582
326,2816,0.000000574
327,2816,0.000000581
328,2816,0.000000586
329,2816,0.000000581
330,2816,0.000000588
331,2816,0.000000586
332,2816,0.000000531
333,2816,0.000000672
334,2816,0.000000675
335,2816,0.000000572
336,2816,0.000000603
337,2816,0.000000639
338,2816,0.000000682
339,2816,0.000000570
340,2816,0.000000680
341,2816,0.000000589
342,2816,0.000000539
343,2816,0.000000644
344,2816,0.000000748
345,2816,0.000000579
346,2816,0.000000670
347,2816,0.000000625
348,2816,0.000000590
349,2816,0.000000590
350,2816,0.000000737
351,2816,0.000000574
352,2816,0.000000613
353,2816,0.000000632
354,2816,0.000000581
355,2816,0.000000596
356,2816,0.000000636
357,2816,0.000000644
358,2816,0.000000540
359,2816,0.000000593
360,2816,0.000000583
361,2816,0.000000537
362,2816,0.000000628
363,2816,0.000000577
364,2816,0.000000530
365,2816,0.000000625
366,2816,0.000000581
367,2816,0.000000570
368,2816,0.000000550
369,2816,0.000000627
370,2816,0.000000600
371,2816,0.000000550
372,2816,0.000000667
373,2816,0.000000579
374,2816,0.000000610
375,2816,0.000000638
376,2816,0.000000680
377,2816,0.000000745
378,2816,0.000000641
379,2816,0.000000641
380,2816,0.000000534
381,2816,0.000000657
382,2816,0.000000642
383,2816,0.000000576
384,2816,0.000000594
385,2816,0.000000644
386,2816,0.000000723
387,2816,0.000000606
388,2816,0.000000636
389,2816,0.000000654
390,2816,0.000000580
391,2816,0.000000654
392,2816,0.000000631
393,2816,0.000000583
394,2816,0.000000585
395,2816,0.000000646
396,2816,0.000000590
397,2816,0.000000649
398,2816,0.000000630
399,2816,0.000000575
400,2816,0.000000553
401,2816,0.000000726
402,2816,0.000000625
403,2816,0.000000530
404,2816,0.000000569
405,2816,0.000000636
406,2816,0.000000590
407,2816,0.000000761
408,2816,0.000000618
409,2816,0.000000574
410,2816,0.000000623
411,2816,0.000000628
412,2816,0.000000579
413,2816,0.000000620
414,2816,0.000000582
415,2816,0.000000530
416,2816,0.000000608
417,2816,0.000000627
418,2816,0.000000632
419,2816,0.000000572
420,2816,0.000000619
421,2816,0.000000636
422,2816,0.000000877
423,2816,0.000000592
424,2816,0.000000723
425,2816,0.000000533
426,2816,0.000000619
427,2816,0.000000624
428,2816,0.000000673
429,2816,0.000000637
430,2816,0.000000655
431,2816,0.000000577
432,2816,0.000000633
433,2816,0.000000636
434,2816,0.000000644
435,2816,0.000000582
436,2816,0.000000621
437,2816,0.000000619
438,2816,0.000000536
439,2816,0.000000629
440,2816,0.000000660
441,2816,0.000000570
442,2816,0.000000628
443,2816,0.000000578
444,2816,0.000000574
445,2816,0.000000626
446,2816,0.000000630
447,2816,0.000000575
448,2816,0.000000604
449,2816,0.000000820
450,2816,0.000000680
451,2816,0.000000595
452,2816,0.000000620
453,2816,0.000000656
454,2816,0.000000583
455,2816,0.000000584
456,2816,0.000000638
457,2816,0.000000574
458,2816,0.000000645
459,2816,0.000000653
460,2816,0.000000583
461,2816,0.000000624
462,2816,0.000000693
463,2816,0.000000572
464,2816,0.000000636
465,2816,0.000000667
466,2816,0.000000693
467,2816,0.000000590
468,2816,0.000000583
469,2816,0.000000575
470,2816,0.000000580
471,2816,0.000000631
472,2816,0.000000584
473,2816,0.000000586
474,2816,0.000000631
475,2816,0.000000635
476,2816,0.000000578
477,2816,0.000000671
478,2816,0.000000650
479,2816,0.000000667
480,2816,0.000000599
481,2816,0.000000629
482,2816,0.000000644
483,2816,0.000000583
484,2816,0.000000578
485,2816,0.000000640
486,2816,0.000000577
487,2816,0.000000623
488,2816,0.000000832
489,2816,0.000000587
490,2816,0.000000667
491,2816,0.000000690
492,2816,0.000000580
493,2816,0.000000626
494,2816,0.000000708
495,2816,0.000000579
496,2816,0.000000607
497,2816,0.000000634
498,2816,0.000000624
499,2816,0.000000599
500,2816,0.000000629
501,2816,0.000000578
502,2816,0.000000531
503,2816,0.000000581
504,2816,0.000000583
505,2816,0.000000586
506,2816,0.000000737
507,2816,0.000000640
508,2816,0.000000569
509,2816,0.000000636
510,2816,0.000000580
511,2816,0.000000574
512,2816,0.000000556
513,2816,0.000000589
514,2816,0.000000645
515,2816,0.000000579
516,2816,0.000000628
517,2816,0.000000584
518,2816,0.000000532
519,2816,0.000000581
520,2816,0.000000636
521,2816,0.000000575
522,2816,0.000000625
523,2816,0.000000632
524,2816,0.000000531
525,2816,0.000000577
526,2816,0.000000631
527,2816,0.000000532
528,2816,0.000000622
529,2816,0.000000636
530,2816,0.000000635
531,2816,0.000000577
532,2816,0.000000664
533,2816,0.000000590
534,2816,0.000000536
535,2816,0.000000579
536,2816,0.000000607
537,2816,0.000000538
538,2816,0.000000633
539,2816,0.000000587
540,2816,0.000000843
541,2816,0.000000651
542,2816,0.000000627
543,2816,0.000000577
544,2816,0.000000612
545,2816,0.000000590
546,2816,0.000000689
547,2816,0.000000565
548,2816,0.000000671
549,2816,0.000000641
550,2816,0.000000580
551,2816,0.000000627
552,2816,0.000000637
553,2816,0.000000580
554,2816,0.000000582
555,2816,0.000000710
556,2816,0.000000536
557,2816,0.000000689
558,2816,0.000000718
559,2816,0.000000532
560,2816,0.000000600
561,2816,0.000000643
562,2816,0.000000695
563,2816,0.000000594
564,2816,0.000000636
565,2816,0.000000592
566,2816,0.000000532
567,2816,0.000000707
568,2816,0.000000636
569,2816,0.000000580
570,2816,0.000000584
571,2816,0.000000638
572,2816,0.000000528
573,2816,0.000000648
574,2816,0.000000687
575,2816,0.000000531
576,2816,0.000000610
577,2816,0.000000662
578,2816,0.000000585
579,2816,0.000000582
580,2816,0.000000629
581,2816,0.000000591
582,2816,0.000000841
583,2816,0.000000621
584,2816,0.000000635
585,2816,0.000000617
586,2816,0.000000631
587,2816,0.000000638
588,2816,0.000000579
589,2816,0.000000643
590,2816,0.000000735
591,2816,0.000000575
592,2816,0.000000580
593,2816,0.000000632
594,2816,0.000000590
595,2816,0.000000598
596,2816,0.000000654
597,2816,0.000000630
598,2816,0.000000581
599,2816,0.000000701
600,2816,0.000000588
601,2816,0.000000534
602,2816,0.000000617
603,2816,0.000000581
604,2816,0.000000576
605,2816,0.000000626
606,2816,0.000000584
607,2816,0.000000574
608,2816,0.000000553
609,2816,0.000000582
610,2816,0.000000630
611,2816,0.000000574
612,2816,0.000000630
613,2816,0.000000653
614,2816,0.000000530
615,2816,0.000000632
616,2816,0.000000592
617,2816,0.000000575
618,2816,0.000000632
619,2816,0.000000592
620,2816,0.000000527
621,2816,0.000000629
622,2816,0.000000584
623,2816,0.000000534
624,2816,0.000000621
625,2816,0.000000635
626,2816,0.000000594
627,2816,0.000000589
628,2816,0.000000625
629,2816,0.000000586
630,2816,0.000000537
631,2816,0.000000640
632,2816,0.000000658
633,2816,0.000000536
634,2816,0.000000585
635,2816,0.000000642
636,2816,0.000000576
637,2816,0.000000643
638,2816,0.000000601
639,2816,0.000000530
640,2816,0.000000613
641,2816,0.000000643
642,2816,0.000000647
643,2816,0.000000605
644,2816,0.000000592
645,2816,0.000000646
646,2816,0.000000590
647,2816,0.000000583
648,2816,0.000000581
649,2816,0.000000567
650,2816,0.000000654
651,2816,0.000000651
652,2816,0.000000555
653,2816,0.000000645
654,2816,0.000000635
655,2816,0.000000579
656,2816,0.000000598
657,2816,0.000000583
658,2816,0.000000588
659,2816,0.000000574
660,2816,0.000000626
661,2816,0.000000642
662,2816,0.000000589
663,2816,0.000000627
664,2816,0.000000642
665,2816,0.000000578
666,2816,0.000000627
667,2816,0.000000650
668,2816,0.000000766
669,2816,0.000000624
670,2816,0.000000593
671,2816,0.000000572
672,2816,0.000000592
673,2816,0.000000669
674,2816,0.000000647
675,2816,0.000000562
676,2816,0.000000628
677,2816,0.000000644
678,2816,0.000000584
679,2816,0.000000630
680,2816,0.000000585
681,2816,0.000000537
682,2816,0.000000630
683,2816,0.000000583
684,2816,0.000000587
685,2816,0.000000636
686,2816,0.000000653
687,2816,0.000000584
688,2816,0.000000601
689,2816,0.000000987
690,2816,0.000000624
691,2816,0.000000534
692,2816,0.000000637
693,2816,0.000000667
694,2816,0.000000532
695,2816,0.000000637
696,2816,0.000000642
697,2816,0.000000588
698,2816,0.000000631
699,2816,0.000000655
700,2816,0.000000584
701,2816,0.000000629
702,2816,0.000000625
703,2816,0.000000533
704,2816,0.000000576
705,2816,0.000000644
706,2816,0.000000707
707,2816,0.000000689
708,2816,0.000000626
709,2816,0.000000658
710,2816,0.000000601
711,2816,0.000000630
712,2816,0.000000635
713,2816,0.000000575
714,2816,0.000000645
715,2816,0.000000755
716,2816,0.000000592
717,2816,0.000000630
718,2816,0.000000589
719,2816,0.000000577
720,2816,0.000000590
721,2816,0.000000643
722,2816,0.000000662
723,2816,0.000000587
724,2816,0.000000637
725,2816,0.000000649
726,2816,0.000000584
727,2816,0.000000590
728,2816,0.000000592
729,2816,0.000000585
730,2816,0.000000581
731,2816,0.000000626
732,2816,0.000000531
733,2816,0.000000626
734,2816,0.000000643
735,2816,0.000000573
736,2816,0.000000591
737,2816,0.000000582
738,2816,0.000000713
739,2816,0.000000577
740,2816,0.000000572
741,2816,0.000000643
742,2816,0.000000595
743,2816,0.000000925
744,2816,0.000000670
745,2816,0.000000590
746,2816,0.000000626
747,2816,0.000000588
748,2816,0.000000569
749,2816,0.000000673
750,2816,0.000000627
751,2816,0.000000571
752,2816,0.000000612
753,2816,0.000000637
754,2816,0.000000692
755,2816,0.000000632
756,2816,0.000000637
757,2816,0.000000700
758,2816,0.000000589
759,2816,0.000000638
760,2816,0.000000640
761,2816,0.000000580
762,2816,0.000000626
763,2816,0.000000578
764,2816,0.000000533
765,2816,0.000000686
766,2816,0.000000639
767,2816,0.000000531
768,2816,0.000000625
769,2816,0.000000664
770,2816,0.000000636
771,2816,0.000000578
772,2816,0.000000648
773,2816,0.000000652
774,2816,0.000000588
775,2816,0.000000668
776,2816,0.000000706
777,2816,0.000000596
778,2816,0.000000629
779,2816,0.000000641
780,2816,0.000000528
781,2816,0.000000626
782,2816,0.000000714
783,2816,0.000000530
784,2816,0.000000597
785,2816,0.000000703
786,2816,0.000000658
787,2816,0.000000598
788,2816,0.000000623
789,2816,0.000000639
790,2816,0.000000570
791,2816,0.000000631
792,2816,0.000000714
793,2816,0.000000596
794,2816,0.000000582
795,2816,0.000000580
796,2816,0.000000533
797,2816,0.000000586
798,2816,0.000000661
799,2816,0.000000576
800,2816,0.000000731
801,2816,0.000000581
802,2816,0.000000629
803,2816,0.000000572
804,2816,0.000000639
805,2816,0.000000627
806,2816,0.000000537
807,2816,0.000000640
808,2816,0.000000655
809,2816,0.000000778
810,2816,0.000000629
811,2816,0.000000584
812,2816,0.000000530
813,2816,0.000000701
814,2816,0.000000704
815,2816,0.000000586
816,2816,0.000000641
817,2816,0.000000582
818,2816,0.000000651
819,2816,0.000000598
820,2816,0.000000639
821,2816,0.000000647
822,2816,0.000000570
823,2816,0.000000635
824,2816,0.000000655
825,2816,0.000000587
826,2816,0.000000641
827,2816,0.000000656
828,2816,0.000000586
829,2816,0.000000627
830,2816,0.000000642
831,2816,0.000000531
832,2816,0.000000600
833,2816,0.000000657
834,2816,0.000000756
835,2816,0.000000619
836,2816,0.000000727
837,2816,0.000000662
838,2816,0.000000600
839,2816,0.000000651
840,2816,0.000000638
841,2816,0.000000531
842,2816,0.000000629
843,2816,0.000000649
844,2816,0.000000595
845,2816,0.000000642
846,2816,0.000000690
847,2816,0.000000586
848,2816,0.000000640
849,2816,0.000000629
850,2816,0.000000629
851,2816,0.000000572
852,2816,0.000000627
853,2816,0.000000585
854,2816,0.000000576
855,2816,0.000000581
856,2816,0.000000641
857,2816,0.000000580
858,2816,0.000000643
859,2816,0.000000642
860,2816,0.000000589
861,2816,0.000000596
862,2816,0.000000634
863,2816,0.000000586
864,2816,0.000000595
865,2816,0.000000652
866,2816,0.000000702
867,2816,0.000000598
868,2816,0.000000643
869,2816,0.000000703
870,2816,0.000000578
871,2816,0.000000699
872,2816,0.000000632
873,2816,0.000000571
874,2816,0.000000633
875,2816,0.000000704
876,2816,0.000000579
877,2816,0.000000631
878,2816,0.000000681
879,2816,0.000000592
880,2816,0.000000621
881,2816,0.000000635
882,2816,0.000000656
883,2816,0.000000611
884,2816,0.000000741
885,2816,0.000000638
886,2816,0.000000578
887,2816,0.000000629
888,2816,0.000000588
889,2816,0.000000595
890,2816,0.000000662
891,2816,0.000000634
892,2816,0.000000580
893,2816,0.000000588
894,2816,0.000000632
895,2816,0.000000573
896,2816,0.000000592
897,2816,0.000000772
898,2816,0.000000707
899,2816,0.000000611
900,2816,0.000000634
901,2816,0.000000651
902,2816,0.000000587
903,2816,0.000000625
904,2816,0.000000791
905,2816,0.000000582
906,2816,0.000000584
907,2816,0.000000580
908,2816,0.000000530
909,2816,0.000000772
910,2816,0.000000761
911,2816,0.000000607
912,2816,0.000000670
913,2816,0.000000733
914,2816,0.000000773
915,2816,0.000000961
916,2816,0.000000734
917,2816,0.000001118
918,2816,0.000000624
919,2816,0.000000780
920,2816,0.000000780
921,2816,0.000000621
922,2816,0.000000745
923,2816,0.000000717
924,2816,0.000000610
925,2816,0.000000755
926,2816,0.000000671
927,2816,0.000000596
928,2816,0.000000694
929,2816,0.000001013
930,2816,0.000000803
931,2816,0.000000634
932,2816,0.000000681
933,2816,0.000000744
934,2816,0.000000621
935,2816,0.000000713
936,2816,0.000000764
937,2816,0.000000609
938,2816,0.000000752
939,2816,0.000000763
940,2816,0.000000609
941,2816,0.000000767
942,2816,0.000000778
943,2816,0.000000606
944,2816,0.000000743
945,2816,0.000000843
946,2816,0.000000713
947,2816,0.000000623
948,2816,0.000000737
949,2816,0.000000775
950,2816,0.000000625
951,2816,0.000000745
952,2816,0.000000790
953,2816,0.000000618
954,2816,0.000000706
955,2816,0.000000771
956,2816,0.000000612
957,2816,0.000000713
958,2816,0.000000782
959,2816,0.000000601
960,2816,0.000000665
961,2816,0.000000726
962,2816,0.000000784
963,2816,0.000000617
964,2816,0.000000738
965,2816,0.000000759
966,2816,0.000000624
967,2816,0.000000735
968,2816,0.000000782
969,2816,0.000000616
970,2816,0.000000701
971,2816,0.000000723
972,2816,0.000000684
973,2816,0.000000766
974,2816,0.000000713
975,2816,0.000000600
976,2816,0.000000660
977,2816,0.000000730
978,2816,0.000000713
979,2816,0.000000617
980,2816,0.000000726
981,2816,0.000000923
982,2816,0.000000623
983,2816,0.000000739
984,2816,0.000000766
985,2816,0.000000621
986,2816,0.000000982
987,2816,0.000000757
988,2816,0.000000606
989,2816,0.000000700
990,2816,0.000000715
991,2816,0.000000599
992,2816,0.000000675
993,2816,0.000000668
994,2816,0.000000723
995,2816,0.000000639
996,2816,0.000000673
997,2816,0.000000711
998,2816,0.000000624
999,2816,0.000000689
0,3072,0.000000994
1,3072,0.000000678
2,3072,0.000000613
3,3072,0.000000539
4,3072,0.000000881
5,3072,0.000000678
6,3072,0.000000654
7,3072,0.000000533
8,3072,0.000000815
9,3072,0.000000636
10,3072,0.000000624
11,3072,0.000000590
12,3072,0.000000606
13,3072,0.000000634
14,3072,0.000000590
15,3072,0.000000531
16,3072,0.000000649
17,3072,0.000000651
18,3072,0.000000639
19,3072,0.000000567
20,3072,0.000000596
21,3072,0.000000628
22,3072,0.000000635
23,3072,0.000000596
24,3072,0.000000544
25,3072,0.000000628
26,3072,0.000000657
27,3072,0.000000605
28,3072,0.000000587
29,3072,0.000000637
30,3072,0.000000590
31,3072,0.000000671
32,3072,0.000000597
33,3072,0.000000639
34,3072,0.000000698
35,3072,0.000000573
36,3072,0.000000614
37,3072,0.000000645
38,3072,0.000000652
39,3072,0.000000579
40,3072,0.000000668
41,3072,0.000000636
42,3072,0.000000659
43,3072,0.000000581
44,3072,0.000000597
45,3072,0.000000632
46,3072,0.000000659
47,3072,0.000000591
48,3072,0.000000549
49,3072,0.000000628
50,3072,0.000000636
51,3072,0.000000582
52,3072,0.000000606
53,3072,0.000000676
54,3072,0.000000591
55,3072,0.000000533
56,3072,0.000000610
57,3072,0.000000588
58,3072,0.000000590
59,3072,0.000000567
60,3072,0.000000585
61,3072,0.000000627
62,3072,0.000000694
63,3072,0.000000563
64,3072,0.000000586
65,3072,0.000000587
66,3072,0.000000649
67,3072,0.000000581
68,3072,0.000000573
69,3072,0.000000648
70,3072,0.000015235
71,3072,0.000000690
72,3072,0.000000610
73,3072,0.000000648
74,3072,0.000000662
75,3072,0.000000616
76,3072,0.000000601
77,3072,0.000000682
78,3072,0.000000669
79,3072,0.000000548
80,3072,0.000000619
81,3072,0.000000671
82,3072,0.000000644
83,3072,0.000000546
84,3072,0.000000642
85,3072,0.000001171
86,3072,0.000000873
87,3072,0.000000813
88,3072,0.000001173
89,3072,0.000000909
90,3072,0.000000950
91,3072,0.000000695
92,3072,0.000000990
93,3072,0.000000900
94,3072,0.000000885
95,3072,0.000000730
96,3072,0.000001039
97,3072,0.000000914
98,3072,0.000001005
99,3072,0.000000785
100,3072,0.000000858
101,3072,0.000000963
102,3072,0.000000893
103,3072,0.000000809
104,3072,0.000000902
105,3072,0.000000784
106,3072,0.000000776
107,3072,0.000000609
108,3072,0.000000677
109,3072,0.000000697
110,3072,0.000000650
111,3072,0.000000548
112,3072,0.000000625
113,3072,0.000000653
114,3072,0.000000678
115,3072,0.000000616
116,3072,0.000000804
117,3072,0.000000677
118,3072,0.000000663
119,3072,0.000000605
120,3072,0.000000718
121,3072,0.000000934
122,3072,0.000000709
123,3072,0.000000612
124,3072,0.000000631
125,3072,0.000000652
126,3072,0.000000675
127,3072,0.000000599
128,3072,0.000000675
129,3072,0.000000999
130,3072,0.000000664
131,3072,0.000000588
132,3072,0.000000619
133,3072,0.000000652
134,3072,0.000000600
135,3072,0.000000547
136,3072,0.000000613
137,3072,0.000000679
138,3072,0.000000732
139,3072,0.000000585
140,3072,0.000000599
141,3072,0.000000665
142,3072,0.000000708
143,3072,0.000000598
144,3072,0.000000569
145,3072,0.000000655
146,3072,0.000000601
147,3072,0.000000546
148,3072,0.000000598
149,3072,0.000000651
150,3072,0.000000663
151,3072,0.000000595
152,3072,0.000000632
153,3072,0.000000647
154,3072,0.000000673
155,3072,0.000000616
156,3072,0.000000651
157,3072,0.000000669
158,3072,0.000000719
159,3072,0.000000591
160,3072,0.000000620
161,3072,0.000000654
162,3072,0.000000654
163,3072,0.000000592
164,3072,0.000000673
165,3072,0.000000641
166,3072,0.000000713
167,3072,0.000000759
168,3072,0.000000688
169,3072,0.000000739
170,3072,0.000000707
171,3072,0.000000582
172,3072,0.000000602
173,3072,0.000000673
174,3072,0.000000691
175,3072,0.000000569
176,3072,0.000000616
177,3072,0.000000643
178,3072,0.000000661
179,3072,0.000000598
180,3072,0.000000648
181,3072,0.000000646
182,3072,0.000000720
183,3072,0.000000591
184,3072,0.000000606
185,3072,0.000000677
186,3072,0.000000602
187,3072,0.000000845
188,3072,0.000000572
189,3072,0.000000660
190,3072,0.000000864
191,3072,0.000000874
192,3072,0.000000897
193,3072,0.000000936
194,3072,0.000001492
195,3072,0.000000743
196,3072,0.000000890
197,3072,0.000000980
198,3072,0.000001145
199,3072,0.000000847
200,3072,0.000000884
201,3072,0.000001750
202,3072,0.000000703
203,3072,0.000000594
204,3072,0.000000616
205,3072,0.000000683
206,3072,0.000000749
207,3072,0.000000587
208,3072,0.000000641
209,3072,0.000000656
210,3072,0.000000651
211,3072,0.000000606
212,3072,0.000000612
213,3072,0.000000678
214,3072,0.000000679
215,3072,0.000000580
216,3072,0.000000627
217,3072,0.000000642
218,3072,0.000000652
219,3072,0.000000537
220,3072,0.000013371
221,3072,0.000000686
222,3072,0.000000661
223,3072,0.000000631
224,3072,0.000000613
225,3072,0.000000630
226,3072,0.000000663
227,3072,0.000000609
228,3072,0.000000634
229,3072,0.000000639
230,3072,0.000000641
231,3072,0.000000564
232,3072,0.000000630
233,3072,0.000015278
234,3072,0.000000640
235,3072,0.000000552
236,3072,0.000000601
237,3072,0.000000657
238,3072,0.000000978
239,3072,0.000000617
240,3072,0.000000631
241,3072,0.000000602
242,3072,0.000000662
243,3072,0.000000550
244,3072,0.000000561
245,3072,0.000000639
246,3072,0.000000657
247,3072,0.000000587
248,3072,0.000000610
249,3072,0.000000656
250,3072,0.000000701
251,3072,0.000000611
252,3072,0.000000624
253,3072,0.000000661
254,3072,0.000000750
255,3072,0.000000623
256,3072,0.000000658
257,3072,0.000000728
258,3072,0.000000648
259,3072,0.000000610
260,3072,0.000000650
261,3072,0.000000658
262,3072,0.000000689
263,3072,0.000000604
264,3072,0.000000659
265,3072,0.000000662
266,3072,0.000000773
267,3072,0.000000622
268,3072,0.000000635
269,3072,0.000000643
270,3072,0.000000667
271,3072,0.000000628
272,3072,0.000000664
273,3072,0.000000656
274,3072,0.000000676
275,3072,0.000000605
276,3072,0.000000663
277,3072,0.000000671
278,3072,0.000000608
279,3072,0.000000597
280,3072,0.000000557
281,3072,0.000000657
282,3072,0.000000639
283,3072,0.000000549
284,3072,0.000000598
285,3072,0.000000679
286,3072,0.000000660
287,3072,0.000000595
288,3072,0.000000637
289,3072,0.000000670
290,3072,0.000000605
291,3072,0.000000639
292,3072,0.000000615
293,3072,0.000000659
294,3072,0.000000671
295,3072,0.000000601
296,3072,0.000000589
297,3072,0.000000664
298,3072,0.000000667
299,3072,0.000000609
300,3072,0.000000598
301,3072,0.000000654
302,3072,0.000000608
303,3072,0.000000586
304,3072,0.000000624
305,3072,0.000000658
306,3072,0.000000706
307,3072,0.000000555
308,3072,0.000000979
309,3072,0.000000718
310,3072,0.000000720
311,3072,0.000000615
312,3072,0.000000688
313,3072,0.000000634
314,3072,0.000000679
315,3072,0.000000598
316,3072,0.000000605
317,3072,0.000000672
318,3072,0.000000693
319,3072,0.000000605
320,3072,0.000000604
321,3072,0.000000685
322,3072,0.000000831
323,3072,0.000000611
324,3072,0.000000627
325,3072,0.000000687
326,3072,0.000000729
327,3072,0.000000601
328,3072,0.000000573
329,3072,0.000000625
330,3072,0.000000684
331,3072,0.000000590
332,3072,0.000000594
333,3072,0.000000632
334,3072,0.000000598
335,3072,0.000000605
336,3072,0.000000607
337,3072,0.000013299
338,3072,0.000000717
339,3072,0.000000587
340,3072,0.000000654
341,3072,0.000000662
342,3072,0.000000693
343,3072,0.000000591
344,3072,0.000000620
345,3072,0.000000651
346,3072,0.000000658
347,3072,0.000000594
348,3072,0.000000676
349,3072,0.000000633
350,3072,0.000000680
351,3072,0.000000617
352,3072,0.000000592
353,3072,0.000000653
354,3072,0.000000711
355,3072,0.000000591
356,3072,0.000000669
357,3072,0.000000667
358,3072,0.000000694
359,3072,0.000000588
360,3072,0.000000661
361,3072,0.000000585
362,3072,0.000000672
363,3072,0.000000587
364,3072,0.000000596
365,3072,0.000000656
366,3072,0.000000725
367,3072,0.000000580
368,3072,0.000000631
369,3072,0.000000637
370,3072,0.000000684
371,3072,0.000000580
372,3072,0.000000653
373,3072,0.000000634
374,3072,0.000000697
375,3072,0.000000599
376,3072,0.000000602
377,3072,0.000000632
378,3072,0.000000649
379,3072,0.000000789
380,3072,0.000000608
381,3072,0.000000635
382,3072,0.000000649
383,3072,0.000000592
384,3072,0.000000627
385,3072,0.000000677
386,3072,0.000000647
387,3072,0.000000599
388,3072,0.000000640
389,3072,0.000000673
390,3072,0.000000634
391,3072,0.000000539
392,3072,0.000000608
393,3072,0.000000668
394,3072,0.000000721
395,3072,0.000000591
396,3072,0.000000633
397,3072,0.000000715
398,3072,0.000000686
399,3072,0.000000897
400,3072,0.000000597
401,3072,0.000000652
402,3072,0.000000684
403,3072,0.000000598
404,3072,0.000000586
405,3072,0.000000681
406,3072,0.000000690
407,3072,0.000000575
408,3072,0.000000612
409,3072,0.000000632
410,3072,0.000000657
411,3072,0.000000590
412,3072,0.000000642
413,3072,0.000000673
414,3072,0.000000652
415,3072,0.000000536
416,3072,0.000000599
417,3072,0.000000656
418,3072,0.000000651
419,3072,0.000000537
420,3072,0.000000596
421,3072,0.000000647
422,3072,0.000000591
423,3072,0.000000617
424,3072,0.000000620
425,3072,0.000000687
426,3072,0.000000796
427,3072,0.000000583
428,3072,0.000000642
429,3072,0.000000639
430,3072,0.000000661
431,3072,0.000000585
432,3072,0.000000759
433,3072,0.000000650
434,3072,0.000001051
435,3072,0.000000578
436,3072,0.000000617
437,3072,0.000000664
438,3072,0.000000655
439,3072,0.000000586
440,3072,0.000000587
441,3072,0.000000627
442,3072,0.000000666
443,3072,0.000000580
444,3072,0.000000591
445,3072,0.000000667
446,3072,0.000000698
447,3072,0.000000599
448,3072,0.000000688
449,3072,0.000000669
450,3072,0.000000723
451,3072,0.000000598
452,3072,0.000000595
453,3072,0.000000689
454,3072,0.000000922
455,3072,0.000000606
456,3072,0.000000597
457,3072,0.000000644
458,3072,0.000000693
459,3072,0.000000615
460,3072,0.000000585
461,3072,0.000000605
462,3072,0.000000665
463,3072,0.000000589
464,3072,0.000000639
465,3072,0.000000670
466,3072,0.000000712
467,3072,0.000000591
468,3072,0.000000613
469,3072,0.000000654
470,3072,0.000000655
471,3072,0.000000583
472,3072,0.000000642
473,3072,0.000000632
474,3072,0.000000651
475,3072,0.000000618
476,3072,0.000000593
477,3072,0.000000661
478,3072,0.000000645
479,3072,0.000000586
480,3072,0.000000645
481,3072,0.000000630
482,3072,0.000000641
483,3072,0.000000574
484,3072,0.000000594
485,3072,0.000000633
486,3072,0.000001007
487,3072,0.000000584
488,3072,0.000000625
489,3072,0.000000591
490,3072,0.000000649
491,3072,0.000000584
492,3072,0.000000761
493,3072,0.000000649
494,3072,0.000000628
495,3072,0.000000576
496,3072,0.000000606
497,3072,0.000000640
498,3072,0.000000703
499,3072,0.000000594
500,3072,0.000000601
501,3072,0.000000646
502,3072,0.000000664
503,3072,0.000000606
504,3072,0.000000611
505,3072,0.000000642
506,3072,0.000000701
507,3072,0.000000607
508,3072,0.000000588
509,3072,0.000000645
510,3072,0.000000717
511,3072,0.000000595
512,3072,0.000000595
513,3072,0.000000652
514,3072,0.000000694
515,3072,0.000000580
516,3072,0.000000687
517,3072,0.000000649
518,3072,0.000000887
519,3072,0.000000588
520,3072,0.000000707
521,3072,0.000000637
522,3072,0.000000688
523,3072,0.000000600
524,3072,0.000000631
525,3072,0.000000653
526,3072,0.000000705
527,3072,0.000000582
528,3072,0.000000605
529,3072,0.000000635
530,3072,0.000000701
531,3072,0.000000584
532,3072,0.000000641
533,3072,0.000000654
534,3072,0.000000645
535,3072,0.000000600
536,3072,0.000000601
537,3072,0.000000637
538,3072,0.000000589
539,3072,0.000000576
540,3072,0.000000608
541,3072,0.000000670
542,3072,0.000000689
543,3072,0.000000614
544,3072,0.000000643
545,3072,0.000000651
546,3072,0.000000703
547,3072,0.000000598
548,3072,0.000000613
549,3072,0.000000722
550,3072,0.000000694
551,3072,0.000000574
552,3072,0.000000610
553,3072,0.000000644
554,3072,0.000000657
555,3072,0.000000599
556,3072,0.000000597
557,3072,0.000000633
558,3072,0.000000635
559,3072,0.000000533
560,3072,0.000000644
561,3072,0.000000693
562,3072,0.000000687
563,3072,0.000000579
564,3072,0.000000665
565,3072,0.000000594
566,3072,0.000000638
567,3072,0.000000579
568,3072,0.000000591
569,3072,0.000000629
570,3072,0.000000641
571,3072,0.000000827
572,3072,0.000000673
573,3072,0.000001099
574,3072,0.000000686
575,3072,0.000000592
576,3072,0.000000600
577,3072,0.000000609
578,3072,0.000000709
579,3072,0.000000533
580,3072,0.000000604
581,3072,0.000000655
582,3072,0.000000656
583,3072,0.000000584
584,3072,0.000000596
585,3072,0.000000647
586,3072,0.000000675
587,3072,0.000000611
588,3072,0.000000628
589,3072,0.000000661
590,3072,0.000000644
591,3072,0.000000577
592,3072,0.000000655
593,3072,0.000000643
594,3072,0.000000663
595,3072,0.000000575
596,3072,0.000000637
597,3072,0.000000655
598,3072,0.000000650
599,3072,0.000000565
600,3072,0.000000634
601,3072,0.000000631
602,3072,0.000000662
603,3072,0.000000592
604,3072,0.000000601
605,3072,0.000000656
606,3072,0.000000661
607,3072,0.000000595
608,3072,0.000000654
609,3072,0.000000628
610,3072,0.000000651
611,3072,0.000000539
612,3072,0.000000643
613,3072,0.000000640
614,3072,0.000000664
615,3072,0.000000590
616,3072,0.000000595
617,3072,0.000000689
618,3072,0.000000724
619,3072,0.000000598
620,3072,0.000000638
621,3072,0.000000706
622,3072,0.000000686
623,3072,0.000000590
624,3072,0.000000557
625,3072,0.000000642
626,3072,0.000000656
627,3072,0.000000600
628,3072,0.000000632
629,3072,0.000000928
630,3072,0.000000652
631,3072,0.000000611
632,3072,0.000000611
633,3072,0.000000640
634,3072,0.000000657
635,3072,0.000000538
636,3072,0.000000591
637,3072,0.000000641
638,3072,0.000000709
639,3072,0.000000608
640,3072,0.000000653
641,3072,0.000000636
642,3072,0.000000697
643,3072,0.000000592
644,3072,0.000000631
645,3072,0.000000643
646,3072,0.000000700
647,3072,0.000000602
648,3072,0.000000711
649,3072,0.000000644
650,3072,0.000000717
651,3072,0.000000606
652,3072,0.000000643
653,3072,0.000000647
654,3072,0.000000667
655,3072,0.000000777
656,3072,0.000000720
657,3072,0.000000654
658,3072,0.000000648
659,3072,0.000000590
660,3072,0.000000618
661,3072,0.000000646
662,3072,0.000000685
663,3072,0.000000598
664,3072,0.000000603
665,3072,0.000000664
666,3072,0.000000770
667,3072,0.000000618
668,3072,0.000000643
669,3072,0.000000981
670,3072,0.000000662
671,3072,0.000000594
672,3072,0.000000605
673,3072,0.000000636
674,3072,0.000000599
675,3072,0.000000534
676,3072,0.000000622
677,3072,0.000000665
678,3072,0.000000647
679,3072,0.000000584
680,3072,0.000000662
681,3072,0.000000665
682,3072,0.000000730
683,3072,0.000000590
684,3072,0.000000710
685,3072,0.000000640
686,3072,0.000000647
687,3072,0.000000570
688,3072,0.000000650
689,3072,0.000000660
690,3072,0.000000788
691,3072,0.000000581
692,3072,0.000000634
693,3072,0.000000640
694,3072,0.000000733
695,3072,0.000000596
696,3072,0.000000598
697,3072,0.000000634
698,3072,0.000000670
699,3072,0.000000582
700,3072,0.000000611
701,3072,0.000000693
702,3072,0.000000711
703,3072,0.000000532
704,3072,0.000000748
705,3072,0.000000676
706,3072,0.000000704
707,3072,0.000000577
708,3072,0.000000622
709,3072,0.000000683
710,3072,0.000000708
711,3072,0.000000590
712,3072,0.000000638
713,3072,0.000000646
714,3072,0.000000758
715,3072,0.000000844
716,3072,0.000000637
717,3072,0.000000644
718,3072,0.000000662
719,3072,0.000000597
720,3072,0.000000603
721,3072,0.000000647
722,3072,0.000000703
723,3072,0.000000580
724,3072,0.000000590
725,3072,0.000000647
726,3072,0.000000787
727,3072,0.000000592
728,3072,0.000000604
729,3072,0.000000651
730,3072,0.000000640
731,3072,0.000000557
732,3072,0.000000634
733,3072,0.000000671
734,3072,0.000000643
735,3072,0.000000577
736,3072,0.000000584
737,3072,0.000000649
738,3072,0.000000648
739,3072,0.000000568
740,3072,0.000000609
741,3072,0.000000669
742,3072,0.000000698
743,3072,0.000000572
744,3072,0.000000638
745,3072,0.000000657
746,3072,0.000000782
747,3072,0.000000614
748,3072,0.000000629
749,3072,0.000000707
750,3072,0.000000655
751,3072,0.000000595
752,3072,0.000000618
753,3072,0.000000652
754,3072,0.000000702
755,3072,0.000000589
756,3072,0.000000628
757,3072,0.000000655
758,3072,0.000000669
759,3072,0.000000612
760,3072,0.000000608
761,3072,0.000000645
762,3072,0.000000655
763,3072,0.000000575
764,3072,0.000000630
765,3072,0.000000694
766,3072,0.000000802
767,3072,0.000000606
768,3072,0.000000651
769,3072,0.000000660
770,3072,0.000000640
771,3072,0.000000534
772,3072,0.000000619
773,3072,0.000000635
774,3072,0.000000654
775,3072,0.000000590
776,3072,0.000000600
777,3072,0.000000633
778,3072,0.000000654
779,3072,0.000000586
780,3072,0.000000610
781,3072,0.000000654
782,3072,0.000001006
783,3072,0.000000573
784,3072,0.000000599
785,3072,0.000000739
786,3072,0.000000700
787,3072,0.000000613
788,3072,0.000000618
789,3072,0.000000653
790,3072,0.000000643
791,3072,0.000000575
792,3072,0.000000651
793,3072,0.000000666
794,3072,0.000000700
795,3072,0.000000610
796,3072,0.000000626
797,3072,0.000000655
798,3072,0.000000712
799,3072,0.000000604
800,3072,0.000000636
801,3072,0.000000711
802,3072,0.000000926
803,3072,0.000000602
804,3072,0.000000622
805,3072,0.000000656
806,3072,0.000000721
807,3072,0.000000603
808,3072,0.000000605
809,3072,0.000000713
810,3072,0.000001121
811,3072,0.000000619
812,3072,0.000000610
813,3072,0.000000649
814,3072,0.000000652
815,3072,0.000000599
816,3072,0.000000661
817,3072,0.000000689
818,3072,0.000000645
819,3072,0.000000598
820,3072,0.000000611
821,3072,0.000000655
822,3072,0.000000720
823,3072,0.000000594
824,3072,0.000000643
825,3072,0.000000647
826,3072,0.000000653
827,3072,0.000000591
828,3072,0.000000621
829,3072,0.000000685
830,3072,0.000000887
831,3072,0.000000534
832,3072,0.000000599
833,3072,0.000000655
834,3072,0.000000703
835,3072,0.000000572
836,3072,0.000000640
837,3072,0.000000641
838,3072,0.000000719
839,3072,0.000000598
840,3072,0.000000653
841,3072,0.000000671
842,3072,0.000000711
843,3072,0.000000605
844,3072,0.000000596
845,3072,0.000000680
846,3072,0.000000699
847,3072,0.000000596
848,3072,0.000000632
849,3072,0.000000635
850,3072,0.000000670
851,3072,0.000000624
852,3072,0.000000639
853,3072,0.000000611
854,3072,0.000000644
855,3072,0.000000587
856,3072,0.000000687
857,3072,0.000000660
858,3072,0.000000714
859,3072,0.000000714
860,3072,0.000000649
861,3072,0.000000662
862,3072,0.000000649
863,3072,0.000000590
864,3072,0.000000608
865,3072,0.000000664
866,3072,0.000000702
867,3072,0.000000586
868,3072,0.000000637
869,3072,0.000000644
870,3072,0.000000632
871,3072,0.000000529
872,3072,0.000000618
873,3072,0.000000657
874,3072,0.000000707
875,3072,0.000000589
876,3072,0.000000607
877,3072,0.000000667
878,3072,0.000000778
879,3072,0.000000600
880,3072,0.000000600
881,3072,0.000000636
882,3072,0.000000715
883,3072,0.000000610
884,3072,0.000000580
885,3072,0.000000650
886,3072,0.000000705
887,3072,0.000000594
888,3072,0.000000644
889,3072,0.000000652
890,3072,0.000000662
891,3072,0.000000601
892,3072,0.000000621
893,3072,0.000000681
894,3072,0.000000718
895,3072,0.000000534
896,3072,0.000000627
897,3072,0.000000759
898,3072,0.000000719
899,3072,0.000000605
900,3072,0.000000620
901,3072,0.000000702
902,3072,0.000000742
903,3072,0.000000597
904,3072,0.000000617
905,3072,0.000000666
906,3072,0.000000665
907,3072,0.000000598
908,3072,0.000000698
909,3072,0.000000661
910,3072,0.000000697
911,3072,0.000000789
912,3072,0.000000623
913,3072,0.000000695
914,3072,0.000000709
915,3072,0.000000594
916,3072,0.000000618
917,3072,0.000000759
918,3072,0.000000787
919,3072,0.000000607
920,3072,0.000000713
921,3072,0.000000729
922,3072,0.000000793
923,3072,0.000000620
924,3072,0.000000687
925,3072,0.000000830
926,3072,0.000000790
927,3072,0.000000875
928,3072,0.000000768
929,3072,0.000000738
930,3072,0.000000692
931,3072,0.000000615
932,3072,0.000000873
933,3072,0.000000721
934,3072,0.000000861
935,3072,0.000000616
936,3072,0.000000713
937,3072,0.000000829
938,3072,0.000000796
939,3072,0.000000603
940,3072,0.000000747
941,3072,0.000000756
942,3072,0.000000715
943,3072,0.000000616
944,3072,0.000000717
945,3072,0.000000702
946,3072,0.000000778
947,3072,0.000000611
948,3072,0.000000677
949,3072,0.000000748
950,3072,0.000001003
951,3072,0.000000597
952,3072,0.000000677
953,3072,0.000000716
954,3072,0.000000771
955,3072,0.000000598
956,3072,0.000000792
957,3072,0.000000684
958,3072,0.000000714
959,3072,0.000000603
960,3072,0.000000677
961,3072,0.000000710
962,3072,0.000000711
963,3072,0.000000637
964,3072,0.000000734
965,3072,0.000000790
966,3072,0.000000954
967,3072,0.000000616
968,3072,0.000000710
969,3072,0.000000689
970,3072,0.000000772
971,3072,0.000000600
972,3072,0.000000731
973,3072,0.000000745
974,3072,0.000000844
975,3072,0.000000607
976,3072,0.000000709
977,3072,0.000000700
978,3072,0.000000860
979,3072,0.000000607
980,3072,0.000000660
981,3072,0.000000705
982,3072,0.000000791
983,3072,0.000000608
984,3072,0.000000719
985,3072,0.000000757
986,3072,0.000000774
987,3072,0.000000929
988,3072,0.000000800
989,3072,0.000000827
990,3072,0.000000724
991,3072,0.000000597
992,3072,0.000000669
993,3072,0.000000767
994,3072,0.000000971
995,3072,0.000000619
996,3072,0.000000663
997,3072,0.000000756
998,3072,0.000000779
999,3072,0.000000613
0,3328,0.000001014
1,3328,0.000000701
2,3328,0.000000679
3,3328,0.000000669
4,3328,0.000000687
5,3328,0.000000609
6,3328,0.000000952
7,3328,0.000000645
8,3328,0.000000650
9,3328,0.000000645
10,3328,0.000000632
11,3328,0.000000681
12,3328,0.000000679
13,3328,0.000000705
14,3328,0.000000715
15,3328,0.000008572
16,3328,0.000000705
17,3328,0.000000659
18,3328,0.000000666
19,3328,0.000000699
20,3328,0.000000680
21,3328,0.000000626
22,3328,0.000000684
23,3328,0.000000662
24,3328,0.000000731
25,3328,0.000001095
26,3328,0.000000602
27,3328,0.000000791
28,3328,0.000000660
29,3328,0.000000666
30,3328,0.000000706
31,3328,0.000000626
32,3328,0.000000673
33,3328,0.000000680
34,3328,0.000000729
35,3328,0.000000724
36,3328,0.000000716
37,3328,0.000000585
38,3328,0.000000671
39,3328,0.000000678
40,3328,0.000000765
41,3328,0.000000698
42,3328,0.000000589
43,3328,0.000000677
44,3328,0.000000601
45,3328,0.000000705
46,3328,0.000000699
47,3328,0.000000614
48,3328,0.000000628
49,3328,0.000000720
50,3328,0.000000721
51,3328,0.000000661
52,3328,0.000000653
53,3328,0.000000603
54,3328,0.000000654
55,3328,0.000000670
56,3328,0.000000704
57,3328,0.000000694
58,3328,0.000000796
59,3328,0.000000687
60,3328,0.000000646
61,3328,0.000000665
62,3328,0.000000726
63,3328,0.000000593
64,3328,0.000000617
65,3328,0.000000645
66,3328,0.000000651
67,3328,0.000000710
68,3328,0.000000703
69,3328,0.000000898
70,3328,0.000000656
71,3328,0.000000659
72,3328,0.000000693
73,3328,0.000000649
74,3328,0.000000605
75,3328,0.000000664
76,3328,0.000000638
77,3328,0.000000699
78,3328,0.000000667
79,3328,0.000000602
80,3328,0.000000707
81,3328,0.000000662
82,3328,0.000000663
83,3328,0.000000713
84,3328,0.000000634
85,3328,0.000000611
86,3328,0.000000658
87,3328,0.000000638
88,3328,0.000000648
89,3328,0.000000689
90,3328,0.000000609
91,3328,0.000000688
92,3328,0.000000666
93,3328,0.000000664
94,3328,0.000001041
95,3328,0.000000599
96,3328,0.000000629
97,3328,0.000000680
98,3328,0.000000657
99,3328,0.000000659
100,3328,0.000000797
101,3328,0.000000612
102,3328,0.000000646
103,3328,0.000000669
104,3328,0.000000710
105,3328,0.000000654
106,3328,0.000000607
107,3328,0.000000670
108,3328,0.000000701
109,3328,0.000000645
110,3328,0.000000703
111,3328,0.000000625
112,3328,0.000025474
113,3328,0.000001093
114,3328,0.000000791
115,3328,0.000000665
116,3328,0.000000711
117,3328,0.000000662
118,3328,0.000000684
119,3328,0.000001029
120,3328,0.000000726
121,3328,0.000000712
122,3328,0.000000616
123,3328,0.000000704
124,3328,0.000000660
125,3328,0.000000671
126,3328,0.000000728
127,3328,0.000000620
128,3328,0.000000633
129,3328,0.000000657
130,3328,0.000000718
131,3328,0.000000711
132,3328,0.000000660
133,3328,0.000000621
134,3328,0.000000680
135,3328,0.000000657
136,3328,0.000000668
137,3328,0.000000701
138,3328,0.000000894
139,3328,0.000000677
140,3328,0.000000734
141,3328,0.000000713
142,3328,0.000013541
143,3328,0.000000647
144,3328,0.000000647
145,3328,0.000000707
146,3328,0.000000678
147,3328,0.000000713
148,3328,0.000000700
149,3328,0.000000616
150,3328,0.000000911
151,3328,0.000000706
152,3328,0.000000690
153,3328,0.000000772
154,3328,0.000000609
155,3328,0.000000707
156,3328,0.000000711
157,3328,0.000000665
158,3328,0.000000747
159,3328,0.000000618
160,3328,0.000000645
161,3328,0.000000669
162,3328,0.000000671
163,3328,0.000000717
164,3328,0.000000689
165,3328,0.000000603
166,3328,0.000000668
167,3328,0.000000652
168,3328,0.000000746
169,3328,0.000000704
170,3328,0.000000611
171,3328,0.000000675
172,3328,0.000000638
173,3328,0.000000648
174,3328,0.000000696
175,3328,0.000000597
176,3328,0.000000669
177,3328,0.000000700
178,3328,0.000000728
179,3328,0.000000728
180,3328,0.000001073
181,3328,0.000000639
182,3328,0.000000662
183,3328,0.000000660
184,3328,0.000000669
185,3328,0.000001000
186,3328,0.000000627
187,3328,0.000000674
188,3328,0.000000636
189,3328,0.000000688
190,3328,0.000001049
191,3328,0.000000595
192,3328,0.000000631
193,3328,0.000000668
194,3328,0.000000736
195,3328,0.000000724
196,3328,0.000000698
197,3328,0.000000635
198,3328,0.000000678
199,3328,0.000000658
200,3328,0.000000657
201,3328,0.000000643
202,3328,0.000000715
203,3328,0.000000981
204,3328,0.000000918
205,3328,0.000000938
206,3328,0.000000942
207,3328,0.000000822
208,3328,0.000001133
209,3328,0.000000939
210,3328,0.000000989
211,3328,0.000001041
212,3328,0.000001165
213,3328,0.000000762
214,3328,0.000000946
215,3328,0.000000847
216,3328,0.000000895
217,3328,0.000000886
218,3328,0.000000885
219,3328,0.000001030
220,3328,0.000001058
221,3328,0.000000845
222,3328,0.000000653
223,3328,0.000000591
224,3328,0.000000633
225,3328,0.000000649
226,3328,0.000000688
227,3328,0.000000691
228,3328,0.000000636
229,3328,0.000000623
230,3328,0.000000659
231,3328,0.000000661
232,3328,0.000000723
233,3328,0.000000736
234,3328,0.000000632
235,3328,0.000000702
236,3328,0.000000692
237,3328,0.000000760
238,3328,0.000000691
239,3328,0.000000644
240,3328,0.000000640
241,3328,0.000000679
242,3328,0.000000667
243,3328,0.000000706
244,3328,0.000000735
245,3328,0.000000632
246,3328,0.000000693
247,3328,0.000000668
248,3328,0.000000648
249,3328,0.000000695
250,3328,0.000000613
251,3328,0.000000728
252,3328,0.000000724
253,3328,0.000000715
254,3328,0.000000723
255,3328,0.000000625
256,3328,0.000000649
257,3328,0.000000647
258,3328,0.000000630
259,3328,0.000000712
260,3328,0.000000638
261,3328,0.000000546
262,3328,0.000000639
263,3328,0.000000668
264,3328,0.000000660
265,3328,0.000000714
266,3328,0.000000622
267,3328,0.000000690
268,3328,0.000000647
269,3328,0.000000658
270,3328,0.000000689
271,3328,0.000000609
272,3328,0.000000737
273,3328,0.000000641
274,3328,0.000000664
275,3328,0.000000704
276,3328,0.000000719
277,3328,0.000000603
278,3328,0.000000647
279,3328,0.000000645
280,3328,0.000000954
281,3328,0.000000640
282,3328,0.000000620
283,3328,0.000000664
284,3328,0.000000661
285,3328,0.000000720
286,3328,0.000000792
287,3328,0.000000630
288,3328,0.000000681
289,3328,0.000000650
290,3328,0.000000656
291,3328,0.000000688
292,3328,0.000000731
293,3328,0.000000618
294,3328,0.000000634
295,3328,0.000000630
296,3328,0.000000708
297,3328,0.000000721
298,3328,0.000000639
299,3328,0.000000656
300,3328,0.000000713
301,3328,0.000001192
302,3328,0.000000939
303,3328,0.000000814
304,3328,0.000001008
305,3328,0.000000942
306,3328,0.000000930
307,3328,0.000001019
308,3328,0.000000936
309,3328,0.000000838
310,3328,0.000001120
311,3328,0.000001380
312,3328,0.000000648
313,3328,0.000000709
314,3328,0.000000613
315,3328,0.000000686
316,3328,0.000000679
317,3328,0.000000720
318,3328,0.000000709
319,3328,0.000000611
320,3328,0.000000669
321,3328,0.000000746
322,3328,0.000000745
323,3328,0.000000723
324,3328,0.000000659
325,3328,0.000000606
326,3328,0.000000684
327,3328,0.000000708
328,3328,0.000000705
329,3328,0.000000704
330,3328,0.000000696
331,3328,0.000000668
332,3328,0.000000662
333,3328,0.000000661
334,3328,0.000000704
335,3328,0.000000618
336,3328,0.000000613
337,3328,0.000000655
338,3328,0.000000751
339,3328,0.000000701
340,3328,0.000000653
341,3328,0.000000606
342,3328,0.000000652
343,3328,0.000000689
344,3328,0.000000703
345,3328,0.000000714
346,3328,0.000000608
347,3328,0.000000724
348,3328,0.000000647
349,3328,0.000000697
350,3328,0.000000681
351,3328,0.000000605
352,3328,0.000000636
353,3328,0.000000736
354,3328,0.000000720
355,3328,0.000000651
356,3328,0.000000650
357,3328,0.000000605
358,3328,0.000000913
359,3328,0.000000647
360,3328,0.000000713
361,3328,0.000000663
362,3328,0.000000616
363,3328,0.000000740
364,3328,0.000000694
365,3328,0.000000720
366,3328,0.000000796
367,3328,0.000000624
368,3328,0.000000634
369,3328,0.000000642
370,3328,0.000000672
371,3328,0.000000698
372,3328,0.000000697
373,3328,0.000000598
374,3328,0.000000677
375,3328,0.000000700
376,3328,0.000000699
377,3328,0.000000698
378,3328,0.000000586
379,3328,0.000000651
380,3328,0.000000732
381,3328,0.000000718
382,3328,0.000000696
383,3328,0.000000587
384,3328,0.000000632
385,3328,0.000000657
386,3328,0.000000660
387,3328,0.000000656
388,3328,0.000000658
389,3328,0.000000634
390,3328,0.000000643
391,3328,0.000000676
392,3328,0.000000805
393,3328,0.000000734
394,3328,0.000000609
395,3328,0.000000698
396,3328,0.000000648
397,3328,0.000000655
398,3328,0.000000737
399,3328,0.000000618
400,3328,0.000000664
401,3328,0.000000672
402,3328,0.000000715
403,3328,0.000000780
404,3328,0.000000709
405,3328,0.000000614
406,3328,0.000000650
407,3328,0.000000693
408,3328,0.000000665
409,3328,0.000000705
410,3328,0.000000624
411,3328,0.000000723
412,3328,0.000000668
413,3328,0.000000909
414,3328,0.000000765
415,3328,0.000000625
416,3328,0.000000671
417,3328,0.000000667
418,3328,0.000000763
419,3328,0.000000708
420,3328,0.000000707
421,3328,0.000000614
422,3328,0.000000751
423,3328,0.000000716
424,3328,0.000000651
425,3328,0.000000600
426,3328,0.000000621
427,3328,0.000000665
428,3328,0.000000666
429,3328,0.000000767
430,3328,0.000000711
431,3328,0.000000599
432,3328,0.000000632
433,3328,0.000000666
434,3328,0.000000651
435,3328,0.000000665
436,3328,0.000000754
437,3328,0.000000654
438,3328,0.000000674
439,3328,0.000000639
440,3328,0.000000663
441,3328,0.000000645
442,3328,0.000000584
443,3328,0.000000697
444,3328,0.000000702
445,3328,0.000000651
446,3328,0.000000960
447,3328,0.000000616
448,3328,0.000000626
449,3328,0.000000696
450,3328,0.000000808
451,3328,0.000001029
452,3328,0.000000689
453,3328,0.000000603
454,3328,0.000000647
455,3328,0.000000669
456,3328,0.000000643
457,3328,0.000000690
458,3328,0.000000611
459,3328,0.000000712
460,3328,0.000000714
461,3328,0.000000689
462,3328,0.000000962
463,3328,0.000000593
464,3328,0.000000667
465,3328,0.000000661
466,3328,0.000000710
467,3328,0.000000700
468,3328,0.000000645
469,3328,0.000000588
470,3328,0.000000682
471,3328,0.000000681
472,3328,0.000000720
473,3328,0.000000693
474,3328,0.000000616
475,3328,0.000000726
476,3328,0.000000745
477,3328,0.000000740
478,3328,0.000000706
479,3328,0.000000628
480,3328,0.000000845
481,3328,0.000000700
482,3328,0.000000665
483,3328,0.000000707
484,3328,0.000000649
485,3328,0.000000612
486,3328,0.000000655
487,3328,0.000000647
488,3328,0.000000670
489,3328,0.000001015
490,3328,0.000000594
491,3328,0.000000690
492,3328,0.000000652
493,3328,0.000000705
494,3328,0.000000698
495,3328,0.000000661
496,3328,0.000000641
497,3328,0.000000651
498,3328,0.000000729
499,3328,0.000000714
500,3328,0.000000716
501,3328,0.000000630
502,3328,0.000000731
503,3328,0.000000669
504,3328,0.000000749
505,3328,0.000000717
506,3328,0.000000611
507,3328,0.000000829
508,3328,0.000000664
509,3328,0.000000714
510,3328,0.000000661
511,3328,0.000000608
512,3328,0.000000694
513,3328,0.000000646
514,3328,0.000000651
515,3328,0.000000650
516,3328,0.000000740
517,3328,0.000000603
518,3328,0.000000709
519,3328,0.000000957
520,3328,0.000000647
521,3328,0.000000650
522,3328,0.000000585
523,3328,0.000000654
524,3328,0.000000649
525,3328,0.000000699
526,3328,0.000000677
527,3328,0.000000602
528,3328,0.000000710
529,3328,0.000000670
530,3328,0.000000968
531,3328,0.000000646
532,3328,0.000000635
533,3328,0.000000601
534,3328,0.000000771
535,3328,0.000000806
536,3328,0.000000662
537,3328,0.000000700
538,3328,0.000000852
539,3328,0.000000657
540,3328,0.000000645
541,3328,0.000000668
542,3328,0.000000711
543,3328,0.000000625
544,3328,0.000000658
545,3328,0.000000662
546,3328,0.000001018
547,3328,0.000000709
548,3328,0.000000652
549,3328,0.000000612
550,3328,0.000000685
551,3328,0.000000662
552,3328,0.000000703
553,3328,0.000000696
554,3328,0.000000606
555,3328,0.000000680
556,3328,0.000000659
557,3328,0.000000647
558,3328,0.000000696
559,3328,0.000000610
560,3328,0.000000637
561,3328,0.000000704
562,3328,0.000000599
563,3328,0.000000647
564,3328,0.000000694
565,3328,0.000000639
566,3328,0.000000659
567,3328,0.000000673
568,3328,0.000000709
569,3328,0.000000712
570,3328,0.000000633
571,3328,0.000000664
572,3328,0.000000674
573,3328,0.000000770
574,3328,0.000000700
575,3328,0.000000601
576,3328,0.000000618
577,3328,0.000000654
578,3328,0.000000791
579,3328,0.000000699
580,3328,0.000000716
581,3328,0.000000604
582,3328,0.000000665
583,3328,0.000000661
584,3328,0.000000695
585,3328,0.000000691
586,3328,0.000000603
587,3328,0.000000656
588,3328,0.000000659
589,3328,0.000000724
590,3328,0.000000708
591,3328,0.000000629
592,3328,0.000000652
593,3328,0.000000654
594,3328,0.000000720
595,3328,0.000000693
596,3328,0.000000786
597,3328,0.000000623
598,3328,0.000000764
599,3328,0.000000663
600,3328,0.000000663
601,3328,0.000000693
602,3328,0.000000601
603,3328,0.000000651
604,3328,0.000000677
605,3328,0.000000774
606,3328,0.000000691
607,3328,0.000000869
608,3328,0.000000646
609,3328,0.000000667
610,3328,0.000000727
611,3328,0.000000713
612,3328,0.000000710
613,3328,0.000000601
614,3328,0.000000697
615,3328,0.000001089
616,3328,0.000000709
617,3328,0.000000706
618,3328,0.000000593
619,3328,0.000000671
620,3328,0.000000644
621,3328,0.000000649
622,3328,0.000000701
623,3328,0.000000764
624,3328,0.000000650
625,3328,0.000000678
626,3328,0.000000651
627,3328,0.000000678
628,3328,0.000000763
629,3328,0.000000625
630,3328,0.000000717
631,3328,0.000000767
632,3328,0.000000711
633,3328,0.000000638
634,3328,0.000000586
635,3328,0.000000683
636,3328,0.000000680
637,3328,0.000000802
638,3328,0.000000720
639,3328,0.000000627
640,3328,0.000000648
641,3328,0.000000661
642,3328,0.000000713
643,3328,0.000000655
644,3328,0.000000709
645,3328,0.000000628
646,3328,0.000000670
647,3328,0.000000666
648,3328,0.000000714
649,3328,0.000000662
650,3328,0.000000630
651,3328,0.000000765
652,3328,0.000000641
653,3328,0.000000659
654,3328,0.000000715
655,3328,0.000000625
656,3328,0.000000869
657,3328,0.000000693
658,3328,0.000000752
659,3328,0.000000673
660,3328,0.000000719
661,3328,0.000000637
662,3328,0.000000687
663,3328,0.000000722
664,3328,0.000000728
665,3328,0.000000704
666,3328,0.000000609
667,3328,0.000000670
668,3328,0.000000642
669,3328,0.000000650
670,3328,0.000000785
671,3328,0.000000629
672,3328,0.000000654
673,3328,0.000000660
674,3328,0.000000685
675,3328,0.000000870
676,3328,0.000000645
677,3328,0.000000629
678,3328,0.000000664
679,3328,0.000000656
680,3328,0.000000720
681,3328,0.000000694
682,3328,0.000000590
683,3328,0.000000676
684,3328,0.000000687
685,3328,0.000000643
686,3328,0.000000750
687,3328,0.000000595
688,3328,0.000000658
689,3328,0.000000811
690,3328,0.000000659
691,3328,0.000000802
692,3328,0.000000710
693,3328,0.000000623
694,3328,0.000000908
695,3328,0.000000691
696,3328,0.000000720
697,3328,0.000000713
698,3328,0.000000620
699,3328,0.000000704
700,3328,0.000000757
701,3328,0.000000657
702,3328,0.000000934
703,3328,0.000000552
704,3328,0.000000621
705,3328,0.000000696
706,3328,0.000000742
707,3328,0.000000832
708,3328,0.000000684
709,3328,0.000000632
710,3328,0.000000687
711,3328,0.000000603
712,3328,0.000000650
713,3328,0.000000713
714,3328,0.000000633
715,3328,0.000000721
716,3328,0.000000676
717,3328,0.000000700
718,3328,0.000000708
719,3328,0.000000617
720,3328,0.000000620
721,3328,0.000000666
722,3328,0.000000705
723,3328,0.000000654
724,3328,0.000000909
725,3328,0.000000593
726,3328,0.000000668
727,3328,0.000000711
728,3328,0.000000720
729,3328,0.000000878
730,3328,0.000000599
731,3328,0.000000714
732,3328,0.000000707
733,3328,0.000000737
734,3328,0.000000704
735,3328,0.000000618
736,3328,0.000000700
737,3328,0.000000765
738,3328,0.000000724
739,3328,0.000000774
740,3328,0.000000745
741,3328,0.000000638
742,3328,0.000000704
743,3328,0.000000682
744,3328,0.000000721
745,3328,0.000000761
746,3328,0.000000670
747,3328,0.000000663
748,3328,0.000000658
749,3328,0.000000709
750,3328,0.000000694
751,3328,0.000000606
752,3328,0.000000694
753,3328,0.000000703
754,3328,0.000000822
755,3328,0.000000659
756,3328,0.000000899
757,3328,0.000000596
758,3328,0.000000691
759,3328,0.000000746
760,3328,0.000000722
761,3328,0.000000749
762,3328,0.000000605
763,3328,0.000000602
764,3328,0.000000827
765,3328,0.000000669
766,3328,0.000000703
767,3328,0.000000610
768,3328,0.000000630
769,3328,0.000000674
770,3328,0.000000725
771,3328,0.000000658
772,3328,0.000000692
773,3328,0.000000620
774,3328,0.000000709
775,3328,0.000000686
776,3328,0.000000713
777,3328,0.000000726
778,3328,0.000000625
779,3328,0.000000649
780,3328,0.000000689
781,3328,0.000000715
782,3328,0.000000720
783,3328,0.000000622
784,3328,0.000000627
785,3328,0.000000714
786,3328,0.000000810
787,3328,0.000000746
788,3328,0.000000645
789,3328,0.000000605
790,3328,0.000000738
791,3328,0.000000720
792,3328,0.000000730
793,3328,0.000000714
794,3328,0.000000633
795,3328,0.000000706
796,3328,0.000000657
797,3328,0.000000677
798,3328,0.000000717
799,3328,0.000000629
800,3328,0.000000661
801,3328,0.000000716
802,3328,0.000000730
803,3328,0.000000701
804,3328,0.000000657
805,3328,0.000000861
806,3328,0.000000751
807,3328,0.000000972
808,3328,0.000000683
809,3328,0.000000742
810,3328,0.000000616
811,3328,0.000000748
812,3328,0.000000681
813,3328,0.000000717
814,3328,0.000000709
815,3328,0.000000627
816,3328,0.000000611
817,3328,0.000000673
818,3328,0.000000885
819,3328,0.000000707
820,3328,0.000000714
821,3328,0.000000624
822,3328,0.000000719
823,3328,0.000000676
824,3328,0.000000712
825,3328,0.000000710
826,3328,0.000000585
827,3328,0.000000682
828,3328,0.000000674
829,3328,0.000000703
830,3328,0.000000698
831,3328,0.000000602
832,3328,0.000000655
833,3328,0.000000757
834,3328,0.000001056
835,3328,0.000000672
836,3328,0.000000712
837,3328,0.000000641
838,3328,0.000000735
839,3328,0.000000675
840,3328,0.000000655
841,3328,0.000000706
842,3328,0.000000590
843,3328,0.000000763
844,3328,0.000000679
845,3328,0.000000657
846,3328,0.000000773
847,3328,0.000000625
848,3328,0.000000737
849,3328,0.000000658
850,3328,0.000000669
851,3328,0.000000803
852,3328,0.000000688
853,3328,0.000000622
854,3328,0.000000755
855,3328,0.000000766
856,3328,0.000000773
857,3328,0.000000698
858,3328,0.000000598
859,3328,0.000000755
860,3328,0.000000672
861,3328,0.000000771
862,3328,0.000000808
863,3328,0.000000944
864,3328,0.000000712
865,3328,0.000000814
866,3328,0.000000811
867,3328,0.000000767
868,3328,0.000000820
869,3328,0.000000634
870,3328,0.000000718
871,3328,0.000000753
872,3328,0.000000709
873,3328,0.000000755
874,3328,0.000000640
875,3328,0.000000660
876,3328,0.000000767
877,3328,0.000000663
878,3328,0.000000999
879,3328,0.000000608
880,3328,0.000000679
881,3328,0.000000751
882,3328,0.000000731
883,3328,0.000001023
884,3328,0.000000794
885,3328,0.000000630
886,3328,0.000000718
887,3328,0.000000668
888,3328,0.000000949
889,3328,0.000000813
890,3328,0.000000630
891,3328,0.000000755
892,3328,0.000000665
893,3328,0.000000779
894,3328,0.000000768
895,3328,0.000000638
896,3328,0.000000740
897,3328,0.000000743
898,3328,0.000001079
899,3328,0.000000794
900,3328,0.000001034
901,3328,0.000000640
902,3328,0.000000745
903,3328,0.000000893
904,3328,0.000000738
905,3328,0.000000861
906,3328,0.000000627
907,3328,0.000000853
908,3328,0.000000781
909,3328,0.000000787
910,3328,0.000000858
911,3328,0.000000652
912,3328,0.000000702
913,3328,0.000000701
914,3328,0.000000733
915,3328,0.000000732
916,3328,0.000000866
917,3328,0.000000713
918,3328,0.000000779
919,3328,0.000000718
920,3328,0.000000921
921,3328,0.000000772
922,3328,0.000000640
923,3328,0.000000960
924,3328,0.000000827
925,3328,0.000000754
926,3328,0.000000933
927,3328,0.000000649
928,3328,0.000000767
929,3328,0.000000723
930,3328,0.000000737
931,3328,0.000000754
932,3328,0.000000936
933,3328,0.000000653
934,3328,0.000000810
935,3328,0.000000828
936,3328,0.000000827
937,3328,0.000000808
938,3328,0.000000667
939,3328,0.000000753
940,3328,0.000000858
941,3328,0.000000821
942,3328,0.000001003
943,3328,0.000000636
944,3328,0.000000816
945,3328,0.000000761
946,3328,0.000000984
947,3328,0.000000800
948,3328,0.000000833
949,3328,0.000000663
950,3328,0.000000759
951,3328,0.000000772
952,3328,0.000000886
953,3328,0.000001018
954,3328,0.000000683
955,3328,0.000000756
956,3328,0.000000788
957,3328,0.000000845
958,3328,0.000000819
959,3328,0.000000651
960,3328,0.000000795
961,3328,0.000000734
962,3328,0.000000778
963,3328,0.000000815
964,3328,0.000000781
965,3328,0.000000652
966,3328,0.000000768
967,3328,0.000000723
968,3328,0.000000938
969,3328,0.000000870
970,3328,0.000000632
971,3328,0.000000850
972,3328,0.000000766
973,3328,0.000000751
974,3328,0.000000867
975,3328,0.000000649
976,3328,0.000000805
977,3328,0.000000827
978,3328,0.000000738
979,3328,0.000000739
980,3328,0.000000873
981,3328,0.000000652
982,3328,0.000000866
983,3328,0.000000709
984,3328,0.000000811
985,3328,0.000000746
986,3328,0.000000639
987,3328,0.000000749
988,3328,0.000000871
989,3328,0.000000795
990,3328,0.000000746
991,3328,0.000000648
992,3328,0.000000683
993,3328,0.000000793
994,3328,0.000001024
995,3328,0.000000813
996,3328,0.000000864
997,3328,0.000000642
998,3328,0.000000798
999,3328,0.000000734
0,3584,0.000001052
1,3584,0.000000757
2,3584,0.000000721
3,3584,0.000001007
4,3584,0.000000804
5,3584,0.000000724
6,3584,0.000000719
7,3584,0.000000662
8,3584,0.000000664
9,3584,0.000000708
10,3584,0.000000700
11,3584,0.000000821
12,3584,0.000000760
13,3584,0.000000769
14,3584,0.000013781
15,3584,0.000000665
16,3584,0.000007856
17,3584,0.000000884
18,3584,0.000000657
19,3584,0.000000764
20,3584,0.000000733
21,3584,0.000000733
22,3584,0.000001151
23,3584,0.000000655
24,3584,0.000000673
25,3584,0.000000689
26,3584,0.000000690
27,3584,0.000000769
28,3584,0.000000742
29,3584,0.000000788
30,3584,0.000000712
31,3584,0.000000653
32,3584,0.000000699
33,3584,0.000000734
34,3584,0.000000708
35,3584,0.000000675
36,3584,0.000000722
37,3584,0.000000765
38,3584,0.000000707
39,3584,0.000000621
40,3584,0.000000724
41,3584,0.000000716
42,3584,0.000000740
43,3584,0.000000692
44,3584,0.000000723
45,3584,0.000000790
46,3584,0.000000784
47,3584,0.000000613
48,3584,0.000000759
49,3584,0.000000694
50,3584,0.000000692
51,3584,0.000000733
52,3584,0.000000742
53,3584,0.000000724
54,3584,0.000000768
55,3584,0.000000673
56,3584,0.000000875
57,3584,0.000000773
58,3584,0.000000659
59,3584,0.000000725
60,3584,0.000000779
61,3584,0.000001107
62,3584,0.000000784
63,3584,0.000000871
64,3584,0.000000705
65,3584,0.000000679
66,3584,0.000000770
67,3584,0.000000700
68,3584,0.000000672
69,3584,0.000000784
70,3584,0.000000730
71,3584,0.000000646
72,3584,0.000000786
73,3584,0.000000682
74,3584,0.000000801
75,3584,0.000000690
76,3584,0.000000728
77,3584,0.000000750
78,3584,0.000000742
79,3584,0.000000635
80,3584,0.000000698
81,3584,0.000000759
82,3584,0.000000707
83,3584,0.000000673
84,3584,0.000000803
85,3584,0.000000716
86,3584,0.000000660
87,3584,0.000000613
88,3584,0.000000670
89,3584,0.000000695
90,3584,0.000000721
91,3584,0.000000662
92,3584,0.000000728
93,3584,0.000000778
94,3584,0.000000700
95,3584,0.000000669
96,3584,0.000000700
97,3584,0.000000722
98,3584,0.000000770
99,3584,0.000000676
100,3584,0.000000738
101,3584,0.000000715
102,3584,0.000000725
103,3584,0.000000993
104,3584,0.000000672
105,3584,0.000000729
106,3584,0.000000734
107,3584,0.000000659
108,3584,0.000000727
109,3584,0.000000708
110,3584,0.000000705
111,3584,0.000000662
112,3584,0.000000660
113,3584,0.000000698
114,3584,0.000000685
115,3584,0.000000709
116,3584,0.000000714
117,3584,0.000000707
118,3584,0.000000759
119,3584,0.000000611
120,3584,0.000000633
121,3584,0.000000730
122,3584,0.000000675
123,3584,0.000000716
124,3584,0.000000716
125,3584,0.000000718
126,3584,0.000000982
127,3584,0.000000601
128,3584,0.000000677
129,3584,0.000000713
130,3584,0.000000742
131,3584,0.000000982
132,3584,0.000000720
133,3584,0.000000720
134,3584,0.000000722
135,3584,0.000000637
136,3584,0.000000652
137,3584,0.000000795
138,3584,0.000000693
139,3584,0.000000690
140,3584,0.000000717
141,3584,0.000000760
142,3584,0.000000782
143,3584,0.000000633
144,3584,0.000000690
145,3584,0.000000760
146,3584,0.000000704
147,3584,0.000000725
148,3584,0.000000736
149,3584,0.000000708
150,3584,0.000000711
151,3584,0.000000649
152,3584,0.000000658
153,3584,0.000000754
154,3584,0.000000682
155,3584,0.000000718
156,3584,0.000000721
157,3584,0.000001052
158,3584,0.000000715
159,3584,0.000000647
160,3584,0.000000712
161,3584,0.000000694
162,3584,0.000000716
163,3584,0.000000738
164,3584,0.000000717
165,3584,0.000000744
166,3584,0.000000731
167,3584,0.000000616
168,3584,0.000000695
169,3584,0.000000721
170,3584,0.000000684
171,3584,0.000000742
172,3584,0.000000732
173,3584,0.000000723
174,3584,0.000000753
175,3584,0.000000604
176,3584,0.000000668
177,3584,0.000000700
178,3584,0.000000687
179,3584,0.000000744
180,3584,0.000000740
181,3584,0.000000718
182,3584,0.000000711
183,3584,0.000000649
184,3584,0.000000750
185,3584,0.000000709
186,3584,0.000000760
187,3584,0.000000712
188,3584,0.000000863
189,3584,0.000000706
190,3584,0.000000724
191,3584,0.000000923
192,3584,0.000000670
193,3584,0.000000666
194,3584,0.000000716
195,3584,0.000000735
196,3584,0.000000665
197,3584,0.000000688
198,3584,0.000000718
199,3584,0.000000754
200,3584,0.000000636
201,3584,0.000000673
202,3584,0.000000685
203,3584,0.000000721
204,3584,0.000000729
205,3584,0.000000754
206,3584,0.000000741
207,3584,0.000000616
208,3584,0.000000681
209,3584,0.000000708
210,3584,0.000000768
211,3584,0.000000708
212,3584,0.000001079
213,3584,0.000000727
214,3584,0.000000714
215,3584,0.000000644
216,3584,0.000000672
217,3584,0.000000969
218,3584,0.000000709
219,3584,0.000000738
220,3584,0.000000725
221,3584,0.000000713
222,3584,0.000000703
223,3584,0.000000655
224,3584,0.000000671
225,3584,0.000000725
226,3584,0.000000717
227,3584,0.000000723
228,3584,0.000000778
229,3584,0.000000718
230,3584,0.000000712
231,3584,0.000000611
232,3584,0.000000666
233,3584,0.000000731
234,3584,0.000000761
235,3584,0.000000765
236,3584,0.000000730
237,3584,0.000000726
238,3584,0.000000666
239,3584,0.000000606
240,3584,0.000000704
241,3584,0.000000701
242,3584,0.000000658
243,3584,0.000000663
244,3584,0.000000715
245,3584,0.000000722
246,3584,0.000000716
247,3584,0.000000639
248,3584,0.000000672
249,3584,0.000000656
250,3584,0.000000679
251,3584,0.000000705
252,3584,0.000000742
253,3584,0.000000657
254,3584,0.000000762
255,3584,0.000000626
256,3584,0.000000701
257,3584,0.000000711
258,3584,0.000000693
259,3584,0.000000672
260,3584,0.000000721
261,3584,0.000000761
262,3584,0.000000717
263,3584,0.000000641
264,3584,0.000000743
265,3584,0.000000738
266,3584,0.000000772
267,3584,0.000000730
268,3584,0.000000729
269,3584,0.000000746
270,3584,0.000000696
271,3584,0.000000626
272,3584,0.000000691
273,3584,0.000000692
274,3584,0.000000674
275,3584,0.000000777
276,3584,0.000000751
277,3584,0.000000716
278,3584,0.000000727
279,3584,0.000000652
280,3584,0.000000668
281,3584,0.000000723
282,3584,0.000000655
283,3584,0.000000727
284,3584,0.000000656
285,3584,0.000000760
286,3584,0.000000716
287,3584,0.000000686
288,3584,0.000000655
289,3584,0.000000657
290,3584,0.000000658
291,3584,0.000000804
292,3584,0.000000671
293,3584,0.000000725
294,3584,0.000000737
295,3584,0.000000666
296,3584,0.000000670
297,3584,0.000000802
298,3584,0.000000835
299,3584,0.000000728
300,3584,0.000000719
301,3584,0.000000703
302,3584,0.000000837
303,3584,0.000000643
304,3584,0.000000679
305,3584,0.000000708
306,3584,0.000000705
307,3584,0.000000674
308,3584,0.000000798
309,3584,0.000000706
310,3584,0.000000713
311,3584,0.000000640
312,3584,0.000000669
313,3584,0.000000741
314,3584,0.000000764
315,3584,0.000001142
316,3584,0.000001010
317,3584,0.000001006
318,3584,0.000000947
319,3584,0.000000853
320,3584,0.000000891
321,3584,0.000000913
322,3584,0.000000999
323,3584,0.000000934
324,3584,0.000000914
325,3584,0.000000890
326,3584,0.000001008
327,3584,0.000001404
328,3584,0.000000876
329,3584,0.000000806
330,3584,0.000000934
331,3584,0.000000854
332,3584,0.000000950
333,3584,0.000000980
334,3584,0.000000955
335,3584,0.000000904
336,3584,0.000001006
337,3584,0.000000703
338,3584,0.000000696
339,3584,0.000000926
340,3584,0.000000718
341,3584,0.000000727
342,3584,0.000000721
343,3584,0.000000618
344,3584,0.000000676
345,3584,0.000000672
346,3584,0.000000736
347,3584,0.000000840
348,3584,0.000000711
349,3584,0.000000697
350,3584,0.000000768
351,3584,0.000000671
352,3584,0.000000873
353,3584,0.000000813
354,3584,0.000000710
355,3584,0.000000707
356,3584,0.000000660
357,3584,0.000000922
358,3584,0.000000718
359,3584,0.000000605
360,3584,0.000000765
361,3584,0.000000703
362,3584,0.000000660
363,3584,0.000000700
364,3584,0.000000793
365,3584,0.000000753
366,3584,0.000000722
367,3584,0.000000618
368,3584,0.000000661
369,3584,0.000000687
370,3584,0.000000719
371,3584,0.000000811
372,3584,0.000000709
373,3584,0.000000717
374,3584,0.000000787
375,3584,0.000000648
376,3584,0.000000671
377,3584,0.000000675
378,3584,0.000000680
379,3584,0.000000719
380,3584,0.000000719
381,3584,0.000000699
382,3584,0.000000785
383,3584,0.000000636
384,3584,0.000000693
385,3584,0.000000778
386,3584,0.000000783
387,3584,0.000000712
388,3584,0.000000761
389,3584,0.000000713
390,3584,0.000000726
391,3584,0.000000630
392,3584,0.000000675
393,3584,0.000000782
394,3584,0.000000652
395,3584,0.000000656
396,3584,0.000000708
397,3584,0.000000721
398,3584,0.000000733
399,3584,0.000000627
400,3584,0.000000674
401,3584,0.000000732
402,3584,0.000000684
403,3584,0.000000672
404,3584,0.000000724
405,3584,0.000000877
406,3584,0.000000991
407,3584,0.000000869
408,3584,0.000000898
409,3584,0.000001117
410,3584,0.000000858
411,3584,0.000000994
412,3584,0.000000970
413,3584,0.000000979
414,3584,0.000000974
415,3584,0.000000974
416,3584,0.000001080
417,3584,0.000000701
418,3584,0.000000711
419,3584,0.000000722
420,3584,0.000000718
421,3584,0.000000697
422,3584,0.000000703
423,3584,0.000000607
424,3584,0.000000622
425,3584,0.000000701
426,3584,0.000000670
427,3584,0.000000897
428,3584,0.000000690
429,3584,0.000000699
430,3584,0.000000707
431,3584,0.000000639
432,3584,0.000000664
433,3584,0.000000909
434,3584,0.000000692
435,3584,0.000000717
436,3584,0.000000728
437,3584,0.000001077
438,3584,0.000000714
439,3584,0.000000603
440,3584,0.000000693
441,3584,0.000000672
442,3584,0.000000739
443,3584,0.000000772
444,3584,0.000000665
445,3584,0.000000780
446,3584,0.000000719
447,3584,0.000000621
448,3584,0.000000666
449,3584,0.000000695
450,3584,0.000000695
451,3584,0.000000734
452,3584,0.000000720
453,3584,0.000000708
454,3584,0.000000728
455,3584,0.000000610
456,3584,0.000000739
457,3584,0.000000678
458,3584,0.000000663
459,3584,0.000000668
460,3584,0.000000671
461,3584,0.000000971
462,3584,0.000000705
463,3584,0.000000609
464,3584,0.000000690
465,3584,0.000000687
466,3584,0.000000678
467,3584,0.000000729
468,3584,0.000000728
469,3584,0.000000707
470,3584,0.000000763
471,3584,0.000000648
472,3584,0.000000651
473,3584,0.000000695
474,3584,0.000000688
475,3584,0.000000705
476,3584,0.000000706
477,3584,0.000001016
478,3584,0.000000662
479,3584,0.000000608
480,3584,0.000000699
481,3584,0.000000700
482,3584,0.000001032
483,3584,0.000000777
484,3584,0.000000767
485,3584,0.000000712
486,3584,0.000000720
487,3584,0.000000867
488,3584,0.000000663
489,3584,0.000000724
490,3584,0.000000725
491,3584,0.000000744
492,3584,0.000000797
493,3584,0.000000720
494,3584,0.000000756
495,3584,0.000000628
496,3584,0.000000697
497,3584,0.000000712
498,3584,0.000000669
499,3584,0.000000709
500,3584,0.000000877
501,3584,0.000000700
502,3584,0.000001061
503,3584,0.000000645
504,3584,0.000000683
505,3584,0.000000697
506,3584,0.000000675
507,3584,0.000000746
508,3584,0.000000763
509,3584,0.000000703
510,3584,0.000000750
511,3584,0.000000625
512,3584,0.000000637
513,3584,0.000000717
514,3584,0.000000743
515,3584,0.000000727
516,3584,0.000000720
517,3584,0.000000791
518,3584,0.000000714
519,3584,0.000000631
520,3584,0.000000669
521,3584,0.000000725
522,3584,0.000000663
523,3584,0.000000716
524,3584,0.000000735
525,3584,0.000000705
526,3584,0.000000781
527,3584,0.000000631
528,3584,0.000000619
529,3584,0.000000719
530,3584,0.000000742
531,3584,0.000000694
532,3584,0.000000784
533,3584,0.000000700
534,3584,0.000000711
535,3584,0.000000624
536,3584,0.000000644
537,3584,0.000000792
538,3584,0.000000665
539,3584,0.000000666
540,3584,0.000000701
541,3584,0.000000716
542,3584,0.000000850
543,3584,0.000000615
544,3584,0.000000661
545,3584,0.000000737
546,3584,0.000000687
547,3584,0.000000740
548,3584,0.000000705
549,3584,0.000000716
550,3584,0.000000793
551,3584,0.000000611
552,3584,0.000000686
553,3584,0.000000690
554,3584,0.000000663
555,3584,0.000000727
556,3584,0.000000705
557,3584,0.000000713
558,3584,0.000000979
559,3584,0.000000634
560,3584,0.000000636
561,3584,0.000000761
562,3584,0.000000735
563,3584,0.000000673
564,3584,0.000000664
565,3584,0.000000730
566,3584,0.000000725
567,3584,0.000000641
568,3584,0.000000681
569,3584,0.000000719
570,3584,0.000000705
571,3584,0.000000775
572,3584,0.000000668
573,3584,0.000000804
574,3584,0.000000689
575,3584,0.000000648
576,3584,0.000000661
577,3584,0.000000750
578,3584,0.000000685
579,3584,0.000000694
580,3584,0.000000772
581,3584,0.000000705
582,3584,0.000000717
583,3584,0.000000652
584,3584,0.000000698
585,3584,0.000000758
586,3584,0.000000770
587,3584,0.000000705
588,3584,0.000000722
589,3584,0.000000702
590,3584,0.000000781
591,3584,0.000000646
592,3584,0.000000628
593,3584,0.000000705
594,3584,0.000000662
595,3584,0.000000923
596,3584,0.000000733
597,3584,0.000000721
598,3584,0.000000717
599,3584,0.000000640
600,3584,0.000000669
601,3584,0.000000757
602,3584,0.000000670
603,3584,0.000000675
604,3584,0.000000716
605,3584,0.000000711
606,3584,0.000000700
607,3584,0.000000644
608,3584,0.000000685
609,3584,0.000000703
610,3584,0.000000724
611,3584,0.000000927
612,3584,0.000000816
613,3584,0.000000715
614,3584,0.000000750
615,3584,0.000000617
616,3584,0.000000637
617,3584,0.000000675
618,3584,0.000000672
619,3584,0.000001007
620,3584,0.000000768
621,3584,0.000000764
622,3584,0.000000809
623,3584,0.000000633
624,3584,0.000000660
625,3584,0.000000704
626,3584,0.000000675
627,3584,0.000000703
628,3584,0.000000717
629,3584,0.000000709
630,3584,0.000000710
631,3584,0.000000633
632,3584,0.000000671
633,3584,0.000000720
634,3584,0.000000683
635,3584,0.000000742
636,3584,0.000000707
637,3584,0.000001020
638,3584,0.000000715
639,3584,0.000000647
640,3584,0.000000682
641,3584,0.000000704
642,3584,0.000000726
643,3584,0.000000739
644,3584,0.000000719
645,3584,0.000000725
646,3584,0.000000806
647,3584,0.000000863
648,3584,0.000000660
649,3584,0.000000681
650,3584,0.000000685
651,3584,0.000000697
652,3584,0.000000678
653,3584,0.000000699
654,3584,0.000000731
655,3584,0.000000606
656,3584,0.000000709
657,3584,0.000000904
658,3584,0.000000712
659,3584,0.000000749
660,3584,0.000000668
661,3584,0.000000717
662,3584,0.000000734
663,3584,0.000000616
664,3584,0.000000637
665,3584,0.000000693
666,3584,0.000000751
667,3584,0.000000717
668,3584,0.000001082
669,3584,0.000000705
670,3584,0.000000710
671,3584,0.000000600
672,3584,0.000000660
673,3584,0.000000674
674,3584,0.000000678
675,3584,0.000000682
676,3584,0.000000994
677,3584,0.000000697
678,3584,0.000001048
679,3584,0.000000641
680,3584,0.000000686
681,3584,0.000000752
682,3584,0.000000705
683,3584,0.000000713
684,3584,0.000000666
685,3584,0.000000717
686,3584,0.000000930
687,3584,0.000000640
688,3584,0.000000711
689,3584,0.000000676
690,3584,0.000000678
691,3584,0.000001024
692,3584,0.000000809
693,3584,0.000000951
694,3584,0.000000722
695,3584,0.000000627
696,3584,0.000000664
697,3584,0.000000696
698,3584,0.000000676
699,3584,0.000000755
700,3584,0.000000841
701,3584,0.000000702
702,3584,0.000000727
703,3584,0.000000614
704,3584,0.000000656
705,3584,0.000000726
706,3584,0.000000676
707,3584,0.000000667
708,3584,0.000000729
709,3584,0.000000773
710,3584,0.000000723
711,3584,0.000000626
712,3584,0.000000643
713,3584,0.000000669
714,3584,0.000000727
715,3584,0.000000734
716,3584,0.000000730
717,3584,0.000000731
718,3584,0.000000721
719,3584,0.000000625
720,3584,0.000000651
721,3584,0.000000711
722,3584,0.000000694
723,3584,0.000000669
724,3584,0.000000705
725,3584,0.000000714
726,3584,0.000000736
727,3584,0.000000606
728,3584,0.000000657
729,3584,0.000000705
730,3584,0.000000746
731,3584,0.000000743
732,3584,0.000000794
733,3584,0.000000707
734,3584,0.000000714
735,3584,0.000000638
736,3584,0.000000658
737,3584,0.000000715
738,3584,0.000000746
739,3584,0.000000727
740,3584,0.000000721
741,3584,0.000000712
742,3584,0.000000701
743,3584,0.000000617
744,3584,0.000000684
745,3584,0.000000689
746,3584,0.000000673
747,3584,0.000000695
748,3584,0.000000738
749,3584,0.000001053
750,3584,0.000000763
751,3584,0.000000616
752,3584,0.000000678
753,3584,0.000000743
754,3584,0.000000672
755,3584,0.000000678
756,3584,0.000000727
757,3584,0.000000790
758,3584,0.000000698
759,3584,0.000000659
760,3584,0.000000728
761,3584,0.000000676
762,3584,0.000000691
763,3584,0.000000728
764,3584,0.000000720
765,3584,0.000000730
766,3584,0.000000720
767,3584,0.000000622
768,3584,0.000000657
769,3584,0.000000695
770,3584,0.000000674
771,3584,0.000000706
772,3584,0.000000680
773,3584,0.000000775
774,3584,0.000000757
775,3584,0.000000646
776,3584,0.000000625
777,3584,0.000000710
778,3584,0.000000682
779,3584,0.000000679
780,3584,0.000000721
781,3584,0.000000714
782,3584,0.000000728
783,3584,0.000000643
784,3584,0.000000634
785,3584,0.000000680
786,3584,0.000000748
787,3584,0.000000782
788,3584,0.000000725
789,3584,0.000000721
790,3584,0.000000757
791,3584,0.000000613
792,3584,0.000000685
793,3584,0.000000684
794,3584,0.000000788
795,3584,0.000000731
796,3584,0.000000699
797,3584,0.000000697
798,3584,0.000000716
799,3584,0.000000628
800,3584,0.000000695
801,3584,0.000000731
802,3584,0.000000751
803,3584,0.000000801
804,3584,0.000000722
805,3584,0.000000744
806,3584,0.000000741
807,3584,0.000000614
808,3584,0.000000658
809,3584,0.000000691
810,3584,0.000000673
811,3584,0.000000773
812,3584,0.000000684
813,3584,0.000000815
814,3584,0.000000745
815,3584,0.000000606
816,3584,0.000000661
817,3584,0.000000778
818,3584,0.000000731
819,3584,0.000000675
820,3584,0.000000667
821,3584,0.000000708
822,3584,0.000000726
823,3584,0.000000616
824,3584,0.000000640
825,3584,0.000000664
826,3584,0.000000775
827,3584,0.000000783
828,3584,0.000000714
829,3584,0.000001102
830,3584,0.000000708
831,3584,0.000000985
832,3584,0.000000714
833,3584,0.000000819
834,3584,0.000000758
835,3584,0.000000775
836,3584,0.000000801
837,3584,0.000000727
838,3584,0.000000794
839,3584,0.000000640
840,3584,0.000000629
841,3584,0.000000665
842,3584,0.000000731
843,3584,0.000000766
844,3584,0.000000812
845,3584,0.000000774
846,3584,0.000000883
847,3584,0.000000603
848,3584,0.000000707
849,3584,0.000000680
850,3584,0.000000711
851,3584,0.000000771
852,3584,0.000000804
853,3584,0.000000718
854,3584,0.000000841
855,3584,0.000000597
856,3584,0.000000695
857,3584,0.000000686
858,3584,0.000000752
859,3584,0.000001055
860,3584,0.000000722
861,3584,0.000000699
862,3584,0.000000731
863,3584,0.000000599
864,3584,0.000000820
865,3584,0.000000681
866,3584,0.000000750
867,3584,0.000000762
868,3584,0.000000739
869,3584,0.000000797
870,3584,0.000000772
871,3584,0.000000625
872,3584,0.000000640
873,3584,0.000000679
874,3584,0.000001088
875,3584,0.000000720
876,3584,0.000000805
877,3584,0.000000730
878,3584,0.000000721
879,3584,0.000000640
880,3584,0.000000628
881,3584,0.000000787
882,3584,0.000000720
883,3584,0.000000730
884,3584,0.000000709
885,3584,0.000000767
886,3584,0.000000715
887,3584,0.000000598
888,3584,0.000000702
889,3584,0.000000783
890,3584,0.000000751
891,3584,0.000000806
892,3584,0.000000715
893,3584,0.000000714
894,3584,0.000000805
895,3584,0.000000613
896,3584,0.000000670
897,3584,0.000000675
898,3584,0.000000724
899,3584,0.000000719
900,3584,0.000001055
901,3584,0.000000764
902,3584,0.000001016
903,3584,0.000000603
904,3584,0.000000632
905,3584,0.000000768
906,3584,0.000000727
907,3584,0.000000698
908,3584,0.000000661
909,3584,0.000000727
910,3584,0.000000955
911,3584,0.000000608
912,3584,0.000000731
913,3584,0.000000699
914,3584,0.000000726
915,3584,0.000000721
916,3584,0.000000723
917,3584,0.000000700
918,3584,0.000000714
919,3584,0.000000614
920,3584,0.000000679
921,3584,0.000000669
922,3584,0.000000757
923,3584,0.000001092
924,3584,0.000000773
925,3584,0.000000721
926,3584,0.000000708
927,3584,0.000000651
928,3584,0.000000630
929,3584,0.000000733
930,3584,0.000000712
931,3584,0.000000851
932,3584,0.000000727
933,3584,0.000001037
934,3584,0.000000748
935,3584,0.000000646
936,3584,0.000000828
937,3584,0.000000827
938,3584,0.000000925
939,3584,0.000000901
940,3584,0.000000856
941,3584,0.000000772
942,3584,0.000000802
943,3584,0.000000650
944,3584,0.000000904
945,3584,0.000000782
946,3584,0.000000725
947,3584,0.000000752
948,3584,0.000000729
949,3584,0.000000746
950,3584,0.000000815
951,3584,0.000000644
952,3584,0.000000856
953,3584,0.000000793
954,3584,0.000000777
955,3584,0.000000756
956,3584,0.000000757
957,3584,0.000000801
958,3584,0.000000763
959,3584,0.000000647
960,3584,0.000000700
961,3584,0.000000725
962,3584,0.000000866
963,3584,0.000000804
964,3584,0.000000836
965,3584,0.000000771
966,3584,0.000000876
967,3584,0.000000701
968,3584,0.000000786
969,3584,0.000000729
970,3584,0.000000775
971,3584,0.000000807
972,3584,0.000000736
973,3584,0.000000784
974,3584,0.000000788
975,3584,0.000000640
976,3584,0.000000733
977,3584,0.000000862
978,3584,0.000000706
979,3584,0.000000818
980,3584,0.000000814
981,3584,0.000001218
982,3584,0.000000846
983,3584,0.000000638
984,3584,0.000000684
985,3584,0.000000780
986,3584,0.000000788
987,3584,0.000000752
988,3584,0.000000793
989,3584,0.000000783
990,3584,0.000000826
991,3584,0.000000653
992,3584,0.000000736
993,3584,0.000001105
994,3584,0.000000774
995,3584,0.000000818
996,3584,0.000000806
997,3584,0.000000788
998,3584,0.000000810
999,3584,0.000000650
0,3840,0.000001068
1,3840,0.000000724
2,3840,0.000000678
3,3840,0.000000704
4,3840,0.000000712
5,3840,0.000000669
6,3840,0.000000668
7,3840,0.000000719
8,3840,0.000000673
9,3840,0.000000713
10,3840,0.000001054
11,3840,0.000000737
12,3840,0.000000731
13,3840,0.000000746
14,3840,0.000000678
15,3840,0.000000625
16,3840,0.000000674
17,3840,0.000000696
18,3840,0.000000713
19,3840,0.000000684
20,3840,0.000000701
21,3840,0.000000773
22,3840,0.000000722
23,3840,0.000000714
24,3840,0.000000976
25,3840,0.000000738
26,3840,0.000000705
27,3840,0.000000772
28,3840,0.000000728
29,3840,0.000000755
30,3840,0.000000748
31,3840,0.000000670
32,3840,0.000000682
33,3840,0.000000762
34,3840,0.000000935
35,3840,0.000000739
36,3840,0.000000666
37,3840,0.000000808
38,3840,0.000000712
39,3840,0.000000724
40,3840,0.000000677
41,3840,0.000000723
42,3840,0.000000711
43,3840,0.000000779
44,3840,0.000000702
45,3840,0.000000744
46,3840,0.000000747
47,3840,0.000000628
48,3840,0.000000734
49,3840,0.000000730
50,3840,0.000000707
51,3840,0.000000711
52,3840,0.000000669
53,3840,0.000000662
54,3840,0.000000755
55,3840,0.000000726
56,3840,0.000000711
57,3840,0.000000721
58,3840,0.000000771
59,3840,0.000000703
60,3840,0.000000695
61,3840,0.000000721
62,3840,0.000000689
63,3840,0.000000618
64,3840,0.000000886
65,3840,0.000000828
66,3840,0.000000666
67,3840,0.000000719
68,3840,0.000000674
69,3840,0.000000692
70,3840,0.000000664
71,3840,0.000000696
72,3840,0.000000729
73,3840,0.000000719
74,3840,0.000001042
75,3840,0.000000723
76,3840,0.000000717
77,3840,0.000000715
78,3840,0.000000758
79,3840,0.000000631
80,3840,0.000000680
81,3840,0.000000683
82,3840,0.000000708
83,3840,0.000000684
84,3840,0.000000679
85,3840,0.000000670
86,3840,0.000000722
87,3840,0.000000724
88,3840,0.000000666
89,3840,0.000000711
90,3840,0.000000746
91,3840,0.000000702
92,3840,0.000000792
93,3840,0.000000735
94,3840,0.000000713
95,3840,0.000000637
96,3840,0.000000674
97,3840,0.000000727
98,3840,0.000000719
99,3840,0.000000686
100,3840,0.000000665
101,3840,0.000000676
102,3840,0.000000664
103,3840,0.000000676
104,3840,0.000000718
105,3840,0.000000700
106,3840,0.000000840
107,3840,0.000000717
108,3840,0.000000726
109,3840,0.000000706
110,3840,0.000000750
111,3840,0.000000890
112,3840,0.000000616
113,3840,0.000000701
114,3840,0.000000687
115,3840,0.000000674
116,3840,0.000000669
117,3840,0.000000664
118,3840,0.000000701
119,3840,0.000001018
120,3840,0.000000716
121,3840,0.000000795
122,3840,0.000000712
123,3840,0.000000710
124,3840,0.000000722
125,3840,0.000000737
126,3840,0.000000750
127,3840,0.000000621
128,3840,0.000000647
129,3840,0.000000741
130,3840,0.000000675
131,3840,0.000000720
132,3840,0.000000714
133,3840,0.000000792
134,3840,0.000000775
135,3840,0.000000760
136,3840,0.000000748
137,3840,0.000000820
138,3840,0.000000720
139,3840,0.000000720
140,3840,0.000000724
141,3840,0.000000765
142,3840,0.000000768
143,3840,0.000000642
144,3840,0.000000661
145,3840,0.000001050
146,3840,0.000000717
147,3840,0.000000675
148,3840,0.000000677
149,3840,0.000000731
150,3840,0.000000706
151,3840,0.000000662
152,3840,0.000000966
153,3840,0.000000719
154,3840,0.000000721
155,3840,0.000000711
156,3840,0.000000729
157,3840,0.000000792
158,3840,0.000000720
159,3840,0.000000631
160,3840,0.000000680
161,3840,0.000000788
162,3840,0.000000659
163,3840,0.000000708
164,3840,0.000000658
165,3840,0.000000660
166,3840,0.000000746
167,3840,0.000000718
168,3840,0.000000741
169,3840,0.000000723
170,3840,0.000001058
171,3840,0.000000786
172,3840,0.000000716
173,3840,0.000000817
174,3840,0.000000750
175,3840,0.000000612
176,3840,0.000000724
177,3840,0.000000698
178,3840,0.000000706
179,3840,0.000000666
180,3840,0.000000664
181,3840,0.000000733
182,3840,0.000000768
183,3840,0.000000668
184,3840,0.000000657
185,3840,0.000000726
186,3840,0.000000692
187,3840,0.000000695
188,3840,0.000000696
189,3840,0.000000741
190,3840,0.000000727
191,3840,0.000000849
192,3840,0.000000672
193,3840,0.000000669
194,3840,0.000000703
195,3840,0.000000669
196,3840,0.000000715
197,3840,0.000000666
198,3840,0.000000731
199,3840,0.000000903
200,3840,0.000000723
201,3840,0.000000714
202,3840,0.000000719
203,3840,0.000000739
204,3840,0.000000750
205,3840,0.000000737
206,3840,0.000000765
207,3840,0.000000635
208,3840,0.000000664
209,3840,0.000000988
210,3840,0.000000683
211,3840,0.000000701
212,3840,0.000000683
213,3840,0.000000796
214,3840,0.000001018
215,3840,0.000000644
216,3840,0.000000676
217,3840,0.000000717
218,3840,0.000000780
219,3840,0.000000717
220,3840,0.000000724
221,3840,0.000000730
222,3840,0.000000695
223,3840,0.000000619
224,3840,0.000000668
225,3840,0.000000713
226,3840,0.000000671
227,3840,0.000000991
228,3840,0.000000712
229,3840,0.000000685
230,3840,0.000000723
231,3840,0.000000710
232,3840,0.000000906
233,3840,0.000000698
234,3840,0.000000728
235,3840,0.000000711
236,3840,0.000000651
237,3840,0.000000759
238,3840,0.000000727
239,3840,0.000000650
240,3840,0.000000737
241,3840,0.000000671
242,3840,0.000000681
243,3840,0.000000678
244,3840,0.000000728
245,3840,0.000000991
246,3840,0.000000776
247,3840,0.000001038
248,3840,0.000000793
249,3840,0.000001069
250,3840,0.000000730
251,3840,0.000000745
252,3840,0.000000717
253,3840,0.000000750
254,3840,0.000000751
255,3840,0.000000623
256,3840,0.000000650
257,3840,0.000000892
258,3840,0.000000686
259,3840,0.000000662
260,3840,0.000000710
261,3840,0.000000697
262,3840,0.000000889
263,3840,0.000000642
264,3840,0.000000722
265,3840,0.000000702
266,3840,0.000000765
267,3840,0.000000831
268,3840,0.000000722
269,3840,0.000000737
270,3840,0.000000795
271,3840,0.000000612
272,3840,0.000000953
273,3840,0.000000666
274,3840,0.000000694
275,3840,0.000000707
276,3840,0.000000716
277,3840,0.000000723
278,3840,0.000000816
279,3840,0.000000732
280,3840,0.000000708
281,3840,0.000000691
282,3840,0.000000708
283,3840,0.000000712
284,3840,0.000000724
285,3840,0.000000732
286,3840,0.000000699
287,3840,0.000000659
288,3840,0.000000720
289,3840,0.000000718
290,3840,0.000000717
291,3840,0.000000686
292,3840,0.000000669
293,3840,0.000000771
294,3840,0.000000714
295,3840,0.000000676
296,3840,0.000000646
297,3840,0.000000704
298,3840,0.000001029
299,3840,0.000000726
300,3840,0.000000717
301,3840,0.000000737
302,3840,0.000000734
303,3840,0.000000621
304,3840,0.000000663
305,3840,0.000000724
306,3840,0.000000706
307,3840,0.000000672
308,3840,0.000000650
309,3840,0.000000667
310,3840,0.000000720
311,3840,0.000000706
312,3840,0.000000942
313,3840,0.000000714
314,3840,0.000000714
315,3840,0.000000716
316,3840,0.000000736
317,3840,0.000000745
318,3840,0.000000745
319,3840,0.000000694
320,3840,0.000000681
321,3840,0.000000705
322,3840,0.000000672
323,3840,0.000000720
324,3840,0.000000965
325,3840,0.000000664
326,3840,0.000000719
327,3840,0.000000712
328,3840,0.000000717
329,3840,0.000000730
330,3840,0.000000710
331,3840,0.000000710
332,3840,0.000000772
333,3840,0.000000800
334,3840,0.000000733
335,3840,0.000000626
336,3840,0.000000735
337,3840,0.000000728
338,3840,0.000000663
339,3840,0.000000719
340,3840,0.000000722
341,3840,0.000000746
342,3840,0.000000664
343,3840,0.000000656
344,3840,0.000000667
345,3840,0.000000955
346,3840,0.000000717
347,3840,0.000000717
348,3840,0.000000721
349,3840,0.000000809
350,3840,0.000000746
351,3840,0.000000655
352,3840,0.000000630
353,3840,0.000000682
354,3840,0.000000841
355,3840,0.000000680
356,3840,0.000000715
357,3840,0.000000760
358,3840,0.000000756
359,3840,0.000000761
360,3840,0.000000719
361,3840,0.000000717
362,3840,0.000000752
363,3840,0.000000711
364,3840,0.000000723
365,3840,0.000001078
366,3840,0.000000749
367,3840,0.000000630
368,3840,0.000000617
369,3840,0.000000682
370,3840,0.000000743
371,3840,0.000000683
372,3840,0.000000692
373,3840,0.000000897
374,3840,0.000000729
375,3840,0.000000683
376,3840,0.000000709
377,3840,0.000000713
378,3840,0.000000725
379,3840,0.000000719
380,3840,0.000000661
381,3840,0.000000704
382,3840,0.000000732
383,3840,0.000000617
384,3840,0.000000692
385,3840,0.000000707
386,3840,0.000001021
387,3840,0.000000663
388,3840,0.000000685
389,3840,0.000000679
390,3840,0.000000737
391,3840,0.000001071
392,3840,0.000000713
393,3840,0.000000695
394,3840,0.000000705
395,3840,0.000000599
396,3840,0.000000699
397,3840,0.000000731
398,3840,0.000000691
399,3840,0.000000638
400,3840,0.000000629
401,3840,0.000000676
402,3840,0.000000718
403,3840,0.000000692
404,3840,0.000000736
405,3840,0.000000681
406,3840,0.000000696
407,3840,0.000000725
408,3840,0.000000691
409,3840,0.000000712
410,3840,0.000000703
411,3840,0.000000714
412,3840,0.000000764
413,3840,0.000000790
414,3840,0.000000728
415,3840,0.000000690
416,3840,0.000000730
417,3840,0.000000864
418,3840,0.000000964
419,3840,0.000001066
420,3840,0.000001014
421,3840,0.000000976
422,3840,0.000001039
423,3840,0.000001105
424,3840,0.000000989
425,3840,0.000000934
426,3840,0.000000966
427,3840,0.000000910
428,3840,0.000001140
429,3840,0.000000995
430,3840,0.000001063
431,3840,0.000000800
432,3840,0.000000897
433,3840,0.000000921
434,3840,0.000001042
435,3840,0.000001224
436,3840,0.000000682
437,3840,0.000000745
438,3840,0.000000713
439,3840,0.000000803
440,3840,0.000000720
441,3840,0.000000721
442,3840,0.000000721
443,3840,0.000000706
444,3840,0.000001045
445,3840,0.000000715
446,3840,0.000000665
447,3840,0.000000606
448,3840,0.000000699
449,3840,0.000000992
450,3840,0.000000685
451,3840,0.000000738
452,3840,0.000000678
453,3840,0.000000668
454,3840,0.000000981
455,3840,0.000000671
456,3840,0.000000713
457,3840,0.000000721
458,3840,0.000000720
459,3840,0.000000905
460,3840,0.000000750
461,3840,0.000000771
462,3840,0.000000730
463,3840,0.000000608
464,3840,0.000000687
465,3840,0.000000674
466,3840,0.000000720
467,3840,0.000000679
468,3840,0.000000639
469,3840,0.000000694
470,3840,0.000000747
471,3840,0.000000741
472,3840,0.000000765
473,3840,0.000000877
474,3840,0.000000774
475,3840,0.000000716
476,3840,0.000000786
477,3840,0.000000735
478,3840,0.000000726
479,3840,0.000000605
480,3840,0.000000720
481,3840,0.000000678
482,3840,0.000000712
483,3840,0.000000663
484,3840,0.000000707
485,3840,0.000000701
486,3840,0.000000731
487,3840,0.000000717
488,3840,0.000000663
489,3840,0.000000726
490,3840,0.000000690
491,3840,0.000000723
492,3840,0.000000715
493,3840,0.000000711
494,3840,0.000000747
495,3840,0.000000613
496,3840,0.000000795
497,3840,0.000000756
498,3840,0.000000655
499,3840,0.000000826
500,3840,0.000000958
501,3840,0.000001028
502,3840,0.000000955
503,3840,0.000001109
504,3840,0.000001249
505,3840,0.000001022
506,3840,0.000001029
507,3840,0.000000951
508,3840,0.000001210
509,3840,0.000015375
510,3840,0.000000795
511,3840,0.000000669
512,3840,0.000000717
513,3840,0.000000687
514,3840,0.000000672
515,3840,0.000000704
516,3840,0.000000692
517,3840,0.000000722
518,3840,0.000000866
519,3840,0.000000724
520,3840,0.000018792
521,3840,0.000000918
522,3840,0.000000760
523,3840,0.000001047
524,3840,0.000000839
525,3840,0.000000962
526,3840,0.000000718
527,3840,0.000000667
528,3840,0.000000691
529,3840,0.000000740
530,3840,0.000000708
531,3840,0.000000724
532,3840,0.000000705
533,3840,0.000000883
534,3840,0.000000658
535,3840,0.000000725
536,3840,0.000000723
537,3840,0.000000725
538,3840,0.000000743
539,3840,0.000000780
540,3840,0.000000717
541,3840,0.000000835
542,3840,0.000000763
543,3840,0.000000634
544,3840,0.000000671
545,3840,0.000000735
546,3840,0.000000774
547,3840,0.000000705
548,3840,0.000000892
549,3840,0.000000653
550,3840,0.000000697
551,3840,0.000000808
552,3840,0.000000707
553,3840,0.000000719
554,3840,0.000000710
555,3840,0.000000718
556,3840,0.000000740
557,3840,0.000000729
558,3840,0.000000724
559,3840,0.000000658
560,3840,0.000000664
561,3840,0.000000782
562,3840,0.000000676
563,3840,0.000000707
564,3840,0.000000700
565,3840,0.000000659
566,3840,0.000000667
567,3840,0.000000729
568,3840,0.000000737
569,3840,0.000000775
570,3840,0.000000721
571,3840,0.000000773
572,3840,0.000000724
573,3840,0.000000745
574,3840,0.000000684
575,3840,0.000000629
576,3840,0.000000674
577,3840,0.000000698
578,3840,0.000000702
579,3840,0.000000668
580,3840,0.000000737
581,3840,0.000000827
582,3840,0.000000841
583,3840,0.000000724
584,3840,0.000000716
585,3840,0.000000667
586,3840,0.000000707
587,3840,0.000000709
588,3840,0.000000715
589,3840,0.000000728
590,3840,0.000000787
591,3840,0.000000599
592,3840,0.000000645
593,3840,0.000001011
594,3840,0.000000662
595,3840,0.000000898
596,3840,0.000000698
597,3840,0.000000810
598,3840,0.000000762
599,3840,0.000000723
600,3840,0.000000740
601,3840,0.000000736
602,3840,0.000000719
603,3840,0.000000715
604,3840,0.000000753
605,3840,0.000000810
606,3840,0.000000735
607,3840,0.000000641
608,3840,0.000000629
609,3840,0.000000686
610,3840,0.000000675
611,3840,0.000000688
612,3840,0.000000736
613,3840,0.000000845
614,3840,0.000000691
615,3840,0.000000733
616,3840,0.000000708
617,3840,0.000000716
618,3840,0.000000920
619,3840,0.000000700
620,3840,0.000000709
621,3840,0.000000710
622,3840,0.000000728
623,3840,0.000000635
624,3840,0.000000655
625,3840,0.000000684
626,3840,0.000000736
627,3840,0.000000654
628,3840,0.000000644
629,3840,0.000000686
630,3840,0.000000718
631,3840,0.000000710
632,3840,0.000000680
633,3840,0.000000736
634,3840,0.000000743
635,3840,0.000000713
636,3840,0.000000727
637,3840,0.000000748
638,3840,0.000000718
639,3840,0.000000645
640,3840,0.000000699
641,3840,0.000000730
642,3840,0.000000721
643,3840,0.000000656
644,3840,0.000000697
645,3840,0.000000748
646,3840,0.000000783
647,3840,0.000000751
648,3840,0.000000730
649,3840,0.000000712
650,3840,0.000000707
651,3840,0.000000707
652,3840,0.000000719
653,3840,0.000000832
654,3840,0.000000656
655,3840,0.000000634
656,3840,0.000000641
657,3840,0.000000707
658,3840,0.000000704
659,3840,0.000000687
660,3840,0.000000686
661,3840,0.000000689
662,3840,0.000000792
663,3840,0.000000762
664,3840,0.000000709
665,3840,0.000000698
666,3840,0.000000686
667,3840,0.000000725
668,3840,0.000000928
669,3840,0.000000754
670,3840,0.000001125
671,3840,0.000000651
672,3840,0.000000690
673,3840,0.000000739
674,3840,0.000000709
675,3840,0.000000676
676,3840,0.000000708
677,3840,0.000000732
678,3840,0.000000780
679,3840,0.000000681
680,3840,0.000000722
681,3840,0.000000837
682,3840,0.000000742
683,3840,0.000000953
684,3840,0.000000748
685,3840,0.000000744
686,3840,0.000000758
687,3840,0.000000656
688,3840,0.000000740
689,3840,0.000000703
690,3840,0.000000774
691,3840,0.000000694
692,3840,0.000000694
693,3840,0.000000668
694,3840,0.000000745
695,3840,0.000000711
696,3840,0.000000701
697,3840,0.000000668
698,3840,0.000001072
699,3840,0.000000729
700,3840,0.000000723
701,3840,0.000000726
702,3840,0.000000776
703,3840,0.000000655
704,3840,0.000000662
705,3840,0.000000694
706,3840,0.000000803
707,3840,0.000000699
708,3840,0.000000705
709,3840,0.000000705
710,3840,0.000000675
711,3840,0.000000883
712,3840,0.000000724
713,3840,0.000000734
714,3840,0.000000727
715,3840,0.000000733
716,3840,0.000000940
717,3840,0.000000741
718,3840,0.000000872
719,3840,0.000000642
720,3840,0.000000635
721,3840,0.000000827
722,3840,0.000000771
723,3840,0.000000715
724,3840,0.000000674
725,3840,0.000000706
726,3840,0.000000672
727,3840,0.000000774
728,3840,0.000000720
729,3840,0.000000718
730,3840,0.000000713
731,3840,0.000001065
732,3840,0.000000700
733,3840,0.000001115
734,3840,0.000000825
735,3840,0.000000652
736,3840,0.000000647
737,3840,0.000000685
738,3840,0.000000755
739,3840,0.000000701
740,3840,0.000000703
741,3840,0.000000917
742,3840,0.000000766
743,3840,0.000000709
744,3840,0.000000693
745,3840,0.000000734
746,3840,0.000000719
747,3840,0.000000793
748,3840,0.000000792
749,3840,0.000000818
750,3840,0.000000760
751,3840,0.000000662
752,3840,0.000000685
753,3840,0.000000683
754,3840,0.000000748
755,3840,0.000000682
756,3840,0.000000676
757,3840,0.000000703
758,3840,0.000000749
759,3840,0.000000869
760,3840,0.000000742
761,3840,0.000000733
762,3840,0.000000749
763,3840,0.000000773
764,3840,0.000000716
765,3840,0.000000739
766,3840,0.000000728
767,3840,0.000000645
768,3840,0.000000691
769,3840,0.000000808
770,3840,0.000000674
771,3840,0.000000764
772,3840,0.000000690
773,3840,0.000000650
774,3840,0.000000918
775,3840,0.000000727
776,3840,0.000000731
777,3840,0.000000785
778,3840,0.000000775
779,3840,0.000000786
780,3840,0.000000779
781,3840,0.000001018
782,3840,0.000000743
783,3840,0.000000644
784,3840,0.000000638
785,3840,0.000000667
786,3840,0.000000749
787,3840,0.000000741
788,3840,0.000000754
789,3840,0.000000732
790,3840,0.000000723
791,3840,0.000000775
792,3840,0.000000667
793,3840,0.000000729
794,3840,0.000000736
795,3840,0.000000714
796,3840,0.000000733
797,3840,0.000000771
798,3840,0.000000773
799,3840,0.000000642
800,3840,0.000000727
801,3840,0.000000699
802,3840,0.000000910
803,3840,0.000000733
804,3840,0.000000657
805,3840,0.000000739
806,3840,0.000000710
807,3840,0.000000840
808,3840,0.000000783
809,3840,0.000001109
810,3840,0.000000780
811,3840,0.000000982
812,3840,0.000000784
813,3840,0.000000712
814,3840,0.000000746
815,3840,0.000000643
816,3840,0.000000957
817,3840,0.000000773
818,3840,0.000001042
819,3840,0.000000716
820,3840,0.000000721
821,3840,0.000000612
822,3840,0.000000698
823,3840,0.000000701
824,3840,0.000000663
825,3840,0.000000712
826,3840,0.000001042
827,3840,0.000000716
828,3840,0.000000715
829,3840,0.000000731
830,3840,0.000000743
831,3840,0.000000623
832,3840,0.000000715
833,3840,0.000000713
834,3840,0.000000720
835,3840,0.000000743
836,3840,0.000000959
837,3840,0.000000669
838,3840,0.000000670
839,3840,0.000000728
840,3840,0.000000813
841,3840,0.000000721
842,3840,0.000000747
843,3840,0.000000654
844,3840,0.000000793
845,3840,0.000000794
846,3840,0.000000661
847,3840,0.000000600
848,3840,0.000000692
849,3840,0.000000727
850,3840,0.000000693
851,3840,0.000000737
852,3840,0.000000687
853,3840,0.000000743
854,3840,0.000000719
855,3840,0.000000707
856,3840,0.000000778
857,3840,0.000000835
858,3840,0.000000715
859,3840,0.000000756
860,3840,0.000000788
861,3840,0.000000785
862,3840,0.000000815
863,3840,0.000000637
864,3840,0.000000654
865,3840,0.000000718
866,3840,0.000000737
867,3840,0.000000662
868,3840,0.000000665
869,3840,0.000000731
870,3840,0.000000743
871,3840,0.000000754
872,3840,0.000000740
873,3840,0.000000790
874,3840,0.000000773
875,3840,0.000000787
876,3840,0.000000776
877,3840,0.000001094
878,3840,0.000000797
879,3840,0.000000641
880,3840,0.000000738
881,3840,0.000000754
882,3840,0.000000724
883,3840,0.000000707
884,3840,0.000000713
885,3840,0.000000692
886,3840,0.000000766
887,3840,0.000000876
888,3840,0.000000720
889,3840,0.000000716
890,3840,0.000000718
891,3840,0.000000740
892,3840,0.000000732
893,3840,0.000000747
894,3840,0.000000752
895,3840,0.000000661
896,3840,0.000000678
897,3840,0.000000712
898,3840,0.000000707
899,3840,0.000000735
900,3840,0.000000724
901,3840,0.000000699
902,3840,0.000001150
903,3840,0.000000759
904,3840,0.000000740
905,3840,0.000000793
906,3840,0.000000728
907,3840,0.000000727
908,3840,0.000000797
909,3840,0.000000804
910,3840,0.000000813
911,3840,0.000000664
912,3840,0.000000701
913,3840,0.000000720
914,3840,0.000000791
915,3840,0.000000794
916,3840,0.000000762
917,3840,0.000000760
918,3840,0.000000689
919,3840,0.000001169
920,3840,0.000000791
921,3840,0.000000738
922,3840,0.000000794
923,3840,0.000000723
924,3840,0.000000795
925,3840,0.000000826
926,3840,0.000001076
927,3840,0.000000639
928,3840,0.000000676
929,3840,0.000000774
930,3840,0.000000682
931,3840,0.000000930
932,3840,0.000000762
933,3840,0.000000792
934,3840,0.000000760
935,3840,0.000000763
936,3840,0.000000749
937,3840,0.000000780
938,3840,0.000000793
939,3840,0.000000806
940,3840,0.000000751
941,3840,0.000000754
942,3840,0.000000824
943,3840,0.000000673
944,3840,0.000000782
945,3840,0.000000796
946,3840,0.000000749
947,3840,0.000000727
948,3840,0.000001061
949,3840,0.000000845
950,3840,0.000000791
951,3840,0.000000841
952,3840,0.000000786
953,3840,0.000000798
954,3840,0.000000865
955,3840,0.000000768
956,3840,0.000000827
957,3840,0.000000772
958,3840,0.000000781
959,3840,0.000000664
960,3840,0.000000805
961,3840,0.000000892
962,3840,0.000000758
963,3840,0.000000728
964,3840,0.000000709
965,3840,0.000000749
966,3840,0.000000812
967,3840,0.000000843
968,3840,0.000000732
969,3840,0.000000747
970,3840,0.000000754
971,3840,0.000000728
972,3840,0.000000754
973,3840,0.000000756
974,3840,0.000001114
975,3840,0.000000649
976,3840,0.000000781
977,3840,0.000000737
978,3840,0.000000780
979,3840,0.000000713
980,3840,0.000000730
981,3840,0.000000762
982,3840,0.000000778
983,3840,0.000000816
984,3840,0.000000741
985,3840,0.000000800
986,3840,0.000000724
987,3840,0.000000813
988,3840,0.000000755
989,3840,0.000000761
990,3840,0.000000757
991,3840,0.000000659
992,3840,0.000000702
993,3840,0.000000735
994,3840,0.000000877
995,3840,0.000000715
996,3840,0.000000738
997,3840,0.000000725
998,3840,0.000000715
999,3840,0.000000746
0,4096,0.000001132
1,4096,0.000000700
2,4096,0.000000617
3,4096,0.000000667
4,4096,0.000000667
5,4096,0.000000978
6,4096,0.000000673
7,4096,0.000000614
8,4096,0.000000657
9,4096,0.000008545
10,4096,0.000000688
11,4096,0.000000655
12,4096,0.000000703
13,4096,0.000000683
14,4096,0.000000622
15,4096,0.000000674
16,4096,0.000000643
17,4096,0.000000658
18,4096,0.000000656
19,4096,0.000000692
20,4096,0.000000797
21,4096,0.000000642
22,4096,0.000000659
23,4096,0.000000642
24,4096,0.000000688
25,4096,0.000000664
26,4096,0.000000673
27,4096,0.000001110
28,4096,0.000000669
29,4096,0.000000724
30,4096,0.000000672
31,4096,0.000000715
32,4096,0.000000905
33,4096,0.000000631
34,4096,0.000000608
35,4096,0.000000680
36,4096,0.000000658
37,4096,0.000000662
38,4096,0.000000702
39,4096,0.000000620
40,4096,0.000000687
41,4096,0.000000734
42,4096,0.000000679
43,4096,0.000000650
44,4096,0.000000645
45,4096,0.000000680
46,4096,0.000000708
47,4096,0.000000680
48,4096,0.000000684
49,4096,0.000000637
50,4096,0.000000726
51,4096,0.000000618
52,4096,0.000000677
53,4096,0.000000720
54,4096,0.000001005
55,4096,0.000000683
56,4096,0.000000661
57,4096,0.000000669
58,4096,0.000000697
59,4096,0.000000620
60,4096,0.000000666
61,4096,0.000000722
62,4096,0.000000640
63,4096,0.000000710
64,4096,0.000000648
65,4096,0.000000699
66,4096,0.000000606
67,4096,0.000000705
68,4096,0.000000705
69,4096,0.000000652
70,4096,0.000000680
71,4096,0.000000703
72,4096,0.000000608
73,4096,0.000000632
74,4096,0.000000687
75,4096,0.000000950
76,4096,0.000000609
77,4096,0.000000673
78,4096,0.000000665
79,4096,0.000000672
80,4096,0.000000675
81,4096,0.000000675
82,4096,0.000000633
83,4096,0.000000663
84,4096,0.000000683
85,4096,0.000000624
86,4096,0.000000676
87,4096,0.000000667
88,4096,0.000000682
89,4096,0.000000666
90,4096,0.000000678
91,4096,0.000000747
92,4096,0.000000675
93,4096,0.000000709
94,4096,0.000000673
95,4096,0.000000998
96,4096,0.000000622
97,4096,0.000000689
98,4096,0.000000677
99,4096,0.000000629
100,4096,0.000000648
101,4096,0.000000612
102,4096,0.000000654
103,4096,0.000000669
104,4096,0.000000619
105,4096,0.000000629
106,4096,0.000000678
107,4096,0.000000661
108,4096,0.000000684
109,4096,0.000000666
110,4096,0.000000666
111,4096,0.000000677
112,4096,0.000000649
113,4096,0.000000636
114,4096,0.000000666
115,4096,0.000000650
116,4096,0.000000678
117,4096,0.000000709
118,4096,0.000000671
119,4096,0.000000671
120,4096,0.000000687
121,4096,0.000000713
122,4096,0.000000666
123,4096,0.000000939
124,4096,0.000000652
125,4096,0.000000707
126,4096,0.000000760
127,4096,0.000000701
128,4096,0.000000659
129,4096,0.000000665
130,4096,0.000000670
131,4096,0.000000787
132,4096,0.000000683
133,4096,0.000000627
134,4096,0.000000717
135,4096,0.000000683
136,4096,0.000000666
137,4096,0.000000679
138,4096,0.000000646
139,4096,0.000000656
140,4096,0.000000653
141,4096,0.000000660
142,4096,0.000000897
143,4096,0.000000678
144,4096,0.000000683
145,4096,0.000000674
146,4096,0.000000618
147,4096,0.000000699
148,4096,0.000000621
149,4096,0.000000673
150,4096,0.000000983
151,4096,0.000000701
152,4096,0.000000645
153,4096,0.000000622
154,4096,0.000000669
155,4096,0.000000651
156,4096,0.000000669
157,4096,0.000000612
158,4096,0.000000667
159,4096,0.000000667
160,4096,0.000000677
161,4096,0.000000683
162,4096,0.000000650
163,4096,0.000000661
164,4096,0.000000679
165,4096,0.000000676
166,4096,0.000000643
167,4096,0.000000690
168,4096,0.000000661
169,4096,0.000000644
170,4096,0.000000657
171,4096,0.000000662
172,4096,0.000000669
173,4096,0.000000609
174,4096,0.000000672
175,4096,0.000000634
176,4096,0.000000616
177,4096,0.000000645
178,4096,0.000000649
179,4096,0.000000642
180,4096,0.000000668
181,4096,0.000000624
182,4096,0.000000662
183,4096,0.000000645
184,4096,0.000000880
185,4096,0.000000665
186,4096,0.000000680
187,4096,0.000000633
188,4096,0.000000683
189,4096,0.000000668
190,4096,0.000000672
191,4096,0.000000687
192,4096,0.000000676
193,4096,0.000000722
194,4096,0.000000658
195,4096,0.000000765
196,4096,0.000000669
197,4096,0.000000659
198,4096,0.000000674
199,4096,0.000000667
200,4096,0.000000653
201,4096,0.000000673
202,4096,0.000000623
203,4096,0.000000665
204,4096,0.000000683
205,4096,0.000000622
206,4096,0.000000677
207,4096,0.000000665
208,4096,0.000000664
209,4096,0.000000847
210,4096,0.000000807
211,4096,0.000000671
212,4096,0.000000604
213,4096,0.000000618
214,4096,0.000000665
215,4096,0.000000679
216,4096,0.000000675
217,4096,0.000000618
218,4096,0.000000607
219,4096,0.000000679
220,4096,0.000000706
221,4096,0.000000659
222,4096,0.000000647
223,4096,0.000000722
224,4096,0.000000687
225,4096,0.000000693
226,4096,0.000000726
227,4096,0.000000641
228,4096,0.000000660
229,4096,0.000000634
230,4096,0.000000628
231,4096,0.000000613
232,4096,0.000000686
233,4096,0.000000677
234,4096,0.000000863
235,4096,0.000000620
236,4096,0.000000763
237,4096,0.000000643
238,4096,0.000000659
239,4096,0.000000677
240,4096,0.000000691
241,4096,0.000000679
242,4096,0.000000670
243,4096,0.000000615
244,4096,0.000000684
245,4096,0.000000677
246,4096,0.000000620
247,4096,0.000000621
248,4096,0.000000766
249,4096,0.000000623
250,4096,0.000000676
251,4096,0.000000610
252,4096,0.000000668
253,4096,0.000000643
254,4096,0.000000622
255,4096,0.000000769
256,4096,0.000000616
257,4096,0.000000629
258,4096,0.000000668
259,4096,0.000001092
260,4096,0.000000630
261,4096,0.000000687
262,4096,0.000000667
263,4096,0.000000633
264,4096,0.000000621
265,4096,0.000000678
266,4096,0.000000625
267,4096,0.000000685
268,4096,0.000000695
269,4096,0.000000644
270,4096,0.000000677
271,4096,0.000000663
272,4096,0.000000674
273,4096,0.000000658
274,4096,0.000000695
275,4096,0.000000634
276,4096,0.000000667
277,4096,0.000000670
278,4096,0.000000671
279,4096,0.000000656
280,4096,0.000000664
281,4096,0.000000675
282,4096,0.000000669
283,4096,0.000000700
284,4096,0.000000666
285,4096,0.000000665
286,4096,0.000000683
287,4096,0.000000808
288,4096,0.000000626
289,4096,0.000000618
290,4096,0.000000681
291,4096,0.000000659
292,4096,0.000000696
293,4096,0.000000697
294,4096,0.000000652
295,4096,0.000000971
296,4096,0.000000670
297,4096,0.000000651
298,4096,0.000000678
299,4096,0.000000652
300,4096,0.000000965
301,4096,0.000000700
302,4096,0.000000607
303,4096,0.000000701
304,4096,0.000000646
305,4096,0.000000651
306,4096,0.000000620
307,4096,0.000000622
308,4096,0.000000642
309,4096,0.000000608
310,4096,0.000000628
311,4096,0.000000621
312,4096,0.000000629
313,4096,0.000000658
314,4096,0.000000619
315,4096,0.000000673
316,4096,0.000000623
317,4096,0.000000674
318,4096,0.000000679
319,4096,0.000000706
320,4096,0.000000961
321,4096,0.000000654
322,4096,0.000000656
323,4096,0.000000655
324,4096,0.000000624
325,4096,0.000000674
326,4096,0.000000641
327,4096,0.000000684
328,4096,0.000000656
329,4096,0.000000677
330,4096,0.000000625
331,4096,0.000000662
332,4096,0.000000656
333,4096,0.000000653
334,4096,0.000000635
335,4096,0.000000665
336,4096,0.000000677
337,4096,0.000000808
338,4096,0.000000663
339,4096,0.000000638
340,4096,0.000000628
341,4096,0.000000661
342,4096,0.000000674
343,4096,0.000000653
344,4096,0.000000660
345,4096,0.000000612
346,4096,0.000000806
347,4096,0.000000671
348,4096,0.000000686
349,4096,0.000000667
350,4096,0.000000640
351,4096,0.000000654
352,4096,0.000000669
353,4096,0.000000656
354,4096,0.000000646
355,4096,0.000000645
356,4096,0.000000653
357,4096,0.000000678
358,4096,0.000000666
359,4096,0.000000638
360,4096,0.000000662
361,4096,0.000000637
362,4096,0.000000664
363,4096,0.000000667
364,4096,0.000000618
365,4096,0.000000654
366,4096,0.000000661
367,4096,0.000000615
368,4096,0.000000646
369,4096,0.000000609
370,4096,0.000000630
371,4096,0.000000604
372,4096,0.000000657
373,4096,0.000000667
374,4096,0.000000677
375,4096,0.000000606
376,4096,0.000000624
377,4096,0.000000705
378,4096,0.000000664
379,4096,0.000000686
380,4096,0.000000666
381,4096,0.000000605
382,4096,0.000000677
383,4096,0.000000717
384,4096,0.000000567
385,4096,0.000000649
386,4096,0.000000668
387,4096,0.000000643
388,4096,0.000000660
389,4096,0.000000670
390,4096,0.000000677
391,4096,0.000000954
392,4096,0.000000652
393,4096,0.000000657
394,4096,0.000000670
395,4096,0.000000655
396,4096,0.000000653
397,4096,0.000000682
398,4096,0.000000631
399,4096,0.000000645
400,4096,0.000000657
401,4096,0.000000659
402,4096,0.000000625
403,4096,0.000000654
404,4096,0.000000603
405,4096,0.000000664
406,4096,0.000000656
407,4096,0.000000642
408,4096,0.000000817
409,4096,0.000000651
410,4096,0.000000673
411,4096,0.000000625
412,4096,0.000000740
413,4096,0.000000666
414,4096,0.000000666
415,4096,0.000000653
416,4096,0.000000621
417,4096,0.000000625
418,4096,0.000000664
419,4096,0.000000604
420,4096,0.000000669
421,4096,0.000000646
422,4096,0.000000640
423,4096,0.000000661
424,4096,0.000000667
425,4096,0.000000699
426,4096,0.000000646
427,4096,0.000000664
428,4096,0.000000613
429,4096,0.000000656
430,4096,0.000000668
431,4096,0.000000634
432,4096,0.000000636
433,4096,0.000000665
434,4096,0.000000624
435,4096,0.000000621
436,4096,0.000000621
437,4096,0.000000655
438,4096,0.000000727
439,4096,0.000000661
440,4096,0.000000671
441,4096,0.000000681
442,4096,0.000000654
443,4096,0.000000659
444,4096,0.000000674
445,4096,0.000000717
446,4096,0.000000657
447,4096,0.000000667
448,4096,0.000000619
449,4096,0.000000609
450,4096,0.000000654
451,4096,0.000000612
452,4096,0.000000668
453,4096,0.000000648
454,4096,0.000000661
455,4096,0.000000686
456,4096,0.000000641
457,4096,0.000000628
458,4096,0.000000670
459,4096,0.000000666
460,4096,0.000000650
461,4096,0.000000668
462,4096,0.000000612
463,4096,0.000000687
464,4096,0.000000672
465,4096,0.000000785
466,4096,0.000000690
467,4096,0.000000628
468,4096,0.000000618
469,4096,0.000000690
470,4096,0.000000607
471,4096,0.000000614
472,4096,0.000000622
473,4096,0.000000653
474,4096,0.000000623
475,4096,0.000000601
476,4096,0.000000624
477,4096,0.000000682
478,4096,0.000000631
479,4096,0.000000689
480,4096,0.000000680
481,4096,0.000000616
482,4096,0.000000613
483,4096,0.000000653
484,4096,0.000000647
485,4096,0.000000882
486,4096,0.000000699
487,4096,0.000000652
488,4096,0.000000669
489,4096,0.000000672
490,4096,0.000000613
491,4096,0.000000663
492,4096,0.000000748
493,4096,0.000000609
494,4096,0.000000669
495,4096,0.000000669
496,4096,0.000000676
497,4096,0.000000679
498,4096,0.000000597
499,4096,0.000000663
500,4096,0.000000618
501,4096,0.000000608
502,4096,0.000000836
503,4096,0.000000697
504,4096,0.000000677
505,4096,0.000000641
506,4096,0.000000617
507,4096,0.000000634
508,4096,0.000000665
509,4096,0.000000615
510,4096,0.000000675
511,4096,0.000000673
512,4096,0.000000669
513,4096,0.000000636
514,4096,0.000000611
515,4096,0.000000625
516,4096,0.000000650
517,4096,0.000000653
518,4096,0.000000687
519,4096,0.000000683
520,4096,0.000000660
521,4096,0.000000647
522,4096,0.000000651
523,4096,0.000000625
524,4096,0.000000684
525,4096,0.000000646
526,4096,0.000000687
527,4096,0.000000661
528,4096,0.000000647
529,4096,0.000000767
530,4096,0.000001210
531,4096,0.000000895
532,4096,0.000000883
533,4096,0.000000939
534,4096,0.000000909
535,4096,0.000000877
536,4096,0.000001382
537,4096,0.000000895
538,4096,0.000001088
539,4096,0.000000914
540,4096,0.000001113
541,4096,0.000000795
542,4096,0.000000762
543,4096,0.000000921
544,4096,0.000000861
545,4096,0.000001018
546,4096,0.000000897
547,4096,0.000000926
548,4096,0.000001140
549,4096,0.000000616
550,4096,0.000000634
551,4096,0.000000641
552,4096,0.000000650
553,4096,0.000000678
554,4096,0.000000613
555,4096,0.000000609
556,4096,0.000000666
557,4096,0.000000623
558,4096,0.000000624
559,4096,0.000000650
560,4096,0.000000682
561,4096,0.000000618
562,4096,0.000000772
563,4096,0.000000706
564,4096,0.000000655
565,4096,0.000000633
566,4096,0.000000619
567,4096,0.000000641
568,4096,0.000000691
569,4096,0.000000668
570,4096,0.000000619
571,4096,0.000000667
572,4096,0.000000628
573,4096,0.000000826
574,4096,0.000000663
575,4096,0.000000648
576,4096,0.000000662
577,4096,0.000000626
578,4096,0.000000608
579,4096,0.000000610
580,4096,0.000000618
581,4096,0.000000640
582,4096,0.000000615
583,4096,0.000000640
584,4096,0.000000627
585,4096,0.000000620
586,4096,0.000000643
587,4096,0.000000614
588,4096,0.000000566
589,4096,0.000000610
590,4096,0.000000651
591,4096,0.000000677
592,4096,0.000000621
593,4096,0.000000686
594,4096,0.000000709
595,4096,0.000000659
596,4096,0.000000670
597,4096,0.000000678
598,4096,0.000000645
599,4096,0.000000678
600,4096,0.000000693
601,4096,0.000000672
602,4096,0.000000684
603,4096,0.000000635
604,4096,0.000000677
605,4096,0.000000670
606,4096,0.000000623
607,4096,0.000000638
608,4096,0.000000662
609,4096,0.000000665
610,4096,0.000000629
611,4096,0.000000682
612,4096,0.000000618
613,4096,0.000000669
614,4096,0.000000790
615,4096,0.000000955
616,4096,0.000001008
617,4096,0.000000981
618,4096,0.000000829
619,4096,0.000000861
620,4096,0.000000924
621,4096,0.000000869
622,4096,0.000000940
623,4096,0.000000986
624,4096,0.000001569
625,4096,0.000000819
626,4096,0.000000676
627,4096,0.000000660
628,4096,0.000000664
629,4096,0.000000642
630,4096,0.000000690
631,4096,0.000000625
632,4096,0.000000672
633,4096,0.000000621
634,4096,0.000000718
635,4096,0.000000642
636,4096,0.000000928
637,4096,0.000000620
638,4096,0.000000657
639,4096,0.000000726
640,4096,0.000000617
641,4096,0.000000652
642,4096,0.000000635
643,4096,0.000000703
644,4096,0.000000681
645,4096,0.000000640
646,4096,0.000000669
647,4096,0.000000612
648,4096,0.000000669
649,4096,0.000000634
650,4096,0.000000609
651,4096,0.000000643
652,4096,0.000000614
653,4096,0.000000615
654,4096,0.000000617
655,4096,0.000000685
656,4096,0.000000800
657,4096,0.000000638
658,4096,0.000000630
659,4096,0.000000665
660,4096,0.000000666
661,4096,0.000000641
662,4096,0.000000694
663,4096,0.000000617
664,4096,0.000000671
665,4096,0.000000596
666,4096,0.000000671
667,4096,0.000000667
668,4096,0.000000637
669,4096,0.000000625
670,4096,0.000000996
671,4096,0.000000679
672,4096,0.000000664
673,4096,0.000000655
674,4096,0.000000632
675,4096,0.000000617
676,4096,0.000000670
677,4096,0.000000621
678,4096,0.000000626
679,4096,0.000000620
680,4096,0.000000675
681,4096,0.000000624
682,4096,0.000000683
683,4096,0.000000626
684,4096,0.000000968
685,4096,0.000000687
686,4096,0.000000652
687,4096,0.000000618
688,4096,0.000000676
689,4096,0.000000679
690,4096,0.000000623
691,4096,0.000000620
692,4096,0.000000623
693,4096,0.000000668
694,4096,0.000000764
695,4096,0.000000674
696,4096,0.000000679
697,4096,0.000000617
698,4096,0.000000935
699,4096,0.000000665
700,4096,0.000000660
701,4096,0.000000760
702,4096,0.000000666
703,4096,0.000000679
704,4096,0.000000687
705,4096,0.000000653
706,4096,0.000000620
707,4096,0.000000646
708,4096,0.000000612
709,4096,0.000000603
710,4096,0.000000686
711,4096,0.000000626
712,4096,0.000000684
713,4096,0.000000677
714,4096,0.000000617
715,4096,0.000000611
716,4096,0.000000614
717,4096,0.000000616
718,4096,0.000000602
719,4096,0.000000691
720,4096,0.000000645
721,4096,0.000000621
722,4096,0.000000610
723,4096,0.000000612
724,4096,0.000000621
725,4096,0.000000611
726,4096,0.000000679
727,4096,0.000000660
728,4096,0.000000620
729,4096,0.000000645
730,4096,0.000000671
731,4096,0.000000663
732,4096,0.000000562
733,4096,0.000000625
734,4096,0.000000756
735,4096,0.000000623
736,4096,0.000000614
737,4096,0.000000668
738,4096,0.000000666
739,4096,0.000000721
740,4096,0.000000674
741,4096,0.000000609
742,4096,0.000000636
743,4096,0.000000633
744,4096,0.000000643
745,4096,0.000000691
746,4096,0.000000694
747,4096,0.000000692
748,4096,0.000000798
749,4096,0.000000639
750,4096,0.000000631
751,4096,0.000000649
752,4096,0.000000658
753,4096,0.000000625
754,4096,0.000000598
755,4096,0.000000665
756,4096,0.000000634
757,4096,0.000000612
758,4096,0.000000606
759,4096,0.000000689
760,4096,0.000000639
761,4096,0.000000660
762,4096,0.000000649
763,4096,0.000000650
764,4096,0.000000669
765,4096,0.000000613
766,4096,0.000000660
767,4096,0.000000582
768,4096,0.000000658
769,4096,0.000000607
770,4096,0.000000564
771,4096,0.000000641
772,4096,0.000000613
773,4096,0.000000611
774,4096,0.000000641
775,4096,0.000000644
776,4096,0.000000816
777,4096,0.000000625
778,4096,0.000000691
779,4096,0.000000667
780,4096,0.000000635
781,4096,0.000000665
782,4096,0.000000660
783,4096,0.000000644
784,4096,0.000000616
785,4096,0.000000720
786,4096,0.000000566
787,4096,0.000000957
788,4096,0.000000616
789,4096,0.000000660
790,4096,0.000000625
791,4096,0.000000578
792,4096,0.000000693
793,4096,0.000000614
794,4096,0.000000561
795,4096,0.000000775
796,4096,0.000000607
797,4096,0.000000618
798,4096,0.000000652
799,4096,0.000000622
800,4096,0.000000559
801,4096,0.000000563
802,4096,0.000000650
803,4096,0.000000619
804,4096,0.000000559
805,4096,0.000000710
806,4096,0.000000615
807,4096,0.000000635
808,4096,0.000000655
809,4096,0.000000625
810,4096,0.000000651
811,4096,0.000000681
812,4096,0.000000640
813,4096,0.000000651
814,4096,0.000000562
815,4096,0.000000734
816,4096,0.000000613
817,4096,0.000000635
818,4096,0.000000610
819,4096,0.000000626
820,4096,0.000000568
821,4096,0.000000766
822,4096,0.000000727
823,4096,0.000000624
824,4096,0.000000674
825,4096,0.000000736
826,4096,0.000000611
827,4096,0.000000658
828,4096,0.000000676
829,4096,0.000000653
830,4096,0.000000661
831,4096,0.000000651
832,4096,0.000000615
833,4096,0.000000638
834,4096,0.000000655
835,4096,0.000000675
836,4096,0.000000617
837,4096,0.000000610
838,4096,0.000000656
839,4096,0.000000681
840,4096,0.000000630
841,4096,0.000000630
842,4096,0.000000562
843,4096,0.000000741
844,4096,0.000000661
845,4096,0.000000638
846,4096,0.000000667
847,4096,0.000000686
848,4096,0.000000658
849,4096,0.000000694
850,4096,0.000000654
851,4096,0.000000714
852,4096,0.000000611
853,4096,0.000000602
854,4096,0.000000662
855,4096,0.000000621
856,4096,0.000000614
857,4096,0.000000670
858,4096,0.000000730
859,4096,0.000000624
860,4096,0.000000636
861,4096,0.000000636
862,4096,0.000000609
863,4096,0.000000666
864,4096,0.000000667
865,4096,0.000000662
866,4096,0.000000609
867,4096,0.000000639
868,4096,0.000000622
869,4096,0.000000605
870,4096,0.000000609
871,4096,0.000000650
872,4096,0.000000624
873,4096,0.000000677
874,4096,0.000000919
875,4096,0.000000641
876,4096,0.000000661
877,4096,0.000000599
878,4096,0.000000619
879,4096,0.000000650
880,4096,0.000000685
881,4096,0.000000676
882,4096,0.000000649
883,4096,0.000000618
884,4096,0.000000559
885,4096,0.000000618
886,4096,0.000000641
887,4096,0.000000675
888,4096,0.000000617
889,4096,0.000000895
890,4096,0.000000689
891,4096,0.000000668
892,4096,0.000000614
893,4096,0.000000626
894,4096,0.000000798
895,4096,0.000000722
896,4096,0.000000653
897,4096,0.000000687
898,4096,0.000000608
899,4096,0.000000617
900,4096,0.000000650
901,4096,0.000000651
902,4096,0.000000650
903,4096,0.000000654
904,4096,0.000000622
905,4096,0.000000649
906,4096,0.000000690
907,4096,0.000000680
908,4096,0.000000826
909,4096,0.000000609
910,4096,0.000000624
911,4096,0.000000777
912,4096,0.000000614
913,4096,0.000000622
914,4096,0.000000660
915,4096,0.000000624
916,4096,0.000000657
917,4096,0.000000615
918,4096,0.000000621
919,4096,0.000000689
920,4096,0.000000647
921,4096,0.000000624
922,4096,0.000000628
923,4096,0.000000609
924,4096,0.000000628
925,4096,0.000000611
926,4096,0.000000568
927,4096,0.000000629
928,4096,0.000000637
929,4096,0.000000677
930,4096,0.000000725
931,4096,0.000000615
932,4096,0.000000684
933,4096,0.000000629
934,4096,0.000000604
935,4096,0.000000622
936,4096,0.000000632
937,4096,0.000000681
938,4096,0.000000881
939,4096,0.000000708
940,4096,0.000000745
941,4096,0.000000760
942,4096,0.000000751
943,4096,0.000000754
944,4096,0.000000762
945,4096,0.000000762
946,4096,0.000000766
947,4096,0.000001045
948,4096,0.000000827
949,4096,0.000001067
950,4096,0.000000828
951,4096,0.000001021
952,4096,0.000000751
953,4096,0.000000701
954,4096,0.000000742
955,4096,0.000000810
956,4096,0.000000710
957,4096,0.000000695
958,4096,0.000000697
959,4096,0.000000759
960,4096,0.000000686
961,4096,0.000000695
962,4096,0.000000687
963,4096,0.000000695
964,4096,0.000000784
965,4096,0.000000705
966,4096,0.000000690
967,4096,0.000000683
968,4096,0.000000699
969,4096,0.000000758
970,4096,0.000000747
971,4096,0.000000750
972,4096,0.000000752
973,4096,0.000000703
974,4096,0.000000698
975,4096,0.000000703
976,4096,0.000000899
977,4096,0.000000693
978,4096,0.000000698
979,4096,0.000000694
980,4096,0.000000708
981,4096,0.000000696
982,4096,0.000000709
983,4096,0.000000697
984,4096,0.000000704
985,4096,0.000000696
986,4096,0.000000858
987,4096,0.000001058
988,4096,0.000000767
989,4096,0.000000754
990,4096,0.000000699
991,4096,0.000000697
992,4096,0.000000698
993,4096,0.000000685
994,4096,0.000000746
995,4096,0.000000691
996,4096,0.000000691
997,4096,0.000000704
998,4096,0.000000718
999,4096,0.000000723
0,4352,0.000001096
1,4352,0.000000783
2,4352,0.000000749
3,4352,0.000000726
4,4352,0.000000871
5,4352,0.000000669
6,4352,0.000000978
7,4352,0.000000650
8,4352,0.000000658
9,4352,0.000000673
10,4352,0.000000731
11,4352,0.000000712
12,4352,0.000000715
13,4352,0.000000658
14,4352,0.000001020
15,4352,0.000000657
16,4352,0.000000772
17,4352,0.000000726
18,4352,0.000000852
19,4352,0.000000794
20,4352,0.000000716
21,4352,0.000000690
22,4352,0.000000738
23,4352,0.000000727
24,4352,0.000000648
25,4352,0.000000748
26,4352,0.000000678
27,4352,0.000000709
28,4352,0.000000665
29,4352,0.000000666
30,4352,0.000000693
31,4352,0.000000728
32,4352,0.000000736
33,4352,0.000000689
34,4352,0.000000680
35,4352,0.000000734
36,4352,0.000000711
37,4352,0.000000998
38,4352,0.000000763
39,4352,0.000000664
40,4352,0.000000705
41,4352,0.000000653
42,4352,0.000001025
43,4352,0.000000686
44,4352,0.000000661
45,4352,0.000000706
46,4352,0.000000658
47,4352,0.000000773
48,4352,0.000000684
49,4352,0.000000734
50,4352,0.000000747
51,4352,0.000000734
52,4352,0.000000754
53,4352,0.000000659
54,4352,0.000000937
55,4352,0.000000724
56,4352,0.000000663
57,4352,0.000000721
58,4352,0.000000692
59,4352,0.000000754
60,4352,0.000000689
61,4352,0.000000749
62,4352,0.000000640
63,4352,0.000000736
64,4352,0.000000745
65,4352,0.000000738
66,4352,0.000000751
67,4352,0.000000665
68,4352,0.000000695
69,4352,0.000000716
70,4352,0.000000729
71,4352,0.000000646
72,4352,0.000000708
73,4352,0.000001132
74,4352,0.000000744
75,4352,0.000000717
76,4352,0.000000660
77,4352,0.000000659
78,4352,0.000000950
79,4352,0.000000719
80,4352,0.000000745
81,4352,0.000000741
82,4352,0.000000744
83,4352,0.000000954
84,4352,0.000000710
85,4352,0.000000797
86,4352,0.000000785
87,4352,0.000000729
88,4352,0.000000646
89,4352,0.000000666
90,4352,0.000000660
91,4352,0.000000708
92,4352,0.000000700
93,4352,0.000000662
94,4352,0.000000668
95,4352,0.000000637
96,4352,0.000000805
97,4352,0.000000684
98,4352,0.000000652
99,4352,0.000000692
100,4352,0.000000715
101,4352,0.000000694
102,4352,0.000000692
103,4352,0.000000646
104,4352,0.000000648
105,4352,0.000000667
106,4352,0.000000651
107,4352,0.000000697
108,4352,0.000000711
109,4352,0.000000703
110,4352,0.000000719
111,4352,0.000000683
112,4352,0.000000790
113,4352,0.000000721
114,4352,0.000000718
115,4352,0.000000689
116,4352,0.000000724
117,4352,0.000000721
118,4352,0.000000675
119,4352,0.000000703
120,4352,0.000000729
121,4352,0.000000655
122,4352,0.000000693
123,4352,0.000000658
124,4352,0.000000703
125,4352,0.000000618
126,4352,0.000000697
127,4352,0.000000652
128,4352,0.000008931
129,4352,0.000000782
130,4352,0.000000699
131,4352,0.000000670
132,4352,0.000000647
133,4352,0.000000676
134,4352,0.000000708
135,4352,0.000000736
136,4352,0.000000946
137,4352,0.000000661
138,4352,0.000000710
139,4352,0.000000660
140,4352,0.000000662
141,4352,0.000000695
142,4352,0.000000715
143,4352,0.000000665
144,4352,0.000000775
145,4352,0.000000663
146,4352,0.000000673
147,4352,0.000000675
148,4352,0.000000664
149,4352,0.000000663
150,4352,0.000000699
151,4352,0.000000805
152,4352,0.000000698
153,4352,0.000000666
154,4352,0.000000660
155,4352,0.000000699
156,4352,0.000000661
157,4352,0.000000718
158,4352,0.000000650
159,4352,0.000000685
160,4352,0.000000780
161,4352,0.000000718
162,4352,0.000000665
163,4352,0.000000614
164,4352,0.000000596
165,4352,0.000000649
166,4352,0.000000677
167,4352,0.000000678
168,4352,0.000000712
169,4352,0.000000698
170,4352,0.000000710
171,4352,0.000000647
172,4352,0.000000652
173,4352,0.000000673
174,4352,0.000000612
175,4352,0.000000675
176,4352,0.000000790
177,4352,0.000000790
178,4352,0.000000738
179,4352,0.000000730
180,4352,0.000000725
181,4352,0.000000729
182,4352,0.000000735
183,4352,0.000000662
184,4352,0.000000723
185,4352,0.000000701
186,4352,0.000000718
187,4352,0.000001058
188,4352,0.000000691
189,4352,0.000000753
190,4352,0.000000667
191,4352,0.000000660
192,4352,0.000000818
193,4352,0.000000724
194,4352,0.000000811
195,4352,0.000000729
196,4352,0.000000706
197,4352,0.000000644
198,4352,0.000000679
199,4352,0.000000655
200,4352,0.000000651
201,4352,0.000000706
202,4352,0.000000697
203,4352,0.000000669
204,4352,0.000000656
205,4352,0.000000659
206,4352,0.000000695
207,4352,0.000000666
208,4352,0.000001081
209,4352,0.000000671
210,4352,0.000000697
211,4352,0.000000687
212,4352,0.000000734
213,4352,0.000000866
214,4352,0.000000742
215,4352,0.000000702
216,4352,0.000000660
217,4352,0.000000645
218,4352,0.000000686
219,4352,0.000000720
220,4352,0.000000699
221,4352,0.000000611
222,4352,0.000025134
223,4352,0.000001229
224,4352,0.000001057
225,4352,0.000000734
226,4352,0.000000765
227,4352,0.000000760
228,4352,0.000000745
229,4352,0.000000837
230,4352,0.000000734
231,4352,0.000000624
232,4352,0.000000725
233,4352,0.000000740
234,4352,0.000000669
235,4352,0.000000729
236,4352,0.000000658
237,4352,0.000000730
238,4352,0.000000692
239,4352,0.000000680
240,4352,0.000013518
241,4352,0.000000727
242,4352,0.000000740
243,4352,0.000001060
244,4352,0.000000714
245,4352,0.000000719
246,4352,0.000000731
247,4352,0.000000730
248,4352,0.000000845
249,4352,0.000000683
250,4352,0.000000721
251,4352,0.000000707
252,4352,0.000000751
253,4352,0.000000680
254,4352,0.000000700
255,4352,0.000000653
256,4352,0.000000934
257,4352,0.000000736
258,4352,0.000000674
259,4352,0.000000729
260,4352,0.000000729
261,4352,0.000000825
262,4352,0.000000712
263,4352,0.000000660
264,4352,0.000000730
265,4352,0.000000725
266,4352,0.000000660
267,4352,0.000000676
268,4352,0.000000716
269,4352,0.000000667
270,4352,0.000000726
271,4352,0.000000667
272,4352,0.000000678
273,4352,0.000000668
274,4352,0.000000698
275,4352,0.000000664
276,4352,0.000000650
277,4352,0.000000968
278,4352,0.000000734
279,4352,0.000000729
280,4352,0.000000672
281,4352,0.000000648
282,4352,0.000000873
283,4352,0.000000700
284,4352,0.000000608
285,4352,0.000000733
286,4352,0.000000666
287,4352,0.000000648
288,4352,0.000000679
289,4352,0.000000712
290,4352,0.000000733
291,4352,0.000000938
292,4352,0.000000698
293,4352,0.000000710
294,4352,0.000000695
295,4352,0.000000667
296,4352,0.000000659
297,4352,0.000000665
298,4352,0.000000675
299,4352,0.000000718
300,4352,0.000000729
301,4352,0.000000704
302,4352,0.000000667
303,4352,0.000000658
304,4352,0.000000743
305,4352,0.000000731
306,4352,0.000000725
307,4352,0.000000739
308,4352,0.000000681
309,4352,0.000000714
310,4352,0.000000695
311,4352,0.000000708
312,4352,0.000000718
313,4352,0.000000680
314,4352,0.000000720
315,4352,0.000000685
316,4352,0.000000703
317,4352,0.000000720
318,4352,0.000000679
319,4352,0.000001051
320,4352,0.000000790
321,4352,0.000000728
322,4352,0.000000670
323,4352,0.000000703
324,4352,0.000000835
325,4352,0.000000650
326,4352,0.000000677
327,4352,0.000000755
328,4352,0.000000761
329,4352,0.000000721
330,4352,0.000000720
331,4352,0.000000666
332,4352,0.000000660
333,4352,0.000000755
334,4352,0.000000639
335,4352,0.000000690
336,4352,0.000000677
337,4352,0.000000674
338,4352,0.000000726
339,4352,0.000000660
340,4352,0.000000872
341,4352,0.000000682
342,4352,0.000000710
343,4352,0.000000677
344,4352,0.000000724
345,4352,0.000000663
346,4352,0.000000616
347,4352,0.000000667
348,4352,0.000000664
349,4352,0.000000612
350,4352,0.000000662
351,4352,0.000000672
352,4352,0.000000726
353,4352,0.000000706
354,4352,0.000000691
355,4352,0.000000751
356,4352,0.000000746
357,4352,0.000000699
358,4352,0.000000649
359,4352,0.000000663
360,4352,0.000000692
361,4352,0.000000630
362,4352,0.000000682
363,4352,0.000000668
364,4352,0.000000669
365,4352,0.000000737
366,4352,0.000000706
367,4352,0.000000724
368,4352,0.000000729
369,4352,0.000000734
370,4352,0.000000776
371,4352,0.000000723
372,4352,0.000001021
373,4352,0.000000729
374,4352,0.000000720
375,4352,0.000000730
376,4352,0.000000667
377,4352,0.000000656
378,4352,0.000000660
379,4352,0.000000651
380,4352,0.000000659
381,4352,0.000000665
382,4352,0.000000737
383,4352,0.000000670
384,4352,0.000000685
385,4352,0.000000744
386,4352,0.000000758
387,4352,0.000000786
388,4352,0.000000787
389,4352,0.000000695
390,4352,0.000000646
391,4352,0.000000659
392,4352,0.000000654
393,4352,0.000000608
394,4352,0.000000602
395,4352,0.000000653
396,4352,0.000000648
397,4352,0.000000607
398,4352,0.000000676
399,4352,0.000001061
400,4352,0.000000685
401,4352,0.000000724
402,4352,0.000000676
403,4352,0.000000725
404,4352,0.000000993
405,4352,0.000000716
406,4352,0.000000654
407,4352,0.000000654
408,4352,0.000000657
409,4352,0.000000789
410,4352,0.000000649
411,4352,0.000000667
412,4352,0.000000787
413,4352,0.000000656
414,4352,0.000000692
415,4352,0.000000692
416,4352,0.000000711
417,4352,0.000000790
418,4352,0.000000759
419,4352,0.000000751
420,4352,0.000001033
421,4352,0.000000663
422,4352,0.000000655
423,4352,0.000000686
424,4352,0.000000707
425,4352,0.000000662
426,4352,0.000000665
427,4352,0.000000712
428,4352,0.000000664
429,4352,0.000000669
430,4352,0.000000652
431,4352,0.000000706
432,4352,0.000000784
433,4352,0.000000756
434,4352,0.000000707
435,4352,0.000000728
436,4352,0.000000731
437,4352,0.000000708
438,4352,0.000000890
439,4352,0.000000698
440,4352,0.000000653
441,4352,0.000000666
442,4352,0.000000657
443,4352,0.000000661
444,4352,0.000000661
445,4352,0.000000654
446,4352,0.000000655
447,4352,0.000000648
448,4352,0.000000751
449,4352,0.000000877
450,4352,0.000000745
451,4352,0.000001085
452,4352,0.000000732
453,4352,0.000000710
454,4352,0.000000709
455,4352,0.000000694
456,4352,0.000000890
457,4352,0.000000796
458,4352,0.000000696
459,4352,0.000000708
460,4352,0.000000713
461,4352,0.000000657
462,4352,0.000000931
463,4352,0.000000770
464,4352,0.000000684
465,4352,0.000000743
466,4352,0.000000754
467,4352,0.000000673
468,4352,0.000000695
469,4352,0.000000681
470,4352,0.000000713
471,4352,0.000000643
472,4352,0.000000729
473,4352,0.000000669
474,4352,0.000001071
475,4352,0.000000610
476,4352,0.000000659
477,4352,0.000000668
478,4352,0.000000675
479,4352,0.000000653
480,4352,0.000000839
481,4352,0.000000766
482,4352,0.000000766
483,4352,0.000000657
484,4352,0.000000691
485,4352,0.000000705
486,4352,0.000000668
487,4352,0.000000668
488,4352,0.000000707
489,4352,0.000000712
490,4352,0.000000703
491,4352,0.000000707
492,4352,0.000000610
493,4352,0.000000737
494,4352,0.000000659
495,4352,0.000000733
496,4352,0.000000785
497,4352,0.000000779
498,4352,0.000000704
499,4352,0.000000711
500,4352,0.000000711
501,4352,0.000000723
502,4352,0.000000728
503,4352,0.000000666
504,4352,0.000000691
505,4352,0.000000650
506,4352,0.000000705
507,4352,0.000000651
508,4352,0.000000712
509,4352,0.000000671
510,4352,0.000000652
511,4352,0.000000646
512,4352,0.000000805
513,4352,0.000000691
514,4352,0.000000659
515,4352,0.000000705
516,4352,0.000000655
517,4352,0.000000721
518,4352,0.000000653
519,4352,0.000000707
520,4352,0.000000671
521,4352,0.000000767
522,4352,0.000000667
523,4352,0.000000662
524,4352,0.000000660
525,4352,0.000000650
526,4352,0.000000646
527,4352,0.000000741
528,4352,0.000000770
529,4352,0.000000790
530,4352,0.000000733
531,4352,0.000000738
532,4352,0.000000632
533,4352,0.000001052
534,4352,0.000000717
535,4352,0.000000714
536,4352,0.000000702
537,4352,0.000000692
538,4352,0.000000694
539,4352,0.000000658
540,4352,0.000000711
541,4352,0.000000746
542,4352,0.000000669
543,4352,0.000000656
544,4352,0.000000697
545,4352,0.000000708
546,4352,0.000000744
547,4352,0.000000725
548,4352,0.000000597
549,4352,0.000000703
550,4352,0.000000674
551,4352,0.000000654
552,4352,0.000000613
553,4352,0.000000614
554,4352,0.000000744
555,4352,0.000000669
556,4352,0.000000655
557,4352,0.000000667
558,4352,0.000000677
559,4352,0.000000705
560,4352,0.000000748
561,4352,0.000000755
562,4352,0.000000751
563,4352,0.000000744
564,4352,0.000000723
565,4352,0.000000711
566,4352,0.000000735
567,4352,0.000000708
568,4352,0.000000688
569,4352,0.000000798
570,4352,0.000000721
571,4352,0.000000682
572,4352,0.000000669
573,4352,0.000000658
574,4352,0.000000637
575,4352,0.000000729
576,4352,0.000000684
577,4352,0.000000646
578,4352,0.000000699
579,4352,0.000000673
580,4352,0.000000727
581,4352,0.000000694
582,4352,0.000000706
583,4352,0.000000708
584,4352,0.000000679
585,4352,0.000000695
586,4352,0.000000705
587,4352,0.000000611
588,4352,0.000000675
589,4352,0.000000645
590,4352,0.000000698
591,4352,0.000000660
592,4352,0.000001011
593,4352,0.000000771
594,4352,0.000000739
595,4352,0.000000742
596,4352,0.000000671
597,4352,0.000000725
598,4352,0.000000737
599,4352,0.000001007
600,4352,0.000000687
601,4352,0.000000734
602,4352,0.000000732
603,4352,0.000000707
604,4352,0.000000717
605,4352,0.000000666
606,4352,0.000000724
607,4352,0.000000720
608,4352,0.000000720
609,4352,0.000000708
610,4352,0.000000740
611,4352,0.000000706
612,4352,0.000000695
613,4352,0.000000688
614,4352,0.000000649
615,4352,0.000000655
616,4352,0.000000611
617,4352,0.000000612
618,4352,0.000000709
619,4352,0.000000709
620,4352,0.000000652
621,4352,0.000000656
622,4352,0.000000652
623,4352,0.000000734
624,4352,0.000000726
625,4352,0.000000696
626,4352,0.000000694
627,4352,0.000000759
628,4352,0.000000711
629,4352,0.000000716
630,4352,0.000000694
631,4352,0.000000712
632,4352,0.000000716
633,4352,0.000000699
634,4352,0.000000780
635,4352,0.000000662
636,4352,0.000000710
637,4352,0.000000677
638,4352,0.000000710
639,4352,0.000000689
640,4352,0.000000759
641,4352,0.000000710
642,4352,0.000000811
643,4352,0.000000713
644,4352,0.000000722
645,4352,0.000000705
646,4352,0.000000697
647,4352,0.000001020
648,4352,0.000000806
649,4352,0.000000715
650,4352,0.000000657
651,4352,0.000000653
652,4352,0.000000667
653,4352,0.000000703
654,4352,0.000000967
655,4352,0.000000950
656,4352,0.000001005
657,4352,0.000001013
658,4352,0.000001026
659,4352,0.000000982
660,4352,0.000001082
661,4352,0.000001031
662,4352,0.000000957
663,4352,0.000001262
664,4352,0.000000930
665,4352,0.000001026
666,4352,0.000000892
667,4352,0.000000982
668,4352,0.000000968
669,4352,0.000001182
670,4352,0.000001107
671,4352,0.000000726
672,4352,0.000000763
673,4352,0.000000619
674,4352,0.000000678
675,4352,0.000000672
676,4352,0.000000716
677,4352,0.000000714
678,4352,0.000000710
679,4352,0.000000955
680,4352,0.000000645
681,4352,0.000000673
682,4352,0.000000656
683,4352,0.000000690
684,4352,0.000000672
685,4352,0.000000696
686,4352,0.000000646
687,4352,0.000000747
688,4352,0.000000733
689,4352,0.000000611
690,4352,0.000000644
691,4352,0.000000740
692,4352,0.000000596
693,4352,0.000000665
694,4352,0.000000710
695,4352,0.000000780
696,4352,0.000000696
697,4352,0.000000642
698,4352,0.000000618
699,4352,0.000000632
700,4352,0.000000704
701,4352,0.000000729
702,4352,0.000000714
703,4352,0.000000669
704,4352,0.000000742
705,4352,0.000000783
706,4352,0.000000730
707,4352,0.000000735
708,4352,0.000000662
709,4352,0.000000702
710,4352,0.000000660
711,4352,0.000000698
712,4352,0.000000666
713,4352,0.000000639
714,4352,0.000001038
715,4352,0.000000699
716,4352,0.000000685
717,4352,0.000000699
718,4352,0.000000711
719,4352,0.000000724
720,4352,0.000000782
721,4352,0.000000727
722,4352,0.000000723
723,4352,0.000000741
724,4352,0.000000662
725,4352,0.000000658
726,4352,0.000000704
727,4352,0.000001206
728,4352,0.000001018
729,4352,0.000000992
730,4352,0.000000941
731,4352,0.000001000
732,4352,0.000000971
733,4352,0.000000995
734,4352,0.000001040
735,4352,0.000001057
736,4352,0.000001095
737,4352,0.000001035
738,4352,0.000000728
739,4352,0.000000700
740,4352,0.000000714
741,4352,0.000000688
742,4352,0.000000753
743,4352,0.000000675
744,4352,0.000000610
745,4352,0.000000714
746,4352,0.000001043
747,4352,0.000000650
748,4352,0.000000742
749,4352,0.000000659
750,4352,0.000000669
751,4352,0.000001217
752,4352,0.000000709
753,4352,0.000001032
754,4352,0.000000662
755,4352,0.000000644
756,4352,0.000000693
757,4352,0.000000717
758,4352,0.000000716
759,4352,0.000000719
760,4352,0.000000727
761,4352,0.000000655
762,4352,0.000000655
763,4352,0.000000742
764,4352,0.000000655
765,4352,0.000000672
766,4352,0.000000659
767,4352,0.000000827
768,4352,0.000000707
769,4352,0.000000760
770,4352,0.000000765
771,4352,0.000000652
772,4352,0.000000714
773,4352,0.000000658
774,4352,0.000001036
775,4352,0.000000673
776,4352,0.000000752
777,4352,0.000000722
778,4352,0.000000688
779,4352,0.000000808
780,4352,0.000000663
781,4352,0.000000710
782,4352,0.000000716
783,4352,0.000000696
784,4352,0.000000682
785,4352,0.000000727
786,4352,0.000000698
787,4352,0.000000727
788,4352,0.000000717
789,4352,0.000000705
790,4352,0.000000694
791,4352,0.000000618
792,4352,0.000000609
793,4352,0.000000662
794,4352,0.000000672
795,4352,0.000001014
796,4352,0.000000730
797,4352,0.000000732
798,4352,0.000000703
799,4352,0.000000802
800,4352,0.000000750
801,4352,0.000000733
802,4352,0.000000723
803,4352,0.000000721
804,4352,0.000000726
805,4352,0.000000917
806,4352,0.000000717
807,4352,0.000000764
808,4352,0.000000677
809,4352,0.000000690
810,4352,0.000000700
811,4352,0.000000634
812,4352,0.000000698
813,4352,0.000000719
814,4352,0.000000772
815,4352,0.000000652
816,4352,0.000000798
817,4352,0.000000724
818,4352,0.000000656
819,4352,0.000000725
820,4352,0.000000716
821,4352,0.000000722
822,4352,0.000000663
823,4352,0.000000690
824,4352,0.000000647
825,4352,0.000000715
826,4352,0.000000919
827,4352,0.000000682
828,4352,0.000000676
829,4352,0.000000707
830,4352,0.000000667
831,4352,0.000000648
832,4352,0.000000744
833,4352,0.000000720
834,4352,0.000000750
835,4352,0.000000864
836,4352,0.000000720
837,4352,0.000000850
838,4352,0.000000659
839,4352,0.000000706
840,4352,0.000000708
841,4352,0.000000768
842,4352,0.000000750
843,4352,0.000000680
844,4352,0.000000710
845,4352,0.000000652
846,4352,0.000000733
847,4352,0.000000732
848,4352,0.000000725
849,4352,0.000001052
850,4352,0.000000748
851,4352,0.000000715
852,4352,0.000000747
853,4352,0.000000724
854,4352,0.000000951
855,4352,0.000000652
856,4352,0.000000656
857,4352,0.000000677
858,4352,0.000000708
859,4352,0.000000658
860,4352,0.000000697
861,4352,0.000000664
862,4352,0.000000669
863,4352,0.000000675
864,4352,0.000000740
865,4352,0.000000753
866,4352,0.000000706
867,4352,0.000001051
868,4352,0.000000653
869,4352,0.000000695
870,4352,0.000000614
871,4352,0.000000620
872,4352,0.000000615
873,4352,0.000000657
874,4352,0.000000713
875,4352,0.000000715
876,4352,0.000000660
877,4352,0.000000720
878,4352,0.000000706
879,4352,0.000000712
880,4352,0.000000774
881,4352,0.000000742
882,4352,0.000000820
883,4352,0.000000709
884,4352,0.000000729
885,4352,0.000000734
886,4352,0.000000723
887,4352,0.000000769
888,4352,0.000000787
889,4352,0.000000792
890,4352,0.000000715
891,4352,0.000000670
892,4352,0.000000666
893,4352,0.000000724
894,4352,0.000000660
895,4352,0.000000644
896,4352,0.000000688
897,4352,0.000000727
898,4352,0.000000721
899,4352,0.000000675
900,4352,0.000000741
901,4352,0.000000653
902,4352,0.000000696
903,4352,0.000000687
904,4352,0.000000716
905,4352,0.000000688
906,4352,0.000000704
907,4352,0.000000715
908,4352,0.000000664
909,4352,0.000000727
910,4352,0.000000690
911,4352,0.000000664
912,4352,0.000001194
913,4352,0.000000798
914,4352,0.000001072
915,4352,0.000000735
916,4352,0.000000730
917,4352,0.000000709
918,4352,0.000000694
919,4352,0.000000703
920,4352,0.000000688
921,4352,0.000000717
922,4352,0.000000737
923,4352,0.000000666
924,4352,0.000000725
925,4352,0.000000686
926,4352,0.000000655
927,4352,0.000000719
928,4352,0.000000803
929,4352,0.000000757
930,4352,0.000000793
931,4352,0.000000722
932,4352,0.000000723
933,4352,0.000000679
934,4352,0.000000747
935,4352,0.000000733
936,4352,0.000000698
937,4352,0.000000696
938,4352,0.000000670
939,4352,0.000000759
940,4352,0.000000710
941,4352,0.000000898
942,4352,0.000000759
943,4352,0.000000748
944,4352,0.000000911
945,4352,0.000000848
946,4352,0.000000771
947,4352,0.000000987
948,4352,0.000000749
949,4352,0.000000740
950,4352,0.000000801
951,4352,0.000000834
952,4352,0.000000761
953,4352,0.000000773
954,4352,0.000000989
955,4352,0.000000786
956,4352,0.000000734
957,4352,0.000000853
958,4352,0.000000866
959,4352,0.000000812
960,4352,0.000001006
961,4352,0.000000859
962,4352,0.000001084
963,4352,0.000000921
964,4352,0.000000867
965,4352,0.000000896
966,4352,0.000000803
967,4352,0.000001046
968,4352,0.000000838
969,4352,0.000000907
970,4352,0.000000778
971,4352,0.000000858
972,4352,0.000000787
973,4352,0.000000862
974,4352,0.000000828
975,4352,0.000000802
976,4352,0.000001045
977,4352,0.000000952
978,4352,0.000000836
979,4352,0.000000979
980,4352,0.000000803
981,4352,0.000000872
982,4352,0.000001085
983,4352,0.000000821
984,4352,0.000001032
985,4352,0.000000883
986,4352,0.000000852
987,4352,0.000000862
988,4352,0.000001073
989,4352,0.000000787
990,4352,0.000000802
991,4352,0.000000810
992,4352,0.000001011
993,4352,0.000000969
994,4352,0.000000781
995,4352,0.000000834
996,4352,0.000000770
997,4352,0.000000793
998,4352,0.000000738
999,4352,0.000000855
0,4608,0.000001115
1,4608,0.000000733
2,4608,0.000000730
3,4608,0.000000708
4,4608,0.000000709
5,4608,0.000000673
6,4608,0.000000656
7,4608,0.000000652
8,4608,0.000000698
9,4608,0.000000754
10,4608,0.000000736
11,4608,0.000000722
12,4608,0.000000646
13,4608,0.000000660
14,4608,0.000000638
15,4608,0.000000761
16,4608,0.000000750
17,4608,0.000000878
18,4608,0.000000761
19,4608,0.000000698
20,4608,0.000000700
21,4608,0.000000755
22,4608,0.000000662
23,4608,0.000000667
24,4608,0.000001197
25,4608,0.000000743
26,4608,0.000000723
27,4608,0.000000661
28,4608,0.000000694
29,4608,0.000000711
30,4608,0.000000804
31,4608,0.000000718
32,4608,0.000000731
33,4608,0.000000721
34,4608,0.000001046
35,4608,0.000000675
36,4608,0.000000677
37,4608,0.000000687
38,4608,0.000000672
39,4608,0.000000735
40,4608,0.000000795
41,4608,0.000000720
42,4608,0.000000718
43,4608,0.000000671
44,4608,0.000000757
45,4608,0.000000708
46,4608,0.000000672
47,4608,0.000000740
48,4608,0.000000871
49,4608,0.000000752
50,4608,0.000000781
51,4608,0.000000798
52,4608,0.000000720
53,4608,0.000000686
54,4608,0.000000725
55,4608,0.000000646
56,4608,0.000000732
57,4608,0.000000742
58,4608,0.000000726
59,4608,0.000000686
60,4608,0.000000737
61,4608,0.000000713
62,4608,0.000000658
63,4608,0.000000650
64,4608,0.000000726
65,4608,0.000000735
66,4608,0.000000724
67,4608,0.000000727
68,4608,0.000000750
69,4608,0.000000755
70,4608,0.000000708
71,4608,0.000000696
72,4608,0.000000950
73,4608,0.000000731
74,4608,0.000000732
75,4608,0.000001056
76,4608,0.000000687
77,4608,0.000000780
78,4608,0.000000730
79,4608,0.000000746
80,4608,0.000001026
81,4608,0.000000767
82,4608,0.000000768
83,4608,0.000000690
84,4608,0.000000699
85,4608,0.000000687
86,4608,0.000000719
87,4608,0.000000671
88,4608,0.000000747
89,4608,0.000000730
90,4608,0.000000648
91,4608,0.000000677
92,4608,0.000000648
93,4608,0.000000657
94,4608,0.000000691
95,4608,0.000000687
96,4608,0.000000688
97,4608,0.000000672
98,4608,0.000000597
99,4608,0.000000667
100,4608,0.000000644
101,4608,0.000000780
102,4608,0.000000731
103,4608,0.000000694
104,4608,0.000000799
105,4608,0.000000775
106,4608,0.000000725
107,4608,0.000000740
108,4608,0.000000709
109,4608,0.000000776
110,4608,0.000000650
111,4608,0.000000759
112,4608,0.000000814
113,4608,0.000000754
114,4608,0.000000730
115,4608,0.000000735
116,4608,0.000000721
117,4608,0.000000807
118,4608,0.000000668
119,4608,0.000000715
120,4608,0.000000679
121,4608,0.000000675
122,4608,0.000008368
123,4608,0.000000807
124,4608,0.000000664
125,4608,0.000000656
126,4608,0.000000710
127,4608,0.000000664
128,4608,0.000000765
129,4608,0.000000757
130,4608,0.000000733
131,4608,0.000000741
132,4608,0.000000661
133,4608,0.000000681
134,4608,0.000000713
135,4608,0.000000700
136,4608,0.000000777
137,4608,0.000000734
138,4608,0.000000743
139,4608,0.000000709
140,4608,0.000000686
141,4608,0.000000744
142,4608,0.000000693
143,4608,0.000001057
144,4608,0.000000790
145,4608,0.000001219
146,4608,0.000000721
147,4608,0.000000752
148,4608,0.000000763
149,4608,0.000000710
150,4608,0.000000691
151,4608,0.000000697
152,4608,0.000000778
153,4608,0.000000721
154,4608,0.000000695
155,4608,0.000000614
156,4608,0.000000619
157,4608,0.000000697
158,4608,0.000000673
159,4608,0.000000686
160,4608,0.000000714
161,4608,0.000000667
162,4608,0.000000702
163,4608,0.000000673
164,4608,0.000000705
165,4608,0.000000657
166,4608,0.000000760
167,4608,0.000000720
168,4608,0.000000788
169,4608,0.000000754
170,4608,0.000000735
171,4608,0.000000712
172,4608,0.000000658
173,4608,0.000000660
174,4608,0.000000710
175,4608,0.000000670
176,4608,0.000000822
177,4608,0.000000869
178,4608,0.000000736
179,4608,0.000000706
180,4608,0.000000662
181,4608,0.000000674
182,4608,0.000000739
183,4608,0.000000734
184,4608,0.000000934
185,4608,0.000000743
186,4608,0.000000689
187,4608,0.000000994
188,4608,0.000000611
189,4608,0.000000610
190,4608,0.000000722
191,4608,0.000000709
192,4608,0.000000785
193,4608,0.000000669
194,4608,0.000000875
195,4608,0.000000737
196,4608,0.000000713
197,4608,0.000000670
198,4608,0.000000622
199,4608,0.000000716
200,4608,0.000000749
201,4608,0.000000751
202,4608,0.000000731
203,4608,0.000000699
204,4608,0.000000662
205,4608,0.000000661
206,4608,0.000000697
207,4608,0.000000694
208,4608,0.000000688
209,4608,0.000000671
210,4608,0.000000696
211,4608,0.000000715
212,4608,0.000000656
213,4608,0.000000747
214,4608,0.000000706
215,4608,0.000000697
216,4608,0.000000750
217,4608,0.000000780
218,4608,0.000000908
219,4608,0.000000691
220,4608,0.000000712
221,4608,0.000000663
222,4608,0.000000671
223,4608,0.000000652
224,4608,0.000000680
225,4608,0.000000726
226,4608,0.000000715
227,4608,0.000000736
228,4608,0.000000655
229,4608,0.000000656
230,4608,0.000000756
231,4608,0.000000611
232,4608,0.000000870
233,4608,0.000000744
234,4608,0.000000692
235,4608,0.000000730
236,4608,0.000000708
237,4608,0.000000714
238,4608,0.000000699
239,4608,0.000000779
240,4608,0.000000741
241,4608,0.000000725
242,4608,0.000000725
243,4608,0.000000708
244,4608,0.000000723
245,4608,0.000000668
246,4608,0.000000657
247,4608,0.000000657
248,4608,0.000000773
249,4608,0.000000731
250,4608,0.000000694
251,4608,0.000000647
252,4608,0.000000663
253,4608,0.000000667
254,4608,0.000000676
255,4608,0.000000728
256,4608,0.000000749
257,4608,0.000000716
258,4608,0.000000697
259,4608,0.000000677
260,4608,0.000000651
261,4608,0.000000652
262,4608,0.000000710
263,4608,0.000000920
264,4608,0.000000763
265,4608,0.000000721
266,4608,0.000000723
267,4608,0.000000739
268,4608,0.000000647
269,4608,0.000000759
270,4608,0.000000662
271,4608,0.000000651
272,4608,0.000000676
273,4608,0.000000919
274,4608,0.000000712
275,4608,0.000000699
276,4608,0.000000611
277,4608,0.000000675
278,4608,0.000000725
279,4608,0.000000657
280,4608,0.000000685
281,4608,0.000000725
282,4608,0.000000752
283,4608,0.000000788
284,4608,0.000000752
285,4608,0.000000725
286,4608,0.000000681
287,4608,0.000000656
288,4608,0.000000747
289,4608,0.000000744
290,4608,0.000000702
291,4608,0.000000764
292,4608,0.000000685
293,4608,0.000000707
294,4608,0.000000699
295,4608,0.000000666
296,4608,0.000000782
297,4608,0.000000761
298,4608,0.000000812
299,4608,0.000000740
300,4608,0.000000747
301,4608,0.000000690
302,4608,0.000000960
303,4608,0.000000709
304,4608,0.000000690
305,4608,0.000000700
306,4608,0.000000643
307,4608,0.000000655
308,4608,0.000000685
309,4608,0.000000774
310,4608,0.000000719
311,4608,0.000000681
312,4608,0.000000745
313,4608,0.000000725
314,4608,0.000000658
315,4608,0.000000983
316,4608,0.000000663
317,4608,0.000000651
318,4608,0.000000672
319,4608,0.000000660
320,4608,0.000000727
321,4608,0.000000686
322,4608,0.000000690
323,4608,0.000000658
324,4608,0.000000694
325,4608,0.000000686
326,4608,0.000000612
327,4608,0.000000609
328,4608,0.000000682
329,4608,0.000000618
330,4608,0.000000651
331,4608,0.000000700
332,4608,0.000000726
333,4608,0.000000703
334,4608,0.000000608
335,4608,0.000000727
336,4608,0.000000753
337,4608,0.000000731
338,4608,0.000000673
339,4608,0.000000679
340,4608,0.000000691
341,4608,0.000000657
342,4608,0.000001003
343,4608,0.000000693
344,4608,0.000001180
345,4608,0.000000739
346,4608,0.000000750
347,4608,0.000000704
348,4608,0.000000703
349,4608,0.000000709
350,4608,0.000000666
351,4608,0.000000678
352,4608,0.000000805
353,4608,0.000000742
354,4608,0.000000726
355,4608,0.000000696
356,4608,0.000000709
357,4608,0.000000710
358,4608,0.000000657
359,4608,0.000000613
360,4608,0.000000754
361,4608,0.000000745
362,4608,0.000000701
363,4608,0.000000719
364,4608,0.000000769
365,4608,0.000000801
366,4608,0.000000761
367,4608,0.000000743
368,4608,0.000000695
369,4608,0.000000665
370,4608,0.000000659
371,4608,0.000000652
372,4608,0.000000614
373,4608,0.000000623
374,4608,0.000000667
375,4608,0.000000654
376,4608,0.000000765
377,4608,0.000000725
378,4608,0.000000724
379,4608,0.000000731
380,4608,0.000000704
381,4608,0.000000694
382,4608,0.000000675
383,4608,0.000000709
384,4608,0.000000626
385,4608,0.000000741
386,4608,0.000000701
387,4608,0.000000658
388,4608,0.000000668
389,4608,0.000000643
390,4608,0.000000667
391,4608,0.000000687
392,4608,0.000000821
393,4608,0.000000733
394,4608,0.000000709
395,4608,0.000000722
396,4608,0.000000726
397,4608,0.000000669
398,4608,0.000000669
399,4608,0.000000656
400,4608,0.000000941
401,4608,0.000000713
402,4608,0.000000699
403,4608,0.000000744
404,4608,0.000000716
405,4608,0.000000712
406,4608,0.000000652
407,4608,0.000000720
408,4608,0.000000811
409,4608,0.000000750
410,4608,0.000000652
411,4608,0.000000685
412,4608,0.000000715
413,4608,0.000000663
414,4608,0.000000673
415,4608,0.000000685
416,4608,0.000000745
417,4608,0.000000671
418,4608,0.000000653
419,4608,0.000000706
420,4608,0.000000667
421,4608,0.000000655
422,4608,0.000000659
423,4608,0.000000662
424,4608,0.000000774
425,4608,0.000000758
426,4608,0.000000730
427,4608,0.000000722
428,4608,0.000000660
429,4608,0.000001098
430,4608,0.000000679
431,4608,0.000000699
432,4608,0.000000813
433,4608,0.000000746
434,4608,0.000000791
435,4608,0.000000733
436,4608,0.000000680
437,4608,0.000000812
438,4608,0.000000651
439,4608,0.000000789
440,4608,0.000000765
441,4608,0.000000719
442,4608,0.000000698
443,4608,0.000000750
444,4608,0.000000770
445,4608,0.000000661
446,4608,0.000000616
447,4608,0.000000756
448,4608,0.000000792
449,4608,0.000000657
450,4608,0.000000670
451,4608,0.000000758
452,4608,0.000000874
453,4608,0.000000710
454,4608,0.000000697
455,4608,0.000000722
456,4608,0.000000710
457,4608,0.000000620
458,4608,0.000000663
459,4608,0.000000681
460,4608,0.000000669
461,4608,0.000000761
462,4608,0.000000676
463,4608,0.000000666
464,4608,0.000000763
465,4608,0.000000735
466,4608,0.000000735
467,4608,0.000000709
468,4608,0.000000854
469,4608,0.000000690
470,4608,0.000000713
471,4608,0.000000652
472,4608,0.000000736
473,4608,0.000000760
474,4608,0.000000735
475,4608,0.000000660
476,4608,0.000000689
477,4608,0.000000659
478,4608,0.000001044
479,4608,0.000000650
480,4608,0.000000786
481,4608,0.000000665
482,4608,0.000000740
483,4608,0.000000862
484,4608,0.000000787
485,4608,0.000000610
486,4608,0.000000824
487,4608,0.000000661
488,4608,0.000001020
489,4608,0.000000717
490,4608,0.000000711
491,4608,0.000000724
492,4608,0.000000752
493,4608,0.000000663
494,4608,0.000000674
495,4608,0.000000641
496,4608,0.000000734
497,4608,0.000000669
498,4608,0.000000676
499,4608,0.000000718
500,4608,0.000000750
501,4608,0.000000738
502,4608,0.000000670
503,4608,0.000000656
504,4608,0.000000944
505,4608,0.000000728
506,4608,0.000000718
507,4608,0.000000728
508,4608,0.000000659
509,4608,0.000000616
510,4608,0.000000715
511,4608,0.000000732
512,4608,0.000000775
513,4608,0.000000714
514,4608,0.000000694
515,4608,0.000000602
516,4608,0.000000686
517,4608,0.000000637
518,4608,0.000000653
519,4608,0.000000665
520,4608,0.000000678
521,4608,0.000000707
522,4608,0.000000641
523,4608,0.000000730
524,4608,0.000000655
525,4608,0.000000657
526,4608,0.000000662
527,4608,0.000000696
528,4608,0.000000828
529,4608,0.000000842
530,4608,0.000000741
531,4608,0.000000716
532,4608,0.000000698
533,4608,0.000000965
534,4608,0.000000705
535,4608,0.000000738
536,4608,0.000000796
537,4608,0.000000792
538,4608,0.000000728
539,4608,0.000000720
540,4608,0.000000655
541,4608,0.000000724
542,4608,0.000000656
543,4608,0.000000723
544,4608,0.000000738
545,4608,0.000000626
546,4608,0.000000599
547,4608,0.000000655
548,4608,0.000000729
549,4608,0.000000665
550,4608,0.000000690
551,4608,0.000000694
552,4608,0.000000774
553,4608,0.000000690
554,4608,0.000000920
555,4608,0.000000700
556,4608,0.000000766
557,4608,0.000000697
558,4608,0.000000652
559,4608,0.000000933
560,4608,0.000000824
561,4608,0.000001057
562,4608,0.000000781
563,4608,0.000000681
564,4608,0.000000710
565,4608,0.000000770
566,4608,0.000000677
567,4608,0.000000721
568,4608,0.000000783
569,4608,0.000000660
570,4608,0.000000893
571,4608,0.000000794
572,4608,0.000000717
573,4608,0.000000727
574,4608,0.000000696
575,4608,0.000000612
576,4608,0.000000752
577,4608,0.000000712
578,4608,0.000000719
579,4608,0.000000693
580,4608,0.000000658
581,4608,0.000000653
582,4608,0.000000662
583,4608,0.000000619
584,4608,0.000000700
585,4608,0.000000736
586,4608,0.000000653
587,4608,0.000000973
588,4608,0.000000718
589,4608,0.000000670
590,4608,0.000000724
591,4608,0.000000654
592,4608,0.000000800
593,4608,0.000000721
594,4608,0.000000726
595,4608,0.000000704
596,4608,0.000000707
597,4608,0.000000730
598,4608,0.000000657
599,4608,0.000000671
600,4608,0.000000925
601,4608,0.000000746
602,4608,0.000000721
603,4608,0.000000699
604,4608,0.000000710
605,4608,0.000000708
606,4608,0.000000683
607,4608,0.000000658
608,4608,0.000000762
609,4608,0.000000754
610,4608,0.000000713
611,4608,0.000000730
612,4608,0.000000765
613,4608,0.000000703
614,4608,0.000000653
615,4608,0.000000656
616,4608,0.000000797
617,4608,0.000000723
618,4608,0.000000717
619,4608,0.000000704
620,4608,0.000000702
621,4608,0.000000825
622,4608,0.000000707
623,4608,0.000000663
624,4608,0.000000774
625,4608,0.000000747
626,4608,0.000000834
627,4608,0.000000697
628,4608,0.000000644
629,4608,0.000000653
630,4608,0.000000658
631,4608,0.000000730
632,4608,0.000000783
633,4608,0.000000735
634,4608,0.000000746
635,4608,0.000000707
636,4608,0.000000657
637,4608,0.000000662
638,4608,0.000000640
639,4608,0.000000696
640,4608,0.000000745
641,4608,0.000000737
642,4608,0.000000699
643,4608,0.000000685
644,4608,0.000000668
645,4608,0.000000684
646,4608,0.000000699
647,4608,0.000000673
648,4608,0.000000714
649,4608,0.000000744
650,4608,0.000000905
651,4608,0.000000647
652,4608,0.000000684
653,4608,0.000000712
654,4608,0.000000656
655,4608,0.000000704
656,4608,0.000000852
657,4608,0.000000724
658,4608,0.000000721
659,4608,0.000000606
660,4608,0.000000654
661,4608,0.000000694
662,4608,0.000000721
663,4608,0.000001070
664,4608,0.000000748
665,4608,0.000000680
666,4608,0.000000695
667,4608,0.000000660
668,4608,0.000000742
669,4608,0.000000610
670,4608,0.000000614
671,4608,0.000000816
672,4608,0.000000751
673,4608,0.000000678
674,4608,0.000000719
675,4608,0.000000696
676,4608,0.000001064
677,4608,0.000000723
678,4608,0.000000685
679,4608,0.000000716
680,4608,0.000000742
681,4608,0.000000726
682,4608,0.000000669
683,4608,0.000000697
684,4608,0.000000651
685,4608,0.000000614
686,4608,0.000000687
687,4608,0.000000651
688,4608,0.000000762
689,4608,0.000000689
690,4608,0.000000728
691,4608,0.000000735
692,4608,0.000000686
693,4608,0.000000711
694,4608,0.000000697
695,4608,0.000000725
696,4608,0.000000740
697,4608,0.000000734
698,4608,0.000000768
699,4608,0.000000716
700,4608,0.000000645
701,4608,0.000000692
702,4608,0.000000663
703,4608,0.000000646
704,4608,0.000000743
705,4608,0.000000908
706,4608,0.000000653
707,4608,0.000000710
708,4608,0.000000673
709,4608,0.000000689
710,4608,0.000000684
711,4608,0.000000654
712,4608,0.000000674
713,4608,0.000000706
714,4608,0.000000692
715,4608,0.000000671
716,4608,0.000000728
717,4608,0.000000712
718,4608,0.000000675
719,4608,0.000000657
720,4608,0.000000742
721,4608,0.000000743
722,4608,0.000000723
723,4608,0.000000705
724,4608,0.000000742
725,4608,0.000000673
726,4608,0.000000660
727,4608,0.000000691
728,4608,0.000000651
729,4608,0.000000714
730,4608,0.000000707
731,4608,0.000000680
732,4608,0.000000773
733,4608,0.000000737
734,4608,0.000000701
735,4608,0.000000697
736,4608,0.000000723
737,4608,0.000000727
738,4608,0.000000733
739,4608,0.000000683
740,4608,0.000000706
741,4608,0.000000662
742,4608,0.000000729
743,4608,0.000000660
744,4608,0.000000753
745,4608,0.000000732
746,4608,0.000000696
747,4608,0.000000651
748,4608,0.000000612
749,4608,0.000000659
750,4608,0.000000667
751,4608,0.000000693
752,4608,0.000000831
753,4608,0.000000911
754,4608,0.000000803
755,4608,0.000000720
756,4608,0.000000676
757,4608,0.000000666
758,4608,0.000000896
759,4608,0.000000683
760,4608,0.000000739
761,4608,0.000000733
762,4608,0.000000766
763,4608,0.000000720
764,4608,0.000000727
765,4608,0.000000634
766,4608,0.000000664
767,4608,0.000000667
768,4608,0.000000817
769,4608,0.000000740
770,4608,0.000000692
771,4608,0.000000719
772,4608,0.000000709
773,4608,0.000000675
774,4608,0.000000659
775,4608,0.000000711
776,4608,0.000000817
777,4608,0.000000740
778,4608,0.000000661
779,4608,0.000000882
780,4608,0.000000833
781,4608,0.000000955
782,4608,0.000000933
783,4608,0.000001220
784,4608,0.000000975
785,4608,0.000000877
786,4608,0.000001073
787,4608,0.000000913
788,4608,0.000000907
789,4608,0.000000987
790,4608,0.000001154
791,4608,0.000000933
792,4608,0.000000950
793,4608,0.000000957
794,4608,0.000000982
795,4608,0.000001035
796,4608,0.000001135
797,4608,0.000000738
798,4608,0.000000662
799,4608,0.000000662
800,4608,0.000000848
801,4608,0.000000926
802,4608,0.000000744
803,4608,0.000001079
804,4608,0.000000665
805,4608,0.000000759
806,4608,0.000000709
807,4608,0.000000667
808,4608,0.000000699
809,4608,0.000000724
810,4608,0.000000716
811,4608,0.000000666
812,4608,0.000000682
813,4608,0.000000735
814,4608,0.000000661
815,4608,0.000000711
816,4608,0.000000798
817,4608,0.000000757
818,4608,0.000000690
819,4608,0.000000833
820,4608,0.000000709
821,4608,0.000000707
822,4608,0.000000660
823,4608,0.000000610
824,4608,0.000000687
825,4608,0.000000733
826,4608,0.000000727
827,4608,0.000000706
828,4608,0.000000730
829,4608,0.000000725
830,4608,0.000000655
831,4608,0.000000654
832,4608,0.000001024
833,4608,0.000000825
834,4608,0.000000706
835,4608,0.000000750
836,4608,0.000000758
837,4608,0.000000730
838,4608,0.000000732
839,4608,0.000000787
840,4608,0.000000877
841,4608,0.000000699
842,4608,0.000000715
843,4608,0.000000733
844,4608,0.000000975
845,4608,0.000000655
846,4608,0.000000696
847,4608,0.000000655
848,4608,0.000000759
849,4608,0.000000777
850,4608,0.000001077
851,4608,0.000001232
852,4608,0.000000935
853,4608,0.000001028
854,4608,0.000000933
855,4608,0.000001015
856,4608,0.000001013
857,4608,0.000000976
858,4608,0.000001112
859,4608,0.000001492
860,4608,0.000000665
861,4608,0.000000780
862,4608,0.000000679
863,4608,0.000000731
864,4608,0.000000820
865,4608,0.000000747
866,4608,0.000000695
867,4608,0.000000702
868,4608,0.000000616
869,4608,0.000000705
870,4608,0.000000740
871,4608,0.000000708
872,4608,0.000000827
873,4608,0.000000718
874,4608,0.000000736
875,4608,0.000000723
876,4608,0.000000743
877,4608,0.000000733
878,4608,0.000000739
879,4608,0.000000766
880,4608,0.000000694
881,4608,0.000000747
882,4608,0.000000725
883,4608,0.000000949
884,4608,0.000000654
885,4608,0.000000658
886,4608,0.000000689
887,4608,0.000000732
888,4608,0.000000827
889,4608,0.000000734
890,4608,0.000000738
891,4608,0.000000699
892,4608,0.000000782
893,4608,0.000001056
894,4608,0.000000709
895,4608,0.000000724
896,4608,0.000000715
897,4608,0.000000747
898,4608,0.000000826
899,4608,0.000000748
900,4608,0.000000771
901,4608,0.000000795
902,4608,0.000000682
903,4608,0.000000805
904,4608,0.000000744
905,4608,0.000000761
906,4608,0.000000794
907,4608,0.000000772
908,4608,0.000000671
909,4608,0.000000840
910,4608,0.000000940
911,4608,0.000000718
912,4608,0.000000793
913,4608,0.000000740
914,4608,0.000000692
915,4608,0.000001023
916,4608,0.000000751
917,4608,0.000000870
918,4608,0.000000734
919,4608,0.000000888
920,4608,0.000000779
921,4608,0.000000775
922,4608,0.000000727
923,4608,0.000000748
924,4608,0.000000693
925,4608,0.000000721
926,4608,0.000000670
927,4608,0.000001099
928,4608,0.000000741
929,4608,0.000000665
930,4608,0.000000683
931,4608,0.000000722
932,4608,0.000000716
933,4608,0.000000706
934,4608,0.000000790
935,4608,0.000000680
936,4608,0.000000780
937,4608,0.000001083
938,4608,0.000000694
939,4608,0.000000914
940,4608,0.000000776
941,4608,0.000000694
942,4608,0.000000761
943,4608,0.000000713
944,4608,0.000001041
945,4608,0.000000837
946,4608,0.000000830
947,4608,0.000000869
948,4608,0.000001107
949,4608,0.000000822
950,4608,0.000001106
951,4608,0.000000745
952,4608,0.000001055
953,4608,0.000000838
954,4608,0.000001179
955,4608,0.000000850
956,4608,0.000000820
957,4608,0.000000773
958,4608,0.000000829
959,4608,0.000000788
960,4608,0.000000907
961,4608,0.000000870
962,4608,0.000000819
963,4608,0.000000982
964,4608,0.000000823
965,4608,0.000000977
966,4608,0.000000858
967,4608,0.000000823
968,4608,0.000001042
969,4608,0.000000823
970,4608,0.000000819
971,4608,0.000000885
972,4608,0.000000823
973,4608,0.000000794
974,4608,0.000000812
975,4608,0.000000818
976,4608,0.000000889
977,4608,0.000000837
978,4608,0.000001102
979,4608,0.000000765
980,4608,0.000000843
981,4608,0.000000840
982,4608,0.000000804
983,4608,0.000000810
984,4608,0.000000882
985,4608,0.000000955
986,4608,0.000000814
987,4608,0.000000967
988,4608,0.000000833
989,4608,0.000001106
990,4608,0.000000797
991,4608,0.000001002
992,4608,0.000000875
993,4608,0.000000828
994,4608,0.000000812
995,4608,0.000000764
996,4608,0.000000855
997,4608,0.000000770
998,4608,0.000000753
999,4608,0.000000810
0,4864,0.000001179
1,4864,0.000000721
2,4864,0.000000738
3,4864,0.000000706
4,4864,0.000000678
5,4864,0.000000797
6,4864,0.000000745
7,4864,0.000000713
8,4864,0.000000687
9,4864,0.000000775
10,4864,0.000000875
11,4864,0.000000680
12,4864,0.000000953
13,4864,0.000000663
14,4864,0.000000687
15,4864,0.000000727
16,4864,0.000000818
17,4864,0.000000766
18,4864,0.000000726
19,4864,0.000000685
20,4864,0.000000702
21,4864,0.000000783
22,4864,0.000000811
23,4864,0.000000772
24,4864,0.000000716
25,4864,0.000000720
26,4864,0.000000788
27,4864,0.000000746
28,4864,0.000000704
29,4864,0.000000717
30,4864,0.000000618
31,4864,0.000000668
32,4864,0.000000839
33,4864,0.000000759
34,4864,0.000000741
35,4864,0.000000694
36,4864,0.000000675
37,4864,0.000000795
38,4864,0.000000746
39,4864,0.000000702
40,4864,0.000000693
41,4864,0.000000665
42,4864,0.000000904
43,4864,0.000000751
44,4864,0.000000816
45,4864,0.000000844
46,4864,0.000000797
47,4864,0.000000742
48,4864,0.000000809
49,4864,0.000000743
50,4864,0.000000650
51,4864,0.000000774
52,4864,0.000000679
53,4864,0.000000791
54,4864,0.000000696
55,4864,0.000000706
56,4864,0.000000699
57,4864,0.000000699
58,4864,0.000000794
59,4864,0.000000704
60,4864,0.000000616
61,4864,0.000000726
62,4864,0.000000711
63,4864,0.000000923
64,4864,0.000000745
65,4864,0.000001121
66,4864,0.000000735
67,4864,0.000000706
68,4864,0.000000714
69,4864,0.000000786
70,4864,0.000000856
71,4864,0.000000702
72,4864,0.000000696
73,4864,0.000000731
74,4864,0.000000900
75,4864,0.000000777
76,4864,0.000000773
77,4864,0.000000797
78,4864,0.000000762
79,4864,0.000000709
80,4864,0.000000835
81,4864,0.000000737
82,4864,0.000000753
83,4864,0.000000721
84,4864,0.000000668
85,4864,0.000000683
86,4864,0.000000925
87,4864,0.000000918
88,4864,0.000000652
89,4864,0.000000797
90,4864,0.000000830
91,4864,0.000000681
92,4864,0.000000840
93,4864,0.000000621
94,4864,0.000000676
95,4864,0.000000647
96,4864,0.000000856
97,4864,0.000001030
98,4864,0.000000774
99,4864,0.000000749
100,4864,0.000000769
101,4864,0.000000815
102,4864,0.000000767
103,4864,0.000000698
104,4864,0.000001028
105,4864,0.000000803
106,4864,0.000000943
107,4864,0.000000773
108,4864,0.000000699
109,4864,0.000000767
110,4864,0.000000779
111,4864,0.000001055
112,4864,0.000008759
113,4864,0.000000796
114,4864,0.000000666
115,4864,0.000000752
116,4864,0.000000711
117,4864,0.000000764
118,4864,0.000000919
119,4864,0.000000681
120,4864,0.000000734
121,4864,0.000000729
122,4864,0.000000888
123,4864,0.000000749
124,4864,0.000000720
125,4864,0.000001018
126,4864,0.000000687
127,4864,0.000000718
128,4864,0.000000817
129,4864,0.000000720
130,4864,0.000001006
131,4864,0.000000789
132,4864,0.000000672
133,4864,0.000000832
134,4864,0.000000743
135,4864,0.000000821
136,4864,0.000000712
137,4864,0.000000704
138,4864,0.000000772
139,4864,0.000000797
140,4864,0.000000763
141,4864,0.000000767
142,4864,0.000000741
143,4864,0.000000705
144,4864,0.000000800
145,4864,0.000000723
146,4864,0.000000661
147,4864,0.000000662
148,4864,0.000000651
149,4864,0.000000823
150,4864,0.000000896
151,4864,0.000000757
152,4864,0.000000723
153,4864,0.000000618
154,4864,0.000000781
155,4864,0.000000984
156,4864,0.000000743
157,4864,0.000000724
158,4864,0.000000764
159,4864,0.000000735
160,4864,0.000000866
161,4864,0.000000780
162,4864,0.000000747
163,4864,0.000000739
164,4864,0.000000649
165,4864,0.000000891
166,4864,0.000000753
167,4864,0.000001081
168,4864,0.000000698
169,4864,0.000000683
170,4864,0.000000730
171,4864,0.000000746
172,4864,0.000000833
173,4864,0.000000784
174,4864,0.000000664
175,4864,0.000000769
176,4864,0.000000762
177,4864,0.000000745
178,4864,0.000000669
179,4864,0.000000609
180,4864,0.000000747
181,4864,0.000000852
182,4864,0.000000887
183,4864,0.000000653
184,4864,0.000000661
185,4864,0.000000679
186,4864,0.000000732
187,4864,0.000000713
188,4864,0.000000722
189,4864,0.000000708
190,4864,0.000000711
191,4864,0.000000737
192,4864,0.000000715
193,4864,0.000000722
194,4864,0.000000697
195,4864,0.000000685
196,4864,0.000000735
197,4864,0.000000744
198,4864,0.000000728
199,4864,0.000000652
200,4864,0.000001067
201,4864,0.000000787
202,4864,0.000000839
203,4864,0.000000764
204,4864,0.000000742
205,4864,0.000000781
206,4864,0.000000721
207,4864,0.000000990
208,4864,0.000000743
209,4864,0.000000629
210,4864,0.000000669
211,4864,0.000000648
212,4864,0.000000687
213,4864,0.000000789
214,4864,0.000000750
215,4864,0.000000680
216,4864,0.000000724
217,4864,0.000000663
218,4864,0.000000742
219,4864,0.000000754
220,4864,0.000001082
221,4864,0.000000704
222,4864,0.000000735
223,4864,0.000000687
224,4864,0.000000752
225,4864,0.000000762
226,4864,0.000000756
227,4864,0.000000750
228,4864,0.000000651
229,4864,0.000000842
230,4864,0.000000775
231,4864,0.000000742
232,4864,0.000000773
233,4864,0.000000725
234,4864,0.000000790
235,4864,0.000001009
236,4864,0.000000827
237,4864,0.000000667
238,4864,0.000000727
239,4864,0.000000717
240,4864,0.000000759
241,4864,0.000000768
242,4864,0.000000860
243,4864,0.000000704
244,4864,0.000000665
245,4864,0.000000769
246,4864,0.000000705
247,4864,0.000000700
248,4864,0.000000750
249,4864,0.000000738
250,4864,0.000000840
251,4864,0.000000737
252,4864,0.000000729
253,4864,0.000000767
254,4864,0.000000715
255,4864,0.000000877
256,4864,0.000000705
257,4864,0.000001043
258,4864,0.000000653
259,4864,0.000000694
260,4864,0.000000707
261,4864,0.000000767
262,4864,0.000000770
263,4864,0.000000752
264,4864,0.000000740
265,4864,0.000000676
266,4864,0.000000735
267,4864,0.000001045
268,4864,0.000000758
269,4864,0.000000722
270,4864,0.000000668
271,4864,0.000000668
272,4864,0.000000992
273,4864,0.000000738
274,4864,0.000000710
275,4864,0.000000732
276,4864,0.000000659
277,4864,0.000001058
278,4864,0.000000740
279,4864,0.000000713
280,4864,0.000000717
281,4864,0.000000720
282,4864,0.000000857
283,4864,0.000000772
284,4864,0.000000986
285,4864,0.000000745
286,4864,0.000000640
287,4864,0.000000727
288,4864,0.000000775
289,4864,0.000000736
290,4864,0.000000659
291,4864,0.000000669
292,4864,0.000000712
293,4864,0.000000863
294,4864,0.000000776
295,4864,0.000000721
296,4864,0.000000785
297,4864,0.000000666
298,4864,0.000000781
299,4864,0.000000717
300,4864,0.000000715
301,4864,0.000000689
302,4864,0.000000699
303,4864,0.000000723
304,4864,0.000000681
305,4864,0.000000703
306,4864,0.000000691
307,4864,0.000000713
308,4864,0.000000759
309,4864,0.000000803
310,4864,0.000000716
311,4864,0.000000668
312,4864,0.000000677
313,4864,0.000000687
314,4864,0.000000776
315,4864,0.000000667
316,4864,0.000000725
317,4864,0.000000789
318,4864,0.000000719
319,4864,0.000000726
320,4864,0.000000778
321,4864,0.000000695
322,4864,0.000000777
323,4864,0.000000729
324,4864,0.000000656
325,4864,0.000000976
326,4864,0.000000776
327,4864,0.000000747
328,4864,0.000000764
329,4864,0.000000741
330,4864,0.000000964
331,4864,0.000000706
332,4864,0.000000762
333,4864,0.000000735
334,4864,0.000000821
335,4864,0.000000718
336,4864,0.000000844
337,4864,0.000000728
338,4864,0.000000711
339,4864,0.000000750
340,4864,0.000000662
341,4864,0.000000876
342,4864,0.000000736
343,4864,0.000000719
344,4864,0.000000711
345,4864,0.000000799
346,4864,0.000000940
347,4864,0.000000822
348,4864,0.000000724
349,4864,0.000000705
350,4864,0.000000674
351,4864,0.000000658
352,4864,0.000000730
353,4864,0.000000680
354,4864,0.000000683
355,4864,0.000000714
356,4864,0.000000741
357,4864,0.000000792
358,4864,0.000001102
359,4864,0.000000710
360,4864,0.000000668
361,4864,0.000000784
362,4864,0.000000802
363,4864,0.000000694
364,4864,0.000000780
365,4864,0.000000928
366,4864,0.000000741
367,4864,0.000000834
368,4864,0.000000795
369,4864,0.000000752
370,4864,0.000000757
371,4864,0.000000842
372,4864,0.000000716
373,4864,0.000000863
374,4864,0.000000963
375,4864,0.000000726
376,4864,0.000000753
377,4864,0.000000706
378,4864,0.000000799
379,4864,0.000000764
380,4864,0.000000735
381,4864,0.000000765
382,4864,0.000000846
383,4864,0.000000754
384,4864,0.000000790
385,4864,0.000000738
386,4864,0.000000727
387,4864,0.000000706
388,4864,0.000000705
389,4864,0.000000826
390,4864,0.000000786
391,4864,0.000000731
392,4864,0.000000795
393,4864,0.000000768
394,4864,0.000000953
395,4864,0.000000760
396,4864,0.000000716
397,4864,0.000000986
398,4864,0.000000724
399,4864,0.000000660
400,4864,0.000000770
401,4864,0.000000712
402,4864,0.000000738
403,4864,0.000000812
404,4864,0.000000849
405,4864,0.000000872
406,4864,0.000000745
407,4864,0.000000789
408,4864,0.000000780
409,4864,0.000000756
410,4864,0.000001079
411,4864,0.000000805
412,4864,0.000000733
413,4864,0.000000829
414,4864,0.000000767
415,4864,0.000000675
416,4864,0.000000777
417,4864,0.000001102
418,4864,0.000000761
419,4864,0.000000664
420,4864,0.000000729
421,4864,0.000000929
422,4864,0.000000756
423,4864,0.000000731
424,4864,0.000000775
425,4864,0.000000657
426,4864,0.000000827
427,4864,0.000000765
428,4864,0.000000677
429,4864,0.000000727
430,4864,0.000000738
431,4864,0.000000880
432,4864,0.000000878
433,4864,0.000000719
434,4864,0.000000670
435,4864,0.000000793
436,4864,0.000000978
437,4864,0.000000848
438,4864,0.000000734
439,4864,0.000000742
440,4864,0.000000710
441,4864,0.000000739
442,4864,0.000000850
443,4864,0.000000833
444,4864,0.000000729
445,4864,0.000000763
446,4864,0.000000711
447,4864,0.000000711
448,4864,0.000000812
449,4864,0.000000772
450,4864,0.000000732
451,4864,0.000000706
452,4864,0.000000671
453,4864,0.000000867
454,4864,0.000000756
455,4864,0.000000746
456,4864,0.000000737
457,4864,0.000000710
458,4864,0.000000777
459,4864,0.000000899
460,4864,0.000000710
461,4864,0.000000701
462,4864,0.000000663
463,4864,0.000000709
464,4864,0.000000822
465,4864,0.000000752
466,4864,0.000000738
467,4864,0.000000683
468,4864,0.000000694
469,4864,0.000000808
470,4864,0.000000733
471,4864,0.000000815
472,4864,0.000000780
473,4864,0.000000771
474,4864,0.000000914
475,4864,0.000000776
476,4864,0.000001377
477,4864,0.000000734
478,4864,0.000000730
479,4864,0.000000695
480,4864,0.000001191
481,4864,0.000000701
482,4864,0.000000694
483,4864,0.000000729
484,4864,0.000000679
485,4864,0.000000856
486,4864,0.000000709
487,4864,0.000000722
488,4864,0.000000707
489,4864,0.000000690
490,4864,0.000000845
491,4864,0.000000744
492,4864,0.000000713
493,4864,0.000000709
494,4864,0.000000669
495,4864,0.000000675
496,4864,0.000000832
497,4864,0.000000737
498,4864,0.000000735
499,4864,0.000000678
500,4864,0.000000732
501,4864,0.000000871
502,4864,0.000000774
503,4864,0.000000766
504,4864,0.000000770
505,4864,0.000000715
506,4864,0.000000808
507,4864,0.000000781
508,4864,0.000000898
509,4864,0.000000750
510,4864,0.000000934
511,4864,0.000000715
512,4864,0.000000816
513,4864,0.000000755
514,4864,0.000000696
515,4864,0.000000795
516,4864,0.000000674
517,4864,0.000000807
518,4864,0.000000727
519,4864,0.000000783
520,4864,0.000000719
521,4864,0.000000717
522,4864,0.000000840
523,4864,0.000000760
524,4864,0.000000705
525,4864,0.000000663
526,4864,0.000000702
527,4864,0.000000786
528,4864,0.000000828
529,4864,0.000000759
530,4864,0.000000756
531,4864,0.000000729
532,4864,0.000000723
533,4864,0.000000800
534,4864,0.000000756
535,4864,0.000000919
536,4864,0.000000778
537,4864,0.000000729
538,4864,0.000000808
539,4864,0.000000736
540,4864,0.000000721
541,4864,0.000000706
542,4864,0.000000703
543,4864,0.000000723
544,4864,0.000000821
545,4864,0.000000804
546,4864,0.000000734
547,4864,0.000000720
548,4864,0.000000728
549,4864,0.000000784
550,4864,0.000000739
551,4864,0.000000707
552,4864,0.000000718
553,4864,0.000000664
554,4864,0.000000853
555,4864,0.000000835
556,4864,0.000000894
557,4864,0.000000778
558,4864,0.000000665
559,4864,0.000000709
560,4864,0.000000807
561,4864,0.000000765
562,4864,0.000000970
563,4864,0.000000749
564,4864,0.000000692
565,4864,0.000000818
566,4864,0.000000778
567,4864,0.000000732
568,4864,0.000000752
569,4864,0.000000768
570,4864,0.000000820
571,4864,0.000000752
572,4864,0.000000752
573,4864,0.000000721
574,4864,0.000000708
575,4864,0.000000671
576,4864,0.000000816
577,4864,0.000000749
578,4864,0.000000718
579,4864,0.000000757
580,4864,0.000000773
581,4864,0.000000801
582,4864,0.000000750
583,4864,0.000000713
584,4864,0.000000701
585,4864,0.000000678
586,4864,0.000000840
587,4864,0.000000829
588,4864,0.000000749
589,4864,0.000000729
590,4864,0.000000720
591,4864,0.000000679
592,4864,0.000000791
593,4864,0.000000746
594,4864,0.000000697
595,4864,0.000000688
596,4864,0.000000672
597,4864,0.000000797
598,4864,0.000000769
599,4864,0.000000730
600,4864,0.000000715
601,4864,0.000000704
602,4864,0.000000809
603,4864,0.000000737
604,4864,0.000000726
605,4864,0.000000681
606,4864,0.000000672
607,4864,0.000000722
608,4864,0.000000750
609,4864,0.000000736
610,4864,0.000000704
611,4864,0.000000713
612,4864,0.000000723
613,4864,0.000000818
614,4864,0.000000749
615,4864,0.000000756
616,4864,0.000000664
617,4864,0.000000665
618,4864,0.000000877
619,4864,0.000000734
620,4864,0.000001038
621,4864,0.000000783
622,4864,0.000000822
623,4864,0.000000757
624,4864,0.000000754
625,4864,0.000000726
626,4864,0.000000704
627,4864,0.000000716
628,4864,0.000000725
629,4864,0.000000859
630,4864,0.000000718
631,4864,0.000000715
632,4864,0.000000714
633,4864,0.000000718
634,4864,0.000000747
635,4864,0.000000726
636,4864,0.000000709
637,4864,0.000000824
638,4864,0.000000642
639,4864,0.000000672
640,4864,0.000000813
641,4864,0.000000756
642,4864,0.000000719
643,4864,0.000000722
644,4864,0.000000661
645,4864,0.000000816
646,4864,0.000000755
647,4864,0.000000706
648,4864,0.000000802
649,4864,0.000000675
650,4864,0.000000802
651,4864,0.000000769
652,4864,0.000000720
653,4864,0.000000745
654,4864,0.000000704
655,4864,0.000000769
656,4864,0.000000762
657,4864,0.000000738
658,4864,0.000000815
659,4864,0.000000735
660,4864,0.000000671
661,4864,0.000000922
662,4864,0.000000770
663,4864,0.000000683
664,4864,0.000000727
665,4864,0.000000676
666,4864,0.000000864
667,4864,0.000000759
668,4864,0.000000709
669,4864,0.000000664
670,4864,0.000000659
671,4864,0.000000719
672,4864,0.000000804
673,4864,0.000001022
674,4864,0.000000671
675,4864,0.000000666
676,4864,0.000000664
677,4864,0.000000803
678,4864,0.000000731
679,4864,0.000000758
680,4864,0.000000705
681,4864,0.000000649
682,4864,0.000000830
683,4864,0.000000730
684,4864,0.000000725
685,4864,0.000000736
686,4864,0.000000719
687,4864,0.000000661
688,4864,0.000001104
689,4864,0.000000726
690,4864,0.000000676
691,4864,0.000000650
692,4864,0.000000680
693,4864,0.000000820
694,4864,0.000000748
695,4864,0.000000747
696,4864,0.000000741
697,4864,0.000000680
698,4864,0.000000839
699,4864,0.000000788
700,4864,0.000000728
701,4864,0.000000719
702,4864,0.000000723
703,4864,0.000000746
704,4864,0.000000738
705,4864,0.000000730
706,4864,0.000000811
707,4864,0.000000699
708,4864,0.000000668
709,4864,0.000000795
710,4864,0.000000763
711,4864,0.000000740
712,4864,0.000000773
713,4864,0.000000706
714,4864,0.000000794
715,4864,0.000000771
716,4864,0.000000819
717,4864,0.000000745
718,4864,0.000000610
719,4864,0.000000656
720,4864,0.000000856
721,4864,0.000000755
722,4864,0.000000749
723,4864,0.000000706
724,4864,0.000000659
725,4864,0.000000800
726,4864,0.000000724
727,4864,0.000000748
728,4864,0.000000732
729,4864,0.000000717
730,4864,0.000000788
731,4864,0.000001127
732,4864,0.000000671
733,4864,0.000000715
734,4864,0.000000719
735,4864,0.000000728
736,4864,0.000000826
737,4864,0.000000760
738,4864,0.000000729
739,4864,0.000000692
740,4864,0.000000677
741,4864,0.000001069
742,4864,0.000000741
743,4864,0.000000715
744,4864,0.000000673
745,4864,0.000000748
746,4864,0.000000763
747,4864,0.000000743
748,4864,0.000000723
749,4864,0.000000799
750,4864,0.000000724
751,4864,0.000000708
752,4864,0.000000768
753,4864,0.000000814
754,4864,0.000000728
755,4864,0.000000708
756,4864,0.000000674
757,4864,0.000000841
758,4864,0.000000703
759,4864,0.000000687
760,4864,0.000000746
761,4864,0.000000762
762,4864,0.000000854
763,4864,0.000000783
764,4864,0.000000728
765,4864,0.000000705
766,4864,0.000000682
767,4864,0.000000680
768,4864,0.000000745
769,4864,0.000000726
770,4864,0.000000713
771,4864,0.000000659
772,4864,0.000000709
773,4864,0.000000852
774,4864,0.000000814
775,4864,0.000000698
776,4864,0.000000679
777,4864,0.000000685
778,4864,0.000000783
779,4864,0.000000717
780,4864,0.000000680
781,4864,0.000000673
782,4864,0.000000729
783,4864,0.000000692
784,4864,0.000000802
785,4864,0.000000769
786,4864,0.000000738
787,4864,0.000000717
788,4864,0.000000742
789,4864,0.000000852
790,4864,0.000000745
791,4864,0.000000749
792,4864,0.000000769
793,4864,0.000000761
794,4864,0.000001345
795,4864,0.000000819
796,4864,0.000000793
797,4864,0.000000680
798,4864,0.000000730
799,4864,0.000000712
800,4864,0.000000794
801,4864,0.000000906
802,4864,0.000000722
803,4864,0.000000988
804,4864,0.000000712
805,4864,0.000000858
806,4864,0.000000732
807,4864,0.000000746
808,4864,0.000000745
809,4864,0.000000722
810,4864,0.000000841
811,4864,0.000000690
812,4864,0.000000721
813,4864,0.000000828
814,4864,0.000000755
815,4864,0.000000970
816,4864,0.000001068
817,4864,0.000001081
818,4864,0.000001011
819,4864,0.000000949
820,4864,0.000000975
821,4864,0.000001083
822,4864,0.000000925
823,4864,0.000000963
824,4864,0.000001092
825,4864,0.000001262
826,4864,0.000001089
827,4864,0.000001083
828,4864,0.000001015
829,4864,0.000000983
830,4864,0.000001084
831,4864,0.000001205
832,4864,0.000000847
833,4864,0.000000743
834,4864,0.000000821
835,4864,0.000000676
836,4864,0.000000682
837,4864,0.000000809
838,4864,0.000000735
839,4864,0.000000717
840,4864,0.000000771
841,4864,0.000000687
842,4864,0.000000810
843,4864,0.000000735
844,4864,0.000000724
845,4864,0.000000798
846,4864,0.000000791
847,4864,0.000000675
848,4864,0.000000804
849,4864,0.000000725
850,4864,0.000000773
851,4864,0.000000705
852,4864,0.000000670
853,4864,0.000000874
854,4864,0.000000731
855,4864,0.000000708
856,4864,0.000000727
857,4864,0.000000726
858,4864,0.000000880
859,4864,0.000000805
860,4864,0.000000721
861,4864,0.000000732
862,4864,0.000000697
863,4864,0.000000661
864,4864,0.000000873
865,4864,0.000000780
866,4864,0.000001071
867,4864,0.000000715
868,4864,0.000000718
869,4864,0.000001094
870,4864,0.000000986
871,4864,0.000000758
872,4864,0.000000709
873,4864,0.000000728
874,4864,0.000000958
875,4864,0.000000719
876,4864,0.000000812
877,4864,0.000000696
878,4864,0.000000785
879,4864,0.000000918
880,4864,0.000001114
881,4864,0.000001371
882,4864,0.000001130
883,4864,0.000000971
884,4864,0.000001029
885,4864,0.000001110
886,4864,0.000001037
887,4864,0.000001078
888,4864,0.000001424
889,4864,0.000000690
890,4864,0.000001229
891,4864,0.000000767
892,4864,0.000000813
893,4864,0.000000763
894,4864,0.000000805
895,4864,0.000000773
896,4864,0.000000859
897,4864,0.000000844
898,4864,0.000000814
899,4864,0.000000714
900,4864,0.000000755
901,4864,0.000000873
902,4864,0.000000802
903,4864,0.000000791
904,4864,0.000000799
905,4864,0.000000780
906,4864,0.000001101
907,4864,0.000000876
908,4864,0.000000778
909,4864,0.000000710
910,4864,0.000000688
911,4864,0.000000702
912,4864,0.000000846
913,4864,0.000000811
914,4864,0.000000709
915,4864,0.000000766
916,4864,0.000000744
917,4864,0.000000951
918,4864,0.000000810
919,4864,0.000000783
920,4864,0.000000751
921,4864,0.000000749
922,4864,0.000000861
923,4864,0.000000797
924,4864,0.000000725
925,4864,0.000001155
926,4864,0.000000722
927,4864,0.000000660
928,4864,0.000000804
929,4864,0.000000823
930,4864,0.000000770
931,4864,0.000000670
932,4864,0.000000977
933,4864,0.000000853
934,4864,0.000001013
935,4864,0.000000766
936,4864,0.000000741
937,4864,0.000000722
938,4864,0.000000865
939,4864,0.000000944
940,4864,0.000000721
941,4864,0.000000779
942,4864,0.000000767
943,4864,0.000000683
944,4864,0.000000798
945,4864,0.000000728
946,4864,0.000000981
947,4864,0.000000802
948,4864,0.000001147
949,4864,0.000001016
950,4864,0.000000972
951,4864,0.000000874
952,4864,0.000000792
953,4864,0.000000796
954,4864,0.000000880
955,4864,0.000000780
956,4864,0.000000768
957,4864,0.000000779
958,4864,0.000000777
959,4864,0.000000745
960,4864,0.000000830
961,4864,0.000000836
962,4864,0.000000778
963,4864,0.000000776
964,4864,0.000000757
965,4864,0.000000874
966,4864,0.000001006
967,4864,0.000000778
968,4864,0.000000775
969,4864,0.000000768
970,4864,0.000000894
971,4864,0.000000782
972,4864,0.000000774
973,4864,0.000000778
974,4864,0.000000727
975,4864,0.000000746
976,4864,0.000000846
977,4864,0.000000875
978,4864,0.000000775
979,4864,0.000000848
980,4864,0.000001264
981,4864,0.000000965
982,4864,0.000000838
983,4864,0.000000800
984,4864,0.000000800
985,4864,0.000000748
986,4864,0.000000986
987,4864,0.000000803
988,4864,0.000000831
989,4864,0.000000779
990,4864,0.000000780
991,4864,0.000000743
992,4864,0.000000925
993,4864,0.000000843
994,4864,0.000000800
995,4864,0.000000749
996,4864,0.000000751
997,4864,0.000000879
998,4864,0.000000793
999,4864,0.000000785
0,5120,0.000001168
1,5120,0.000000814
2,5120,0.000000698
3,5120,0.000000755
4,5120,0.000000782
5,5120,0.000000766
6,5120,0.000000745
7,5120,0.000000956
8,5120,0.000000821
9,5120,0.000000753
10,5120,0.000000763
11,5120,0.000000674
12,5120,0.000000809
13,5120,0.000000717
14,5120,0.000000743
15,5120,0.000000726
16,5120,0.000000971
17,5120,0.000000719
18,5120,0.000000682
19,5120,0.000001208
20,5120,0.000000792
21,5120,0.000001162
22,5120,0.000000815
23,5120,0.000000718
24,5120,0.000000802
25,5120,0.000000738
26,5120,0.000000719
27,5120,0.000000667
28,5120,0.000000802
29,5120,0.000000701
30,5120,0.000000725
31,5120,0.000000697
32,5120,0.000000917
33,5120,0.000000719
34,5120,0.000000736
35,5120,0.000000673
36,5120,0.000000801
37,5120,0.000000700
38,5120,0.000000696
39,5120,0.000000685
40,5120,0.000000832
41,5120,0.000000702
42,5120,0.000000734
43,5120,0.000000782
44,5120,0.000000817
45,5120,0.000000760
46,5120,0.000000844
47,5120,0.000000666
48,5120,0.000000864
49,5120,0.000000727
50,5120,0.000000764
51,5120,0.000000701
52,5120,0.000000912
53,5120,0.000000928
54,5120,0.000000808
55,5120,0.000000677
56,5120,0.000000793
57,5120,0.000000674
58,5120,0.000000721
59,5120,0.000000729
60,5120,0.000000756
61,5120,0.000000764
62,5120,0.000000763
63,5120,0.000000727
64,5120,0.000000787
65,5120,0.000001060
66,5120,0.000000730
67,5120,0.000000748
68,5120,0.000000766
69,5120,0.000000731
70,5120,0.000000846
71,5120,0.000000770
72,5120,0.000000835
73,5120,0.000000768
74,5120,0.000000768
75,5120,0.000000716
76,5120,0.000000780
77,5120,0.000000744
78,5120,0.000000750
79,5120,0.000000718
80,5120,0.000000780
81,5120,0.000000725
82,5120,0.000000771
83,5120,0.000011352
84,5120,0.000000800
85,5120,0.000000787
86,5120,0.000000890
87,5120,0.000000708
88,5120,0.000000798
89,5120,0.000000702
90,5120,0.000000658
91,5120,0.000000755
92,5120,0.000000785
93,5120,0.000000761
94,5120,0.000000801
95,5120,0.000000745
96,5120,0.000001083
97,5120,0.000000753
98,5120,0.000000735
99,5120,0.000000686
100,5120,0.000000842
101,5120,0.000000804
102,5120,0.000000714
103,5120,0.000000687
104,5120,0.000000826
105,5120,0.000000757
106,5120,0.000000798
107,5120,0.000000734
108,5120,0.000000975
109,5120,0.000000715
110,5120,0.000000682
111,5120,0.000000707
112,5120,0.000000747
113,5120,0.000000707
114,5120,0.000000678
115,5120,0.000000682
116,5120,0.000000879
117,5120,0.000000756
118,5120,0.000000779
119,5120,0.000000677
120,5120,0.000000847
121,5120,0.000000720
122,5120,0.000000719
123,5120,0.000000941
124,5120,0.000000803
125,5120,0.000000717
126,5120,0.000000716
127,5120,0.000000725
128,5120,0.000000869
129,5120,0.000000714
130,5120,0.000000676
131,5120,0.000000662
132,5120,0.000000763
133,5120,0.000000744
134,5120,0.000000811
135,5120,0.000000688
136,5120,0.000000799
137,5120,0.000000713
138,5120,0.000000666
139,5120,0.000000664
140,5120,0.000000741
141,5120,0.000000697
142,5120,0.000000718
143,5120,0.000000732
144,5120,0.000000774
145,5120,0.000000708
146,5120,0.000000668
147,5120,0.000000709
148,5120,0.000000769
149,5120,0.000000743
150,5120,0.000000724
151,5120,0.000000932
152,5120,0.000000862
153,5120,0.000000757
154,5120,0.000000683
155,5120,0.000000693
156,5120,0.000000882
157,5120,0.000000731
158,5120,0.000000782
159,5120,0.000000720
160,5120,0.000000758
161,5120,0.000000724
162,5120,0.000000678
163,5120,0.000000715
164,5120,0.000000855
165,5120,0.000000753
166,5120,0.000000769
167,5120,0.000000667
168,5120,0.000000750
169,5120,0.000000670
170,5120,0.000000664
171,5120,0.000000965
172,5120,0.000000831
173,5120,0.000000691
174,5120,0.000000666
175,5120,0.000000685
176,5120,0.000000812
177,5120,0.000000722
178,5120,0.000000759
179,5120,0.000000686
180,5120,0.000000769
181,5120,0.000000949
182,5120,0.000000704
183,5120,0.000000672
184,5120,0.000000757
185,5120,0.000000746
186,5120,0.000000716
187,5120,0.000000715
188,5120,0.000000744
189,5120,0.000000731
190,5120,0.000000776
191,5120,0.000000890
192,5120,0.000000795
193,5120,0.000000752
194,5120,0.000000744
195,5120,0.000000746
196,5120,0.000000796
197,5120,0.000000673
198,5120,0.000000714
199,5120,0.000000662
200,5120,0.000000733
201,5120,0.000000976
202,5120,0.000000718
203,5120,0.000000727
204,5120,0.000000773
205,5120,0.000000751
206,5120,0.000000748
207,5120,0.000000686
208,5120,0.000000852
209,5120,0.000000900
210,5120,0.000000678
211,5120,0.000000673
212,5120,0.000000796
213,5120,0.000000736
214,5120,0.000000701
215,5120,0.000000719
216,5120,0.000000843
217,5120,0.000000770
218,5120,0.000000727
219,5120,0.000000708
220,5120,0.000000757
221,5120,0.000000773
222,5120,0.000000659
223,5120,0.000000765
224,5120,0.000000776
225,5120,0.000000738
226,5120,0.000000831
227,5120,0.000000723
228,5120,0.000000776
229,5120,0.000000749
230,5120,0.000000716
231,5120,0.000000734
232,5120,0.000000787
233,5120,0.000000817
234,5120,0.000000670
235,5120,0.000000697
236,5120,0.000000881
237,5120,0.000000752
238,5120,0.000001069
239,5120,0.000000753
240,5120,0.000001199
241,5120,0.000000763
242,5120,0.000000783
243,5120,0.000000745
244,5120,0.000000783
245,5120,0.000000718
246,5120,0.000000702
247,5120,0.000000758
248,5120,0.000000798
249,5120,0.000000850
250,5120,0.000000794
251,5120,0.000000701
252,5120,0.000000781
253,5120,0.000000716
254,5120,0.000000718
255,5120,0.000000819
256,5120,0.000000771
257,5120,0.000000734
258,5120,0.000000733
259,5120,0.000000722
260,5120,0.000000859
261,5120,0.000000744
262,5120,0.000000883
263,5120,0.000000698
264,5120,0.000000740
265,5120,0.000000722
266,5120,0.000000773
267,5120,0.000000726
268,5120,0.000000902
269,5120,0.000000764
270,5120,0.000000770
271,5120,0.000000732
272,5120,0.000000811
273,5120,0.000000734
274,5120,0.000001097
275,5120,0.000000678
276,5120,0.000000740
277,5120,0.000000731
278,5120,0.000000754
279,5120,0.000000736
280,5120,0.000000764
281,5120,0.000000743
282,5120,0.000000753
283,5120,0.000000715
284,5120,0.000000755
285,5120,0.000000726
286,5120,0.000000680
287,5120,0.000000670
288,5120,0.000000790
289,5120,0.000001078
290,5120,0.000000694
291,5120,0.000000679
292,5120,0.000000807
293,5120,0.000000731
294,5120,0.000000675
295,5120,0.000000694
296,5120,0.000000738
297,5120,0.000000728
298,5120,0.000000684
299,5120,0.000001143
300,5120,0.000000745
301,5120,0.000000731
302,5120,0.000000735
303,5120,0.000000704
304,5120,0.000000773
305,5120,0.000000714
306,5120,0.000000805
307,5120,0.000000678
308,5120,0.000000787
309,5120,0.000001131
310,5120,0.000000787
311,5120,0.000000769
312,5120,0.000000806
313,5120,0.000000721
314,5120,0.000000774
315,5120,0.000000700
316,5120,0.000000844
317,5120,0.000000762
318,5120,0.000000711
319,5120,0.000000692
320,5120,0.000000805
321,5120,0.000000711
322,5120,0.000000681
323,5120,0.000000663
324,5120,0.000000801
325,5120,0.000000700
326,5120,0.000001030
327,5120,0.000000730
328,5120,0.000000794
329,5120,0.000000876
330,5120,0.000000798
331,5120,0.000000767
332,5120,0.000000796
333,5120,0.000000721
334,5120,0.000000677
335,5120,0.000000624
336,5120,0.000000790
337,5120,0.000000706
338,5120,0.000000730
339,5120,0.000000669
340,5120,0.000000742
341,5120,0.000000711
342,5120,0.000000729
343,5120,0.000000842
344,5120,0.000000785
345,5120,0.000000725
346,5120,0.000000724
347,5120,0.000000715
348,5120,0.000001134
349,5120,0.000000757
350,5120,0.000000735
351,5120,0.000000712
352,5120,0.000000877
353,5120,0.000000839
354,5120,0.000000719
355,5120,0.000000751
356,5120,0.000000820
357,5120,0.000000789
358,5120,0.000000689
359,5120,0.000000703
360,5120,0.000001031
361,5120,0.000000736
362,5120,0.000000717
363,5120,0.000000731
364,5120,0.000000809
365,5120,0.000000721
366,5120,0.000000751
367,5120,0.000000725
368,5120,0.000000841
369,5120,0.000000722
370,5120,0.000000922
371,5120,0.000000660
372,5120,0.000000793
373,5120,0.000000741
374,5120,0.000000677
375,5120,0.000000729
376,5120,0.000000753
377,5120,0.000000712
378,5120,0.000000713
379,5120,0.000000686
380,5120,0.000000725
381,5120,0.000000705
382,5120,0.000000715
383,5120,0.000000874
384,5120,0.000000862
385,5120,0.000000805
386,5120,0.000000787
387,5120,0.000000778
388,5120,0.000000828
389,5120,0.000000753
390,5120,0.000000806
391,5120,0.000000770
392,5120,0.000000792
393,5120,0.000000811
394,5120,0.000000763
395,5120,0.000000730
396,5120,0.000000812
397,5120,0.000000723
398,5120,0.000000686
399,5120,0.000000732
400,5120,0.000000928
401,5120,0.000000689
402,5120,0.000000880
403,5120,0.000000721
404,5120,0.000001085
405,5120,0.000000851
406,5120,0.000000758
407,5120,0.000000657
408,5120,0.000000985
409,5120,0.000000923
410,5120,0.000000757
411,5120,0.000000765
412,5120,0.000000763
413,5120,0.000000796
414,5120,0.000000736
415,5120,0.000000714
416,5120,0.000000807
417,5120,0.000000759
418,5120,0.000000722
419,5120,0.000000731
420,5120,0.000000815
421,5120,0.000000752
422,5120,0.000000790
423,5120,0.000000756
424,5120,0.000000740
425,5120,0.000000737
426,5120,0.000000795
427,5120,0.000000801
428,5120,0.000000936
429,5120,0.000000748
430,5120,0.000000773
431,5120,0.000000759
432,5120,0.000000796
433,5120,0.000000773
434,5120,0.000000661
435,5120,0.000000665
436,5120,0.000000875
437,5120,0.000000715
438,5120,0.000000675
439,5120,0.000000756
440,5120,0.000000815
441,5120,0.000000745
442,5120,0.000000785
443,5120,0.000000676
444,5120,0.000000808
445,5120,0.000000753
446,5120,0.000000713
447,5120,0.000000801
448,5120,0.000000849
449,5120,0.000000797
450,5120,0.000001083
451,5120,0.000000763
452,5120,0.000000786
453,5120,0.000000793
454,5120,0.000000718
455,5120,0.000000881
456,5120,0.000000812
457,5120,0.000000700
458,5120,0.000000644
459,5120,0.000000718
460,5120,0.000000761
461,5120,0.000000712
462,5120,0.000000674
463,5120,0.000000758
464,5120,0.000000807
465,5120,0.000000771
466,5120,0.000000693
467,5120,0.000000681
468,5120,0.000000753
469,5120,0.000000684
470,5120,0.000000665
471,5120,0.000000777
472,5120,0.000000805
473,5120,0.000000791
474,5120,0.000000794
475,5120,0.000001016
476,5120,0.000000889
477,5120,0.000001043
478,5120,0.000000782
479,5120,0.000000717
480,5120,0.000000925
481,5120,0.000000786
482,5120,0.000000784
483,5120,0.000000731
484,5120,0.000000835
485,5120,0.000000771
486,5120,0.000000783
487,5120,0.000000743
488,5120,0.000000760
489,5120,0.000000839
490,5120,0.000000862
491,5120,0.000000671
492,5120,0.000000787
493,5120,0.000000769
494,5120,0.000000755
495,5120,0.000000771
496,5120,0.000000845
497,5120,0.000000803
498,5120,0.000000691
499,5120,0.000000669
500,5120,0.000000930
501,5120,0.000000763
502,5120,0.000000685
503,5120,0.000000835
504,5120,0.000000837
505,5120,0.000000740
506,5120,0.000000724
507,5120,0.000000750
508,5120,0.000000838
509,5120,0.000000752
510,5120,0.000000788
511,5120,0.000000735
512,5120,0.000000766
513,5120,0.000000847
514,5120,0.000000674
515,5120,0.000000779
516,5120,0.000000981
517,5120,0.000000778
518,5120,0.000000709
519,5120,0.000000710
520,5120,0.000000764
521,5120,0.000000763
522,5120,0.000000697
523,5120,0.000000707
524,5120,0.000000790
525,5120,0.000000716
526,5120,0.000000985
527,5120,0.000000771
528,5120,0.000000765
529,5120,0.000000767
530,5120,0.000000725
531,5120,0.000000749
532,5120,0.000000789
533,5120,0.000000798
534,5120,0.000000807
535,5120,0.000000775
536,5120,0.000000804
537,5120,0.000000741
538,5120,0.000000740
539,5120,0.000000750
540,5120,0.000000864
541,5120,0.000000757
542,5120,0.000000698
543,5120,0.000000721
544,5120,0.000000872
545,5120,0.000000769
546,5120,0.000000668
547,5120,0.000000740
548,5120,0.000000855
549,5120,0.000000712
550,5120,0.000000917
551,5120,0.000000829
552,5120,0.000000822
553,5120,0.000000719
554,5120,0.000000719
555,5120,0.000000727
556,5120,0.000000818
557,5120,0.000000814
558,5120,0.000000834
559,5120,0.000000782
560,5120,0.000000828
561,5120,0.000000805
562,5120,0.000000779
563,5120,0.000000755
564,5120,0.000000812
565,5120,0.000000798
566,5120,0.000000746
567,5120,0.000000718
568,5120,0.000000828
569,5120,0.000000770
570,5120,0.000000773
571,5120,0.000000741
572,5120,0.000000754
573,5120,0.000000675
574,5120,0.000000750
575,5120,0.000000731
576,5120,0.000000788
577,5120,0.000000738
578,5120,0.000000678
579,5120,0.000000752
580,5120,0.000000802
581,5120,0.000000740
582,5120,0.000000788
583,5120,0.000000708
584,5120,0.000000828
585,5120,0.000000714
586,5120,0.000000684
587,5120,0.000000794
588,5120,0.000000803
589,5120,0.000000714
590,5120,0.000000902
591,5120,0.000000870
592,5120,0.000000871
593,5120,0.000000720
594,5120,0.000000735
595,5120,0.000000688
596,5120,0.000000868
597,5120,0.000000791
598,5120,0.000000729
599,5120,0.000000702
600,5120,0.000000827
601,5120,0.000000772
602,5120,0.000000687
603,5120,0.000000692
604,5120,0.000000812
605,5120,0.000000769
606,5120,0.000000733
607,5120,0.000000721
608,5120,0.000000977
609,5120,0.000000740
610,5120,0.000000748
611,5120,0.000000768
612,5120,0.000000798
613,5120,0.000000728
614,5120,0.000000777
615,5120,0.000000735
616,5120,0.000000735
617,5120,0.000000749
618,5120,0.000000738
619,5120,0.000000708
620,5120,0.000000820
621,5120,0.000000805
622,5120,0.000000852
623,5120,0.000000744
624,5120,0.000000879
625,5120,0.000001106
626,5120,0.000000754
627,5120,0.000000680
628,5120,0.000000809
629,5120,0.000000760
630,5120,0.000000700
631,5120,0.000000690
632,5120,0.000000795
633,5120,0.000000771
634,5120,0.000000747
635,5120,0.000000652
636,5120,0.000000812
637,5120,0.000000752
638,5120,0.000000925
639,5120,0.000000721
640,5120,0.000001025
641,5120,0.000000713
642,5120,0.000000839
643,5120,0.000000678
644,5120,0.000000847
645,5120,0.000000799
646,5120,0.000000767
647,5120,0.000000671
648,5120,0.000000800
649,5120,0.000000724
650,5120,0.000000769
651,5120,0.000000692
652,5120,0.000000838
653,5120,0.000000724
654,5120,0.000000753
655,5120,0.000000670
656,5120,0.000000764
657,5120,0.000000754
658,5120,0.000000744
659,5120,0.000000668
660,5120,0.000000835
661,5120,0.000000760
662,5120,0.000000918
663,5120,0.000000795
664,5120,0.000000891
665,5120,0.000000756
666,5120,0.000000829
667,5120,0.000000774
668,5120,0.000000850
669,5120,0.000000777
670,5120,0.000000723
671,5120,0.000000722
672,5120,0.000000837
673,5120,0.000000722
674,5120,0.000000757
675,5120,0.000000802
676,5120,0.000000818
677,5120,0.000000775
678,5120,0.000000745
679,5120,0.000000850
680,5120,0.000000790
681,5120,0.000000791
682,5120,0.000000701
683,5120,0.000000674
684,5120,0.000000813
685,5120,0.000000746
686,5120,0.000000859
687,5120,0.000000760
688,5120,0.000000775
689,5120,0.000000706
690,5120,0.000000767
691,5120,0.000000717
692,5120,0.000000835
693,5120,0.000000667
694,5120,0.000000772
695,5120,0.000000673
696,5120,0.000001274
697,5120,0.000000759
698,5120,0.000000836
699,5120,0.000000788
700,5120,0.000000850
701,5120,0.000000780
702,5120,0.000000711
703,5120,0.000000674
704,5120,0.000000897
705,5120,0.000001186
706,5120,0.000000760
707,5120,0.000000702
708,5120,0.000000877
709,5120,0.000001159
710,5120,0.000000753
711,5120,0.000000727
712,5120,0.000000861
713,5120,0.000000728
714,5120,0.000000775
715,5120,0.000000689
716,5120,0.000000845
717,5120,0.000000741
718,5120,0.000000756
719,5120,0.000000760
720,5120,0.000000778
721,5120,0.000000681
722,5120,0.000000817
723,5120,0.000000831
724,5120,0.000000907
725,5120,0.000000762
726,5120,0.000000770
727,5120,0.000000703
728,5120,0.000000892
729,5120,0.000000738
730,5120,0.000000694
731,5120,0.000000728
732,5120,0.000000839
733,5120,0.000000731
734,5120,0.000000722
735,5120,0.000000738
736,5120,0.000000804
737,5120,0.000000755
738,5120,0.000000736
739,5120,0.000000660
740,5120,0.000000802
741,5120,0.000000675
742,5120,0.000000737
743,5120,0.000000732
744,5120,0.000000819
745,5120,0.000000794
746,5120,0.000000755
747,5120,0.000000748
748,5120,0.000000797
749,5120,0.000000769
750,5120,0.000000869
751,5120,0.000000767
752,5120,0.000000888
753,5120,0.000000898
754,5120,0.000000863
755,5120,0.000001157
756,5120,0.000000940
757,5120,0.000000765
758,5120,0.000000797
759,5120,0.000001045
760,5120,0.000000912
761,5120,0.000001169
762,5120,0.000000750
763,5120,0.000001101
764,5120,0.000000867
765,5120,0.000000749
766,5120,0.000000726
767,5120,0.000000781
768,5120,0.000000846
769,5120,0.000000752
770,5120,0.000000726
771,5120,0.000000728
772,5120,0.000001198
773,5120,0.000000806
774,5120,0.000000848
775,5120,0.000000762
776,5120,0.000000869
777,5120,0.000000794
778,5120,0.000000804
779,5120,0.000000725
780,5120,0.000000854
781,5120,0.000000713
782,5120,0.000000809
783,5120,0.000000736
784,5120,0.000000961
785,5120,0.000000839
786,5120,0.000000852
787,5120,0.000000683
788,5120,0.000000874
789,5120,0.000000785
790,5120,0.000000766
791,5120,0.000000804
792,5120,0.000000835
793,5120,0.000000756
794,5120,0.000000733
795,5120,0.000000727
796,5120,0.000000807
797,5120,0.000000746
798,5120,0.000000798
799,5120,0.000000778
800,5120,0.000001205
801,5120,0.000000794
802,5120,0.000000826
803,5120,0.000000830
804,5120,0.000000954
805,5120,0.000000768
806,5120,0.000000770
807,5120,0.000000775
808,5120,0.000000877
809,5120,0.000000772
810,5120,0.000000844
811,5120,0.000000787
812,5120,0.000000836
813,5120,0.000000783
814,5120,0.000000947
815,5120,0.000000744
816,5120,0.000001029
817,5120,0.000000779
818,5120,0.000000895
819,5120,0.000000818
820,5120,0.000000773
821,5120,0.000000804
822,5120,0.000000835
823,5120,0.000000779
824,5120,0.000000845
825,5120,0.000000836
826,5120,0.000000855
827,5120,0.000000801
828,5120,0.000000977
829,5120,0.000001323
830,5120,0.000001318
831,5120,0.000001058
832,5120,0.000001082
833,5120,0.000001244
834,5120,0.000001177
835,5120,0.000001108
836,5120,0.000001047
837,5120,0.000001115
838,5120,0.000000932
839,5120,0.000001202
840,5120,0.000001211
841,5120,0.000001192
842,5120,0.000001131
843,5120,0.000000980
844,5120,0.000001086
845,5120,0.000001235
846,5120,0.000000818
847,5120,0.000000718
848,5120,0.000001099
849,5120,0.000000821
850,5120,0.000001272
851,5120,0.000000852
852,5120,0.000001098
853,5120,0.000000886
854,5120,0.000000800
855,5120,0.000000811
856,5120,0.000000953
857,5120,0.000000832
858,5120,0.000000803
859,5120,0.000000911
860,5120,0.000000982
861,5120,0.000000770
862,5120,0.000000800
863,5120,0.000000776
864,5120,0.000000779
865,5120,0.000000834
866,5120,0.000000870
867,5120,0.000000833
868,5120,0.000000966
869,5120,0.000000839
870,5120,0.000000933
871,5120,0.000000826
872,5120,0.000000996
873,5120,0.000000807
874,5120,0.000000852
875,5120,0.000000806
876,5120,0.000000808
877,5120,0.000000808
878,5120,0.000000808
879,5120,0.000000846
880,5120,0.000000857
881,5120,0.000000779
882,5120,0.000000931
883,5120,0.000000807
884,5120,0.000000861
885,5120,0.000001314
886,5120,0.000001102
887,5120,0.000001039
888,5120,0.000001727
889,5120,0.000000975
890,5120,0.000001147
891,5120,0.000001032
892,5120,0.000001172
893,5120,0.000001525
894,5120,0.000000882
895,5120,0.000000855
896,5120,0.000001484
897,5120,0.000000774
898,5120,0.000000848
899,5120,0.000000691
900,5120,0.000000976
901,5120,0.000000812
902,5120,0.000000952
903,5120,0.000000818
904,5120,0.000000917
905,5120,0.000000876
906,5120,0.000000875
907,5120,0.000000785
908,5120,0.000000837
909,5120,0.000000790
910,5120,0.000000902
911,5120,0.000000745
912,5120,0.000000828
913,5120,0.000000800
914,5120,0.000000842
915,5120,0.000000760
916,5120,0.000015534
917,5120,0.000000853
918,5120,0.000000804
919,5120,0.000000788
920,5120,0.000001157
921,5120,0.000000856
922,5120,0.000000891
923,5120,0.000000860
924,5120,0.000000933
925,5120,0.000000854
926,5120,0.000001022
927,5120,0.000000833
928,5120,0.000000966
929,5120,0.000000829
930,5120,0.000001114
931,5120,0.000000861
932,5120,0.000001020
933,5120,0.000000906
934,5120,0.000000862
935,5120,0.000000957
936,5120,0.000000976
937,5120,0.000000901
938,5120,0.000001293
939,5120,0.000000845
940,5120,0.000000880
941,5120,0.000000884
942,5120,0.000001160
943,5120,0.000000757
944,5120,0.000001358
945,5120,0.000000799
946,5120,0.000000808
947,5120,0.000000833
948,5120,0.000001056
949,5120,0.000000915
950,5120,0.000001226
951,5120,0.000000880
952,5120,0.000000961
953,5120,0.000001033
954,5120,0.000000904
955,5120,0.000000820
956,5120,0.000001108
957,5120,0.000000866
958,5120,0.000000901
959,5120,0.000000812
960,5120,0.000000903
961,5120,0.000000816
962,5120,0.000000836
963,5120,0.000000835
964,5120,0.000001005
965,5120,0.000000908
966,5120,0.000000902
967,5120,0.000000826
968,5120,0.000000982
969,5120,0.000000855
970,5120,0.000000892
971,5120,0.000000816
972,5120,0.000000982
973,5120,0.000000856
974,5120,0.000000872
975,5120,0.000000830
976,5120,0.000000945
977,5120,0.000000827
978,5120,0.000000838
979,5120,0.000000788
980,5120,0.000001023
981,5120,0.000000905
982,5120,0.000000832
983,5120,0.000000880
984,5120,0.000000955
985,5120,0.000000833
986,5120,0.000000877
987,5120,0.000000796
988,5120,0.000001205
989,5120,0.000000831
990,5120,0.000000882
991,5120,0.000000786
992,5120,0.000001160
993,5120,0.000000901
994,5120,0.000000977
995,5120,0.000000783
996,5120,0.000000854
997,5120,0.000000821
998,5120,0.000000894
999,5120,0.000000773
0,5376,0.000001409
1,5376,0.000000765
2,5376,0.000000745
3,5376,0.000000985
4,5376,0.000000777
5,5376,0.000000790
6,5376,0.000000869
7,5376,0.000001194
8,5376,0.000000813
9,5376,0.000000962
10,5376,0.000000818
11,5376,0.000000733
12,5376,0.000000854
13,5376,0.000000808
14,5376,0.000000789
15,5376,0.000000846
16,5376,0.000000968
17,5376,0.000000755
18,5376,0.000000741
19,5376,0.000000883
20,5376,0.000000837
21,5376,0.000000879
22,5376,0.000000874
23,5376,0.000000791
24,5376,0.000000788
25,5376,0.000000880
26,5376,0.000000813
27,5376,0.000000856
28,5376,0.000000891
29,5376,0.000000808
30,5376,0.000000855
31,5376,0.000000780
32,5376,0.000000902
33,5376,0.000000751
34,5376,0.000000754
35,5376,0.000000864
36,5376,0.000000807
37,5376,0.000000819
38,5376,0.000000970
39,5376,0.000000761
40,5376,0.000000835
41,5376,0.000000964
42,5376,0.000000826
43,5376,0.000000837
44,5376,0.000000905
45,5376,0.000000782
46,5376,0.000000856
47,5376,0.000000735
48,5376,0.000000979
49,5376,0.000000831
50,5376,0.000000759
51,5376,0.000000926
52,5376,0.000000783
53,5376,0.000000793
54,5376,0.000001177
55,5376,0.000000763
56,5376,0.000001115
57,5376,0.000000841
58,5376,0.000000865
59,5376,0.000000780
60,5376,0.000000881
61,5376,0.000000784
62,5376,0.000000902
63,5376,0.000000850
64,5376,0.000000962
65,5376,0.000000774
66,5376,0.000000864
67,5376,0.000001004
68,5376,0.000000785
69,5376,0.000000934
70,5376,0.000000961
71,5376,0.000001189
72,5376,0.000000809
73,5376,0.000000930
74,5376,0.000000862
75,5376,0.000000816
76,5376,0.000000876
77,5376,0.000000799
78,5376,0.000000778
79,5376,0.000000793
80,5376,0.000000983
81,5376,0.000000772
82,5376,0.000000796
83,5376,0.000000901
84,5376,0.000000744
85,5376,0.000000731
86,5376,0.000000867
87,5376,0.000000899
88,5376,0.000000795
89,5376,0.000001034
90,5376,0.000000813
91,5376,0.000000787
92,5376,0.000000856
93,5376,0.000001086
94,5376,0.000000827
95,5376,0.000000803
96,5376,0.000000881
97,5376,0.000000862
98,5376,0.000000763
99,5376,0.000000938
100,5376,0.000000816
101,5376,0.000000892
102,5376,0.000000872
103,5376,0.000000750
104,5376,0.000000778
105,5376,0.000000875
106,5376,0.000000773
107,5376,0.000000817
108,5376,0.000000947
109,5376,0.000000813
110,5376,0.000000857
111,5376,0.000000936
112,5376,0.000000892
113,5376,0.000000837
114,5376,0.000000731
115,5376,0.000000887
116,5376,0.000000782
117,5376,0.000000738
118,5376,0.000000918
119,5376,0.000000772
120,5376,0.000000804
121,5376,0.000000885
122,5376,0.000000840
123,5376,0.000000810
124,5376,0.000000937
125,5376,0.000000830
126,5376,0.000000760
127,5376,0.000000773
128,5376,0.000000876
129,5376,0.000000804
130,5376,0.000000815
131,5376,0.000000929
132,5376,0.000000793
133,5376,0.000000709
134,5376,0.000000861
135,5376,0.000000788
136,5376,0.000000794
137,5376,0.000000997
138,5376,0.000000805
139,5376,0.000000773
140,5376,0.000000905
141,5376,0.000000803
142,5376,0.000000828
143,5376,0.000000816
144,5376,0.000000836
145,5376,0.000000800
146,5376,0.000000810
147,5376,0.000000860
148,5376,0.000000806
149,5376,0.000000810
150,5376,0.000001103
151,5376,0.000000809
152,5376,0.000000779
153,5376,0.000000860
154,5376,0.000000824
155,5376,0.000000824
156,5376,0.000000946
157,5376,0.000000801
158,5376,0.000000799
159,5376,0.000000714
160,5376,0.000000827
161,5376,0.000000743
162,5376,0.000000766
163,5376,0.000000906
164,5376,0.000000748
165,5376,0.000000740
166,5376,0.000000855
167,5376,0.000000800
168,5376,0.000000923
169,5376,0.000000881
170,5376,0.000000846
171,5376,0.000000783
172,5376,0.000000878
173,5376,0.000000817
174,5376,0.000000811
175,5376,0.000000729
176,5376,0.000000867
177,5376,0.000000793
178,5376,0.000000826
179,5376,0.000000896
180,5376,0.000000769
181,5376,0.000000795
182,5376,0.000000865
183,5376,0.000000877
184,5376,0.000000765
185,5376,0.000000850
186,5376,0.000000816
187,5376,0.000000787
188,5376,0.000000868
189,5376,0.000000736
190,5376,0.000000800
191,5376,0.000000735
192,5376,0.000000808
193,5376,0.000001045
194,5376,0.000000806
195,5376,0.000000928
196,5376,0.000000788
197,5376,0.000000739
198,5376,0.000000909
199,5376,0.000000812
200,5376,0.000000772
201,5376,0.000000875
202,5376,0.000000802
203,5376,0.000000815
204,5376,0.000001220
205,5376,0.000000861
206,5376,0.000000768
207,5376,0.000000800
208,5376,0.000000951
209,5376,0.000001090
210,5376,0.000000747
211,5376,0.000000835
212,5376,0.000000766
213,5376,0.000000871
214,5376,0.000000939
215,5376,0.000000865
216,5376,0.000000779
217,5376,0.000000859
218,5376,0.000000792
219,5376,0.000000748
220,5376,0.000000893
221,5376,0.000000837
222,5376,0.000000858
223,5376,0.000000835
224,5376,0.000000868
225,5376,0.000000786
226,5376,0.000000786
227,5376,0.000000892
228,5376,0.000000758
229,5376,0.000000792
230,5376,0.000000928
231,5376,0.000000920
232,5376,0.000000771
233,5376,0.000001092
234,5376,0.000000794
235,5376,0.000000786
236,5376,0.000000952
237,5376,0.000000755
238,5376,0.000000849
239,5376,0.000000740
240,5376,0.000000849
241,5376,0.000000747
242,5376,0.000000754
243,5376,0.000000885
244,5376,0.000000800
245,5376,0.000000735
246,5376,0.000000870
247,5376,0.000000813
248,5376,0.000000771
249,5376,0.000000930
250,5376,0.000000798
251,5376,0.000000732
252,5376,0.000000875
253,5376,0.000000797
254,5376,0.000000789
255,5376,0.000000806
256,5376,0.000001231
257,5376,0.000000809
258,5376,0.000000861
259,5376,0.000000910
260,5376,0.000000784
261,5376,0.000000798
262,5376,0.000001206
263,5376,0.000000772
264,5376,0.000000778
265,5376,0.000000920
266,5376,0.000000806
267,5376,0.000000774
268,5376,0.000000866
269,5376,0.000000782
270,5376,0.000000741
271,5376,0.000000760
272,5376,0.000000831
273,5376,0.000000741
274,5376,0.000000836
275,5376,0.000000938
276,5376,0.000000832
277,5376,0.000000731
278,5376,0.000001091
279,5376,0.000000806
280,5376,0.000000795
281,5376,0.000000834
282,5376,0.000001148
283,5376,0.000000772
284,5376,0.000000990
285,5376,0.000000772
286,5376,0.000000761
287,5376,0.000000746
288,5376,0.000000825
289,5376,0.000000764
290,5376,0.000000734
291,5376,0.000001049
292,5376,0.000000758
293,5376,0.000000832
294,5376,0.000000909
295,5376,0.000000813
296,5376,0.000000796
297,5376,0.000000939
298,5376,0.000001145
299,5376,0.000000839
300,5376,0.000000880
301,5376,0.000000815
302,5376,0.000000842
303,5376,0.000000770
304,5376,0.000000870
305,5376,0.000000755
306,5376,0.000000821
307,5376,0.000000877
308,5376,0.000000776
309,5376,0.000000810
310,5376,0.000000875
311,5376,0.000000841
312,5376,0.000000842
313,5376,0.000000925
314,5376,0.000000866
315,5376,0.000000784
316,5376,0.000000905
317,5376,0.000000790
318,5376,0.000001078
319,5376,0.000000719
320,5376,0.000000902
321,5376,0.000000779
322,5376,0.000000795
323,5376,0.000000875
324,5376,0.000000774
325,5376,0.000000774
326,5376,0.000000868
327,5376,0.000000810
328,5376,0.000000815
329,5376,0.000000939
330,5376,0.000000845
331,5376,0.000000832
332,5376,0.000000820
333,5376,0.000000793
334,5376,0.000000753
335,5376,0.000000771
336,5376,0.000000954
337,5376,0.000000801
338,5376,0.000000881
339,5376,0.000000853
340,5376,0.000000909
341,5376,0.000000731
342,5376,0.000000913
343,5376,0.000000763
344,5376,0.000000801
345,5376,0.000000829
346,5376,0.000000808
347,5376,0.000000810
348,5376,0.000000849
349,5376,0.000000783
350,5376,0.000000787
351,5376,0.000000787
352,5376,0.000001226
353,5376,0.000000774
354,5376,0.000000794
355,5376,0.000001174
356,5376,0.000000769
357,5376,0.000000859
358,5376,0.000000845
359,5376,0.000000839
360,5376,0.000000783
361,5376,0.000000881
362,5376,0.000000770
363,5376,0.000001164
364,5376,0.000000939
365,5376,0.000000857
366,5376,0.000000806
367,5376,0.000000699
368,5376,0.000000868
369,5376,0.000000780
370,5376,0.000000838
371,5376,0.000000887
372,5376,0.000000832
373,5376,0.000000775
374,5376,0.000000939
375,5376,0.000000806
376,5376,0.000000776
377,5376,0.000000921
378,5376,0.000000805
379,5376,0.000000824
380,5376,0.000000934
381,5376,0.000000785
382,5376,0.000000764
383,5376,0.000000750
384,5376,0.000000874
385,5376,0.000000806
386,5376,0.000000808
387,5376,0.000001007
388,5376,0.000000792
389,5376,0.000000896
390,5376,0.000001093
391,5376,0.000001014
392,5376,0.000000782
393,5376,0.000000963
394,5376,0.000000770
395,5376,0.000000777
396,5376,0.000000856
397,5376,0.000000797
398,5376,0.000000783
399,5376,0.000000739
400,5376,0.000000873
401,5376,0.000000768
402,5376,0.000000744
403,5376,0.000000878
404,5376,0.000000764
405,5376,0.000000790
406,5376,0.000000886
407,5376,0.000000809
408,5376,0.000000772
409,5376,0.000000913
410,5376,0.000000786
411,5376,0.000000804
412,5376,0.000000816
413,5376,0.000000843
414,5376,0.000000756
415,5376,0.000000897
416,5376,0.000000834
417,5376,0.000000793
418,5376,0.000000744
419,5376,0.000000969
420,5376,0.000000797
421,5376,0.000000812
422,5376,0.000000945
423,5376,0.000000838
424,5376,0.000000831
425,5376,0.000000859
426,5376,0.000000854
427,5376,0.000000777
428,5376,0.000001475
429,5376,0.000000797
430,5376,0.000000797
431,5376,0.000000745
432,5376,0.000000875
433,5376,0.000000829
434,5376,0.000000751
435,5376,0.000000844
436,5376,0.000000760
437,5376,0.000000799
438,5376,0.000001035
439,5376,0.000000794
440,5376,0.000000783
441,5376,0.000000862
442,5376,0.000000755
443,5376,0.000000769
444,5376,0.000000917
445,5376,0.000000772
446,5376,0.000000758
447,5376,0.000000735
448,5376,0.000000863
449,5376,0.000000753
450,5376,0.000000818
451,5376,0.000000872
452,5376,0.000000774
453,5376,0.000001243
454,5376,0.000000896
455,5376,0.000000802
456,5376,0.000000788
457,5376,0.000001064
458,5376,0.000000781
459,5376,0.000000862
460,5376,0.000000936
461,5376,0.000000784
462,5376,0.000000793
463,5376,0.000000738
464,5376,0.000000851
465,5376,0.000000777
466,5376,0.000000843
467,5376,0.000000924
468,5376,0.000000745
469,5376,0.000000777
470,5376,0.000000877
471,5376,0.000000806
472,5376,0.000000812
473,5376,0.000000858
474,5376,0.000000778
475,5376,0.000000733
476,5376,0.000000952
477,5376,0.000000775
478,5376,0.000000786
479,5376,0.000000749
480,5376,0.000000869
481,5376,0.000000782
482,5376,0.000000861
483,5376,0.000000861
484,5376,0.000000779
485,5376,0.000000797
486,5376,0.000000927
487,5376,0.000000784
488,5376,0.000000825
489,5376,0.000000907
490,5376,0.000000797
491,5376,0.000000805
492,5376,0.000000995
493,5376,0.000000784
494,5376,0.000000786
495,5376,0.000000724
496,5376,0.000000823
497,5376,0.000000759
498,5376,0.000000696
499,5376,0.000000881
500,5376,0.000000756
501,5376,0.000000875
502,5376,0.000000873
503,5376,0.000000821
504,5376,0.000000852
505,5376,0.000000851
506,5376,0.000000797
507,5376,0.000000803
508,5376,0.000000939
509,5376,0.000000857
510,5376,0.000000765
511,5376,0.000000731
512,5376,0.000001032
513,5376,0.000000806
514,5376,0.000000771
515,5376,0.000000950
516,5376,0.000000822
517,5376,0.000000754
518,5376,0.000000877
519,5376,0.000000813
520,5376,0.000000775
521,5376,0.000000841
522,5376,0.000000790
523,5376,0.000000767
524,5376,0.000000971
525,5376,0.000000777
526,5376,0.000000769
527,5376,0.000000695
528,5376,0.000000996
529,5376,0.000000790
530,5376,0.000000790
531,5376,0.000000851
532,5376,0.000000817
533,5376,0.000000800
534,5376,0.000000941
535,5376,0.000000821
536,5376,0.000000806
537,5376,0.000001220
538,5376,0.000001038
539,5376,0.000000780
540,5376,0.000000832
541,5376,0.000000794
542,5376,0.000000788
543,5376,0.000000747
544,5376,0.000000855
545,5376,0.000000756
546,5376,0.000000760
547,5376,0.000000870
548,5376,0.000001107
549,5376,0.000000775
550,5376,0.000001082
551,5376,0.000001166
552,5376,0.000001142
553,5376,0.000001212
554,5376,0.000001078
555,5376,0.000001100
556,5376,0.000001173
557,5376,0.000000938
558,5376,0.000000981
559,5376,0.000001186
560,5376,0.000001049
561,5376,0.000001197
562,5376,0.000001020
563,5376,0.000001328
564,5376,0.000001015
565,5376,0.000000954
566,5376,0.000001152
567,5376,0.000001540
568,5376,0.000001262
569,5376,0.000000929
570,5376,0.000001095
571,5376,0.000000781
572,5376,0.000001095
573,5376,0.000000816
574,5376,0.000001190
575,5376,0.000000733
576,5376,0.000000819
577,5376,0.000000738
578,5376,0.000000798
579,5376,0.000000935
580,5376,0.000000785
581,5376,0.000000792
582,5376,0.000000876
583,5376,0.000000823
584,5376,0.000000823
585,5376,0.000000872
586,5376,0.000000776
587,5376,0.000000766
588,5376,0.000000893
589,5376,0.000000798
590,5376,0.000000838
591,5376,0.000000747
592,5376,0.000000861
593,5376,0.000000818
594,5376,0.000000823
595,5376,0.000000881
596,5376,0.000000810
597,5376,0.000000787
598,5376,0.000000921
599,5376,0.000000837
600,5376,0.000000732
601,5376,0.000015448
602,5376,0.000000827
603,5376,0.000000954
604,5376,0.000000912
605,5376,0.000000825
606,5376,0.000000762
607,5376,0.000000868
608,5376,0.000000905
609,5376,0.000000759
610,5376,0.000000790
611,5376,0.000000919
612,5376,0.000000770
613,5376,0.000000808
614,5376,0.000001009
615,5376,0.000001041
616,5376,0.000001047
617,5376,0.000001198
618,5376,0.000001271
619,5376,0.000001059
620,5376,0.000013889
621,5376,0.000001176
622,5376,0.000001054
623,5376,0.000001234
624,5376,0.000001786
625,5376,0.000000778
626,5376,0.000000840
627,5376,0.000000853
628,5376,0.000000787
629,5376,0.000000779
630,5376,0.000000884
631,5376,0.000000772
632,5376,0.000000796
633,5376,0.000001051
634,5376,0.000000806
635,5376,0.000000800
636,5376,0.000000913
637,5376,0.000000792
638,5376,0.000000855
639,5376,0.000000714
640,5376,0.000000820
641,5376,0.000000783
642,5376,0.000000774
643,5376,0.000000903
644,5376,0.000000860
645,5376,0.000000848
646,5376,0.000000936
647,5376,0.000000838
648,5376,0.000000783
649,5376,0.000001121
650,5376,0.000000796
651,5376,0.000001070
652,5376,0.000000913
653,5376,0.000000914
654,5376,0.000000915
655,5376,0.000001034
656,5376,0.000000825
657,5376,0.000001136
658,5376,0.000000742
659,5376,0.000000971
660,5376,0.000000806
661,5376,0.000000803
662,5376,0.000000856
663,5376,0.000000765
664,5376,0.000000725
665,5376,0.000000951
666,5376,0.000000804
667,5376,0.000000790
668,5376,0.000000861
669,5376,0.000000813
670,5376,0.000000742
671,5376,0.000000800
672,5376,0.000000825
673,5376,0.000000923
674,5376,0.000000860
675,5376,0.000000852
676,5376,0.000000799
677,5376,0.000000947
678,5376,0.000001009
679,5376,0.000001136
680,5376,0.000000774
681,5376,0.000000933
682,5376,0.000000793
683,5376,0.000000762
684,5376,0.000000875
685,5376,0.000000792
686,5376,0.000000919
687,5376,0.000000748
688,5376,0.000000840
689,5376,0.000000789
690,5376,0.000000815
691,5376,0.000000938
692,5376,0.000000792
693,5376,0.000000768
694,5376,0.000000819
695,5376,0.000000794
696,5376,0.000000774
697,5376,0.000000909
698,5376,0.000000777
699,5376,0.000000770
700,5376,0.000000896
701,5376,0.000000788
702,5376,0.000000944
703,5376,0.000000739
704,5376,0.000000867
705,5376,0.000000719
706,5376,0.000000748
707,5376,0.000000866
708,5376,0.000000792
709,5376,0.000000785
710,5376,0.000000889
711,5376,0.000000981
712,5376,0.000000778
713,5376,0.000001254
714,5376,0.000000931
715,5376,0.000000740
716,5376,0.000000911
717,5376,0.000000797
718,5376,0.000000856
719,5376,0.000000797
720,5376,0.000000917
721,5376,0.000000772
722,5376,0.000000999
723,5376,0.000000885
724,5376,0.000000808
725,5376,0.000000825
726,5376,0.000000864
727,5376,0.000000824
728,5376,0.000000773
729,5376,0.000000858
730,5376,0.000000860
731,5376,0.000000835
732,5376,0.000000851
733,5376,0.000000782
734,5376,0.000000751
735,5376,0.000000754
736,5376,0.000000821
737,5376,0.000000799
738,5376,0.000000850
739,5376,0.000000987
740,5376,0.000000832
741,5376,0.000000754
742,5376,0.000000875
743,5376,0.000000791
744,5376,0.000000728
745,5376,0.000000876
746,5376,0.000000799
747,5376,0.000000791
748,5376,0.000000891
749,5376,0.000001134
750,5376,0.000000781
751,5376,0.000001106
752,5376,0.000000850
753,5376,0.000001126
754,5376,0.000000801
755,5376,0.000000872
756,5376,0.000000788
757,5376,0.000000760
758,5376,0.000000871
759,5376,0.000000784
760,5376,0.000000804
761,5376,0.000001028
762,5376,0.000000797
763,5376,0.000000806
764,5376,0.000001123
765,5376,0.000000884
766,5376,0.000000779
767,5376,0.000000742
768,5376,0.000000823
769,5376,0.000000827
770,5376,0.000000792
771,5376,0.000000890
772,5376,0.000000846
773,5376,0.000000982
774,5376,0.000000965
775,5376,0.000000851
776,5376,0.000000839
777,5376,0.000001299
778,5376,0.000000816
779,5376,0.000000954
780,5376,0.000001037
781,5376,0.000000774
782,5376,0.000000857
783,5376,0.000000812
784,5376,0.000001192
785,5376,0.000000798
786,5376,0.000000874
787,5376,0.000000942
788,5376,0.000000796
789,5376,0.000001159
790,5376,0.000000963
791,5376,0.000000888
792,5376,0.000000824
793,5376,0.000000976
794,5376,0.000000913
795,5376,0.000000801
796,5376,0.000000888
797,5376,0.000000803
798,5376,0.000000831
799,5376,0.000000817
800,5376,0.000000895
801,5376,0.000000921
802,5376,0.000000945
803,5376,0.000000963
804,5376,0.000000770
805,5376,0.000000773
806,5376,0.000000894
807,5376,0.000000864
808,5376,0.000000803
809,5376,0.000001001
810,5376,0.000000846
811,5376,0.000000870
812,5376,0.000000937
813,5376,0.000000847
814,5376,0.000000851
815,5376,0.000000716
816,5376,0.000000942
817,5376,0.000000845
818,5376,0.000000848
819,5376,0.000001366
820,5376,0.000000796
821,5376,0.000001353
822,5376,0.000000969
823,5376,0.000000815
824,5376,0.000000892
825,5376,0.000001032
826,5376,0.000000862
827,5376,0.000000966
828,5376,0.000001093
829,5376,0.000001022
830,5376,0.000000917
831,5376,0.000000881
832,5376,0.000000921
833,5376,0.000000922
834,5376,0.000000831
835,5376,0.000001101
836,5376,0.000000794
837,5376,0.000001053
838,5376,0.000000923
839,5376,0.000000771
840,5376,0.000000856
841,5376,0.000001124
842,5376,0.000000802
843,5376,0.000000913
844,5376,0.000000919
845,5376,0.000000967
846,5376,0.000000838
847,5376,0.000000763
848,5376,0.000000939
849,5376,0.000000782
850,5376,0.000000796
851,5376,0.000000887
852,5376,0.000000825
853,5376,0.000000803
854,5376,0.000000908
855,5376,0.000000813
856,5376,0.000000796
857,5376,0.000000951
858,5376,0.000000774
859,5376,0.000000835
860,5376,0.000000936
861,5376,0.000000792
862,5376,0.000000797
863,5376,0.000015319
864,5376,0.000000915
865,5376,0.000000798
866,5376,0.000000780
867,5376,0.000000922
868,5376,0.000000821
869,5376,0.000000907
870,5376,0.000001032
871,5376,0.000000906
872,5376,0.000000793
873,5376,0.000000903
874,5376,0.000000847
875,5376,0.000000813
876,5376,0.000000996
877,5376,0.000000845
878,5376,0.000000807
879,5376,0.000000776
880,5376,0.000000938
881,5376,0.000000821
882,5376,0.000000849
883,5376,0.000000935
884,5376,0.000000800
885,5376,0.000009345
886,5376,0.000001067
887,5376,0.000000808
888,5376,0.000000781
889,5376,0.000000953
890,5376,0.000000811
891,5376,0.000013282
892,5376,0.000001172
893,5376,0.000001112
894,5376,0.000000887
895,5376,0.000000784
896,5376,0.000000826
897,5376,0.000001112
898,5376,0.000000784
899,5376,0.000001244
900,5376,0.000000761
901,5376,0.000000779
902,5376,0.000000897
903,5376,0.000000812
904,5376,0.000000788
905,5376,0.000000935
906,5376,0.000000856
907,5376,0.000000786
908,5376,0.000001003
909,5376,0.000000841
910,5376,0.000000867
911,5376,0.000000805
912,5376,0.000001170
913,5376,0.000000793
914,5376,0.000000731
915,5376,0.000000858
916,5376,0.000000838
917,5376,0.000000807
918,5376,0.000001015
919,5376,0.000000913
920,5376,0.000000838
921,5376,0.000000969
922,5376,0.000000813
923,5376,0.000000790
924,5376,0.000000962
925,5376,0.000000821
926,5376,0.000000799
927,5376,0.000000744
928,5376,0.000000896
929,5376,0.000000776
930,5376,0.000000876
931,5376,0.000000865
932,5376,0.000000778
933,5376,0.000000855
934,5376,0.000001094
935,5376,0.000000821
936,5376,0.000000845
937,5376,0.000000949
938,5376,0.000000807
939,5376,0.000000790
940,5376,0.000000914
941,5376,0.000000783
942,5376,0.000000797
943,5376,0.000000761
944,5376,0.000000834
945,5376,0.000000858
946,5376,0.000000845
947,5376,0.000000925
948,5376,0.000000810
949,5376,0.000000785
950,5376,0.000000945
951,5376,0.000000799
952,5376,0.000000958
953,5376,0.000000895
954,5376,0.000001145
955,5376,0.000000848
956,5376,0.000000943
957,5376,0.000000807
958,5376,0.000000857
959,5376,0.000000823
960,5376,0.000000864
961,5376,0.000000802
962,5376,0.000000803
963,5376,0.000000894
964,5376,0.000000812
965,5376,0.000000787
966,5376,0.000000930
967,5376,0.000000834
968,5376,0.000000816
969,5376,0.000000954
970,5376,0.000000809
971,5376,0.000000781
972,5376,0.000000996
973,5376,0.000000789
974,5376,0.000001002
975,5376,0.000000831
976,5376,0.000000857
977,5376,0.000000781
978,5376,0.000000795
979,5376,0.000000878
980,5376,0.000000797
981,5376,0.000000834
982,5376,0.000000953
983,5376,0.000000881
984,5376,0.000000795
985,5376,0.000000981
986,5376,0.000000806
987,5376,0.000000802
988,5376,0.000001002
989,5376,0.000000794
990,5376,0.000001053
991,5376,0.000000791
992,5376,0.000000845
993,5376,0.000000821
994,5376,0.000000843
995,5376,0.000000892
996,5376,0.000000807
997,5376,0.000000793
998,5376,0.000000917
999,5376,0.000000815
0,5632,0.000001183
1,5632,0.000000787
2,5632,0.000000927
3,5632,0.000000767
4,5632,0.000000719
5,5632,0.000000845
6,5632,0.000000802
7,5632,0.000000720
8,5632,0.000000822
9,5632,0.000000788
10,5632,0.000000851
11,5632,0.000000775
12,5632,0.000000727
13,5632,0.000000861
14,5632,0.000001067
15,5632,0.000000809
16,5632,0.000000893
17,5632,0.000000763
18,5632,0.000000845
19,5632,0.000000759
20,5632,0.000000783
21,5632,0.000000874
22,5632,0.000000799
23,5632,0.000000786
24,5632,0.000000856
25,5632,0.000000772
26,5632,0.000000788
27,5632,0.000000800
28,5632,0.000000800
29,5632,0.000000917
30,5632,0.000000843
31,5632,0.000000809
32,5632,0.000000836
33,5632,0.000000803
34,5632,0.000000848
35,5632,0.000000775
36,5632,0.000000824
37,5632,0.000000930
38,5632,0.000000813
39,5632,0.000001069
40,5632,0.000000903
41,5632,0.000001019
42,5632,0.000000855
43,5632,0.000000759
44,5632,0.000000840
45,5632,0.000001161
46,5632,0.000000842
47,5632,0.000001182
48,5632,0.000000804
49,5632,0.000000824
50,5632,0.000000869
51,5632,0.000001148
52,5632,0.000000780
53,5632,0.000000875
54,5632,0.000000756
55,5632,0.000000722
56,5632,0.000000876
57,5632,0.000000761
58,5632,0.000001558
59,5632,0.000000862
60,5632,0.000000743
61,5632,0.000000919
62,5632,0.000000766
63,5632,0.000000783
64,5632,0.000000894
65,5632,0.000000763
66,5632,0.000001157
67,5632,0.000000869
68,5632,0.000000822
69,5632,0.000000876
70,5632,0.000000836
71,5632,0.000000856
72,5632,0.000000813
73,5632,0.000000783
74,5632,0.000000867
75,5632,0.000000860
76,5632,0.000000762
77,5632,0.000000852
78,5632,0.000000780
79,5632,0.000000813
80,5632,0.000000832
81,5632,0.000000773
82,5632,0.000001009
83,5632,0.000000789
84,5632,0.000000778
85,5632,0.000000928
86,5632,0.000000789
87,5632,0.000000786
88,5632,0.000000805
89,5632,0.000000781
90,5632,0.000000978
91,5632,0.000000785
92,5632,0.000000831
93,5632,0.000000900
94,5632,0.000000807
95,5632,0.000000797
96,5632,0.000000882
97,5632,0.000000801
98,5632,0.000000854
99,5632,0.000000764
100,5632,0.000001094
101,5632,0.000000901
102,5632,0.000000780
103,5632,0.000000787
104,5632,0.000001233
105,5632,0.000000834
106,5632,0.000001156
107,5632,0.000000837
108,5632,0.000000722
109,5632,0.000000894
110,5632,0.000000805
111,5632,0.000000747
112,5632,0.000000800
113,5632,0.000000837
114,5632,0.000000891
115,5632,0.000000816
116,5632,0.000000818
117,5632,0.000000929
118,5632,0.000000852
119,5632,0.000000710
120,5632,0.000000819
121,5632,0.000000771
122,5632,0.000000891
123,5632,0.000000807
124,5632,0.000000822
125,5632,0.000000855
126,5632,0.000000788
127,5632,0.000000703
128,5632,0.000000812
129,5632,0.000000801
130,5632,0.000000902
131,5632,0.000000849
132,5632,0.000000772
133,5632,0.000000865
134,5632,0.000000788
135,5632,0.000000778
136,5632,0.000000872
137,5632,0.000000784
138,5632,0.000000894
139,5632,0.000000834
140,5632,0.000000793
141,5632,0.000000873
142,5632,0.000000795
143,5632,0.000000769
144,5632,0.000000891
145,5632,0.000000855
146,5632,0.000000857
147,5632,0.000000838
148,5632,0.000000846
149,5632,0.000000940
150,5632,0.000000794
151,5632,0.000000835
152,5632,0.000000814
153,5632,0.000000769
154,5632,0.000000805
155,5632,0.000000786
156,5632,0.000000800
157,5632,0.000000859
158,5632,0.000000742
159,5632,0.000000786
160,5632,0.000000857
161,5632,0.000000738
162,5632,0.000000922
163,5632,0.000001140
164,5632,0.000000795
165,5632,0.000000863
166,5632,0.000000827
167,5632,0.000000849
168,5632,0.000000830
169,5632,0.000000769
170,5632,0.000000938
171,5632,0.000000821
172,5632,0.000000782
173,5632,0.000000889
174,5632,0.000000797
175,5632,0.000000830
176,5632,0.000000840
177,5632,0.000000817
178,5632,0.000000942
179,5632,0.000000754
180,5632,0.000000778
181,5632,0.000000903
182,5632,0.000000758
183,5632,0.000000768
184,5632,0.000000771
185,5632,0.000000774
186,5632,0.000000908
187,5632,0.000000797
188,5632,0.000000754
189,5632,0.000000928
190,5632,0.000000804
191,5632,0.000000785
192,5632,0.000000804
193,5632,0.000000790
194,5632,0.000000854
195,5632,0.000000813
196,5632,0.000000875
197,5632,0.000001271
198,5632,0.000000811
199,5632,0.000000856
200,5632,0.000000788
201,5632,0.000000767
202,5632,0.000000816
203,5632,0.000000803
204,5632,0.000000793
205,5632,0.000001015
206,5632,0.000000851
207,5632,0.000000736
208,5632,0.000000976
209,5632,0.000000758
210,5632,0.000001106
211,5632,0.000000860
212,5632,0.000001207
213,5632,0.000000946
214,5632,0.000001016
215,5632,0.000000779
216,5632,0.000000842
217,5632,0.000000778
218,5632,0.000000895
219,5632,0.000000793
220,5632,0.000000829
221,5632,0.000000878
222,5632,0.000000817
223,5632,0.000000759
224,5632,0.000000856
225,5632,0.000000791
226,5632,0.000000825
227,5632,0.000000834
228,5632,0.000000784
229,5632,0.000000874
230,5632,0.000000838
231,5632,0.000000792
232,5632,0.000000843
233,5632,0.000000784
234,5632,0.000000834
235,5632,0.000000793
236,5632,0.000000800
237,5632,0.000000870
238,5632,0.000000865
239,5632,0.000000800
240,5632,0.000000792
241,5632,0.000000729
242,5632,0.000000885
243,5632,0.000000856
244,5632,0.000000865
245,5632,0.000000884
246,5632,0.000000808
247,5632,0.000000814
248,5632,0.000001267
249,5632,0.000000792
250,5632,0.000000839
251,5632,0.000000773
252,5632,0.000000795
253,5632,0.000000846
254,5632,0.000000760
255,5632,0.000000799
256,5632,0.000000806
257,5632,0.000000984
258,5632,0.000000866
259,5632,0.000001090
260,5632,0.000000782
261,5632,0.000000866
262,5632,0.000000814
263,5632,0.000000837
264,5632,0.000000823
265,5632,0.000000788
266,5632,0.000000897
267,5632,0.000000797
268,5632,0.000000760
269,5632,0.000000861
270,5632,0.000001130
271,5632,0.000000831
272,5632,0.000000795
273,5632,0.000000771
274,5632,0.000000881
275,5632,0.000000770
276,5632,0.000000875
277,5632,0.000000887
278,5632,0.000000814
279,5632,0.000001037
280,5632,0.000000867
281,5632,0.000000833
282,5632,0.000000866
283,5632,0.000000867
284,5632,0.000000770
285,5632,0.000000989
286,5632,0.000000810
287,5632,0.000000800
288,5632,0.000000941
289,5632,0.000000825
290,5632,0.000000926
291,5632,0.000000760
292,5632,0.000000750
293,5632,0.000000879
294,5632,0.000000773
295,5632,0.000000877
296,5632,0.000000809
297,5632,0.000000842
298,5632,0.000000987
299,5632,0.000000853
300,5632,0.000000842
301,5632,0.000001068
302,5632,0.000000811
303,5632,0.000001019
304,5632,0.000000838
305,5632,0.000000788
306,5632,0.000000889
307,5632,0.000001146
308,5632,0.000000775
309,5632,0.000000845
310,5632,0.000000760
311,5632,0.000000753
312,5632,0.000001045
313,5632,0.000000785
314,5632,0.000000894
315,5632,0.000000781
316,5632,0.000001055
317,5632,0.000000857
318,5632,0.000000917
319,5632,0.000000762
320,5632,0.000000974
321,5632,0.000000793
322,5632,0.000000941
323,5632,0.000000799
324,5632,0.000000750
325,5632,0.000000886
326,5632,0.000000773
327,5632,0.000000803
328,5632,0.000000803
329,5632,0.000000749
330,5632,0.000000868
331,5632,0.000000809
332,5632,0.000000752
333,5632,0.000000859
334,5632,0.000000787
335,5632,0.000000777
336,5632,0.000000877
337,5632,0.000000740
338,5632,0.000000878
339,5632,0.000000785
340,5632,0.000000754
341,5632,0.000000949
342,5632,0.000000754
343,5632,0.000000781
344,5632,0.000000838
345,5632,0.000000740
346,5632,0.000001013
347,5632,0.000000803
348,5632,0.000000878
349,5632,0.000000955
350,5632,0.000000915
351,5632,0.000000835
352,5632,0.000000836
353,5632,0.000000809
354,5632,0.000001169
355,5632,0.000000880
356,5632,0.000000775
357,5632,0.000000946
358,5632,0.000000769
359,5632,0.000000803
360,5632,0.000000818
361,5632,0.000000866
362,5632,0.000000862
363,5632,0.000001172
364,5632,0.000000694
365,5632,0.000000814
366,5632,0.000000793
367,5632,0.000000757
368,5632,0.000000837
369,5632,0.000000922
370,5632,0.000000820
371,5632,0.000000822
372,5632,0.000000875
373,5632,0.000001002
374,5632,0.000000760
375,5632,0.000000806
376,5632,0.000000890
377,5632,0.000000773
378,5632,0.000000891
379,5632,0.000000808
380,5632,0.000000768
381,5632,0.000001101
382,5632,0.000000827
383,5632,0.000000781
384,5632,0.000001245
385,5632,0.000000760
386,5632,0.000000848
387,5632,0.000001082
388,5632,0.000000816
389,5632,0.000000889
390,5632,0.000000812
391,5632,0.000000916
392,5632,0.000000863
393,5632,0.000000777
394,5632,0.000000904
395,5632,0.000000752
396,5632,0.000000857
397,5632,0.000000857
398,5632,0.000000866
399,5632,0.000000736
400,5632,0.000000828
401,5632,0.000000740
402,5632,0.000000997
403,5632,0.000000780
404,5632,0.000000833
405,5632,0.000000981
406,5632,0.000000789
407,5632,0.000000945
408,5632,0.000000836
409,5632,0.000001143
410,5632,0.000000880
411,5632,0.000001000
412,5632,0.000000778
413,5632,0.000000857
414,5632,0.000000770
415,5632,0.000000726
416,5632,0.000000813
417,5632,0.000000770
418,5632,0.000001041
419,5632,0.000000837
420,5632,0.000000801
421,5632,0.000000867
422,5632,0.000001111
423,5632,0.000000702
424,5632,0.000000828
425,5632,0.000000718
426,5632,0.000000825
427,5632,0.000000776
428,5632,0.000000766
429,5632,0.000001272
430,5632,0.000000780
431,5632,0.000000744
432,5632,0.000000868
433,5632,0.000000815
434,5632,0.000000892
435,5632,0.000000784
436,5632,0.000000843
437,5632,0.000000879
438,5632,0.000000899
439,5632,0.000000808
440,5632,0.000000854
441,5632,0.000000816
442,5632,0.000001271
443,5632,0.000000774
444,5632,0.000000741
445,5632,0.000000875
446,5632,0.000000729
447,5632,0.000000733
448,5632,0.000000822
449,5632,0.000000957
450,5632,0.000000994
451,5632,0.000001137
452,5632,0.000001147
453,5632,0.000001101
454,5632,0.000001337
455,5632,0.000001007
456,5632,0.000001256
457,5632,0.000000985
458,5632,0.000001278
459,5632,0.000001103
460,5632,0.000001108
461,5632,0.000001191
462,5632,0.000000989
463,5632,0.000001037
464,5632,0.000001115
465,5632,0.000001175
466,5632,0.000001165
467,5632,0.000000802
468,5632,0.000000778
469,5632,0.000000893
470,5632,0.000001038
471,5632,0.000000794
472,5632,0.000000802
473,5632,0.000000780
474,5632,0.000000844
475,5632,0.000000760
476,5632,0.000000789
477,5632,0.000000875
478,5632,0.000000779
479,5632,0.000000786
480,5632,0.000000824
481,5632,0.000000793
482,5632,0.000000851
483,5632,0.000000845
484,5632,0.000000977
485,5632,0.000000892
486,5632,0.000001032
487,5632,0.000000717
488,5632,0.000000812
489,5632,0.000000773
490,5632,0.000001292
491,5632,0.000000811
492,5632,0.000000777
493,5632,0.000000898
494,5632,0.000000799
495,5632,0.000000821
496,5632,0.000000877
497,5632,0.000000895
498,5632,0.000000867
499,5632,0.000000792
500,5632,0.000000873
501,5632,0.000000865
502,5632,0.000000751
503,5632,0.000000757
504,5632,0.000000880
505,5632,0.000000780
506,5632,0.000000857
507,5632,0.000000878
508,5632,0.000001142
509,5632,0.000000857
510,5632,0.000000777
511,5632,0.000000846
512,5632,0.000000818
513,5632,0.000000763
514,5632,0.000000848
515,5632,0.000000754
516,5632,0.000000795
517,5632,0.000001104
518,5632,0.000000766
519,5632,0.000000808
520,5632,0.000000789
521,5632,0.000000769
522,5632,0.000000837
523,5632,0.000000800
524,5632,0.000000799
525,5632,0.000000839
526,5632,0.000001135
527,5632,0.000000773
528,5632,0.000000819
529,5632,0.000000788
530,5632,0.000000862
531,5632,0.000000775
532,5632,0.000000793
533,5632,0.000000880
534,5632,0.000000781
535,5632,0.000000685
536,5632,0.000000814
537,5632,0.000000851
538,5632,0.000000909
539,5632,0.000000759
540,5632,0.000000743
541,5632,0.000000887
542,5632,0.000001001
543,5632,0.000000819
544,5632,0.000000799
545,5632,0.000000767
546,5632,0.000000986
547,5632,0.000000809
548,5632,0.000000696
549,5632,0.000000939
550,5632,0.000000815
551,5632,0.000001038
552,5632,0.000000821
553,5632,0.000001135
554,5632,0.000000874
555,5632,0.000000837
556,5632,0.000000779
557,5632,0.000001055
558,5632,0.000000800
559,5632,0.000000800
560,5632,0.000000788
561,5632,0.000000800
562,5632,0.000000866
563,5632,0.000000788
564,5632,0.000000859
565,5632,0.000001229
566,5632,0.000001104
567,5632,0.000001202
568,5632,0.000001075
569,5632,0.000001381
570,5632,0.000001178
571,5632,0.000001171
572,5632,0.000001172
573,5632,0.000001206
574,5632,0.000000763
575,5632,0.000000767
576,5632,0.000000830
577,5632,0.000000782
578,5632,0.000000848
579,5632,0.000000795
580,5632,0.000000839
581,5632,0.000000932
582,5632,0.000000720
583,5632,0.000000706
584,5632,0.000000828
585,5632,0.000000775
586,5632,0.000000866
587,5632,0.000000799
588,5632,0.000000795
589,5632,0.000000867
590,5632,0.000000769
591,5632,0.000000734
592,5632,0.000000928
593,5632,0.000000777
594,5632,0.000000853
595,5632,0.000000835
596,5632,0.000000767
597,5632,0.000000846
598,5632,0.000000776
599,5632,0.000000759
600,5632,0.000000865
601,5632,0.000000799
602,5632,0.000000885
603,5632,0.000000789
604,5632,0.000000806
605,5632,0.000000888
606,5632,0.000000787
607,5632,0.000000824
608,5632,0.000000860
609,5632,0.000000759
610,5632,0.000000832
611,5632,0.000000785
612,5632,0.000000765
613,5632,0.000001281
614,5632,0.000000782
615,5632,0.000000811
616,5632,0.000000925
617,5632,0.000000859
618,5632,0.000000854
619,5632,0.000000783
620,5632,0.000000758
621,5632,0.000000956
622,5632,0.000000796
623,5632,0.000000799
624,5632,0.000000872
625,5632,0.000000784
626,5632,0.000000846
627,5632,0.000000929
628,5632,0.000000802
629,5632,0.000000933
630,5632,0.000000781
631,5632,0.000000806
632,5632,0.000000788
633,5632,0.000001098
634,5632,0.000000873
635,5632,0.000000875
636,5632,0.000000805
637,5632,0.000000871
638,5632,0.000000793
639,5632,0.000000794
640,5632,0.000000885
641,5632,0.000000787
642,5632,0.000001050
643,5632,0.000000792
644,5632,0.000000791
645,5632,0.000000881
646,5632,0.000000871
647,5632,0.000000923
648,5632,0.000000816
649,5632,0.000000754
650,5632,0.000000905
651,5632,0.000000787
652,5632,0.000000779
653,5632,0.000000960
654,5632,0.000000788
655,5632,0.000000773
656,5632,0.000000840
657,5632,0.000000777
658,5632,0.000000924
659,5632,0.000000808
660,5632,0.000000905
661,5632,0.000000857
662,5632,0.000001021
663,5632,0.000000776
664,5632,0.000000885
665,5632,0.000000781
666,5632,0.000000835
667,5632,0.000000786
668,5632,0.000000789
669,5632,0.000000861
670,5632,0.000000775
671,5632,0.000001074
672,5632,0.000000846
673,5632,0.000000708
674,5632,0.000000848
675,5632,0.000000825
676,5632,0.000000803
677,5632,0.000000864
678,5632,0.000000821
679,5632,0.000000784
680,5632,0.000001191
681,5632,0.000000784
682,5632,0.000000853
683,5632,0.000000788
684,5632,0.000000794
685,5632,0.000000862
686,5632,0.000000791
687,5632,0.000000807
688,5632,0.000000912
689,5632,0.000000804
690,5632,0.000000933
691,5632,0.000001060
692,5632,0.000000764
693,5632,0.000000851
694,5632,0.000000771
695,5632,0.000000767
696,5632,0.000000827
697,5632,0.000000798
698,5632,0.000000875
699,5632,0.000000810
700,5632,0.000000760
701,5632,0.000000838
702,5632,0.000000781
703,5632,0.000000795
704,5632,0.000000901
705,5632,0.000000780
706,5632,0.000000926
707,5632,0.000000831
708,5632,0.000000796
709,5632,0.000001261
710,5632,0.000000730
711,5632,0.000000744
712,5632,0.000000832
713,5632,0.000000805
714,5632,0.000000885
715,5632,0.000000805
716,5632,0.000000795
717,5632,0.000000867
718,5632,0.000001090
719,5632,0.000000802
720,5632,0.000001164
721,5632,0.000000765
722,5632,0.000009514
723,5632,0.000000906
724,5632,0.000000808
725,5632,0.000001283
726,5632,0.000000822
727,5632,0.000000789
728,5632,0.000000880
729,5632,0.000000787
730,5632,0.000000957
731,5632,0.000000803
732,5632,0.000000785
733,5632,0.000000885
734,5632,0.000000784
735,5632,0.000000833
736,5632,0.000000847
737,5632,0.000000908
738,5632,0.000000873
739,5632,0.000000850
740,5632,0.000000905
741,5632,0.000000933
742,5632,0.000000833
743,5632,0.000000847
744,5632,0.000000954
745,5632,0.000000793
746,5632,0.000000906
747,5632,0.000001299
748,5632,0.000000842
749,5632,0.000000926
750,5632,0.000000825
751,5632,0.000000926
752,5632,0.000000841
753,5632,0.000000771
754,5632,0.000000959
755,5632,0.000001214
756,5632,0.000000800
757,5632,0.000001240
758,5632,0.000000875
759,5632,0.000000793
760,5632,0.000000809
761,5632,0.000000804
762,5632,0.000000878
763,5632,0.000000845
764,5632,0.000000826
765,5632,0.000000985
766,5632,0.000000767
767,5632,0.000000803
768,5632,0.000001070
769,5632,0.000000763
770,5632,0.000000895
771,5632,0.000000863
772,5632,0.000000850
773,5632,0.000001016
774,5632,0.000000859
775,5632,0.000000828
776,5632,0.000000884
777,5632,0.000000916
778,5632,0.000000913
779,5632,0.000000866
780,5632,0.000001190
781,5632,0.000001007
782,5632,0.000001150
783,5632,0.000000757
784,5632,0.000001047
785,5632,0.000000798
786,5632,0.000000919
787,5632,0.000001273
788,5632,0.000000867
789,5632,0.000000999
790,5632,0.000000852
791,5632,0.000000788
792,5632,0.000001275
793,5632,0.000000835
794,5632,0.000000898
795,5632,0.000000850
796,5632,0.000000848
797,5632,0.000000940
798,5632,0.000000794
799,5632,0.000000814
800,5632,0.000000886
801,5632,0.000000777
802,5632,0.000000986
803,5632,0.000000868
804,5632,0.000000786
805,5632,0.000000842
806,5632,0.000000850
807,5632,0.000000755
808,5632,0.000000891
809,5632,0.000000837
810,5632,0.000001057
811,5632,0.000000840
812,5632,0.000000794
813,5632,0.000000914
814,5632,0.000000825
815,5632,0.000000848
816,5632,0.000001218
817,5632,0.000000764
818,5632,0.000001050
819,5632,0.000000789
820,5632,0.000001150
821,5632,0.000000947
822,5632,0.000000816
823,5632,0.000000773
824,5632,0.000000810
825,5632,0.000000795
826,5632,0.000000921
827,5632,0.000000808
828,5632,0.000000816
829,5632,0.000000881
830,5632,0.000000840
831,5632,0.000001082
832,5632,0.000000833
833,5632,0.000000811
834,5632,0.000000924
835,5632,0.000000794
836,5632,0.000000788
837,5632,0.000000907
838,5632,0.000000808
839,5632,0.000000766
840,5632,0.000000894
841,5632,0.000000824
842,5632,0.000000872
843,5632,0.000000819
844,5632,0.000000804
845,5632,0.000000939
846,5632,0.000000848
847,5632,0.000000788
848,5632,0.000000857
849,5632,0.000000939
850,5632,0.000000918
851,5632,0.000000799
852,5632,0.000000809
853,5632,0.000001084
854,5632,0.000000783
855,5632,0.000000732
856,5632,0.000000817
857,5632,0.000000803
858,5632,0.000001024
859,5632,0.000000785
860,5632,0.000000746
861,5632,0.000000868
862,5632,0.000001061
863,5632,0.000000797
864,5632,0.000000843
865,5632,0.000000841
866,5632,0.000000928
867,5632,0.000000839
868,5632,0.000000753
869,5632,0.000000875
870,5632,0.000000779
871,5632,0.000000807
872,5632,0.000000842
873,5632,0.000000781
874,5632,0.000000890
875,5632,0.000000829
876,5632,0.000000811
877,5632,0.000000992
878,5632,0.000000842
879,5632,0.000000816
880,5632,0.000001076
881,5632,0.000000794
882,5632,0.000000930
883,5632,0.000000847
884,5632,0.000001162
885,5632,0.000000896
886,5632,0.000000882
887,5632,0.000000811
888,5632,0.000000850
889,5632,0.000000846
890,5632,0.000001003
891,5632,0.000000807
892,5632,0.000000865
893,5632,0.000000945
894,5632,0.000000814
895,5632,0.000000818
896,5632,0.000000850
897,5632,0.000001040
898,5632,0.000000939
899,5632,0.000000956
900,5632,0.000000821
901,5632,0.000000882
902,5632,0.000000851
903,5632,0.000000863
904,5632,0.000000855
905,5632,0.000000775
906,5632,0.000000890
907,5632,0.000000800
908,5632,0.000000791
909,5632,0.000000903
910,5632,0.000000797
911,5632,0.000000807
912,5632,0.000000871
913,5632,0.000000857
914,5632,0.000000989
915,5632,0.000000810
916,5632,0.000000750
917,5632,0.000000953
918,5632,0.000000806
919,5632,0.000000990
920,5632,0.000000846
921,5632,0.000000787
922,5632,0.000000870
923,5632,0.000000818
924,5632,0.000000820
925,5632,0.000000955
926,5632,0.000000815
927,5632,0.000000750
928,5632,0.000001067
929,5632,0.000000807
930,5632,0.000000965
931,5632,0.000000809
932,5632,0.000000795
933,5632,0.000000897
934,5632,0.000000789
935,5632,0.000000802
936,5632,0.000000863
937,5632,0.000000856
938,5632,0.000000942
939,5632,0.000000803
940,5632,0.000000790
941,5632,0.000001108
942,5632,0.000000799
943,5632,0.000000816
944,5632,0.000000850
945,5632,0.000000791
946,5632,0.000000879
947,5632,0.000000837
948,5632,0.000000787
949,5632,0.000000937
950,5632,0.000000796
951,5632,0.000000793
952,5632,0.000001184
953,5632,0.000000787
954,5632,0.000000917
955,5632,0.000000822
956,5632,0.000000807
957,5632,0.000000916
958,5632,0.000000869
959,5632,0.000000877
960,5632,0.000000930
961,5632,0.000000942
962,5632,0.000000944
963,5632,0.000000818
964,5632,0.000000799
965,5632,0.000000938
966,5632,0.000000793
967,5632,0.000000740
968,5632,0.000000848
969,5632,0.000000800
970,5632,0.000000880
971,5632,0.000000889
972,5632,0.000000846
973,5632,0.000000942
974,5632,0.000000849
975,5632,0.000000754
976,5632,0.000001175
977,5632,0.000000806
978,5632,0.000000881
979,5632,0.000000809
980,5632,0.000000792
981,5632,0.000000899
982,5632,0.000000787
983,5632,0.000000767
984,5632,0.000000896
985,5632,0.000000850
986,5632,0.000000943
987,5632,0.000000808
988,5632,0.000000802
989,5632,0.000000953
990,5632,0.000000818
991,5632,0.000000795
992,5632,0.000000881
993,5632,0.000000794
994,5632,0.000000958
995,5632,0.000000835
996,5632,0.000000807
997,5632,0.000000899
998,5632,0.000001113
999,5632,0.000000808
0,5888,0.000001181
1,5888,0.000000827
2,5888,0.000000939
3,5888,0.000000775
4,5888,0.000000950
5,5888,0.000000810
6,5888,0.000000938
7,5888,0.000000821
8,5888,0.000000780
9,5888,0.000000888
10,5888,0.000000818
11,5888,0.000000808
12,5888,0.000000799
13,5888,0.000000842
14,5888,0.000001088
15,5888,0.000000848
16,5888,0.000000844
17,5888,0.000000810
18,5888,0.000000875
19,5888,0.000000817
20,5888,0.000000901
21,5888,0.000000833
22,5888,0.000000805
23,5888,0.000000845
24,5888,0.000000805
25,5888,0.000001157
26,5888,0.000000808
27,5888,0.000000988
28,5888,0.000000814
29,5888,0.000000960
30,5888,0.000000832
31,5888,0.000001076
32,5888,0.000000882
33,5888,0.000000814
34,5888,0.000000888
35,5888,0.000000839
36,5888,0.000000930
37,5888,0.000000793
38,5888,0.000001040
39,5888,0.000000804
40,5888,0.000000815
41,5888,0.000000863
42,5888,0.000000906
43,5888,0.000000951
44,5888,0.000000793
45,5888,0.000000942
46,5888,0.000000838
47,5888,0.000000821
48,5888,0.000000855
49,5888,0.000000845
50,5888,0.000000870
51,5888,0.000000789
52,5888,0.000000905
53,5888,0.000001001
54,5888,0.000000925
55,5888,0.000000821
56,5888,0.000000792
57,5888,0.000001310
58,5888,0.000000872
59,5888,0.000000875
60,5888,0.000000848
61,5888,0.000001264
62,5888,0.000000895
63,5888,0.000000881
64,5888,0.000000909
65,5888,0.000000784
66,5888,0.000000884
67,5888,0.000000842
68,5888,0.000000933
69,5888,0.000000823
70,5888,0.000000920
71,5888,0.000000782
72,5888,0.000000795
73,5888,0.000000850
74,5888,0.000000788
75,5888,0.000000867
76,5888,0.000000774
77,5888,0.000000841
78,5888,0.000001081
79,5888,0.000000812
80,5888,0.000000859
81,5888,0.000000869
82,5888,0.000000883
83,5888,0.000000837
84,5888,0.000000883
85,5888,0.000000796
86,5888,0.000001033
87,5888,0.000000824
88,5888,0.000000845
89,5888,0.000001059
90,5888,0.000000796
91,5888,0.000000881
92,5888,0.000000835
93,5888,0.000001114
94,5888,0.000000772
95,5888,0.000000779
96,5888,0.000000842
97,5888,0.000000834
98,5888,0.000000868
99,5888,0.000000845
100,5888,0.000000994
101,5888,0.000000855
102,5888,0.000001039
103,5888,0.000000790
104,5888,0.000000792
105,5888,0.000000892
106,5888,0.000000803
107,5888,0.000000857
108,5888,0.000000864
109,5888,0.000000955
110,5888,0.000000824
111,5888,0.000000797
112,5888,0.000000894
113,5888,0.000000840
114,5888,0.000000876
115,5888,0.000000787
116,5888,0.000000935
117,5888,0.000000813
118,5888,0.000000927
119,5888,0.000000786
120,5888,0.000000805
121,5888,0.000000859
122,5888,0.000000759
123,5888,0.000000888
124,5888,0.000001077
125,5888,0.000000921
126,5888,0.000000777
127,5888,0.000000783
128,5888,0.000000868
129,5888,0.000000798
130,5888,0.000000933
131,5888,0.000000789
132,5888,0.000000908
133,5888,0.000000825
134,5888,0.000000921
135,5888,0.000000838
136,5888,0.000000790
137,5888,0.000000871
138,5888,0.000000786
139,5888,0.000000971
140,5888,0.000000753
141,5888,0.000000975
142,5888,0.000000884
143,5888,0.000000796
144,5888,0.000000884
145,5888,0.000000787
146,5888,0.000000896
147,5888,0.000000741
148,5888,0.000001202
149,5888,0.000000819
150,5888,0.000000897
151,5888,0.000000782
152,5888,0.000000806
153,5888,0.000000930
154,5888,0.000000741
155,5888,0.000000901
156,5888,0.000000795
157,5888,0.000001093
158,5888,0.000000831
159,5888,0.000000800
160,5888,0.000000817
161,5888,0.000000800
162,5888,0.000000873
163,5888,0.000000777
164,5888,0.000000921
165,5888,0.000000829
166,5888,0.000000862
167,5888,0.000000819
168,5888,0.000000792
169,5888,0.000000884
170,5888,0.000000786
171,5888,0.000000901
172,5888,0.000000764
173,5888,0.000000957
174,5888,0.000000799
175,5888,0.000000838
176,5888,0.000000809
177,5888,0.000000775
178,5888,0.000000900
179,5888,0.000000788
180,5888,0.000000882
181,5888,0.000000901
182,5888,0.000000944
183,5888,0.000000778
184,5888,0.000000797
185,5888,0.000000892
186,5888,0.000000808
187,5888,0.000000892
188,5888,0.000000796
189,5888,0.000000915
190,5888,0.000000801
191,5888,0.000000748
192,5888,0.000000862
193,5888,0.000000744
194,5888,0.000000894
195,5888,0.000000945
196,5888,0.000000863
197,5888,0.000000805
198,5888,0.000000925
199,5888,0.000000828
200,5888,0.000000784
201,5888,0.000000886
202,5888,0.000000803
203,5888,0.000000894
204,5888,0.000000788
205,5888,0.000000875
206,5888,0.000000809
207,5888,0.000000848
208,5888,0.000000895
209,5888,0.000000867
210,5888,0.000000953
211,5888,0.000000797
212,5888,0.000000898
213,5888,0.000000793
214,5888,0.000000890
215,5888,0.000001026
216,5888,0.000000824
217,5888,0.000000911
218,5888,0.000000786
219,5888,0.000000868
220,5888,0.000000802
221,5888,0.000001259
222,5888,0.000000811
223,5888,0.000000804
224,5888,0.000000841
225,5888,0.000000789
226,5888,0.000000933
227,5888,0.000000792
228,5888,0.000000967
229,5888,0.000000794
230,5888,0.000000902
231,5888,0.000000794
232,5888,0.000000794
233,5888,0.000001023
234,5888,0.000000796
235,5888,0.000000915
236,5888,0.000000743
237,5888,0.000000878
238,5888,0.000000810
239,5888,0.000000864
240,5888,0.000000810
241,5888,0.000000867
242,5888,0.000000889
243,5888,0.000000775
244,5888,0.000000866
245,5888,0.000000823
246,5888,0.000000885
247,5888,0.000000854
248,5888,0.000000766
249,5888,0.000000857
250,5888,0.000000784
251,5888,0.000000905
252,5888,0.000000819
253,5888,0.000000821
254,5888,0.000000851
255,5888,0.000000792
256,5888,0.000000831
257,5888,0.000000792
258,5888,0.000000865
259,5888,0.000000783
260,5888,0.000000887
261,5888,0.000000802
262,5888,0.000000931
263,5888,0.000000867
264,5888,0.000000851
265,5888,0.000000810
266,5888,0.000001080
267,5888,0.000000871
268,5888,0.000000981
269,5888,0.000000898
270,5888,0.000000998
271,5888,0.000000799
272,5888,0.000000881
273,5888,0.000000856
274,5888,0.000001224
275,5888,0.000000809
276,5888,0.000001333
277,5888,0.000000790
278,5888,0.000000865
279,5888,0.000000791
280,5888,0.000000813
281,5888,0.000000884
282,5888,0.000000797
283,5888,0.000000930
284,5888,0.000000800
285,5888,0.000000901
286,5888,0.000000881
287,5888,0.000000807
288,5888,0.000000829
289,5888,0.000000794
290,5888,0.000000857
291,5888,0.000000764
292,5888,0.000000892
293,5888,0.000000793
294,5888,0.000000889
295,5888,0.000000804
296,5888,0.000000800
297,5888,0.000000881
298,5888,0.000001008
299,5888,0.000000881
300,5888,0.000001142
301,5888,0.000000857
302,5888,0.000001137
303,5888,0.000000766
304,5888,0.000000886
305,5888,0.000000780
306,5888,0.000001004
307,5888,0.000000785
308,5888,0.000000996
309,5888,0.000000830
310,5888,0.000000888
311,5888,0.000000789
312,5888,0.000000808
313,5888,0.000000881
314,5888,0.000000738
315,5888,0.000001125
316,5888,0.000000796
317,5888,0.000001132
318,5888,0.000000786
319,5888,0.000001084
320,5888,0.000000872
321,5888,0.000000835
322,5888,0.000000882
323,5888,0.000000762
324,5888,0.000000905
325,5888,0.000000793
326,5888,0.000000923
327,5888,0.000000790
328,5888,0.000000829
329,5888,0.000000876
330,5888,0.000000753
331,5888,0.000000933
332,5888,0.000000791
333,5888,0.000000877
334,5888,0.000000836
335,5888,0.000000790
336,5888,0.000000882
337,5888,0.000000786
338,5888,0.000000891
339,5888,0.000001026
340,5888,0.000000986
341,5888,0.000000922
342,5888,0.000000993
343,5888,0.000000889
344,5888,0.000000817
345,5888,0.000000962
346,5888,0.000000801
347,5888,0.000000896
348,5888,0.000000775
349,5888,0.000000905
350,5888,0.000000822
351,5888,0.000000745
352,5888,0.000000817
353,5888,0.000000830
354,5888,0.000000829
355,5888,0.000000825
356,5888,0.000001146
357,5888,0.000000794
358,5888,0.000000884
359,5888,0.000000877
360,5888,0.000000818
361,5888,0.000000880
362,5888,0.000000783
363,5888,0.000000888
364,5888,0.000000780
365,5888,0.000000855
366,5888,0.000000799
367,5888,0.000000817
368,5888,0.000000852
369,5888,0.000000727
370,5888,0.000000945
371,5888,0.000000790
372,5888,0.000000850
373,5888,0.000000824
374,5888,0.000000912
375,5888,0.000000800
376,5888,0.000000812
377,5888,0.000000843
378,5888,0.000000769
379,5888,0.000001062
380,5888,0.000000723
381,5888,0.000000890
382,5888,0.000000810
383,5888,0.000000738
384,5888,0.000000894
385,5888,0.000000844
386,5888,0.000000860
387,5888,0.000000773
388,5888,0.000000876
389,5888,0.000000882
390,5888,0.000000972
391,5888,0.000000864
392,5888,0.000000818
393,5888,0.000000954
394,5888,0.000001115
395,5888,0.000000914
396,5888,0.000000838
397,5888,0.000000900
398,5888,0.000000753
399,5888,0.000000758
400,5888,0.000000868
401,5888,0.000000795
402,5888,0.000000956
403,5888,0.000000736
404,5888,0.000000874
405,5888,0.000000737
406,5888,0.000001118
407,5888,0.000001097
408,5888,0.000001093
409,5888,0.000001175
410,5888,0.000001064
411,5888,0.000001210
412,5888,0.000001226
413,5888,0.000001210
414,5888,0.000001065
415,5888,0.000001043
416,5888,0.000001330
417,5888,0.000001157
418,5888,0.000001146
419,5888,0.000001061
420,5888,0.000001161
421,5888,0.000001417
422,5888,0.000000925
423,5888,0.000000904
424,5888,0.000000760
425,5888,0.000000906
426,5888,0.000001007
427,5888,0.000000872
428,5888,0.000000788
429,5888,0.000000891
430,5888,0.000000819
431,5888,0.000000809
432,5888,0.000000832
433,5888,0.000000797
434,5888,0.000000833
435,5888,0.000000794
436,5888,0.000000885
437,5888,0.000000815
438,5888,0.000000869
439,5888,0.000000810
440,5888,0.000000816
441,5888,0.000000875
442,5888,0.000000832
443,5888,0.000000871
444,5888,0.000000934
445,5888,0.000000898
446,5888,0.000000973
447,5888,0.000000765
448,5888,0.000001168
449,5888,0.000000857
450,5888,0.000000835
451,5888,0.000000866
452,5888,0.000000817
453,5888,0.000000791
454,5888,0.000000835
455,5888,0.000000729
456,5888,0.000000685
457,5888,0.000000982
458,5888,0.000000789
459,5888,0.000001046
460,5888,0.000000827
461,5888,0.000000849
462,5888,0.000000802
463,5888,0.000000806
464,5888,0.000000835
465,5888,0.000000793
466,5888,0.000000869
467,5888,0.000000804
468,5888,0.000001166
469,5888,0.000000823
470,5888,0.000001062
471,5888,0.000000796
472,5888,0.000000974
473,5888,0.000000889
474,5888,0.000000756
475,5888,0.000000854
476,5888,0.000000805
477,5888,0.000000884
478,5888,0.000000815
479,5888,0.000000871
480,5888,0.000000803
481,5888,0.000000896
482,5888,0.000000874
483,5888,0.000001122
484,5888,0.000000879
485,5888,0.000000829
486,5888,0.000000937
487,5888,0.000000770
488,5888,0.000000751
489,5888,0.000000922
490,5888,0.000000798
491,5888,0.000000842
492,5888,0.000000772
493,5888,0.000000846
494,5888,0.000001157
495,5888,0.000000826
496,5888,0.000000850
497,5888,0.000000758
498,5888,0.000000861
499,5888,0.000000791
500,5888,0.000000877
501,5888,0.000000816
502,5888,0.000000826
503,5888,0.000000809
504,5888,0.000000785
505,5888,0.000000887
506,5888,0.000000804
507,5888,0.000000881
508,5888,0.000000771
509,5888,0.000000859
510,5888,0.000013747
511,5888,0.000000776
512,5888,0.000000852
513,5888,0.000001031
514,5888,0.000000979
515,5888,0.000000822
516,5888,0.000000844
517,5888,0.000000849
518,5888,0.000001002
519,5888,0.000001037
520,5888,0.000001129
521,5888,0.000001264
522,5888,0.000001244
523,5888,0.000001265
524,5888,0.000001093
525,5888,0.000001237
526,5888,0.000001103
527,5888,0.000001121
528,5888,0.000001417
529,5888,0.000000816
530,5888,0.000000927
531,5888,0.000000814
532,5888,0.000000884
533,5888,0.000000980
534,5888,0.000000958
535,5888,0.000013678
536,5888,0.000000769
537,5888,0.000000878
538,5888,0.000000792
539,5888,0.000000938
540,5888,0.000000792
541,5888,0.000000882
542,5888,0.000000848
543,5888,0.000000745
544,5888,0.000000823
545,5888,0.000000781
546,5888,0.000000897
547,5888,0.000000753
548,5888,0.000000876
549,5888,0.000000817
550,5888,0.000000883
551,5888,0.000000799
552,5888,0.000000846
553,5888,0.000000841
554,5888,0.000000967
555,5888,0.000000939
556,5888,0.000000758
557,5888,0.000000798
558,5888,0.000000821
559,5888,0.000000705
560,5888,0.000000855
561,5888,0.000000783
562,5888,0.000000855
563,5888,0.000001128
564,5888,0.000000880
565,5888,0.000000801
566,5888,0.000000874
567,5888,0.000000787
568,5888,0.000000720
569,5888,0.000000878
570,5888,0.000000804
571,5888,0.000000822
572,5888,0.000000787
573,5888,0.000000881
574,5888,0.000000813
575,5888,0.000000789
576,5888,0.000000854
577,5888,0.000000807
578,5888,0.000000887
579,5888,0.000000765
580,5888,0.000000876
581,5888,0.000000808
582,5888,0.000000984
583,5888,0.000000802
584,5888,0.000000792
585,5888,0.000000899
586,5888,0.000000732
587,5888,0.000000879
588,5888,0.000000814
589,5888,0.000000905
590,5888,0.000000828
591,5888,0.000000821
592,5888,0.000000898
593,5888,0.000000730
594,5888,0.000000938
595,5888,0.000000833
596,5888,0.000001064
597,5888,0.000000937
598,5888,0.000000849
599,5888,0.000000784
600,5888,0.000000840
601,5888,0.000000850
602,5888,0.000009738
603,5888,0.000000890
604,5888,0.000000725
605,5888,0.000000877
606,5888,0.000000835
607,5888,0.000000774
608,5888,0.000000898
609,5888,0.000000750
610,5888,0.000000863
611,5888,0.000000796
612,5888,0.000000940
613,5888,0.000000779
614,5888,0.000000891
615,5888,0.000000798
616,5888,0.000000816
617,5888,0.000000885
618,5888,0.000000831
619,5888,0.000001003
620,5888,0.000000793
621,5888,0.000000900
622,5888,0.000000814
623,5888,0.000000825
624,5888,0.000000828
625,5888,0.000000732
626,5888,0.000000923
627,5888,0.000000726
628,5888,0.000000865
629,5888,0.000000856
630,5888,0.000000996
631,5888,0.000000811
632,5888,0.000000730
633,5888,0.000000847
634,5888,0.000000785
635,5888,0.000000874
636,5888,0.000000921
637,5888,0.000000913
638,5888,0.000001000
639,5888,0.000000818
640,5888,0.000000805
641,5888,0.000000845
642,5888,0.000000827
643,5888,0.000000745
644,5888,0.000000822
645,5888,0.000000761
646,5888,0.000000877
647,5888,0.000001104
648,5888,0.000000815
649,5888,0.000000882
650,5888,0.000000783
651,5888,0.000000882
652,5888,0.000000857
653,5888,0.000000843
654,5888,0.000000806
655,5888,0.000000804
656,5888,0.000001104
657,5888,0.000000777
658,5888,0.000000967
659,5888,0.000000751
660,5888,0.000001130
661,5888,0.000000824
662,5888,0.000001170
663,5888,0.000000789
664,5888,0.000000931
665,5888,0.000000861
666,5888,0.000000767
667,5888,0.000000879
668,5888,0.000000806
669,5888,0.000000968
670,5888,0.000000746
671,5888,0.000000699
672,5888,0.000000868
673,5888,0.000000980
674,5888,0.000000889
675,5888,0.000001005
676,5888,0.000000946
677,5888,0.000000978
678,5888,0.000000927
679,5888,0.000000795
680,5888,0.000000745
681,5888,0.000000875
682,5888,0.000000787
683,5888,0.000000875
684,5888,0.000000774
685,5888,0.000000928
686,5888,0.000000859
687,5888,0.000000754
688,5888,0.000000915
689,5888,0.000000738
690,5888,0.000000878
691,5888,0.000000786
692,5888,0.000000847
693,5888,0.000000774
694,5888,0.000000921
695,5888,0.000000809
696,5888,0.000000790
697,5888,0.000000868
698,5888,0.000000825
699,5888,0.000000897
700,5888,0.000000778
701,5888,0.000000834
702,5888,0.000000777
703,5888,0.000000836
704,5888,0.000000813
705,5888,0.000000890
706,5888,0.000000873
707,5888,0.000000795
708,5888,0.000000930
709,5888,0.000000849
710,5888,0.000000872
711,5888,0.000000816
712,5888,0.000000949
713,5888,0.000000911
714,5888,0.000000832
715,5888,0.000000990
716,5888,0.000000828
717,5888,0.000000935
718,5888,0.000000832
719,5888,0.000000787
720,5888,0.000000821
721,5888,0.000000806
722,5888,0.000001007
723,5888,0.000000790
724,5888,0.000000910
725,5888,0.000000795
726,5888,0.000001003
727,5888,0.000000764
728,5888,0.000000786
729,5888,0.000000880
730,5888,0.000000780
731,5888,0.000000991
732,5888,0.000000800
733,5888,0.000000919
734,5888,0.000000792
735,5888,0.000000787
736,5888,0.000000792
737,5888,0.000000855
738,5888,0.000000938
739,5888,0.000000850
740,5888,0.000000975
741,5888,0.000001212
742,5888,0.000000928
743,5888,0.000000804
744,5888,0.000000795
745,5888,0.000000978
746,5888,0.000000850
747,5888,0.000000990
748,5888,0.000000835
749,5888,0.000000869
750,5888,0.000000880
751,5888,0.000000779
752,5888,0.000000889
753,5888,0.000000868
754,5888,0.000000953
755,5888,0.000000835
756,5888,0.000000988
757,5888,0.000000878
758,5888,0.000001422
759,5888,0.000000808
760,5888,0.000000846
761,5888,0.000000985
762,5888,0.000000770
763,5888,0.000000931
764,5888,0.000000874
765,5888,0.000000936
766,5888,0.000001119
767,5888,0.000000844
768,5888,0.000000941
769,5888,0.000000815
770,5888,0.000001098
771,5888,0.000000844
772,5888,0.000000950
773,5888,0.000000827
774,5888,0.000001406
775,5888,0.000000789
776,5888,0.000000983
777,5888,0.000000887
778,5888,0.000001211
779,5888,0.000000915
780,5888,0.000000733
781,5888,0.000000799
782,5888,0.000000862
783,5888,0.000000794
784,5888,0.000000830
785,5888,0.000000799
786,5888,0.000000958
787,5888,0.000000767
788,5888,0.000000876
789,5888,0.000000975
790,5888,0.000000947
791,5888,0.000000832
792,5888,0.000000793
793,5888,0.000000899
794,5888,0.000000797
795,5888,0.000000862
796,5888,0.000000791
797,5888,0.000000882
798,5888,0.000000799
799,5888,0.000000764
800,5888,0.000000916
801,5888,0.000000826
802,5888,0.000000870
803,5888,0.000000748
804,5888,0.000000892
805,5888,0.000000820
806,5888,0.000000925
807,5888,0.000000813
808,5888,0.000000798
809,5888,0.000001148
810,5888,0.000000792
811,5888,0.000000878
812,5888,0.000000739
813,5888,0.000000902
814,5888,0.000000827
815,5888,0.000000760
816,5888,0.000000921
817,5888,0.000000770
818,5888,0.000000881
819,5888,0.000000732
820,5888,0.000000862
821,5888,0.000000779
822,5888,0.000000816
823,5888,0.000000836
824,5888,0.000000823
825,5888,0.000000887
826,5888,0.000000769
827,5888,0.000001340
828,5888,0.000000751
829,5888,0.000000982
830,5888,0.000000785
831,5888,0.000000843
832,5888,0.000000840
833,5888,0.000000786
834,5888,0.000000871
835,5888,0.000000769
836,5888,0.000000891
837,5888,0.000000840
838,5888,0.000001056
839,5888,0.000000844
840,5888,0.000000806
841,5888,0.000000934
842,5888,0.000000794
843,5888,0.000000915
844,5888,0.000001124
845,5888,0.000000891
846,5888,0.000000802
847,5888,0.000000762
848,5888,0.000000814
849,5888,0.000000770
850,5888,0.000000892
851,5888,0.000000734
852,5888,0.000000861
853,5888,0.000000841
854,5888,0.000000987
855,5888,0.000000779
856,5888,0.000000729
857,5888,0.000000838
858,5888,0.000000766
859,5888,0.000000919
860,5888,0.000000941
861,5888,0.000000887
862,5888,0.000000758
863,5888,0.000000808
864,5888,0.000000907
865,5888,0.000000768
866,5888,0.000000803
867,5888,0.000000790
868,5888,0.000000853
869,5888,0.000000903
870,5888,0.000000850
871,5888,0.000000818
872,5888,0.000000771
873,5888,0.000000915
874,5888,0.000000764
875,5888,0.000000855
876,5888,0.000000801
877,5888,0.000000852
878,5888,0.000000773
879,5888,0.000000803
880,5888,0.000000820
881,5888,0.000000770
882,5888,0.000000869
883,5888,0.000000765
884,5888,0.000000889
885,5888,0.000001094
886,5888,0.000000883
887,5888,0.000000885
888,5888,0.000000812
889,5888,0.000000841
890,5888,0.000000809
891,5888,0.000000886
892,5888,0.000000780
893,5888,0.000000908
894,5888,0.000000782
895,5888,0.000000804
896,5888,0.000000903
897,5888,0.000000805
898,5888,0.000000871
899,5888,0.000000786
900,5888,0.000000877
901,5888,0.000000835
902,5888,0.000000922
903,5888,0.000000775
904,5888,0.000000720
905,5888,0.000001250
906,5888,0.000000788
907,5888,0.000000912
908,5888,0.000000805
909,5888,0.000000872
910,5888,0.000000743
911,5888,0.000000753
912,5888,0.000000803
913,5888,0.000000758
914,5888,0.000000869
915,5888,0.000000808
916,5888,0.000000882
917,5888,0.000000782
918,5888,0.000000894
919,5888,0.000000788
920,5888,0.000000755
921,5888,0.000000939
922,5888,0.000000790
923,5888,0.000000937
924,5888,0.000000778
925,5888,0.000000875
926,5888,0.000000786
927,5888,0.000000762
928,5888,0.000000869
929,5888,0.000000828
930,5888,0.000000958
931,5888,0.000000739
932,5888,0.000000828
933,5888,0.000000812
934,5888,0.000000980
935,5888,0.000000821
936,5888,0.000000797
937,5888,0.000000891
938,5888,0.000000732
939,5888,0.000000964
940,5888,0.000000774
941,5888,0.000000921
942,5888,0.000000831
943,5888,0.000000739
944,5888,0.000000856
945,5888,0.000000786
946,5888,0.000000863
947,5888,0.000000769
948,5888,0.000000880
949,5888,0.000000782
950,5888,0.000000816
951,5888,0.000000788
952,5888,0.000000731
953,5888,0.000000858
954,5888,0.000000867
955,5888,0.000000917
956,5888,0.000000841
957,5888,0.000000968
958,5888,0.000000843
959,5888,0.000000849
960,5888,0.000000864
961,5888,0.000000808
962,5888,0.000001046
963,5888,0.000000891
964,5888,0.000001026
965,5888,0.000000877
966,5888,0.000001057
967,5888,0.000000827
968,5888,0.000000903
969,5888,0.000001113
970,5888,0.000000859
971,5888,0.000001027
972,5888,0.000000857
973,5888,0.000000945
974,5888,0.000000910
975,5888,0.000000886
976,5888,0.000000968
977,5888,0.000000878
978,5888,0.000001087
979,5888,0.000000908
980,5888,0.000001017
981,5888,0.000000871
982,5888,0.000001053
983,5888,0.000000904
984,5888,0.000000875
985,5888,0.000000963
986,5888,0.000000810
987,5888,0.000001063
988,5888,0.000001044
989,5888,0.000001141
990,5888,0.000001031
991,5888,0.000001329
992,5888,0.000001058
993,5888,0.000000782
994,5888,0.000001003
995,5888,0.000000799
996,5888,0.000001046
997,5888,0.000001094
998,5888,0.000001073
999,5888,0.000000869
0,6144,0.000001245
1,6144,0.000000760
2,6144,0.000000906
3,6144,0.000000740
4,6144,0.000000834
5,6144,0.000000779
6,6144,0.000000934
7,6144,0.000000830
8,6144,0.000000900
9,6144,0.000000850
10,6144,0.000000864
11,6144,0.000000783
12,6144,0.000000876
13,6144,0.000000867
14,6144,0.000000883
15,6144,0.000000830
16,6144,0.000000882
17,6144,0.000000745
18,6144,0.000000876
19,6144,0.000001254
20,6144,0.000000866
21,6144,0.000000791
22,6144,0.000000872
23,6144,0.000000759
24,6144,0.000000840
25,6144,0.000000761
26,6144,0.000000846
27,6144,0.000000849
28,6144,0.000000922
29,6144,0.000000756
30,6144,0.000000949
31,6144,0.000000891
32,6144,0.000001257
33,6144,0.000000949
34,6144,0.000001155
35,6144,0.000000881
36,6144,0.000000964
37,6144,0.000000823
38,6144,0.000000997
39,6144,0.000000776
40,6144,0.000000909
41,6144,0.000000802
42,6144,0.000001166
43,6144,0.000000848
44,6144,0.000000842
45,6144,0.000000807
46,6144,0.000001091
47,6144,0.000000861
48,6144,0.000000790
49,6144,0.000000827
50,6144,0.000000954
51,6144,0.000000804
52,6144,0.000000860
53,6144,0.000000889
54,6144,0.000000955
55,6144,0.000000768
56,6144,0.000000915
57,6144,0.000000842
58,6144,0.000000971
59,6144,0.000000800
60,6144,0.000000923
61,6144,0.000000899
62,6144,0.000000949
63,6144,0.000000760
64,6144,0.000000899
65,6144,0.000000948
66,6144,0.000000884
67,6144,0.000000797
68,6144,0.000000825
69,6144,0.000000797
70,6144,0.000001098
71,6144,0.000000875
72,6144,0.000000819
73,6144,0.000000685
74,6144,0.000000849
75,6144,0.000000709
76,6144,0.000000966
77,6144,0.000000979
78,6144,0.000001034
79,6144,0.000000923
80,6144,0.000000883
81,6144,0.000000736
82,6144,0.000000899
83,6144,0.000001114
84,6144,0.000000970
85,6144,0.000000839
86,6144,0.000000926
87,6144,0.000001021
88,6144,0.000000904
89,6144,0.000000824
90,6144,0.000000758
91,6144,0.000000734
92,6144,0.000000842
93,6144,0.000000831
94,6144,0.000000848
95,6144,0.000000878
96,6144,0.000001057
97,6144,0.000000865
98,6144,0.000000903
99,6144,0.000000860
100,6144,0.000000859
101,6144,0.000000795
102,6144,0.000000903
103,6144,0.000000859
104,6144,0.000000977
105,6144,0.000000853
106,6144,0.000000921
107,6144,0.000000857
108,6144,0.000000936
109,6144,0.000000762
110,6144,0.000000879
111,6144,0.000000817
112,6144,0.000000899
113,6144,0.000000990
114,6144,0.000000873
115,6144,0.000001058
116,6144,0.000000805
117,6144,0.000000701
118,6144,0.000000832
119,6144,0.000000827
120,6144,0.000000950
121,6144,0.000000756
122,6144,0.000000871
123,6144,0.000000793
124,6144,0.000001149
125,6144,0.000000848
126,6144,0.000000868
127,6144,0.000000849
128,6144,0.000000922
129,6144,0.000000843
130,6144,0.000000915
131,6144,0.000000809
132,6144,0.000001146
133,6144,0.000000879
134,6144,0.000000871
135,6144,0.000000800
136,6144,0.000001245
137,6144,0.000000802
138,6144,0.000000868
139,6144,0.000000780
140,6144,0.000000892
141,6144,0.000000741
142,6144,0.000000833
143,6144,0.000000830
144,6144,0.000000858
145,6144,0.000000707
146,6144,0.000000860
147,6144,0.000000777
148,6144,0.000000844
149,6144,0.000000838
150,6144,0.000000817
151,6144,0.000000852
152,6144,0.000000978
153,6144,0.000000807
154,6144,0.000000930
155,6144,0.000001027
156,6144,0.000000824
157,6144,0.000000792
158,6144,0.000000908
159,6144,0.000000763
160,6144,0.000000911
161,6144,0.000000806
162,6144,0.000000901
163,6144,0.000000825
164,6144,0.000000899
165,6144,0.000000863
166,6144,0.000000848
167,6144,0.000000756
168,6144,0.000000809
169,6144,0.000000806
170,6144,0.000000827
171,6144,0.000000790
172,6144,0.000000834
173,6144,0.000000765
174,6144,0.000000998
175,6144,0.000000874
176,6144,0.000000883
177,6144,0.000000813
178,6144,0.000000930
179,6144,0.000000866
180,6144,0.000000888
181,6144,0.000000918
182,6144,0.000000881
183,6144,0.000000812
184,6144,0.000000870
185,6144,0.000000974
186,6144,0.000000911
187,6144,0.000000829
188,6144,0.000000823
189,6144,0.000000756
190,6144,0.000000870
191,6144,0.000000867
192,6144,0.000000854
193,6144,0.000000781
194,6144,0.000000941
195,6144,0.000000889
196,6144,0.000000849
197,6144,0.000000835
198,6144,0.000000889
199,6144,0.000000801
200,6144,0.000000992
201,6144,0.000000815
202,6144,0.000000939
203,6144,0.000000813
204,6144,0.000000912
205,6144,0.000000767
206,6144,0.000000948
207,6144,0.000000786
208,6144,0.000000913
209,6144,0.000000850
210,6144,0.000000826
211,6144,0.000000814
212,6144,0.000000917
213,6144,0.000000922
214,6144,0.000000857
215,6144,0.000000793
216,6144,0.000000955
217,6144,0.000000925
218,6144,0.000001022
219,6144,0.000000908
220,6144,0.000000891
221,6144,0.000000865
222,6144,0.000001016
223,6144,0.000001013
224,6144,0.000000962
225,6144,0.000000821
226,6144,0.000000896
227,6144,0.000000802
228,6144,0.000000885
229,6144,0.000000709
230,6144,0.000000780
231,6144,0.000000847
232,6144,0.000000976
233,6144,0.000000870
234,6144,0.000000988
235,6144,0.000000885
236,6144,0.000000786
237,6144,0.000000745
238,6144,0.000000843
239,6144,0.000001071
240,6144,0.000000852
241,6144,0.000000768
242,6144,0.000000822
243,6144,0.000000762
244,6144,0.000000836
245,6144,0.000000792
246,6144,0.000000877
247,6144,0.000000809
248,6144,0.000000906
249,6144,0.000000826
250,6144,0.000000871
251,6144,0.000000839
252,6144,0.000000939
253,6144,0.000000909
254,6144,0.000000752
255,6144,0.000000920
256,6144,0.000000777
257,6144,0.000001171
258,6144,0.000001000
259,6144,0.000000872
260,6144,0.000000860
261,6144,0.000000870
262,6144,0.000000913
263,6144,0.000001173
264,6144,0.000000911
265,6144,0.000001004
266,6144,0.000000934
267,6144,0.000000944
268,6144,0.000000846
269,6144,0.000000788
270,6144,0.000000859
271,6144,0.000000814
272,6144,0.000000933
273,6144,0.000000844
274,6144,0.000000940
275,6144,0.000000869
276,6144,0.000000834
277,6144,0.000000723
278,6144,0.000000957
279,6144,0.000000713
280,6144,0.000000927
281,6144,0.000000731
282,6144,0.000000893
283,6144,0.000000757
284,6144,0.000000859
285,6144,0.000000790
286,6144,0.000000932
287,6144,0.000000825
288,6144,0.000000805
289,6144,0.000001075
290,6144,0.000000903
291,6144,0.000000760
292,6144,0.000000829
293,6144,0.000000801
294,6144,0.000000968
295,6144,0.000000797
296,6144,0.000001145
297,6144,0.000000832
298,6144,0.000000840
299,6144,0.000000807
300,6144,0.000001046
301,6144,0.000000811
302,6144,0.000000906
303,6144,0.000000837
304,6144,0.000000842
305,6144,0.000000846
306,6144,0.000000901
307,6144,0.000000817
308,6144,0.000000915
309,6144,0.000000849
310,6144,0.000000833
311,6144,0.000000772
312,6144,0.000000904
313,6144,0.000000824
314,6144,0.000000839
315,6144,0.000000865
316,6144,0.000000816
317,6144,0.000000794
318,6144,0.000000913
319,6144,0.000000888
320,6144,0.000000864
321,6144,0.000000765
322,6144,0.000000882
323,6144,0.000000823
324,6144,0.000000977
325,6144,0.000001040
326,6144,0.000001461
327,6144,0.000001105
328,6144,0.000001280
329,6144,0.000001086
330,6144,0.000001747
331,6144,0.000001297
332,6144,0.000001090
333,6144,0.000001223
334,6144,0.000001443
335,6144,0.000001129
336,6144,0.000001408
337,6144,0.000001053
338,6144,0.000001159
339,6144,0.000001004
340,6144,0.000001351
341,6144,0.000000930
342,6144,0.000000979
343,6144,0.000001013
344,6144,0.000000874
345,6144,0.000001186
346,6144,0.000000868
347,6144,0.000001092
348,6144,0.000000821
349,6144,0.000000933
350,6144,0.000000913
351,6144,0.000001091
352,6144,0.000000886
353,6144,0.000000944
354,6144,0.000000848
355,6144,0.000001131
356,6144,0.000000835
357,6144,0.000000871
358,6144,0.000000850
359,6144,0.000000917
360,6144,0.000000953
361,6144,0.000000777
362,6144,0.000000848
363,6144,0.000000878
364,6144,0.000000822
365,6144,0.000000716
366,6144,0.000000858
367,6144,0.000000824
368,6144,0.000000906
369,6144,0.000000829
370,6144,0.000000890
371,6144,0.000000848
372,6144,0.000000875
373,6144,0.000000847
374,6144,0.000000847
375,6144,0.000000903
376,6144,0.000000901
377,6144,0.000000731
378,6144,0.000000918
379,6144,0.000000859
380,6144,0.000000885
381,6144,0.000000734
382,6144,0.000000863
383,6144,0.000000814
384,6144,0.000000898
385,6144,0.000000741
386,6144,0.000001023
387,6144,0.000000797
388,6144,0.000000796
389,6144,0.000000848
390,6144,0.000000775
391,6144,0.000000734
392,6144,0.000000826
393,6144,0.000000817
394,6144,0.000000841
395,6144,0.000000797
396,6144,0.000000924
397,6144,0.000000882
398,6144,0.000000909
399,6144,0.000000743
400,6144,0.000000882
401,6144,0.000000759
402,6144,0.000000892
403,6144,0.000000809
404,6144,0.000000899
405,6144,0.000000793
406,6144,0.000000830
407,6144,0.000000759
408,6144,0.000000860
409,6144,0.000000726
410,6144,0.000000841
411,6144,0.000001037
412,6144,0.000000844
413,6144,0.000001065
414,6144,0.000000862
415,6144,0.000000796
416,6144,0.000000821
417,6144,0.000000780
418,6144,0.000000861
419,6144,0.000000784
420,6144,0.000000858
421,6144,0.000000821
422,6144,0.000000868
423,6144,0.000000803
424,6144,0.000000931
425,6144,0.000000813
426,6144,0.000001142
427,6144,0.000000742
428,6144,0.000000863
429,6144,0.000000808
430,6144,0.000000920
431,6144,0.000000822
432,6144,0.000000898
433,6144,0.000000730
434,6144,0.000000785
435,6144,0.000001117
436,6144,0.000000753
437,6144,0.000000795
438,6144,0.000000856
439,6144,0.000000788
440,6144,0.000000803
441,6144,0.000015320
442,6144,0.000000870
443,6144,0.000000815
444,6144,0.000000895
445,6144,0.000000878
446,6144,0.000000907
447,6144,0.000000769
448,6144,0.000000909
449,6144,0.000000825
450,6144,0.000009462
451,6144,0.000001281
452,6144,0.000001174
453,6144,0.000001119
454,6144,0.000001045
455,6144,0.000001121
456,6144,0.000001203
457,6144,0.000001066
458,6144,0.000001108
459,6144,0.000001371
460,6144,0.000000912
461,6144,0.000000758
462,6144,0.000000861
463,6144,0.000000854
464,6144,0.000000893
465,6144,0.000000918
466,6144,0.000000860
467,6144,0.000000769
468,6144,0.000000889
469,6144,0.000000790
470,6144,0.000000900
471,6144,0.000000760
472,6144,0.000001142
473,6144,0.000000865
474,6144,0.000001080
475,6144,0.000000812
476,6144,0.000001035
477,6144,0.000000720
478,6144,0.000001184
479,6144,0.000000831
480,6144,0.000000854
481,6144,0.000000797
482,6144,0.000000845
483,6144,0.000000758
484,6144,0.000000879
485,6144,0.000000835
486,6144,0.000000908
487,6144,0.000000925
488,6144,0.000000812
489,6144,0.000000792
490,6144,0.000000821
491,6144,0.000000775
492,6144,0.000000955
493,6144,0.000000833
494,6144,0.000000773
495,6144,0.000000770
496,6144,0.000000996
497,6144,0.000000842
498,6144,0.000000988
499,6144,0.000000816
500,6144,0.000000820
501,6144,0.000000795
502,6144,0.000000925
503,6144,0.000000783
504,6144,0.000000827
505,6144,0.000000740
506,6144,0.000000903
507,6144,0.000001051
508,6144,0.000010158
509,6144,0.000001366
510,6144,0.000001890
511,6144,0.000000839
512,6144,0.000000807
513,6144,0.000000704
514,6144,0.000000860
515,6144,0.000000838
516,6144,0.000000913
517,6144,0.000000818
518,6144,0.000000876
519,6144,0.000000837
520,6144,0.000000867
521,6144,0.000000798
522,6144,0.000000814
523,6144,0.000013595
524,6144,0.000000814
525,6144,0.000000745
526,6144,0.000000826
527,6144,0.000000665
528,6144,0.000000937
529,6144,0.000000852
530,6144,0.000000750
531,6144,0.000000804
532,6144,0.000000900
533,6144,0.000000770
534,6144,0.000001113
535,6144,0.000000745
536,6144,0.000000813
537,6144,0.000000821
538,6144,0.000000870
539,6144,0.000000833
540,6144,0.000000817
541,6144,0.000000775
542,6144,0.000000907
543,6144,0.000000828
544,6144,0.000000768
545,6144,0.000000713
546,6144,0.000000864
547,6144,0.000000813
548,6144,0.000000889
549,6144,0.000000839
550,6144,0.000000889
551,6144,0.000000753
552,6144,0.000000762
553,6144,0.000000805
554,6144,0.000000932
555,6144,0.000000787
556,6144,0.000000848
557,6144,0.000000862
558,6144,0.000000762
559,6144,0.000000761
560,6144,0.000000827
561,6144,0.000000684
562,6144,0.000000840
563,6144,0.000000785
564,6144,0.000001230
565,6144,0.000000781
566,6144,0.000001028
567,6144,0.000000760
568,6144,0.000001011
569,6144,0.000000682
570,6144,0.000000919
571,6144,0.000000824
572,6144,0.000001046
573,6144,0.000000737
574,6144,0.000000822
575,6144,0.000000721
576,6144,0.000000899
577,6144,0.000000779
578,6144,0.000000868
579,6144,0.000000725
580,6144,0.000000797
581,6144,0.000000788
582,6144,0.000000907
583,6144,0.000000800
584,6144,0.000000777
585,6144,0.000000813
586,6144,0.000000842
587,6144,0.000000892
588,6144,0.000000766
589,6144,0.000000774
590,6144,0.000000846
591,6144,0.000000816
592,6144,0.000000919
593,6144,0.000001112
594,6144,0.000000854
595,6144,0.000000733
596,6144,0.000000835
597,6144,0.000001143
598,6144,0.000000775
599,6144,0.000000799
600,6144,0.000000842
601,6144,0.000000702
602,6144,0.000000839
603,6144,0.000000810
604,6144,0.000001094
605,6144,0.000000828
606,6144,0.000000770
607,6144,0.000000751
608,6144,0.000000782
609,6144,0.000000724
610,6144,0.000000793
611,6144,0.000000768
612,6144,0.000000856
613,6144,0.000001137
614,6144,0.000000879
615,6144,0.000000682
616,6144,0.000000757
617,6144,0.000000678
618,6144,0.000000797
619,6144,0.000000760
620,6144,0.000000817
621,6144,0.000000773
622,6144,0.000000801
623,6144,0.000000705
624,6144,0.000000835
625,6144,0.000000888
626,6144,0.000000958
627,6144,0.000000798
628,6144,0.000000890
629,6144,0.000000795
630,6144,0.000000872
631,6144,0.000000784
632,6144,0.000000895
633,6144,0.000000767
634,6144,0.000000867
635,6144,0.000000735
636,6144,0.000000873
637,6144,0.000000744
638,6144,0.000000794
639,6144,0.000000783
640,6144,0.000000861
641,6144,0.000000937
642,6144,0.000000837
643,6144,0.000000686
644,6144,0.000000884
645,6144,0.000000835
646,6144,0.000000816
647,6144,0.000000746
648,6144,0.000001048
649,6144,0.000000799
650,6144,0.000000810
651,6144,0.000000768
652,6144,0.000001180
653,6144,0.000000762
654,6144,0.000000829
655,6144,0.000000808
656,6144,0.000000833
657,6144,0.000000865
658,6144,0.000000841
659,6144,0.000000829
660,6144,0.000000826
661,6144,0.000000735
662,6144,0.000000819
663,6144,0.000000697
664,6144,0.000000787
665,6144,0.000000807
666,6144,0.000000835
667,6144,0.000000826
668,6144,0.000001144
669,6144,0.000000764
670,6144,0.000000856
671,6144,0.000000824
672,6144,0.000000815
673,6144,0.000000813
674,6144,0.000000804
675,6144,0.000000830
676,6144,0.000000885
677,6144,0.000000759
678,6144,0.000000908
679,6144,0.000000805
680,6144,0.000000928
681,6144,0.000000793
682,6144,0.000000940
683,6144,0.000000847
684,6144,0.000000938
685,6144,0.000000885
686,6144,0.000000890
687,6144,0.000000822
688,6144,0.000001068
689,6144,0.000000897
690,6144,0.000000978
691,6144,0.000000715
692,6144,0.000000854
693,6144,0.000000746
694,6144,0.000001307
695,6144,0.000000821
696,6144,0.000000860
697,6144,0.000000791
698,6144,0.000000956
699,6144,0.000000841
700,6144,0.000000855
701,6144,0.000000810
702,6144,0.000001069
703,6144,0.000000856
704,6144,0.000000817
705,6144,0.000000799
706,6144,0.000000900
707,6144,0.000000813
708,6144,0.000000965
709,6144,0.000000836
710,6144,0.000000940
711,6144,0.000000809
712,6144,0.000000934
713,6144,0.000000752
714,6144,0.000000882
715,6144,0.000000850
716,6144,0.000000934
717,6144,0.000000787
718,6144,0.000001048
719,6144,0.000000869
720,6144,0.000000829
721,6144,0.000000827
722,6144,0.000000900
723,6144,0.000000738
724,6144,0.000000943
725,6144,0.000000779
726,6144,0.000000938
727,6144,0.000000844
728,6144,0.000000852
729,6144,0.000000832
730,6144,0.000000859
731,6144,0.000000800
732,6144,0.000000884
733,6144,0.000000831
734,6144,0.000000805
735,6144,0.000000809
736,6144,0.000000922
737,6144,0.000000865
738,6144,0.000000860
739,6144,0.000000806
740,6144,0.000000835
741,6144,0.000000766
742,6144,0.000000934
743,6144,0.000000743
744,6144,0.000000855
745,6144,0.000000730
746,6144,0.000000833
747,6144,0.000000917
748,6144,0.000000787
749,6144,0.000000687
750,6144,0.000000815
751,6144,0.000000706
752,6144,0.000000849
753,6144,0.000000735
754,6144,0.000000808
755,6144,0.000000729
756,6144,0.000000825
757,6144,0.000000678
758,6144,0.000000814
759,6144,0.000000940
760,6144,0.000000836
761,6144,0.000001068
762,6144,0.000000826
763,6144,0.000000774
764,6144,0.000000825
765,6144,0.000000736
766,6144,0.000000837
767,6144,0.000000843
768,6144,0.000000787
769,6144,0.000000765
770,6144,0.000001236
771,6144,0.000000791
772,6144,0.000000857
773,6144,0.000000732
774,6144,0.000000903
775,6144,0.000000796
776,6144,0.000000874
777,6144,0.000000777
778,6144,0.000000811
779,6144,0.000000739
780,6144,0.000000794
781,6144,0.000000811
782,6144,0.000000891
783,6144,0.000000748
784,6144,0.000000790
785,6144,0.000000699
786,6144,0.000000827
787,6144,0.000000727
788,6144,0.000000821
789,6144,0.000000759
790,6144,0.000000873
791,6144,0.000000804
792,6144,0.000000827
793,6144,0.000000772
794,6144,0.000000872
795,6144,0.000000756
796,6144,0.000000809
797,6144,0.000000816
798,6144,0.000000831
799,6144,0.000000775
800,6144,0.000000822
801,6144,0.000000795
802,6144,0.000000829
803,6144,0.000000792
804,6144,0.000000843
805,6144,0.000000767
806,6144,0.000000835
807,6144,0.000000742
808,6144,0.000000857
809,6144,0.000000756
810,6144,0.000000845
811,6144,0.000000750
812,6144,0.000000949
813,6144,0.000000939
814,6144,0.000000790
815,6144,0.000000754
816,6144,0.000000822
817,6144,0.000000751
818,6144,0.000000857
819,6144,0.000000999
820,6144,0.000000815
821,6144,0.000000700
822,6144,0.000000764
823,6144,0.000000755
824,6144,0.000000847
825,6144,0.000000753
826,6144,0.000000797
827,6144,0.000000773
828,6144,0.000000867
829,6144,0.000000697
830,6144,0.000000789
831,6144,0.000000770
832,6144,0.000000814
833,6144,0.000000799
834,6144,0.000000790
835,6144,0.000000838
836,6144,0.000000839
837,6144,0.000000750
838,6144,0.000000772
839,6144,0.000000817
840,6144,0.000000866
841,6144,0.000000733
842,6144,0.000000797
843,6144,0.000000763
844,6144,0.000000837
845,6144,0.000000822
846,6144,0.000000810
847,6144,0.000001246
848,6144,0.000000854
849,6144,0.000000878
850,6144,0.000001178
851,6144,0.000000809
852,6144,0.000000787
853,6144,0.000000726
854,6144,0.000000797
855,6144,0.000000808
856,6144,0.000000881
857,6144,0.000000736
858,6144,0.000000994
859,6144,0.000000760
860,6144,0.000000947
861,6144,0.000000749
862,6144,0.000000819
863,6144,0.000000749
864,6144,0.000000821
865,6144,0.000000733
866,6144,0.000000792
867,6144,0.000000768
868,6144,0.000000803
869,6144,0.000000811
870,6144,0.000000738
871,6144,0.000000707
872,6144,0.000001094
873,6144,0.000000741
874,6144,0.000000803
875,6144,0.000000676
876,6144,0.000000803
877,6144,0.000000770
878,6144,0.000000817
879,6144,0.000000747
880,6144,0.000000801
881,6144,0.000000743
882,6144,0.000000786
883,6144,0.000000693
884,6144,0.000000827
885,6144,0.000000801
886,6144,0.000000773
887,6144,0.000000710
888,6144,0.000000805
889,6144,0.000000768
890,6144,0.000000850
891,6144,0.000001131
892,6144,0.000000804
893,6144,0.000000721
894,6144,0.000000760
895,6144,0.000000719
896,6144,0.000000769
897,6144,0.000000812
898,6144,0.000001149
899,6144,0.000000746
900,6144,0.000000792
901,6144,0.000000790
902,6144,0.000000833
903,6144,0.000000806
904,6144,0.000000861
905,6144,0.000000754
906,6144,0.000000824
907,6144,0.000000728
908,6144,0.000000742
909,6144,0.000000689
910,6144,0.000000748
911,6144,0.000000712
912,6144,0.000000772
913,6144,0.000000694
914,6144,0.000000774
915,6144,0.000000725
916,6144,0.000000792
917,6144,0.000000772
918,6144,0.000000768
919,6144,0.000000770
920,6144,0.000000809
921,6144,0.000000783
922,6144,0.000000846
923,6144,0.000000888
924,6144,0.000000822
925,6144,0.000000760
926,6144,0.000000803
927,6144,0.000001344
928,6144,0.000000909
929,6144,0.000000814
930,6144,0.000000857
931,6144,0.000000739
932,6144,0.000000776
933,6144,0.000000774
934,6144,0.000000791
935,6144,0.000000721
936,6144,0.000000879
937,6144,0.000000823
938,6144,0.000000901
939,6144,0.000000816
940,6144,0.000000883
941,6144,0.000000826
942,6144,0.000000904
943,6144,0.000000783
944,6144,0.000000912
945,6144,0.000000812
946,6144,0.000000832
947,6144,0.000000791
948,6144,0.000000890
949,6144,0.000000858
950,6144,0.000000962
951,6144,0.000000836
952,6144,0.000000938
953,6144,0.000000788
954,6144,0.000000866
955,6144,0.000000814
956,6144,0.000000862
957,6144,0.000000806
958,6144,0.000001002
959,6144,0.000000897
960,6144,0.000001090
961,6144,0.000000905
962,6144,0.000001132
963,6144,0.000000887
964,6144,0.000000929
965,6144,0.000001035
966,6144,0.000000945
967,6144,0.000001034
968,6144,0.000000948
969,6144,0.000001149
970,6144,0.000000949
971,6144,0.000000771
972,6144,0.000001014
973,6144,0.000000942
974,6144,0.000000933
975,6144,0.000000840
976,6144,0.000001011
977,6144,0.000000829
978,6144,0.000000994
979,6144,0.000000998
980,6144,0.000001009
981,6144,0.000000857
982,6144,0.000000930
983,6144,0.000000884
984,6144,0.000001036
985,6144,0.000000936
986,6144,0.000000931
987,6144,0.000000931
988,6144,0.000001042
989,6144,0.000000953
990,6144,0.000000989
991,6144,0.000000836
992,6144,0.000000908
993,6144,0.000000847
994,6144,0.000000965
995,6144,0.000000858
996,6144,0.000001146
997,6144,0.000000840
998,6144,0.000000926
999,6144,0.000000945
0,6400,0.000001210
1,6400,0.000000833
2,6400,0.000000850
3,6400,0.000000743
4,6400,0.000000769
5,6400,0.000000824
6,6400,0.000000918
7,6400,0.000000897
8,6400,0.000000832
9,6400,0.000000793
10,6400,0.000000945
11,6400,0.000000759
12,6400,0.000000860
13,6400,0.000000799
14,6400,0.000000886
15,6400,0.000000752
16,6400,0.000000868
17,6400,0.000000897
18,6400,0.000001139
19,6400,0.000000821
20,6400,0.000000846
21,6400,0.000000852
22,6400,0.000000736
23,6400,0.000000863
24,6400,0.000000934
25,6400,0.000000808
26,6400,0.000000809
27,6400,0.000000760
28,6400,0.000000832
29,6400,0.000001072
30,6400,0.000000831
31,6400,0.000001082
32,6400,0.000000872
33,6400,0.000000933
34,6400,0.000000809
35,6400,0.000000954
36,6400,0.000000759
37,6400,0.000000837
38,6400,0.000000715
39,6400,0.000000930
40,6400,0.000001002
41,6400,0.000000851
42,6400,0.000000908
43,6400,0.000000820
44,6400,0.000000747
45,6400,0.000000756
46,6400,0.000000835
47,6400,0.000000777
48,6400,0.000000821
49,6400,0.000000881
50,6400,0.000000741
51,6400,0.000000762
52,6400,0.000000820
53,6400,0.000000980
54,6400,0.000000734
55,6400,0.000000934
56,6400,0.000000867
57,6400,0.000000799
58,6400,0.000001184
59,6400,0.000000837
60,6400,0.000001045
61,6400,0.000000768
62,6400,0.000001140
63,6400,0.000000728
64,6400,0.000001097
65,6400,0.000000866
66,6400,0.000000764
67,6400,0.000000843
68,6400,0.000000735
69,6400,0.000000804
70,6400,0.000000751
71,6400,0.000000838
72,6400,0.000000834
73,6400,0.000000804
74,6400,0.000000867
75,6400,0.000001120
76,6400,0.000000871
77,6400,0.000000777
78,6400,0.000000853
79,6400,0.000000842
80,6400,0.000000844
81,6400,0.000000938
82,6400,0.000000777
83,6400,0.000000847
84,6400,0.000000733
85,6400,0.000000897
86,6400,0.000000824
87,6400,0.000000820
88,6400,0.000000920
89,6400,0.000000846
90,6400,0.000000857
91,6400,0.000000836
92,6400,0.000000966
93,6400,0.000000920
94,6400,0.000000915
95,6400,0.000000868
96,6400,0.000000882
97,6400,0.000001216
98,6400,0.000000802
99,6400,0.000000995
100,6400,0.000000778
101,6400,0.000000961
102,6400,0.000000801
103,6400,0.000000964
104,6400,0.000000941
105,6400,0.000000816
106,6400,0.000000887
107,6400,0.000000896
108,6400,0.000000874
109,6400,0.000000785
110,6400,0.000000876
111,6400,0.000000774
112,6400,0.000000783
113,6400,0.000000875
114,6400,0.000000807
115,6400,0.000001083
116,6400,0.000001090
117,6400,0.000000839
118,6400,0.000001040
119,6400,0.000000887
120,6400,0.000001308
121,6400,0.000000877
122,6400,0.000001160
123,6400,0.000000843
124,6400,0.000000972
125,6400,0.000000775
126,6400,0.000000983
127,6400,0.000000850
128,6400,0.000001155
129,6400,0.000000936
130,6400,0.000000850
131,6400,0.000000939
132,6400,0.000000792
133,6400,0.000000893
134,6400,0.000000809
135,6400,0.000000864
136,6400,0.000000813
137,6400,0.000000906
138,6400,0.000000893
139,6400,0.000000770
140,6400,0.000000851
141,6400,0.000000937
142,6400,0.000000865
143,6400,0.000000796
144,6400,0.000000792
145,6400,0.000000891
146,6400,0.000000846
147,6400,0.000000844
148,6400,0.000000763
149,6400,0.000000884
150,6400,0.000000760
151,6400,0.000000910
152,6400,0.000000995
153,6400,0.000000769
154,6400,0.000001206
155,6400,0.000000805
156,6400,0.000000878
157,6400,0.000000789
158,6400,0.000000850
159,6400,0.000000732
160,6400,0.000000818
161,6400,0.000000870
162,6400,0.000000802
163,6400,0.000000874
164,6400,0.000000805
165,6400,0.000000841
166,6400,0.000000749
167,6400,0.000001039
168,6400,0.000000892
169,6400,0.000000824
170,6400,0.000000884
171,6400,0.000000810
172,6400,0.000000944
173,6400,0.000000780
174,6400,0.000000920
175,6400,0.000000746
176,6400,0.000000774
177,6400,0.000000788
178,6400,0.000000843
179,6400,0.000000897
180,6400,0.000000770
181,6400,0.000000835
182,6400,0.000000782
183,6400,0.000001068
184,6400,0.000000931
185,6400,0.000000980
186,6400,0.000000992
187,6400,0.000001059
188,6400,0.000000867
189,6400,0.000001051
190,6400,0.000000936
191,6400,0.000000862
192,6400,0.000000947
193,6400,0.000001168
194,6400,0.000000792
195,6400,0.000000873
196,6400,0.000000743
197,6400,0.000000897
198,6400,0.000000837
199,6400,0.000000841
200,6400,0.000000941
201,6400,0.000000810
202,6400,0.000001005
203,6400,0.000000814
204,6400,0.000000906
205,6400,0.000000799
206,6400,0.000000863
207,6400,0.000000812
208,6400,0.000001220
209,6400,0.000000994
210,6400,0.000000924
211,6400,0.000000879
212,6400,0.000000982
213,6400,0.000000882
214,6400,0.000000925
215,6400,0.000000978
216,6400,0.000000980
217,6400,0.000000837
218,6400,0.000000997
219,6400,0.000000830
220,6400,0.000000801
221,6400,0.000000813
222,6400,0.000000924
223,6400,0.000000832
224,6400,0.000000843
225,6400,0.000000920
226,6400,0.000000854
227,6400,0.000000826
228,6400,0.000000836
229,6400,0.000000903
230,6400,0.000000828
231,6400,0.000000898
232,6400,0.000000862
233,6400,0.000000814
234,6400,0.000000936
235,6400,0.000000772
236,6400,0.000000866
237,6400,0.000000804
238,6400,0.000001216
239,6400,0.000001269
240,6400,0.000001159
241,6400,0.000001480
242,6400,0.000001124
243,6400,0.000001417
244,6400,0.000001049
245,6400,0.000001395
246,6400,0.000001308
247,6400,0.000001263
248,6400,0.000001571
249,6400,0.000001151
250,6400,0.000001212
251,6400,0.000001463
252,6400,0.000000910
253,6400,0.000000908
254,6400,0.000000970
255,6400,0.000001563
256,6400,0.000001235
257,6400,0.000000930
258,6400,0.000000795
259,6400,0.000000966
260,6400,0.000000825
261,6400,0.000000975
262,6400,0.000000832
263,6400,0.000001104
264,6400,0.000001310
265,6400,0.000000783
266,6400,0.000001160
267,6400,0.000000809
268,6400,0.000000905
269,6400,0.000000825
270,6400,0.000001272
271,6400,0.000000853
272,6400,0.000000859
273,6400,0.000000994
274,6400,0.000001133
275,6400,0.000000976
276,6400,0.000000766
277,6400,0.000000946
278,6400,0.000001199
279,6400,0.000000939
280,6400,0.000000886
281,6400,0.000000845
282,6400,0.000001262
283,6400,0.000000807
284,6400,0.000001010
285,6400,0.000000811
286,6400,0.000009444
287,6400,0.000001062
288,6400,0.000000937
289,6400,0.000001094
290,6400,0.000000831
291,6400,0.000000901
292,6400,0.000000817
293,6400,0.000000884
294,6400,0.000000835
295,6400,0.000000995
296,6400,0.000001094
297,6400,0.000001107
298,6400,0.000001033
299,6400,0.000000926
300,6400,0.000001107
301,6400,0.000000840
302,6400,0.000000968
303,6400,0.000000807
304,6400,0.000000874
305,6400,0.000000936
306,6400,0.000000939
307,6400,0.000001026
308,6400,0.000000789
309,6400,0.000000922
310,6400,0.000001282
311,6400,0.000000939
312,6400,0.000000993
313,6400,0.000000875
314,6400,0.000001033
315,6400,0.000000927
316,6400,0.000000925
317,6400,0.000000958
318,6400,0.000000900
319,6400,0.000001098
320,6400,0.000000999
321,6400,0.000001114
322,6400,0.000000840
323,6400,0.000000934
324,6400,0.000000799
325,6400,0.000000980
326,6400,0.000000809
327,6400,0.000001011
328,6400,0.000000999
329,6400,0.000000751
330,6400,0.000000919
331,6400,0.000000801
332,6400,0.000000895
333,6400,0.000000894
334,6400,0.000000970
335,6400,0.000000866
336,6400,0.000000983
337,6400,0.000000980
338,6400,0.000000883
339,6400,0.000000816
340,6400,0.000000822
341,6400,0.000000947
342,6400,0.000000864
343,6400,0.000001402
344,6400,0.000001014
345,6400,0.000001106
346,6400,0.000000869
347,6400,0.000000854
348,6400,0.000000946
349,6400,0.000000842
350,6400,0.000000897
351,6400,0.000000827
352,6400,0.000000940
353,6400,0.000001007
354,6400,0.000000825
355,6400,0.000000974
356,6400,0.000000821
357,6400,0.000001007
358,6400,0.000000945
359,6400,0.000013906
360,6400,0.000001441
361,6400,0.000000914
362,6400,0.000000995
363,6400,0.000000887
364,6400,0.000001028
365,6400,0.000000884
366,6400,0.000001193
367,6400,0.000001102
368,6400,0.000001363
369,6400,0.000001742
370,6400,0.000001063
371,6400,0.000001225
372,6400,0.000001081
373,6400,0.000001263
374,6400,0.000001170
375,6400,0.000001359
376,6400,0.000000919
377,6400,0.000000820
378,6400,0.000000985
379,6400,0.000000916
380,6400,0.000001105
381,6400,0.000013671
382,6400,0.000000953
383,6400,0.000000798
384,6400,0.000001047
385,6400,0.000000965
386,6400,0.000000960
387,6400,0.000000953
388,6400,0.000001019
389,6400,0.000000946
390,6400,0.000000788
391,6400,0.000001100
392,6400,0.000001317
393,6400,0.000000801
394,6400,0.000000961
395,6400,0.000000851
396,6400,0.000000889
397,6400,0.000000791
398,6400,0.000000872
399,6400,0.000000796
400,6400,0.000000924
401,6400,0.000000901
402,6400,0.000000843
403,6400,0.000000962
404,6400,0.000000840
405,6400,0.000000865
406,6400,0.000000856
407,6400,0.000000953
408,6400,0.000001005
409,6400,0.000000820
410,6400,0.000000965
411,6400,0.000001002
412,6400,0.000000964
413,6400,0.000000899
414,6400,0.000000978
415,6400,0.000000978
416,6400,0.000000914
417,6400,0.000001001
418,6400,0.000000818
419,6400,0.000000881
420,6400,0.000000769
421,6400,0.000001023
422,6400,0.000000837
423,6400,0.000001115
424,6400,0.000000911
425,6400,0.000000940
426,6400,0.000000935
427,6400,0.000000899
428,6400,0.000000932
429,6400,0.000000799
430,6400,0.000000902
431,6400,0.000001092
432,6400,0.000000997
433,6400,0.000000989
434,6400,0.000000852
435,6400,0.000000940
436,6400,0.000000864
437,6400,0.000000917
438,6400,0.000000891
439,6400,0.000000898
440,6400,0.000000961
441,6400,0.000000793
442,6400,0.000001103
443,6400,0.000001123
444,6400,0.000001007
445,6400,0.000001179
446,6400,0.000001051
447,6400,0.000000924
448,6400,0.000000834
449,6400,0.000000969
450,6400,0.000000883
451,6400,0.000000932
452,6400,0.000000826
453,6400,0.000000934
454,6400,0.000000928
455,6400,0.000001043
456,6400,0.000000925
457,6400,0.000000817
458,6400,0.000000870
459,6400,0.000000872
460,6400,0.000000862
461,6400,0.000000826
462,6400,0.000000949
463,6400,0.000000835
464,6400,0.000000890
465,6400,0.000000977
466,6400,0.000000979
467,6400,0.000000961
468,6400,0.000000799
469,6400,0.000000893
470,6400,0.000000783
471,6400,0.000000892
472,6400,0.000001026
473,6400,0.000000919
474,6400,0.000000914
475,6400,0.000000814
476,6400,0.000000893
477,6400,0.000000899
478,6400,0.000001320
479,6400,0.000000829
480,6400,0.000000854
481,6400,0.000001076
482,6400,0.000000894
483,6400,0.000000964
484,6400,0.000000860
485,6400,0.000000871
486,6400,0.000001084
487,6400,0.000000909
488,6400,0.000000990
489,6400,0.000000863
490,6400,0.000001019
491,6400,0.000000887
492,6400,0.000001107
493,6400,0.000000821
494,6400,0.000000958
495,6400,0.000000849
496,6400,0.000000883
497,6400,0.000000954
498,6400,0.000000864
499,6400,0.000001004
500,6400,0.000001077
501,6400,0.000000873
502,6400,0.000001140
503,6400,0.000000903
504,6400,0.000000989
505,6400,0.000000883
506,6400,0.000000884
507,6400,0.000000812
508,6400,0.000000876
509,6400,0.000000810
510,6400,0.000001434
511,6400,0.000000909
512,6400,0.000000985
513,6400,0.000000864
514,6400,0.000001080
515,6400,0.000000970
516,6400,0.000000926
517,6400,0.000000922
518,6400,0.000000827
519,6400,0.000000988
520,6400,0.000000973
521,6400,0.000000835
522,6400,0.000000892
523,6400,0.000000798
524,6400,0.000001502
525,6400,0.000000838
526,6400,0.000000954
527,6400,0.000001006
528,6400,0.000000923
529,6400,0.000000956
530,6400,0.000000779
531,6400,0.000000952
532,6400,0.000001358
533,6400,0.000000894
534,6400,0.000000952
535,6400,0.000000886
536,6400,0.000000915
537,6400,0.000000886
538,6400,0.000000957
539,6400,0.000000901
540,6400,0.000001134
541,6400,0.000001025
542,6400,0.000000985
543,6400,0.000000951
544,6400,0.000000898
545,6400,0.000000975
546,6400,0.000000816
547,6400,0.000000897
548,6400,0.000000816
549,6400,0.000000998
550,6400,0.000000794
551,6400,0.000000909
552,6400,0.000014168
553,6400,0.000000959
554,6400,0.000001386
555,6400,0.000001125
556,6400,0.000001354
557,6400,0.000001141
558,6400,0.000001446
559,6400,0.000001816
560,6400,0.000001798
561,6400,0.000001356
562,6400,0.000001486
563,6400,0.000001416
564,6400,0.000001117
565,6400,0.000001219
566,6400,0.000001163
567,6400,0.000001353
568,6400,0.000001113
569,6400,0.000001021
570,6400,0.000001016
571,6400,0.000000842
572,6400,0.000000954
573,6400,0.000000851
574,6400,0.000001550
575,6400,0.000000920
576,6400,0.000001059
577,6400,0.000000939
578,6400,0.000000895
579,6400,0.000001366
580,6400,0.000000863
581,6400,0.000000960
582,6400,0.000000778
583,6400,0.000001011
584,6400,0.000000970
585,6400,0.000000834
586,6400,0.000000969
587,6400,0.000001376
588,6400,0.000000946
589,6400,0.000000846
590,6400,0.000000946
591,6400,0.000000814
592,6400,0.000000883
593,6400,0.000001447
594,6400,0.000000863
595,6400,0.000000903
596,6400,0.000000853
597,6400,0.000000907
598,6400,0.000000769
599,6400,0.000000939
600,6400,0.000001143
601,6400,0.000001147
602,6400,0.000000992
603,6400,0.000000972
604,6400,0.000000963
605,6400,0.000000870
606,6400,0.000001046
607,6400,0.000000910
608,6400,0.000000958
609,6400,0.000001012
610,6400,0.000000820
611,6400,0.000000956
612,6400,0.000000832
613,6400,0.000000920
614,6400,0.000000853
615,6400,0.000000975
616,6400,0.000000974
617,6400,0.000000851
618,6400,0.000001016
619,6400,0.000001219
620,6400,0.000001054
621,6400,0.000000866
622,6400,0.000000972
623,6400,0.000000850
624,6400,0.000000913
625,6400,0.000000926
626,6400,0.000000837
627,6400,0.000000910
628,6400,0.000000889
629,6400,0.000001189
630,6400,0.000000888
631,6400,0.000001313
632,6400,0.000000966
633,6400,0.000013700
634,6400,0.000000968
635,6400,0.000000856
636,6400,0.000000995
637,6400,0.000000781
638,6400,0.000000983
639,6400,0.000001005
640,6400,0.000000903
641,6400,0.000001102
642,6400,0.000000926
643,6400,0.000001395
644,6400,0.000000854
645,6400,0.000000976
646,6400,0.000000933
647,6400,0.000000979
648,6400,0.000001094
649,6400,0.000000979
650,6400,0.000001144
651,6400,0.000000924
652,6400,0.000001063
653,6400,0.000000961
654,6400,0.000000990
655,6400,0.000000975
656,6400,0.000000993
657,6400,0.000001025
658,6400,0.000001300
659,6400,0.000001056
660,6400,0.000001095
661,6400,0.000001025
662,6400,0.000000983
663,6400,0.000000999
664,6400,0.000001026
665,6400,0.000000953
666,6400,0.000001157
667,6400,0.000001016
668,6400,0.000001121
669,6400,0.000000956
670,6400,0.000001126
671,6400,0.000000868
672,6400,0.000001039
673,6400,0.000001155
674,6400,0.000000885
675,6400,0.000000929
676,6400,0.000000823
677,6400,0.000000890
678,6400,0.000000961
679,6400,0.000000996
680,6400,0.000001072
681,6400,0.000000943
682,6400,0.000001006
683,6400,0.000000862
684,6400,0.000000919
685,6400,0.000001157
686,6400,0.000001048
687,6400,0.000000932
688,6400,0.000001610
689,6400,0.000001047
690,6400,0.000000922
691,6400,0.000000902
692,6400,0.000000941
693,6400,0.000001045
694,6400,0.000000947
695,6400,0.000001000
696,6400,0.000001117
697,6400,0.000000893
698,6400,0.000001147
699,6400,0.000000906
700,6400,0.000001043
701,6400,0.000000864
702,6400,0.000000977
703,6400,0.000000902
704,6400,0.000000944
705,6400,0.000000962
706,6400,0.000000881
707,6400,0.000000935
708,6400,0.000000870
709,6400,0.000000942
710,6400,0.000000794
711,6400,0.000001020
712,6400,0.000001071
713,6400,0.000000822
714,6400,0.000001001
715,6400,0.000000824
716,6400,0.000000993
717,6400,0.000000837
718,6400,0.000000936
719,6400,0.000000802
720,6400,0.000000909
721,6400,0.000000976
722,6400,0.000000864
723,6400,0.000000989
724,6400,0.000000802
725,6400,0.000000845
726,6400,0.000000792
727,6400,0.000000961
728,6400,0.000000980
729,6400,0.000000825
730,6400,0.000000997
731,6400,0.000000798
732,6400,0.000000919
733,6400,0.000001220
734,6400,0.000000943
735,6400,0.000000825
736,6400,0.000000948
737,6400,0.000000957
738,6400,0.000000839
739,6400,0.000000898
740,6400,0.000000807
741,6400,0.000000918
742,6400,0.000000821
743,6400,0.000001034
744,6400,0.000001037
745,6400,0.000000902
746,6400,0.000000925
747,6400,0.000000791
748,6400,0.000000961
749,6400,0.000000804
750,6400,0.000000911
751,6400,0.000000853
752,6400,0.000000874
753,6400,0.000000879
754,6400,0.000000826
755,6400,0.000000914
756,6400,0.000000762
757,6400,0.000000939
758,6400,0.000000809
759,6400,0.000000943
760,6400,0.000000957
761,6400,0.000000898
762,6400,0.000001303
763,6400,0.000000829
764,6400,0.000000942
765,6400,0.000000824
766,6400,0.000000903
767,6400,0.000001087
768,6400,0.000000881
769,6400,0.000000923
770,6400,0.000000842
771,6400,0.000000920
772,6400,0.000000976
773,6400,0.000000927
774,6400,0.000000979
775,6400,0.000000915
776,6400,0.000000949
777,6400,0.000000858
778,6400,0.000001328
779,6400,0.000000779
780,6400,0.000001009
781,6400,0.000000812
782,6400,0.000000904
783,6400,0.000000845
784,6400,0.000000976
785,6400,0.000000988
786,6400,0.000000886
787,6400,0.000000904
788,6400,0.000000740
789,6400,0.000000858
790,6400,0.000000832
791,6400,0.000000928
792,6400,0.000000943
793,6400,0.000000832
794,6400,0.000001037
795,6400,0.000000826
796,6400,0.000000905
797,6400,0.000000816
798,6400,0.000000896
799,6400,0.000001107
800,6400,0.000000959
801,6400,0.000001020
802,6400,0.000000847
803,6400,0.000001214
804,6400,0.000000761
805,6400,0.000001030
806,6400,0.000000841
807,6400,0.000000964
808,6400,0.000000958
809,6400,0.000000856
810,6400,0.000000904
811,6400,0.000001115
812,6400,0.000000877
813,6400,0.000000825
814,6400,0.000000963
815,6400,0.000001099
816,6400,0.000000940
817,6400,0.000000934
818,6400,0.000000849
819,6400,0.000001203
820,6400,0.000000814
821,6400,0.000000956
822,6400,0.000000834
823,6400,0.000000975
824,6400,0.000000934
825,6400,0.000001007
826,6400,0.000000940
827,6400,0.000000843
828,6400,0.000000892
829,6400,0.000000824
830,6400,0.000000933
831,6400,0.000001151
832,6400,0.000000855
833,6400,0.000001348
834,6400,0.000000842
835,6400,0.000001052
836,6400,0.000000815
837,6400,0.000000883
838,6400,0.000000794
839,6400,0.000000883
840,6400,0.000000922
841,6400,0.000000835
842,6400,0.000000949
843,6400,0.000000850
844,6400,0.000000874
845,6400,0.000000812
846,6400,0.000000939
847,6400,0.000000814
848,6400,0.000000948
849,6400,0.000000975
850,6400,0.000000811
851,6400,0.000000901
852,6400,0.000000832
853,6400,0.000000899
854,6400,0.000000786
855,6400,0.000001076
856,6400,0.000001232
857,6400,0.000000880
858,6400,0.000000896
859,6400,0.000000898
860,6400,0.000000904
861,6400,0.000000823
862,6400,0.000000908
863,6400,0.000000817
864,6400,0.000000879
865,6400,0.000001003
866,6400,0.000000842
867,6400,0.000001241
868,6400,0.000001125
869,6400,0.000000887
870,6400,0.000000822
871,6400,0.000000938
872,6400,0.000000860
873,6400,0.000000843
874,6400,0.000000927
875,6400,0.000000818
876,6400,0.000000888
877,6400,0.000000834
878,6400,0.000000899
879,6400,0.000000820
880,6400,0.000000865
881,6400,0.000000956
882,6400,0.000000837
883,6400,0.000000872
884,6400,0.000000801
885,6400,0.000000911
886,6400,0.000000810
887,6400,0.000000913
888,6400,0.000000992
889,6400,0.000000861
890,6400,0.000000961
891,6400,0.000000920
892,6400,0.000000965
893,6400,0.000000875
894,6400,0.000000909
895,6400,0.000000814
896,6400,0.000000910
897,6400,0.000000951
898,6400,0.000000825
899,6400,0.000001033
900,6400,0.000001069
901,6400,0.000000983
902,6400,0.000000911
903,6400,0.000000972
904,6400,0.000000991
905,6400,0.000000843
906,6400,0.000000967
907,6400,0.000000854
908,6400,0.000001313
909,6400,0.000001031
910,6400,0.000000977
911,6400,0.000000871
912,6400,0.000000943
913,6400,0.000000970
914,6400,0.000000911
915,6400,0.000000891
916,6400,0.000000872
917,6400,0.000000955
918,6400,0.000000876
919,6400,0.000000936
920,6400,0.000000983
921,6400,0.000000892
922,6400,0.000000903
923,6400,0.000000851
924,6400,0.000000898
925,6400,0.000000849
926,6400,0.000001341
927,6400,0.000000851
928,6400,0.000001130
929,6400,0.000000984
930,6400,0.000000956
931,6400,0.000001002
932,6400,0.000000839
933,6400,0.000001219
934,6400,0.000000839
935,6400,0.000000989
936,6400,0.000001065
937,6400,0.000001277
938,6400,0.000000907
939,6400,0.000001198
940,6400,0.000000945
941,6400,0.000000972
942,6400,0.000000992
943,6400,0.000000932
944,6400,0.000000964
945,6400,0.000000978
946,6400,0.000000852
947,6400,0.000001130
948,6400,0.000000958
949,6400,0.000001032
950,6400,0.000000951
951,6400,0.000000984
952,6400,0.000000943
953,6400,0.000000843
954,6400,0.000001073
955,6400,0.000000844
956,6400,0.000000960
957,6400,0.000000976
958,6400,0.000001042
959,6400,0.000000931
960,6400,0.000000973
961,6400,0.000001043
962,6400,0.000000901
963,6400,0.000000998
964,6400,0.000000928
965,6400,0.000000915
966,6400,0.000000893
967,6400,0.000001240
968,6400,0.000001451
969,6400,0.000000982
970,6400,0.000001223
971,6400,0.000000997
972,6400,0.000001152
973,6400,0.000000846
974,6400,0.000000978
975,6400,0.000001173
976,6400,0.000000916
977,6400,0.000000929
978,6400,0.000000982
979,6400,0.000001022
980,6400,0.000001025
981,6400,0.000001029
982,6400,0.000001036
983,6400,0.000001050
984,6400,0.000001031
985,6400,0.000000881
986,6400,0.000001133
987,6400,0.000000965
988,6400,0.000001266
989,6400,0.000000835
990,6400,0.000001134
991,6400,0.000000941
992,6400,0.000000934
993,6400,0.000000985
994,6400,0.000001495
995,6400,0.000001069
996,6400,0.000000854
997,6400,0.000000966
998,6400,0.000000860
999,6400,0.000000990
0,6656,0.000001279
1,6656,0.000000987
2,6656,0.000000864
3,6656,0.000000939
4,6656,0.000000945
5,6656,0.000000883
6,6656,0.000000992
7,6656,0.000000863
8,6656,0.000000861
9,6656,0.000001485
10,6656,0.000000799
11,6656,0.000000897
12,6656,0.000001115
13,6656,0.000000825
14,6656,0.000000877
15,6656,0.000000900
16,6656,0.000000873
17,6656,0.000001012
18,6656,0.000000814
19,6656,0.000000927
20,6656,0.000000921
21,6656,0.000000822
22,6656,0.000000979
23,6656,0.000000834
24,6656,0.000000997
25,6656,0.000009962
26,6656,0.000001085
27,6656,0.000001146
28,6656,0.000001199
29,6656,0.000001117
30,6656,0.000001312
31,6656,0.000001571
32,6656,0.000001553
33,6656,0.000001374
34,6656,0.000001385
35,6656,0.000001216
36,6656,0.000001616
37,6656,0.000001116
38,6656,0.000001295
39,6656,0.000001434
40,6656,0.000001617
41,6656,0.000001027
42,6656,0.000000826
43,6656,0.000000883
44,6656,0.000000884
45,6656,0.000000848
46,6656,0.000000897
47,6656,0.000000982
48,6656,0.000000900
49,6656,0.000000881
50,6656,0.000000890
51,6656,0.000000953
52,6656,0.000000924
53,6656,0.000000907
54,6656,0.000000885
55,6656,0.000000826
56,6656,0.000000913
57,6656,0.000000984
58,6656,0.000000803
59,6656,0.000000981
60,6656,0.000001037
61,6656,0.000000894
62,6656,0.000000877
63,6656,0.000000828
64,6656,0.000000908
65,6656,0.000000985
66,6656,0.000000784
67,6656,0.000001119
68,6656,0.000000936
69,6656,0.000000788
70,6656,0.000000948
71,6656,0.000001057
72,6656,0.000000923
73,6656,0.000001051
74,6656,0.000000830
75,6656,0.000000906
76,6656,0.000001046
77,6656,0.000000886
78,6656,0.000000950
79,6656,0.000000870
80,6656,0.000000846
81,6656,0.000001003
82,6656,0.000000805
83,6656,0.000000892
84,6656,0.000000949
85,6656,0.000000831
86,6656,0.000000951
87,6656,0.000000846
88,6656,0.000001003
89,6656,0.000000996
90,6656,0.000000956
91,6656,0.000000962
92,6656,0.000000960
93,6656,0.000001261
94,6656,0.000000928
95,6656,0.000000886
96,6656,0.000000950
97,6656,0.000001012
98,6656,0.000000818
99,6656,0.000001285
100,6656,0.000000996
101,6656,0.000000866
102,6656,0.000000887
103,6656,0.000001135
104,6656,0.000000896
105,6656,0.000001001
106,6656,0.000000866
107,6656,0.000000973
108,6656,0.000000932
109,6656,0.000000968
110,6656,0.000001003
111,6656,0.000000812
112,6656,0.000000946
113,6656,0.000000945
114,6656,0.000000868
115,6656,0.000001261
116,6656,0.000000949
117,6656,0.000000869
118,6656,0.000000935
119,6656,0.000000835
120,6656,0.000001000
121,6656,0.000001076
122,6656,0.000000813
123,6656,0.000000968
124,6656,0.000000987
125,6656,0.000000975
126,6656,0.000000974
127,6656,0.000000843
128,6656,0.000000936
129,6656,0.000000971
130,6656,0.000000758
131,6656,0.000000945
132,6656,0.000000973
133,6656,0.000001071
134,6656,0.000000843
135,6656,0.000000960
136,6656,0.000000840
137,6656,0.000000950
138,6656,0.000000803
139,6656,0.000000911
140,6656,0.000001032
141,6656,0.000001088
142,6656,0.000000965
143,6656,0.000000831
144,6656,0.000000895
145,6656,0.000000959
146,6656,0.000000826
147,6656,0.000000883
148,6656,0.000001045
149,6656,0.000000822
150,6656,0.000000912
151,6656,0.000000871
152,6656,0.000000875
153,6656,0.000000913
154,6656,0.000000802
155,6656,0.000000888
156,6656,0.000000919
157,6656,0.000000905
158,6656,0.000000920
159,6656,0.000000831
160,6656,0.000000924
161,6656,0.000000965
162,6656,0.000001001
163,6656,0.000000916
164,6656,0.000000949
165,6656,0.000000868
166,6656,0.000001009
167,6656,0.000000834
168,6656,0.000000864
169,6656,0.000001007
170,6656,0.000000820
171,6656,0.000000901
172,6656,0.000001264
173,6656,0.000000895
174,6656,0.000001283
175,6656,0.000000845
176,6656,0.000000896
177,6656,0.000000876
178,6656,0.000000830
179,6656,0.000001042
180,6656,0.000000991
181,6656,0.000000850
182,6656,0.000000898
183,6656,0.000000875
184,6656,0.000000943
185,6656,0.000000930
186,6656,0.000000878
187,6656,0.000000958
188,6656,0.000000969
189,6656,0.000000832
190,6656,0.000000896
191,6656,0.000000820
192,6656,0.000000946
193,6656,0.000000973
194,6656,0.000000858
195,6656,0.000000883
196,6656,0.000000980
197,6656,0.000000900
198,6656,0.000000883
199,6656,0.000001084
200,6656,0.000000932
201,6656,0.000001331
202,6656,0.000001480
203,6656,0.000001212
204,6656,0.000001425
205,6656,0.000001042
206,6656,0.000001395
207,6656,0.000001213
208,6656,0.000001175
209,6656,0.000001503
210,6656,0.000000936
211,6656,0.000001049
212,6656,0.000000976
213,6656,0.000001226
214,6656,0.000000918
215,6656,0.000000854
216,6656,0.000000863
217,6656,0.000000943
218,6656,0.000000800
219,6656,0.000000966
220,6656,0.000001005
221,6656,0.000001191
222,6656,0.000000938
223,6656,0.000000902
224,6656,0.000000959
225,6656,0.000000933
226,6656,0.000000814
227,6656,0.000000937
228,6656,0.000000911
229,6656,0.000000928
230,6656,0.000000980
231,6656,0.000000812
232,6656,0.000000912
233,6656,0.000001037
234,6656,0.000000758
235,6656,0.000001072
236,6656,0.000000875
237,6656,0.000000816
238,6656,0.000000895
239,6656,0.000000834
240,6656,0.000001001
241,6656,0.000000970
242,6656,0.000000818
243,6656,0.000000999
244,6656,0.000001160
245,6656,0.000000904
246,6656,0.000000987
247,6656,0.000000865
248,6656,0.000000859
249,6656,0.000000888
250,6656,0.000000826
251,6656,0.000001038
252,6656,0.000001075
253,6656,0.000000904
254,6656,0.000000913
255,6656,0.000000838
256,6656,0.000001147
257,6656,0.000000924
258,6656,0.000000838
259,6656,0.000001014
260,6656,0.000000980
261,6656,0.000000868
262,6656,0.000000940
263,6656,0.000000868
264,6656,0.000001112
265,6656,0.000000912
266,6656,0.000000798
267,6656,0.000000973
268,6656,0.000000902
269,6656,0.000000837
270,6656,0.000000894
271,6656,0.000000897
272,6656,0.000000932
273,6656,0.000001020
274,6656,0.000001124
275,6656,0.000000936
276,6656,0.000001333
277,6656,0.000000821
278,6656,0.000000897
279,6656,0.000000806
280,6656,0.000000916
281,6656,0.000000969
282,6656,0.000000828
283,6656,0.000000959
284,6656,0.000001234
285,6656,0.000000819
286,6656,0.000001370
287,6656,0.000000778
288,6656,0.000000942
289,6656,0.000001004
290,6656,0.000000843
291,6656,0.000000962
292,6656,0.000000925
293,6656,0.000000896
294,6656,0.000000967
295,6656,0.000000902
296,6656,0.000001077
297,6656,0.000001121
298,6656,0.000000852
299,6656,0.000001018
300,6656,0.000001024
301,6656,0.000000875
302,6656,0.000001075
303,6656,0.000000814
304,6656,0.000001110
305,6656,0.000001038
306,6656,0.000000833
307,6656,0.000000908
308,6656,0.000000960
309,6656,0.000000845
310,6656,0.000000938
311,6656,0.000000795
312,6656,0.000001039
313,6656,0.000000899
314,6656,0.000000951
315,6656,0.000001015
316,6656,0.000000981
317,6656,0.000000829
318,6656,0.000001130
319,6656,0.000000930
320,6656,0.000000880
321,6656,0.000000904
322,6656,0.000000827
323,6656,0.000001011
324,6656,0.000000946
325,6656,0.000000845
326,6656,0.000000822
327,6656,0.000000833
328,6656,0.000000891
329,6656,0.000001021
330,6656,0.000001115
331,6656,0.000000925
332,6656,0.000001002
333,6656,0.000000839
334,6656,0.000000876
335,6656,0.000000927
336,6656,0.000000936
337,6656,0.000000935
338,6656,0.000000816
339,6656,0.000000899
340,6656,0.000001109
341,6656,0.000000856
342,6656,0.000000890
343,6656,0.000000860
344,6656,0.000001013
345,6656,0.000001070
346,6656,0.000000866
347,6656,0.000000926
348,6656,0.000000915
349,6656,0.000000851
350,6656,0.000000905
351,6656,0.000000821
352,6656,0.000001093
353,6656,0.000001118
354,6656,0.000000833
355,6656,0.000001043
356,6656,0.000000949
357,6656,0.000000853
358,6656,0.000000829
359,6656,0.000000888
360,6656,0.000000866
361,6656,0.000000885
362,6656,0.000000835
363,6656,0.000000885
364,6656,0.000000922
365,6656,0.000001167
366,6656,0.000000908
367,6656,0.000000883
368,6656,0.000000899
369,6656,0.000000959
370,6656,0.000000854
371,6656,0.000000936
372,6656,0.000000994
373,6656,0.000000887
374,6656,0.000000897
375,6656,0.000000806
376,6656,0.000001048
377,6656,0.000001000
378,6656,0.000000763
379,6656,0.000001108
380,6656,0.000000943
381,6656,0.000000986
382,6656,0.000000905
383,6656,0.000001057
384,6656,0.000000912
385,6656,0.000001063
386,6656,0.000000827
387,6656,0.000001102
388,6656,0.000000951
389,6656,0.000000927
390,6656,0.000000878
391,6656,0.000000846
392,6656,0.000000862
393,6656,0.000001480
394,6656,0.000001133
395,6656,0.000001275
396,6656,0.000001201
397,6656,0.000001340
398,6656,0.000001244
399,6656,0.000001170
400,6656,0.000001419
401,6656,0.000001146
402,6656,0.000001219
403,6656,0.000001222
404,6656,0.000001150
405,6656,0.000001276
406,6656,0.000000921
407,6656,0.000000829
408,6656,0.000000861
409,6656,0.000000942
410,6656,0.000000818
411,6656,0.000000948
412,6656,0.000000940
413,6656,0.000000816
414,6656,0.000001217
415,6656,0.000000808
416,6656,0.000000902
417,6656,0.000000941
418,6656,0.000000849
419,6656,0.000000915
420,6656,0.000000924
421,6656,0.000000850
422,6656,0.000000903
423,6656,0.000000816
424,6656,0.000001084
425,6656,0.000000886
426,6656,0.000000977
427,6656,0.000000950
428,6656,0.000001147
429,6656,0.000000869
430,6656,0.000000919
431,6656,0.000000850
432,6656,0.000001110
433,6656,0.000015669
434,6656,0.000000854
435,6656,0.000000934
436,6656,0.000000950
437,6656,0.000000920
438,6656,0.000001057
439,6656,0.000000841
440,6656,0.000000938
441,6656,0.000001003
442,6656,0.000000878
443,6656,0.000000943
444,6656,0.000000933
445,6656,0.000000849
446,6656,0.000000891
447,6656,0.000000843
448,6656,0.000000958
449,6656,0.000001020
450,6656,0.000000801
451,6656,0.000001090
452,6656,0.000000953
453,6656,0.000000986
454,6656,0.000001008
455,6656,0.000000897
456,6656,0.000013568
457,6656,0.000000995
458,6656,0.000000995
459,6656,0.000000931
460,6656,0.000001059
461,6656,0.000000855
462,6656,0.000000974
463,6656,0.000000950
464,6656,0.000001130
465,6656,0.000000923
466,6656,0.000000821
467,6656,0.000000980
468,6656,0.000001017
469,6656,0.000000852
470,6656,0.000001131
471,6656,0.000000834
472,6656,0.000001163
473,6656,0.000000876
474,6656,0.000000858
475,6656,0.000000937
476,6656,0.000001042
477,6656,0.000000844
478,6656,0.000000968
479,6656,0.000000841
480,6656,0.000001127
481,6656,0.000000957
482,6656,0.000000859
483,6656,0.000000988
484,6656,0.000001365
485,6656,0.000000832
486,6656,0.000000930
487,6656,0.000000894
488,6656,0.000000938
489,6656,0.000000938
490,6656,0.000000891
491,6656,0.000001000
492,6656,0.000000903
493,6656,0.000000799
494,6656,0.000000857
495,6656,0.000000820
496,6656,0.000001274
497,6656,0.000000924
498,6656,0.000000815
499,6656,0.000000898
500,6656,0.000000901
501,6656,0.000000916
502,6656,0.000001150
503,6656,0.000000809
504,6656,0.000001068
505,6656,0.000001095
506,6656,0.000000818
507,6656,0.000000986
508,6656,0.000000976
509,6656,0.000000823
510,6656,0.000000975
511,6656,0.000000903
512,6656,0.000001169
513,6656,0.000000943
514,6656,0.000000807
515,6656,0.000000991
516,6656,0.000001237
517,6656,0.000000834
518,6656,0.000000878
519,6656,0.000000832
520,6656,0.000000960
521,6656,0.000000967
522,6656,0.000000880
523,6656,0.000000895
524,6656,0.000001012
525,6656,0.000000807
526,6656,0.000000969
527,6656,0.000000820
528,6656,0.000000987
529,6656,0.000000940
530,6656,0.000001035
531,6656,0.000000974
532,6656,0.000001045
533,6656,0.000000875
534,6656,0.000000885
535,6656,0.000000801
536,6656,0.000001255
537,6656,0.000001001
538,6656,0.000000846
539,6656,0.000000931
540,6656,0.000000920
541,6656,0.000000801
542,6656,0.000000923
543,6656,0.000000800
544,6656,0.000001003
545,6656,0.000000925
546,6656,0.000000823
547,6656,0.000001066
548,6656,0.000000971
549,6656,0.000001121
550,6656,0.000001128
551,6656,0.000000847
552,6656,0.000000886
553,6656,0.000000874
554,6656,0.000001059
555,6656,0.000000914
556,6656,0.000001206
557,6656,0.000000898
558,6656,0.000000909
559,6656,0.000000801
560,6656,0.000000862
561,6656,0.000000922
562,6656,0.000000808
563,6656,0.000000912
564,6656,0.000000977
565,6656,0.000000866
566,6656,0.000000916
567,6656,0.000000877
568,6656,0.000000832
569,6656,0.000000974
570,6656,0.000000811
571,6656,0.000000896
572,6656,0.000000898
573,6656,0.000000881
574,6656,0.000000886
575,6656,0.000000813
576,6656,0.000000860
577,6656,0.000001260
578,6656,0.000000863
579,6656,0.000000946
580,6656,0.000000998
581,6656,0.000000889
582,6656,0.000000966
583,6656,0.000001021
584,6656,0.000000870
585,6656,0.000001246
586,6656,0.000000787
587,6656,0.000000899
588,6656,0.000000884
589,6656,0.000000797
590,6656,0.000000901
591,6656,0.000000801
592,6656,0.000000931
593,6656,0.000000926
594,6656,0.000000809
595,6656,0.000000921
596,6656,0.000001039
597,6656,0.000000850
598,6656,0.000000941
599,6656,0.000000822
600,6656,0.000000882
601,6656,0.000000901
602,6656,0.000000805
603,6656,0.000000916
604,6656,0.000000933
605,6656,0.000000800
606,6656,0.000001213
607,6656,0.000000803
608,6656,0.000001138
609,6656,0.000000973
610,6656,0.000000786
611,6656,0.000000882
612,6656,0.000000910
613,6656,0.000000830
614,6656,0.000001234
615,6656,0.000000797
616,6656,0.000000916
617,6656,0.000000971
618,6656,0.000000989
619,6656,0.000000868
620,6656,0.000000918
621,6656,0.000000826
622,6656,0.000000871
623,6656,0.000000850
624,6656,0.000001319
625,6656,0.000001011
626,6656,0.000001059
627,6656,0.000000968
628,6656,0.000000989
629,6656,0.000000842
630,6656,0.000001037
631,6656,0.000000888
632,6656,0.000000915
633,6656,0.000001050
634,6656,0.000000813
635,6656,0.000000984
636,6656,0.000001004
637,6656,0.000000821
638,6656,0.000001267
639,6656,0.000000835
640,6656,0.000001111
641,6656,0.000001052
642,6656,0.000000950
643,6656,0.000000980
644,6656,0.000001076
645,6656,0.000000842
646,6656,0.000000935
647,6656,0.000000875
648,6656,0.000001099
649,6656,0.000000979
650,6656,0.000000801
651,6656,0.000000867
652,6656,0.000001003
653,6656,0.000000921
654,6656,0.000000972
655,6656,0.000000891
656,6656,0.000000931
657,6656,0.000000914
658,6656,0.000000782
659,6656,0.000001013
660,6656,0.000001033
661,6656,0.000000965
662,6656,0.000000956
663,6656,0.000000808
664,6656,0.000000950
665,6656,0.000000994
666,6656,0.000000979
667,6656,0.000001031
668,6656,0.000001047
669,6656,0.000000896
670,6656,0.000000951
671,6656,0.000000880
672,6656,0.000000918
673,6656,0.000001076
674,6656,0.000000763
675,6656,0.000000940
676,6656,0.000001069
677,6656,0.000000849
678,6656,0.000000891
679,6656,0.000000818
680,6656,0.000000945
681,6656,0.000001062
682,6656,0.000000868
683,6656,0.000000965
684,6656,0.000000994
685,6656,0.000000894
686,6656,0.000001124
687,6656,0.000000814
688,6656,0.000000914
689,6656,0.000000965
690,6656,0.000000812
691,6656,0.000000881
692,6656,0.000001148
693,6656,0.000000822
694,6656,0.000001316
695,6656,0.000000815
696,6656,0.000000906
697,6656,0.000000921
698,6656,0.000000796
699,6656,0.000000942
700,6656,0.000000987
701,6656,0.000000845
702,6656,0.000001266
703,6656,0.000000844
704,6656,0.000000844
705,6656,0.000000942
706,6656,0.000000836
707,6656,0.000000898
708,6656,0.000000926
709,6656,0.000000834
710,6656,0.000000858
711,6656,0.000000803
712,6656,0.000000883
713,6656,0.000000963
714,6656,0.000001191
715,6656,0.000000901
716,6656,0.000000944
717,6656,0.000000799
718,6656,0.000000919
719,6656,0.000000825
720,6656,0.000000875
721,6656,0.000000955
722,6656,0.000000872
723,6656,0.000000871
724,6656,0.000000899
725,6656,0.000000825
726,6656,0.000000935
727,6656,0.000000790
728,6656,0.000000944
729,6656,0.000000987
730,6656,0.000000819
731,6656,0.000000901
732,6656,0.000001004
733,6656,0.000000884
734,6656,0.000000855
735,6656,0.000000820
736,6656,0.000000899
737,6656,0.000000988
738,6656,0.000000788
739,6656,0.000000898
740,6656,0.000000918
741,6656,0.000000813
742,6656,0.000001010
743,6656,0.000000853
744,6656,0.000000984
745,6656,0.000000917
746,6656,0.000000853
747,6656,0.000000928
748,6656,0.000001307
749,6656,0.000000771
750,6656,0.000001106
751,6656,0.000000794
752,6656,0.000000917
753,6656,0.000000988
754,6656,0.000000881
755,6656,0.000000980
756,6656,0.000000970
757,6656,0.000000847
758,6656,0.000000842
759,6656,0.000000811
760,6656,0.000000933
761,6656,0.000000945
762,6656,0.000000801
763,6656,0.000000963
764,6656,0.000000934
765,6656,0.000000849
766,6656,0.000000875
767,6656,0.000000822
768,6656,0.000000851
769,6656,0.000001189
770,6656,0.000000811
771,6656,0.000001022
772,6656,0.000000998
773,6656,0.000000787
774,6656,0.000000960
775,6656,0.000000830
776,6656,0.000000889
777,6656,0.000000991
778,6656,0.000000816
779,6656,0.000000903
780,6656,0.000000978
781,6656,0.000001147
782,6656,0.000000904
783,6656,0.000000829
784,6656,0.000000865
785,6656,0.000000959
786,6656,0.000000796
787,6656,0.000000947
788,6656,0.000000926
789,6656,0.000000842
790,6656,0.000000893
791,6656,0.000000820
792,6656,0.000000880
793,6656,0.000000892
794,6656,0.000000823
795,6656,0.000000861
796,6656,0.000000960
797,6656,0.000000854
798,6656,0.000000911
799,6656,0.000000799
800,6656,0.000000848
801,6656,0.000000880
802,6656,0.000000821
803,6656,0.000000947
804,6656,0.000000966
805,6656,0.000000802
806,6656,0.000000853
807,6656,0.000000786
808,6656,0.000000883
809,6656,0.000000940
810,6656,0.000000843
811,6656,0.000000916
812,6656,0.000000960
813,6656,0.000000864
814,6656,0.000000965
815,6656,0.000000851
816,6656,0.000000917
817,6656,0.000000942
818,6656,0.000000810
819,6656,0.000000882
820,6656,0.000000964
821,6656,0.000000839
822,6656,0.000001044
823,6656,0.000000878
824,6656,0.000000878
825,6656,0.000000954
826,6656,0.000000850
827,6656,0.000000917
828,6656,0.000001124
829,6656,0.000000840
830,6656,0.000000897
831,6656,0.000000805
832,6656,0.000000943
833,6656,0.000000974
834,6656,0.000000804
835,6656,0.000001056
836,6656,0.000000961
837,6656,0.000000864
838,6656,0.000000887
839,6656,0.000000787
840,6656,0.000000846
841,6656,0.000000888
842,6656,0.000000806
843,6656,0.000000876
844,6656,0.000000970
845,6656,0.000000842
846,6656,0.000000950
847,6656,0.000000817
848,6656,0.000000879
849,6656,0.000001267
850,6656,0.000001175
851,6656,0.000000928
852,6656,0.000000950
853,6656,0.000000838
854,6656,0.000000939
855,6656,0.000000877
856,6656,0.000000897
857,6656,0.000001089
858,6656,0.000000824
859,6656,0.000001075
860,6656,0.000000952
861,6656,0.000000829
862,6656,0.000000894
863,6656,0.000000807
864,6656,0.000000862
865,6656,0.000000997
866,6656,0.000000900
867,6656,0.000001058
868,6656,0.000000978
869,6656,0.000000895
870,6656,0.000000947
871,6656,0.000000889
872,6656,0.000000910
873,6656,0.000000999
874,6656,0.000001067
875,6656,0.000001237
876,6656,0.000001540
877,6656,0.000000867
878,6656,0.000000928
879,6656,0.000000884
880,6656,0.000000907
881,6656,0.000000991
882,6656,0.000001166
883,6656,0.000000953
884,6656,0.000000892
885,6656,0.000000900
886,6656,0.000000942
887,6656,0.000000826
888,6656,0.000000956
889,6656,0.000000947
890,6656,0.000000878
891,6656,0.000001067
892,6656,0.000001066
893,6656,0.000000821
894,6656,0.000000997
895,6656,0.000000884
896,6656,0.000001107
897,6656,0.000001032
898,6656,0.000000842
899,6656,0.000000967
900,6656,0.000000974
901,6656,0.000000929
902,6656,0.000001003
903,6656,0.000000876
904,6656,0.000000930
905,6656,0.000001191
906,6656,0.000000828
907,6656,0.000000993
908,6656,0.000000990
909,6656,0.000000891
910,6656,0.000001184
911,6656,0.000000930
912,6656,0.000000998
913,6656,0.000001117
914,6656,0.000001103
915,6656,0.000000966
916,6656,0.000001000
917,6656,0.000000853
918,6656,0.000001037
919,6656,0.000000893
920,6656,0.000000953
921,6656,0.000001237
922,6656,0.000000967
923,6656,0.000001071
924,6656,0.000001075
925,6656,0.000000937
926,6656,0.000000909
927,6656,0.000000922
928,6656,0.000000907
929,6656,0.000001067
930,6656,0.000000943
931,6656,0.000000994
932,6656,0.000001075
933,6656,0.000000893
934,6656,0.000000972
935,6656,0.000000864
936,6656,0.000000996
937,6656,0.000000925
938,6656,0.000000858
939,6656,0.000000912
940,6656,0.000001003
941,6656,0.000000859
942,6656,0.000001045
943,6656,0.000000836
944,6656,0.000001022
945,6656,0.000001034
946,6656,0.000000942
947,6656,0.000000908
948,6656,0.000000986
949,6656,0.000000863
950,6656,0.000000935
951,6656,0.000000911
952,6656,0.000000989
953,6656,0.000001051
954,6656,0.000000843
955,6656,0.000000923
956,6656,0.000000995
957,6656,0.000000855
958,6656,0.000000938
959,6656,0.000000997
960,6656,0.000000906
961,6656,0.000001051
962,6656,0.000000839
963,6656,0.000001007
964,6656,0.000001024
965,6656,0.000000961
966,6656,0.000001062
967,6656,0.000000938
968,6656,0.000000951
969,6656,0.000000971
970,6656,0.000000912
971,6656,0.000001197
972,6656,0.000001032
973,6656,0.000000921
974,6656,0.000000962
975,6656,0.000000951
976,6656,0.000000917
977,6656,0.000000996
978,6656,0.000000891
979,6656,0.000000985
980,6656,0.000001146
981,6656,0.000000958
982,6656,0.000001308
983,6656,0.000000969
984,6656,0.000000985
985,6656,0.000001067
986,6656,0.000000957
987,6656,0.000001006
988,6656,0.000001085
989,6656,0.000000918
990,6656,0.000000959
991,6656,0.000000911
992,6656,0.000001027
993,6656,0.000001336
994,6656,0.000000888
995,6656,0.000001085
996,6656,0.000001052
997,6656,0.000000889
998,6656,0.000000929
999,6656,0.000001111
0,6912,0.000001952
1,6912,0.000001220
2,6912,0.000001324
3,6912,0.000001202
4,6912,0.000001219
5,6912,0.000001737
6,6912,0.000000945
7,6912,0.000000950
8,6912,0.000000919
9,6912,0.000000932
10,6912,0.000000914
11,6912,0.000001046
12,6912,0.000000837
13,6912,0.000013538
14,6912,0.000001213
15,6912,0.000000805
16,6912,0.000000926
17,6912,0.000000941
18,6912,0.000001015
19,6912,0.000000798
20,6912,0.000000930
21,6912,0.000000965
22,6912,0.000000841
23,6912,0.000000908
24,6912,0.000001017
25,6912,0.000000863
26,6912,0.000001116
27,6912,0.000000912
28,6912,0.000000845
29,6912,0.000000904
30,6912,0.000001063
31,6912,0.000000813
32,6912,0.000001180
33,6912,0.000000888
34,6912,0.000000885
35,6912,0.000000859
36,6912,0.000000948
37,6912,0.000001243
38,6912,0.000001023
39,6912,0.000000997
40,6912,0.000000979
41,6912,0.000000838
42,6912,0.000001004
43,6912,0.000000979
44,6912,0.000000842
45,6912,0.000000958
46,6912,0.000000917
47,6912,0.000000827
48,6912,0.000001151
49,6912,0.000000923
50,6912,0.000001143
51,6912,0.000000894
52,6912,0.000000941
53,6912,0.000000963
54,6912,0.000000844
55,6912,0.000000905
56,6912,0.000001005
57,6912,0.000000881
58,6912,0.000001165
59,6912,0.000000972
60,6912,0.000000813
61,6912,0.000000916
62,6912,0.000000938
63,6912,0.000000806
64,6912,0.000000909
65,6912,0.000000961
66,6912,0.000000936
67,6912,0.000000831
68,6912,0.000001184
69,6912,0.000001454
70,6912,0.000000882
71,6912,0.000000878
72,6912,0.000000882
73,6912,0.000000846
74,6912,0.000001028
75,6912,0.000000951
76,6912,0.000000794
77,6912,0.000000876
78,6912,0.000001070
79,6912,0.000000871
80,6912,0.000000856
81,6912,0.000000871
82,6912,0.000000974
83,6912,0.000000816
84,6912,0.000000943
85,6912,0.000001027
86,6912,0.000000834
87,6912,0.000000987
88,6912,0.000000941
89,6912,0.000000861
90,6912,0.000001277
91,6912,0.000000951
92,6912,0.000001039
93,6912,0.000000955
94,6912,0.000000964
95,6912,0.000000906
96,6912,0.000000930
97,6912,0.000000936
98,6912,0.000000921
99,6912,0.000000879
100,6912,0.000000883
101,6912,0.000001002
102,6912,0.000000836
103,6912,0.000000939
104,6912,0.000001225
105,6912,0.000001025
106,6912,0.000001002
107,6912,0.000000890
108,6912,0.000000898
109,6912,0.000000940
110,6912,0.000001097
111,6912,0.000000818
112,6912,0.000000898
113,6912,0.000000901
114,6912,0.000000960
115,6912,0.000000901
116,6912,0.000000905
117,6912,0.000000937
118,6912,0.000000987
119,6912,0.000000885
120,6912,0.000001061
121,6912,0.000000901
122,6912,0.000000939
123,6912,0.000000933
124,6912,0.000000838
125,6912,0.000000878
126,6912,0.000001273
127,6912,0.000000833
128,6912,0.000000909
129,6912,0.000000857
130,6912,0.000001273
131,6912,0.000000792
132,6912,0.000000956
133,6912,0.000000917
134,6912,0.000001021
135,6912,0.000000968
136,6912,0.000000934
137,6912,0.000000857
138,6912,0.000000891
139,6912,0.000000957
140,6912,0.000001019
141,6912,0.000000884
142,6912,0.000000990
143,6912,0.000000814
144,6912,0.000000857
145,6912,0.000000936
146,6912,0.000000982
147,6912,0.000000774
148,6912,0.000000900
149,6912,0.000000921
150,6912,0.000000852
151,6912,0.000000920
152,6912,0.000000971
153,6912,0.000000837
154,6912,0.000000981
155,6912,0.000001008
156,6912,0.000000866
157,6912,0.000001315
158,6912,0.000001609
159,6912,0.000001145
160,6912,0.000001235
161,6912,0.000001449
162,6912,0.000001158
163,6912,0.000001225
164,6912,0.000001310
165,6912,0.000001282
166,6912,0.000001123
167,6912,0.000001438
168,6912,0.000001367
169,6912,0.000000890
170,6912,0.000000917
171,6912,0.000000927
172,6912,0.000000828
173,6912,0.000001032
174,6912,0.000000924
175,6912,0.000000836
176,6912,0.000000893
177,6912,0.000000943
178,6912,0.000000988
179,6912,0.000001006
180,6912,0.000000881
181,6912,0.000000922
182,6912,0.000000845
183,6912,0.000000931
184,6912,0.000000930
185,6912,0.000000928
186,6912,0.000000911
187,6912,0.000000906
188,6912,0.000000842
189,6912,0.000001048
190,6912,0.000000931
191,6912,0.000001003
192,6912,0.000000945
193,6912,0.000000929
194,6912,0.000000922
195,6912,0.000000961
196,6912,0.000001114
197,6912,0.000000964
198,6912,0.000000913
199,6912,0.000000968
200,6912,0.000000976
201,6912,0.000000905
202,6912,0.000000943
203,6912,0.000000922
204,6912,0.000000776
205,6912,0.000000973
206,6912,0.000000903
207,6912,0.000000966
208,6912,0.000000867
209,6912,0.000000930
210,6912,0.000000926
211,6912,0.000000898
212,6912,0.000000960
213,6912,0.000000975
214,6912,0.000000835
215,6912,0.000001321
216,6912,0.000000979
217,6912,0.000000844
218,6912,0.000000929
219,6912,0.000001040
220,6912,0.000000825
221,6912,0.000000910
222,6912,0.000000908
223,6912,0.000000945
224,6912,0.000000945
225,6912,0.000001139
226,6912,0.000001075
227,6912,0.000000808
228,6912,0.000000919
229,6912,0.000001004
230,6912,0.000000861
231,6912,0.000000988
232,6912,0.000000993
233,6912,0.000000841
234,6912,0.000000960
235,6912,0.000001336
236,6912,0.000000877
237,6912,0.000000960
238,6912,0.000000929
239,6912,0.000000841
240,6912,0.000000906
241,6912,0.000000875
242,6912,0.000001014
243,6912,0.000000825
244,6912,0.000000967
245,6912,0.000000956
246,6912,0.000000871
247,6912,0.000000870
248,6912,0.000000934
249,6912,0.000001206
250,6912,0.000000975
251,6912,0.000000968
252,6912,0.000000824
253,6912,0.000000944
254,6912,0.000000893
255,6912,0.000000841
256,6912,0.000000859
257,6912,0.000000890
258,6912,0.000000874
259,6912,0.000000841
260,6912,0.000000897
261,6912,0.000000954
262,6912,0.000001089
263,6912,0.000000962
264,6912,0.000000969
265,6912,0.000001122
266,6912,0.000001020
267,6912,0.000001179
268,6912,0.000000833
269,6912,0.000000981
270,6912,0.000000872
271,6912,0.000001025
272,6912,0.000000936
273,6912,0.000000945
274,6912,0.000000960
275,6912,0.000000828
276,6912,0.000000965
277,6912,0.000000910
278,6912,0.000001015
279,6912,0.000000886
280,6912,0.000000920
281,6912,0.000000797
282,6912,0.000000966
283,6912,0.000000979
284,6912,0.000000871
285,6912,0.000000888
286,6912,0.000000881
287,6912,0.000000850
288,6912,0.000000920
289,6912,0.000000955
290,6912,0.000000959
291,6912,0.000000917
292,6912,0.000000889
293,6912,0.000000945
294,6912,0.000000860
295,6912,0.000000940
296,6912,0.000000960
297,6912,0.000000845
298,6912,0.000000902
299,6912,0.000000920
300,6912,0.000000834
301,6912,0.000001024
302,6912,0.000001110
303,6912,0.000000971
304,6912,0.000000920
305,6912,0.000000915
306,6912,0.000001217
307,6912,0.000000850
308,6912,0.000000889
309,6912,0.000000976
310,6912,0.000000834
311,6912,0.000000958
312,6912,0.000000956
313,6912,0.000000856
314,6912,0.000000927
315,6912,0.000000951
316,6912,0.000000823
317,6912,0.000000982
318,6912,0.000000951
319,6912,0.000000912
320,6912,0.000001176
321,6912,0.000000876
322,6912,0.000000922
323,6912,0.000000880
324,6912,0.000001064
325,6912,0.000000922
326,6912,0.000000836
327,6912,0.000001295
328,6912,0.000000909
329,6912,0.000000858
330,6912,0.000000932
331,6912,0.000000957
332,6912,0.000000865
333,6912,0.000001039
334,6912,0.000000970
335,6912,0.000000836
336,6912,0.000000940
337,6912,0.000000907
338,6912,0.000001018
339,6912,0.000000815
340,6912,0.000001086
341,6912,0.000001029
342,6912,0.000000878
343,6912,0.000000995
344,6912,0.000001010
345,6912,0.000000825
346,6912,0.000000937
347,6912,0.000000943
348,6912,0.000001059
349,6912,0.000000969
350,6912,0.000000964
351,6912,0.000000853
352,6912,0.000000969
353,6912,0.000001091
354,6912,0.000001041
355,6912,0.000001007
356,6912,0.000000925
357,6912,0.000001450
358,6912,0.000000917
359,6912,0.000001126
360,6912,0.000000950
361,6912,0.000000829
362,6912,0.000000944
363,6912,0.000001033
364,6912,0.000000766
365,6912,0.000001035
366,6912,0.000000923
367,6912,0.000001016
368,6912,0.000000908
369,6912,0.000001145
370,6912,0.000000953
371,6912,0.000000823
372,6912,0.000000916
373,6912,0.000001176
374,6912,0.000000859
375,6912,0.000000879
376,6912,0.000000931
377,6912,0.000000845
378,6912,0.000000903
379,6912,0.000001263
380,6912,0.000000825
381,6912,0.000000931
382,6912,0.000000967
383,6912,0.000001077
384,6912,0.000000964
385,6912,0.000000897
386,6912,0.000000904
387,6912,0.000000820
388,6912,0.000000884
389,6912,0.000000933
390,6912,0.000000861
391,6912,0.000000874
392,6912,0.000001039
393,6912,0.000000822
394,6912,0.000000900
395,6912,0.000001233
396,6912,0.000000885
397,6912,0.000000902
398,6912,0.000000944
399,6912,0.000001154
400,6912,0.000000892
401,6912,0.000000931
402,6912,0.000000942
403,6912,0.000000844
404,6912,0.000000882
405,6912,0.000001271
406,6912,0.000000833
407,6912,0.000001004
408,6912,0.000000940
409,6912,0.000000837
410,6912,0.000000901
411,6912,0.000000957
412,6912,0.000000840
413,6912,0.000000954
414,6912,0.000000940
415,6912,0.000000899
416,6912,0.000000945
417,6912,0.000001224
418,6912,0.000000920
419,6912,0.000001172
420,6912,0.000000887
421,6912,0.000000991
422,6912,0.000000843
423,6912,0.000001105
424,6912,0.000000950
425,6912,0.000000950
426,6912,0.000000953
427,6912,0.000000953
428,6912,0.000000824
429,6912,0.000000888
430,6912,0.000000888
431,6912,0.000001200
432,6912,0.000000964
433,6912,0.000000995
434,6912,0.000000917
435,6912,0.000000849
436,6912,0.000000891
437,6912,0.000001040
438,6912,0.000000919
439,6912,0.000000855
440,6912,0.000000955
441,6912,0.000001148
442,6912,0.000000977
443,6912,0.000000890
444,6912,0.000000860
445,6912,0.000001250
446,6912,0.000000996
447,6912,0.000000831
448,6912,0.000000892
449,6912,0.000000919
450,6912,0.000000937
451,6912,0.000000900
452,6912,0.000000921
453,6912,0.000000930
454,6912,0.000000858
455,6912,0.000000942
456,6912,0.000001047
457,6912,0.000000853
458,6912,0.000000930
459,6912,0.000000985
460,6912,0.000000897
461,6912,0.000000962
462,6912,0.000000952
463,6912,0.000001048
464,6912,0.000000872
465,6912,0.000000936
466,6912,0.000000917
467,6912,0.000000832
468,6912,0.000000956
469,6912,0.000001293
470,6912,0.000000846
471,6912,0.000000903
472,6912,0.000001125
473,6912,0.000000925
474,6912,0.000000852
475,6912,0.000000900
476,6912,0.000000788
477,6912,0.000000929
478,6912,0.000001000
479,6912,0.000001156
480,6912,0.000000932
481,6912,0.000000876
482,6912,0.000000904
483,6912,0.000000826
484,6912,0.000000932
485,6912,0.000001080
486,6912,0.000000931
487,6912,0.000001251
488,6912,0.000000934
489,6912,0.000000844
490,6912,0.000000908
491,6912,0.000000917
492,6912,0.000000852
493,6912,0.000000980
494,6912,0.000000941
495,6912,0.000000800
496,6912,0.000000875
497,6912,0.000000876
498,6912,0.000000913
499,6912,0.000000860
500,6912,0.000000990
501,6912,0.000001392
502,6912,0.000000877
503,6912,0.000000971
504,6912,0.000001011
505,6912,0.000000839
506,6912,0.000000874
507,6912,0.000001272
508,6912,0.000000841
509,6912,0.000001095
510,6912,0.000000936
511,6912,0.000001032
512,6912,0.000000945
513,6912,0.000000996
514,6912,0.000000970
515,6912,0.000000805
516,6912,0.000000915
517,6912,0.000001051
518,6912,0.000000861
519,6912,0.000000950
520,6912,0.000000975
521,6912,0.000000865
522,6912,0.000000922
523,6912,0.000001215
524,6912,0.000000892
525,6912,0.000000911
526,6912,0.000000903
527,6912,0.000000965
528,6912,0.000000833
529,6912,0.000000977
530,6912,0.000000932
531,6912,0.000000926
532,6912,0.000000946
533,6912,0.000001130
534,6912,0.000000845
535,6912,0.000000917
536,6912,0.000000991
537,6912,0.000000896
538,6912,0.000000929
539,6912,0.000001049
540,6912,0.000000845
541,6912,0.000000939
542,6912,0.000000972
543,6912,0.000000826
544,6912,0.000000935
545,6912,0.000000896
546,6912,0.000000961
547,6912,0.000000810
548,6912,0.000000861
549,6912,0.000000931
550,6912,0.000000857
551,6912,0.000000891
552,6912,0.000000971
553,6912,0.000000827
554,6912,0.000000935
555,6912,0.000000998
556,6912,0.000000795
557,6912,0.000000990
558,6912,0.000000969
559,6912,0.000000823
560,6912,0.000001001
561,6912,0.000000949
562,6912,0.000000976
563,6912,0.000000872
564,6912,0.000000935
565,6912,0.000000916
566,6912,0.000000793
567,6912,0.000000863
568,6912,0.000000970
569,6912,0.000000826
570,6912,0.000000967
571,6912,0.000000929
572,6912,0.000001196
573,6912,0.000000961
574,6912,0.000001047
575,6912,0.000000852
576,6912,0.000001204
577,6912,0.000000891
578,6912,0.000000925
579,6912,0.000000813
580,6912,0.000000879
581,6912,0.000000925
582,6912,0.000001154
583,6912,0.000000860
584,6912,0.000001269
585,6912,0.000000837
586,6912,0.000000986
587,6912,0.000001089
588,6912,0.000000824
589,6912,0.000000989
590,6912,0.000000915
591,6912,0.000000848
592,6912,0.000000895
593,6912,0.000000905
594,6912,0.000000958
595,6912,0.000000851
596,6912,0.000000849
597,6912,0.000000929
598,6912,0.000000846
599,6912,0.000000871
600,6912,0.000001011
601,6912,0.000000921
602,6912,0.000001206
603,6912,0.000000997
604,6912,0.000000831
605,6912,0.000000989
606,6912,0.000001030
607,6912,0.000000810
608,6912,0.000001264
609,6912,0.000000955
610,6912,0.000001045
611,6912,0.000000964
612,6912,0.000000997
613,6912,0.000001000
614,6912,0.000000832
615,6912,0.000001020
616,6912,0.000001054
617,6912,0.000000846
618,6912,0.000001089
619,6912,0.000001646
620,6912,0.000000894
621,6912,0.000000935
622,6912,0.000001008
623,6912,0.000000894
624,6912,0.000000888
625,6912,0.000001012
626,6912,0.000000921
627,6912,0.000000904
628,6912,0.000000961
629,6912,0.000001015
630,6912,0.000000902
631,6912,0.000000951
632,6912,0.000000957
633,6912,0.000000871
634,6912,0.000000935
635,6912,0.000001108
636,6912,0.000000873
637,6912,0.000000985
638,6912,0.000000891
639,6912,0.000000881
640,6912,0.000000889
641,6912,0.000001351
642,6912,0.000001062
643,6912,0.000000903
644,6912,0.000001002
645,6912,0.000001019
646,6912,0.000000906
647,6912,0.000000936
648,6912,0.000001031
649,6912,0.000000805
650,6912,0.000000954
651,6912,0.000001052
652,6912,0.000000816
653,6912,0.000000921
654,6912,0.000000943
655,6912,0.000000849
656,6912,0.000000852
657,6912,0.000001009
658,6912,0.000000973
659,6912,0.000000918
660,6912,0.000000955
661,6912,0.000001024
662,6912,0.000000837
663,6912,0.000000935
664,6912,0.000000975
665,6912,0.000000831
666,6912,0.000000991
667,6912,0.000000925
668,6912,0.000000875
669,6912,0.000001213
670,6912,0.000000907
671,6912,0.000000808
672,6912,0.000000897
673,6912,0.000000947
674,6912,0.000000993
675,6912,0.000000874
676,6912,0.000000966
677,6912,0.000001203
678,6912,0.000000836
679,6912,0.000000893
680,6912,0.000000931
681,6912,0.000000842
682,6912,0.000000912
683,6912,0.000000883
684,6912,0.000000785
685,6912,0.000000936
686,6912,0.000000930
687,6912,0.000000824
688,6912,0.000000931
689,6912,0.000000888
690,6912,0.000000925
691,6912,0.000000812
692,6912,0.000000871
693,6912,0.000000929
694,6912,0.000000857
695,6912,0.000000998
696,6912,0.000000920
697,6912,0.000000835
698,6912,0.000001188
699,6912,0.000001004
700,6912,0.000000789
701,6912,0.000001051
702,6912,0.000000989
703,6912,0.000000839
704,6912,0.000000881
705,6912,0.000000944
706,6912,0.000001241
707,6912,0.000000810
708,6912,0.000000870
709,6912,0.000000909
710,6912,0.000000877
711,6912,0.000000877
712,6912,0.000000952
713,6912,0.000000869
714,6912,0.000001293
715,6912,0.000000982
716,6912,0.000000814
717,6912,0.000001287
718,6912,0.000000990
719,6912,0.000000835
720,6912,0.000000910
721,6912,0.000000880
722,6912,0.000000926
723,6912,0.000000882
724,6912,0.000000901
725,6912,0.000000925
726,6912,0.000000945
727,6912,0.000000969
728,6912,0.000000976
729,6912,0.000000894
730,6912,0.000000878
731,6912,0.000000939
732,6912,0.000000836
733,6912,0.000000918
734,6912,0.000001262
735,6912,0.000000895
736,6912,0.000000974
737,6912,0.000000932
738,6912,0.000001106
739,6912,0.000000853
740,6912,0.000000884
741,6912,0.000000940
742,6912,0.000000838
743,6912,0.000000983
744,6912,0.000000995
745,6912,0.000000907
746,6912,0.000001287
747,6912,0.000000976
748,6912,0.000000797
749,6912,0.000001004
750,6912,0.000000935
751,6912,0.000000841
752,6912,0.000000897
753,6912,0.000000922
754,6912,0.000000967
755,6912,0.000000826
756,6912,0.000009251
757,6912,0.000001075
758,6912,0.000000891
759,6912,0.000000935
760,6912,0.000000979
761,6912,0.000000831
762,6912,0.000000919
763,6912,0.000000871
764,6912,0.000000803
765,6912,0.000000890
766,6912,0.000001012
767,6912,0.000000828
768,6912,0.000000924
769,6912,0.000000865
770,6912,0.000000938
771,6912,0.000000847
772,6912,0.000000973
773,6912,0.000000982
774,6912,0.000001086
775,6912,0.000000868
776,6912,0.000001193
777,6912,0.000000841
778,6912,0.000000994
779,6912,0.000000932
780,6912,0.000000819
781,6912,0.000000892
782,6912,0.000001082
783,6912,0.000000799
784,6912,0.000000925
785,6912,0.000000925
786,6912,0.000000971
787,6912,0.000000816
788,6912,0.000000870
789,6912,0.000000938
790,6912,0.000000842
791,6912,0.000000888
792,6912,0.000000929
793,6912,0.000000836
794,6912,0.000000902
795,6912,0.000000875
796,6912,0.000000838
797,6912,0.000000896
798,6912,0.000000983
799,6912,0.000000976
800,6912,0.000000857
801,6912,0.000000953
802,6912,0.000000945
803,6912,0.000025170
804,6912,0.000001070
805,6912,0.000000973
806,6912,0.000000873
807,6912,0.000000950
808,6912,0.000000946
809,6912,0.000000867
810,6912,0.000000948
811,6912,0.000000963
812,6912,0.000001204
813,6912,0.000000954
814,6912,0.000001008
815,6912,0.000001165
816,6912,0.000000909
817,6912,0.000014150
818,6912,0.000000975
819,6912,0.000000934
820,6912,0.000000921
821,6912,0.000000958
822,6912,0.000000904
823,6912,0.000001062
824,6912,0.000001354
825,6912,0.000001145
826,6912,0.000001187
827,6912,0.000001268
828,6912,0.000001132
829,6912,0.000001275
830,6912,0.000001463
831,6912,0.000001087
832,6912,0.000001177
833,6912,0.000001259
834,6912,0.000001379
835,6912,0.000001844
836,6912,0.000000905
837,6912,0.000000925
838,6912,0.000000818
839,6912,0.000000933
840,6912,0.000000932
841,6912,0.000000887
842,6912,0.000001115
843,6912,0.000001155
844,6912,0.000000980
845,6912,0.000000998
846,6912,0.000000960
847,6912,0.000000824
848,6912,0.000000923
849,6912,0.000000889
850,6912,0.000001012
851,6912,0.000000833
852,6912,0.000001127
853,6912,0.000000964
854,6912,0.000000862
855,6912,0.000001002
856,6912,0.000000954
857,6912,0.000000823
858,6912,0.000001027
859,6912,0.000001073
860,6912,0.000000842
861,6912,0.000000975
862,6912,0.000001179
863,6912,0.000000817
864,6912,0.000001070
865,6912,0.000000946
866,6912,0.000000937
867,6912,0.000000859
868,6912,0.000000929
869,6912,0.000001014
870,6912,0.000000874
871,6912,0.000000950
872,6912,0.000001028
873,6912,0.000000866
874,6912,0.000000875
875,6912,0.000000861
876,6912,0.000000817
877,6912,0.000000921
878,6912,0.000001209
879,6912,0.000000891
880,6912,0.000000945
881,6912,0.000000903
882,6912,0.000001059
883,6912,0.000000831
884,6912,0.000000933
885,6912,0.000000958
886,6912,0.000000928
887,6912,0.000000987
888,6912,0.000000999
889,6912,0.000000768
890,6912,0.000001044
891,6912,0.000000976
892,6912,0.000000971
893,6912,0.000000909
894,6912,0.000001261
895,6912,0.000000845
896,6912,0.000000895
897,6912,0.000001048
898,6912,0.000000983
899,6912,0.000000807
900,6912,0.000000927
901,6912,0.000000975
902,6912,0.000000855
903,6912,0.000000917
904,6912,0.000000938
905,6912,0.000000842
906,6912,0.000001209
907,6912,0.000001031
908,6912,0.000000831
909,6912,0.000000951
910,6912,0.000001052
911,6912,0.000000826
912,6912,0.000000880
913,6912,0.000001032
914,6912,0.000001011
915,6912,0.000000857
916,6912,0.000001018
917,6912,0.000001020
918,6912,0.000000844
919,6912,0.000000926
920,6912,0.000000964
921,6912,0.000000873
922,6912,0.000001028
923,6912,0.000000971
924,6912,0.000000867
925,6912,0.000000947
926,6912,0.000001166
927,6912,0.000001042
928,6912,0.000000893
929,6912,0.000001036
930,6912,0.000000999
931,6912,0.000001030
932,6912,0.000000889
933,6912,0.000000963
934,6912,0.000000870
935,6912,0.000001364
936,6912,0.000001103
937,6912,0.000000873
938,6912,0.000000967
939,6912,0.000001003
940,6912,0.000000923
941,6912,0.000000932
942,6912,0.000000988
943,6912,0.000000861
944,6912,0.000001028
945,6912,0.000001030
946,6912,0.000001038
947,6912,0.000000925
948,6912,0.000001001
949,6912,0.000000962
950,6912,0.000000911
951,6912,0.000001033
952,6912,0.000001007
953,6912,0.000000970
954,6912,0.000001037
955,6912,0.000001052
956,6912,0.000000894
957,6912,0.000000985
958,6912,0.000001436
959,6912,0.000000884
960,6912,0.000000962
961,6912,0.000000896
962,6912,0.000001051
963,6912,0.000000935
964,6912,0.000000972
965,6912,0.000001084
966,6912,0.000000891
967,6912,0.000000961
968,6912,0.000000985
969,6912,0.000000897
970,6912,0.000001009
971,6912,0.000000976
972,6912,0.000000864
973,6912,0.000001022
974,6912,0.000001045
975,6912,0.000000931
976,6912,0.000001045
977,6912,0.000000965
978,6912,0.000001012
979,6912,0.000000931
980,6912,0.000000975
981,6912,0.000000936
982,6912,0.000000879
983,6912,0.000001011
984,6912,0.000001052
985,6912,0.000000914
986,6912,0.000000975
987,6912,0.000001304
988,6912,0.000000853
989,6912,0.000001233
990,6912,0.000001003
991,6912,0.000000969
992,6912,0.000000918
993,6912,0.000001072
994,6912,0.000001039
995,6912,0.000000962
996,6912,0.000001038
997,6912,0.000001022
998,6912,0.000000912
999,6912,0.000000985
0,7168,0.000001431
1,7168,0.000001338
2,7168,0.000000985
3,7168,0.000000899
4,7168,0.000000904
5,7168,0.000000983
6,7168,0.000000968
7,7168,0.000000890
8,7168,0.000000936
9,7168,0.000000882
10,7168,0.000000954
11,7168,0.000001004
12,7168,0.000000925
13,7168,0.000000895
14,7168,0.000000966
15,7168,0.000001076
16,7168,0.000000936
17,7168,0.000000984
18,7168,0.000000953
19,7168,0.000000870
20,7168,0.000000970
21,7168,0.000000931
22,7168,0.000000946
23,7168,0.000000874
24,7168,0.000000978
25,7168,0.000001057
26,7168,0.000001006
27,7168,0.000000901
28,7168,0.000000949
29,7168,0.000000989
30,7168,0.000001040
31,7168,0.000000849
32,7168,0.000000912
33,7168,0.000000950
34,7168,0.000001049
35,7168,0.000000870
36,7168,0.000000971
37,7168,0.000000984
38,7168,0.000001087
39,7168,0.000000853
40,7168,0.000000987
41,7168,0.000000884
42,7168,0.000000944
43,7168,0.000000836
44,7168,0.000000985
45,7168,0.000000890
46,7168,0.000001000
47,7168,0.000000825
48,7168,0.000001045
49,7168,0.000000959
50,7168,0.000001015
51,7168,0.000000873
52,7168,0.000000975
53,7168,0.000000901
54,7168,0.000000950
55,7168,0.000000968
56,7168,0.000001043
57,7168,0.000000927
58,7168,0.000000909
59,7168,0.000000899
60,7168,0.000000860
61,7168,0.000000910
62,7168,0.000000975
63,7168,0.000000813
64,7168,0.000000847
65,7168,0.000001070
66,7168,0.000000997
67,7168,0.000001244
68,7168,0.000000904
69,7168,0.000000938
70,7168,0.000000946
71,7168,0.000001015
72,7168,0.000000991
73,7168,0.000000935
74,7168,0.000000955
75,7168,0.000000986
76,7168,0.000000905
77,7168,0.000000883
78,7168,0.000000935
79,7168,0.000000810
80,7168,0.000000907
81,7168,0.000000948
82,7168,0.000001060
83,7168,0.000000823
84,7168,0.000001033
85,7168,0.000000953
86,7168,0.000001015
87,7168,0.000000960
88,7168,0.000000890
89,7168,0.000001090
90,7168,0.000000950
91,7168,0.000000837
92,7168,0.000001014
93,7168,0.000000923
94,7168,0.000000939
95,7168,0.000000919
96,7168,0.000000935
97,7168,0.000000936
98,7168,0.000000998
99,7168,0.000000845
100,7168,0.000000886
101,7168,0.000000919
102,7168,0.000001014
103,7168,0.000000812
104,7168,0.000000918
105,7168,0.000001236
106,7168,0.000001034
107,7168,0.000000830
108,7168,0.000000922
109,7168,0.000000947
110,7168,0.000000998
111,7168,0.000000892
112,7168,0.000001006
113,7168,0.000000926
114,7168,0.000000956
115,7168,0.000000869
116,7168,0.000000878
117,7168,0.000001038
118,7168,0.000000984
119,7168,0.000000844
120,7168,0.000000869
121,7168,0.000000838
122,7168,0.000000994
123,7168,0.000000841
124,7168,0.000000831
125,7168,0.000000918
126,7168,0.000000979
127,7168,0.000000884
128,7168,0.000000880
129,7168,0.000000944
130,7168,0.000000917
131,7168,0.000000839
132,7168,0.000000923
133,7168,0.000000933
134,7168,0.000001020
135,7168,0.000000817
136,7168,0.000000926
137,7168,0.000000966
138,7168,0.000000959
139,7168,0.000000854
140,7168,0.000000936
141,7168,0.000000998
142,7168,0.000001076
143,7168,0.000000838
144,7168,0.000000920
145,7168,0.000000974
146,7168,0.000000959
147,7168,0.000000850
148,7168,0.000000863
149,7168,0.000001090
150,7168,0.000001016
151,7168,0.000000836
152,7168,0.000000923
153,7168,0.000000982
154,7168,0.000001148
155,7168,0.000000853
156,7168,0.000000860
157,7168,0.000001040
158,7168,0.000000929
159,7168,0.000000868
160,7168,0.000000884
161,7168,0.000001136
162,7168,0.000000976
163,7168,0.000000847
164,7168,0.000001112
165,7168,0.000000900
166,7168,0.000001008
167,7168,0.000000842
168,7168,0.000000908
169,7168,0.000000973
170,7168,0.000001039
171,7168,0.000000890
172,7168,0.000000980
173,7168,0.000001104
174,7168,0.000000917
175,7168,0.000000833
176,7168,0.000000909
177,7168,0.000000910
178,7168,0.000000894
179,7168,0.000000856
180,7168,0.000001135
181,7168,0.000000918
182,7168,0.000001004
183,7168,0.000000822
184,7168,0.000000964
185,7168,0.000000933
186,7168,0.000000951
187,7168,0.000000895
188,7168,0.000001013
189,7168,0.000000864
190,7168,0.000000903
191,7168,0.000000933
192,7168,0.000001146
193,7168,0.000000967
194,7168,0.000001139
195,7168,0.000000846
196,7168,0.000000971
197,7168,0.000000918
198,7168,0.000000974
199,7168,0.000000864
200,7168,0.000000904
201,7168,0.000000914
202,7168,0.000000946
203,7168,0.000000900
204,7168,0.000000942
205,7168,0.000000914
206,7168,0.000000939
207,7168,0.000000870
208,7168,0.000000950
209,7168,0.000000971
210,7168,0.000000954
211,7168,0.000000860
212,7168,0.000001210
213,7168,0.000000943
214,7168,0.000000944
215,7168,0.000000863
216,7168,0.000000868
217,7168,0.000000907
218,7168,0.000000994
219,7168,0.000000821
220,7168,0.000000862
221,7168,0.000000935
222,7168,0.000001312
223,7168,0.000000847
224,7168,0.000000956
225,7168,0.000000940
226,7168,0.000009381
227,7168,0.000000962
228,7168,0.000000922
229,7168,0.000000961
230,7168,0.000000947
231,7168,0.000000850
232,7168,0.000000902
233,7168,0.000000981
234,7168,0.000000966
235,7168,0.000000912
236,7168,0.000000896
237,7168,0.000000875
238,7168,0.000000933
239,7168,0.000000813
240,7168,0.000001021
241,7168,0.000000923
242,7168,0.000000932
243,7168,0.000000854
244,7168,0.000001049
245,7168,0.000000942
246,7168,0.000000958
247,7168,0.000000904
248,7168,0.000000978
249,7168,0.000000915
250,7168,0.000000951
251,7168,0.000000856
252,7168,0.000000964
253,7168,0.000001008
254,7168,0.000001003
255,7168,0.000000872
256,7168,0.000000866
257,7168,0.000000917
258,7168,0.000001065
259,7168,0.000000840
260,7168,0.000000910
261,7168,0.000000917
262,7168,0.000000950
263,7168,0.000000841
264,7168,0.000000937
265,7168,0.000000891
266,7168,0.000001022
267,7168,0.000000818
268,7168,0.000000947
269,7168,0.000000909
270,7168,0.000001117
271,7168,0.000000809
272,7168,0.000000969
273,7168,0.000000980
274,7168,0.000001029
275,7168,0.000000857
276,7168,0.000000879
277,7168,0.000001043
278,7168,0.000000983
279,7168,0.000000874
280,7168,0.000000902
281,7168,0.000001005
282,7168,0.000001269
283,7168,0.000000900
284,7168,0.000000995
285,7168,0.000000973
286,7168,0.000001257
287,7168,0.000000841
288,7168,0.000000883
289,7168,0.000000918
290,7168,0.000001052
291,7168,0.000000903
292,7168,0.000001049
293,7168,0.000001014
294,7168,0.000000919
295,7168,0.000000929
296,7168,0.000000954
297,7168,0.000000898
298,7168,0.000000963
299,7168,0.000000840
300,7168,0.000000904
301,7168,0.000000949
302,7168,0.000000970
303,7168,0.000000821
304,7168,0.000000895
305,7168,0.000000932
306,7168,0.000001260
307,7168,0.000000855
308,7168,0.000000894
309,7168,0.000000914
310,7168,0.000000936
311,7168,0.000000929
312,7168,0.000000899
313,7168,0.000000882
314,7168,0.000000952
315,7168,0.000000833
316,7168,0.000001326
317,7168,0.000000940
318,7168,0.000000976
319,7168,0.000000848
320,7168,0.000000939
321,7168,0.000000968
322,7168,0.000000936
323,7168,0.000000875
324,7168,0.000001045
325,7168,0.000000958
326,7168,0.000000983
327,7168,0.000000821
328,7168,0.000001143
329,7168,0.000000917
330,7168,0.000000913
331,7168,0.000000820
332,7168,0.000000881
333,7168,0.000000891
334,7168,0.000000902
335,7168,0.000000815
336,7168,0.000000862
337,7168,0.000000885
338,7168,0.000000930
339,7168,0.000000840
340,7168,0.000000965
341,7168,0.000000940
342,7168,0.000001012
343,7168,0.000000778
344,7168,0.000000929
345,7168,0.000000974
346,7168,0.000000962
347,7168,0.000000852
348,7168,0.000000860
349,7168,0.000000910
350,7168,0.000000985
351,7168,0.000000832
352,7168,0.000001045
353,7168,0.000000917
354,7168,0.000000957
355,7168,0.000000842
356,7168,0.000000898
357,7168,0.000001041
358,7168,0.000000943
359,7168,0.000000809
360,7168,0.000000897
361,7168,0.000001140
362,7168,0.000000888
363,7168,0.000000813
364,7168,0.000000897
365,7168,0.000001318
366,7168,0.000000985
367,7168,0.000000915
368,7168,0.000000865
369,7168,0.000001042
370,7168,0.000000891
371,7168,0.000000868
372,7168,0.000000911
373,7168,0.000000891
374,7168,0.000000902
375,7168,0.000000809
376,7168,0.000000935
377,7168,0.000001295
378,7168,0.000001034
379,7168,0.000000847
380,7168,0.000000894
381,7168,0.000000922
382,7168,0.000001083
383,7168,0.000000842
384,7168,0.000000991
385,7168,0.000000972
386,7168,0.000000963
387,7168,0.000000861
388,7168,0.000000924
389,7168,0.000000909
390,7168,0.000000925
391,7168,0.000001096
392,7168,0.000000891
393,7168,0.000001018
394,7168,0.000000937
395,7168,0.000000811
396,7168,0.000000884
397,7168,0.000000934
398,7168,0.000000990
399,7168,0.000000969
400,7168,0.000000859
401,7168,0.000000964
402,7168,0.000000961
403,7168,0.000001107
404,7168,0.000000882
405,7168,0.000000896
406,7168,0.000000969
407,7168,0.000000812
408,7168,0.000000864
409,7168,0.000000995
410,7168,0.000000957
411,7168,0.000001101
412,7168,0.000000878
413,7168,0.000000940
414,7168,0.000000948
415,7168,0.000000835
416,7168,0.000000965
417,7168,0.000001148
418,7168,0.000000942
419,7168,0.000001160
420,7168,0.000001306
421,7168,0.000001341
422,7168,0.000001359
423,7168,0.000001078
424,7168,0.000001101
425,7168,0.000001511
426,7168,0.000001255
427,7168,0.000001109
428,7168,0.000001450
429,7168,0.000001666
430,7168,0.000001407
431,7168,0.000001102
432,7168,0.000001145
433,7168,0.000001373
434,7168,0.000001232
435,7168,0.000000840
436,7168,0.000000883
437,7168,0.000001032
438,7168,0.000000928
439,7168,0.000000849
440,7168,0.000000855
441,7168,0.000000929
442,7168,0.000001015
443,7168,0.000000830
444,7168,0.000001130
445,7168,0.000000986
446,7168,0.000000928
447,7168,0.000000827
448,7168,0.000000861
449,7168,0.000001019
450,7168,0.000000941
451,7168,0.000000896
452,7168,0.000000841
453,7168,0.000000929
454,7168,0.000000970
455,7168,0.000000982
456,7168,0.000000945
457,7168,0.000000880
458,7168,0.000001104
459,7168,0.000000799
460,7168,0.000000914
461,7168,0.000000960
462,7168,0.000000925
463,7168,0.000000863
464,7168,0.000000865
465,7168,0.000000901
466,7168,0.000000859
467,7168,0.000000834
468,7168,0.000000909
469,7168,0.000001078
470,7168,0.000000965
471,7168,0.000000854
472,7168,0.000000890
473,7168,0.000000884
474,7168,0.000000958
475,7168,0.000000916
476,7168,0.000000911
477,7168,0.000000902
478,7168,0.000000968
479,7168,0.000000805
480,7168,0.000000906
481,7168,0.000000894
482,7168,0.000000960
483,7168,0.000000899
484,7168,0.000000903
485,7168,0.000000982
486,7168,0.000001000
487,7168,0.000000819
488,7168,0.000000952
489,7168,0.000001053
490,7168,0.000001061
491,7168,0.000000914
492,7168,0.000000837
493,7168,0.000001168
494,7168,0.000001035
495,7168,0.000000856
496,7168,0.000000843
497,7168,0.000000844
498,7168,0.000000916
499,7168,0.000000958
500,7168,0.000000898
501,7168,0.000000900
502,7168,0.000001006
503,7168,0.000001207
504,7168,0.000000832
505,7168,0.000001057
506,7168,0.000000921
507,7168,0.000000836
508,7168,0.000000957
509,7168,0.000000928
510,7168,0.000000970
511,7168,0.000000815
512,7168,0.000000864
513,7168,0.000000955
514,7168,0.000000922
515,7168,0.000000979
516,7168,0.000000869
517,7168,0.000000990
518,7168,0.000000963
519,7168,0.000001035
520,7168,0.000000833
521,7168,0.000001098
522,7168,0.000000944
523,7168,0.000000829
524,7168,0.000000877
525,7168,0.000000943
526,7168,0.000000983
527,7168,0.000000819
528,7168,0.000000850
529,7168,0.000000910
530,7168,0.000000929
531,7168,0.000000819
532,7168,0.000000916
533,7168,0.000000965
534,7168,0.000000923
535,7168,0.000000843
536,7168,0.000001028
537,7168,0.000000961
538,7168,0.000001041
539,7168,0.000000843
540,7168,0.000000986
541,7168,0.000001072
542,7168,0.000001014
543,7168,0.000000936
544,7168,0.000000913
545,7168,0.000000871
546,7168,0.000000914
547,7168,0.000000806
548,7168,0.000000937
549,7168,0.000000901
550,7168,0.000000961
551,7168,0.000000838
552,7168,0.000001101
553,7168,0.000000985
554,7168,0.000000984
555,7168,0.000000908
556,7168,0.000000922
557,7168,0.000000884
558,7168,0.000000936
559,7168,0.000000803
560,7168,0.000000883
561,7168,0.000000910
562,7168,0.000000914
563,7168,0.000000976
564,7168,0.000001111
565,7168,0.000000955
566,7168,0.000000964
567,7168,0.000000807
568,7168,0.000001153
569,7168,0.000000869
570,7168,0.000000980
571,7168,0.000000846
572,7168,0.000000953
573,7168,0.000000945
574,7168,0.000001058
575,7168,0.000000826
576,7168,0.000001035
577,7168,0.000000916
578,7168,0.000000945
579,7168,0.000000867
580,7168,0.000000940
581,7168,0.000000934
582,7168,0.000001328
583,7168,0.000000982
584,7168,0.000000886
585,7168,0.000000961
586,7168,0.000000968
587,7168,0.000000831
588,7168,0.000000964
589,7168,0.000001016
590,7168,0.000000965
591,7168,0.000000870
592,7168,0.000000916
593,7168,0.000000952
594,7168,0.000001156
595,7168,0.000000843
596,7168,0.000001052
597,7168,0.000000876
598,7168,0.000000976
599,7168,0.000000858
600,7168,0.000000939
601,7168,0.000001030
602,7168,0.000001076
603,7168,0.000000835
604,7168,0.000000866
605,7168,0.000000995
606,7168,0.000000962
607,7168,0.000000872
608,7168,0.000001015
609,7168,0.000001129
610,7168,0.000000932
611,7168,0.000000831
612,7168,0.000000969
613,7168,0.000001001
614,7168,0.000001017
615,7168,0.000000869
616,7168,0.000000944
617,7168,0.000000890
618,7168,0.000001057
619,7168,0.000000919
620,7168,0.000000978
621,7168,0.000001010
622,7168,0.000001035
623,7168,0.000000888
624,7168,0.000000938
625,7168,0.000001219
626,7168,0.000000963
627,7168,0.000000862
628,7168,0.000000926
629,7168,0.000000934
630,7168,0.000000945
631,7168,0.000000899
632,7168,0.000000871
633,7168,0.000001215
634,7168,0.000000960
635,7168,0.000000833
636,7168,0.000000991
637,7168,0.000000915
638,7168,0.000000975
639,7168,0.000000877
640,7168,0.000000914
641,7168,0.000001390
642,7168,0.000000995
643,7168,0.000000820
644,7168,0.000000903
645,7168,0.000001017
646,7168,0.000000923
647,7168,0.000000817
648,7168,0.000000851
649,7168,0.000000888
650,7168,0.000001018
651,7168,0.000001182
652,7168,0.000000907
653,7168,0.000000948
654,7168,0.000000880
655,7168,0.000000828
656,7168,0.000000910
657,7168,0.000000920
658,7168,0.000000929
659,7168,0.000000806
660,7168,0.000000845
661,7168,0.000000945
662,7168,0.000000950
663,7168,0.000000824
664,7168,0.000000890
665,7168,0.000001171
666,7168,0.000001283
667,7168,0.000001174
668,7168,0.000001448
669,7168,0.000001196
670,7168,0.000001538
671,7168,0.000001251
672,7168,0.000001404
673,7168,0.000000957
674,7168,0.000000990
675,7168,0.000000859
676,7168,0.000000910
677,7168,0.000000998
678,7168,0.000000994
679,7168,0.000000784
680,7168,0.000000920
681,7168,0.000001011
682,7168,0.000000928
683,7168,0.000000808
684,7168,0.000000877
685,7168,0.000000915
686,7168,0.000000926
687,7168,0.000001163
688,7168,0.000000883
689,7168,0.000000984
690,7168,0.000000921
691,7168,0.000000863
692,7168,0.000000895
693,7168,0.000001310
694,7168,0.000000969
695,7168,0.000000840
696,7168,0.000000869
697,7168,0.000000893
698,7168,0.000000907
699,7168,0.000000822
700,7168,0.000000876
701,7168,0.000001000
702,7168,0.000000985
703,7168,0.000000800
704,7168,0.000000830
705,7168,0.000000870
706,7168,0.000000966
707,7168,0.000000820
708,7168,0.000000860
709,7168,0.000000989
710,7168,0.000000952
711,7168,0.000000842
712,7168,0.000000908
713,7168,0.000000922
714,7168,0.000000936
715,7168,0.000000831
716,7168,0.000001042
717,7168,0.000001042
718,7168,0.000000957
719,7168,0.000000826
720,7168,0.000000878
721,7168,0.000000863
722,7168,0.000000921
723,7168,0.000000805
724,7168,0.000000886
725,7168,0.000000855
726,7168,0.000000915
727,7168,0.000000830
728,7168,0.000000832
729,7168,0.000000854
730,7168,0.000000884
731,7168,0.000000800
732,7168,0.000000850
733,7168,0.000000907
734,7168,0.000000923
735,7168,0.000000810
736,7168,0.000000898
737,7168,0.000000901
738,7168,0.000000952
739,7168,0.000000840
740,7168,0.000000829
741,7168,0.000000946
742,7168,0.000000848
743,7168,0.000000819
744,7168,0.000000902
745,7168,0.000000991
746,7168,0.000000903
747,7168,0.000000818
748,7168,0.000000846
749,7168,0.000000966
750,7168,0.000000875
751,7168,0.000000827
752,7168,0.000001233
753,7168,0.000000874
754,7168,0.000000911
755,7168,0.000000872
756,7168,0.000001212
757,7168,0.000000950
758,7168,0.000000974
759,7168,0.000000790
760,7168,0.000000827
761,7168,0.000000882
762,7168,0.000000933
763,7168,0.000000862
764,7168,0.000001274
765,7168,0.000000892
766,7168,0.000000929
767,7168,0.000000848
768,7168,0.000000924
769,7168,0.000000957
770,7168,0.000000932
771,7168,0.000000825
772,7168,0.000001621
773,7168,0.000000913
774,7168,0.000000983
775,7168,0.000000821
776,7168,0.000001101
777,7168,0.000000915
778,7168,0.000000931
779,7168,0.000000822
780,7168,0.000000848
781,7168,0.000000872
782,7168,0.000000918
783,7168,0.000000831
784,7168,0.000001280
785,7168,0.000000990
786,7168,0.000001254
787,7168,0.000001229
788,7168,0.000001170
789,7168,0.000001328
790,7168,0.000001197
791,7168,0.000001217
792,7168,0.000001515
793,7168,0.000001651
794,7168,0.000001273
795,7168,0.000001145
796,7168,0.000001393
797,7168,0.000001040
798,7168,0.000000962
799,7168,0.000000861
800,7168,0.000001153
801,7168,0.000000944
802,7168,0.000001000
803,7168,0.000000854
804,7168,0.000000953
805,7168,0.000000938
806,7168,0.000000960
807,7168,0.000000838
808,7168,0.000000859
809,7168,0.000000912
810,7168,0.000000974
811,7168,0.000000909
812,7168,0.000001034
813,7168,0.000000923
814,7168,0.000001182
815,7168,0.000000911
816,7168,0.000000919
817,7168,0.000000911
818,7168,0.000000969
819,7168,0.000000830
820,7168,0.000000876
821,7168,0.000000900
822,7168,0.000001113
823,7168,0.000000824
824,7168,0.000000935
825,7168,0.000000945
826,7168,0.000001039
827,7168,0.000000850
828,7168,0.000000975
829,7168,0.000001027
830,7168,0.000001079
831,7168,0.000000921
832,7168,0.000001245
833,7168,0.000001218
834,7168,0.000001001
835,7168,0.000000848
836,7168,0.000001015
837,7168,0.000000934
838,7168,0.000000954
839,7168,0.000000823
840,7168,0.000000916
841,7168,0.000001276
842,7168,0.000000975
843,7168,0.000000785
844,7168,0.000000846
845,7168,0.000000898
846,7168,0.000001024
847,7168,0.000000831
848,7168,0.000000945
849,7168,0.000000943
850,7168,0.000000957
851,7168,0.000000825
852,7168,0.000000932
853,7168,0.000001249
854,7168,0.000000969
855,7168,0.000000878
856,7168,0.000000865
857,7168,0.000000985
858,7168,0.000000946
859,7168,0.000001168
860,7168,0.000000896
861,7168,0.000000880
862,7168,0.000000933
863,7168,0.000000920
864,7168,0.000001257
865,7168,0.000001140
866,7168,0.000001061
867,7168,0.000000993
868,7168,0.000000911
869,7168,0.000000889
870,7168,0.000000895
871,7168,0.000000839
872,7168,0.000000857
873,7168,0.000001100
874,7168,0.000000980
875,7168,0.000000890
876,7168,0.000000872
877,7168,0.000000911
878,7168,0.000000986
879,7168,0.000000991
880,7168,0.000000962
881,7168,0.000000979
882,7168,0.000000964
883,7168,0.000000829
884,7168,0.000000968
885,7168,0.000000959
886,7168,0.000000886
887,7168,0.000000828
888,7168,0.000000908
889,7168,0.000000845
890,7168,0.000000921
891,7168,0.000001266
892,7168,0.000000841
893,7168,0.000000889
894,7168,0.000000978
895,7168,0.000000821
896,7168,0.000001001
897,7168,0.000001329
898,7168,0.000000965
899,7168,0.000000763
900,7168,0.000000895
901,7168,0.000001059
902,7168,0.000001128
903,7168,0.000000965
904,7168,0.000000912
905,7168,0.000000864
906,7168,0.000000932
907,7168,0.000000818
908,7168,0.000000887
909,7168,0.000001063
910,7168,0.000001039
911,7168,0.000000918
912,7168,0.000001057
913,7168,0.000001078
914,7168,0.000000986
915,7168,0.000000989
916,7168,0.000000912
917,7168,0.000000998
918,7168,0.000001024
919,7168,0.000000862
920,7168,0.000000970
921,7168,0.000001040
922,7168,0.000001411
923,7168,0.000000926
924,7168,0.000000914
925,7168,0.000000982
926,7168,0.000000980
927,7168,0.000000843
928,7168,0.000001306
929,7168,0.000001042
930,7168,0.000000997
931,7168,0.000000912
932,7168,0.000000925
933,7168,0.000000937
934,7168,0.000001020
935,7168,0.000000895
936,7168,0.000000912
937,7168,0.000000906
938,7168,0.000001006
939,7168,0.000000906
940,7168,0.000000951
941,7168,0.000001001
942,7168,0.000001019
943,7168,0.000000843
944,7168,0.000000936
945,7168,0.000000944
946,7168,0.000000960
947,7168,0.000000905
948,7168,0.000000964
949,7168,0.000001005
950,7168,0.000001023
951,7168,0.000000846
952,7168,0.000000918
953,7168,0.000000956
954,7168,0.000001017
955,7168,0.000000924
956,7168,0.000000958
957,7168,0.000001005
958,7168,0.000001067
959,7168,0.000000849
960,7168,0.000001350
961,7168,0.000001048
962,7168,0.000001006
963,7168,0.000000852
964,7168,0.000001028
965,7168,0.000001098
966,7168,0.000000977
967,7168,0.000000949
968,7168,0.000000980
969,7168,0.000000942
970,7168,0.000001111
971,7168,0.000000909
972,7168,0.000000968
973,7168,0.000000986
974,7168,0.000001069
975,7168,0.000000941
976,7168,0.000000990
977,7168,0.000000987
978,7168,0.000001330
979,7168,0.000000898
980,7168,0.000000920
981,7168,0.000000956
982,7168,0.000000976
983,7168,0.000000861
984,7168,0.000001312
985,7168,0.000001025
986,7168,0.000001088
987,7168,0.000000923
988,7168,0.000001053
989,7168,0.000001017
990,7168,0.000001524
991,7168,0.000000941
992,7168,0.000001060
993,7168,0.000001055
994,7168,0.000001075
995,7168,0.000000907
996,7168,0.000000986
997,7168,0.000001079
998,7168,0.000001078
999,7168,0.000000939
0,7424,0.000001386
1,7424,0.000000937
2,7424,0.000001005
3,7424,0.000001080
4,7424,0.000000976
5,7424,0.000001021
6,7424,0.000000980
7,7424,0.000000939
8,7424,0.000001019
9,7424,0.000001056
10,7424,0.000000959
11,7424,0.000001220
12,7424,0.000000956
13,7424,0.000001034
14,7424,0.000000981
15,7424,0.000000946
16,7424,0.000001215
17,7424,0.000000986
18,7424,0.000000890
19,7424,0.000001027
20,7424,0.000001047
21,7424,0.000000875
22,7424,0.000000977
23,7424,0.000000990
24,7424,0.000001207
25,7424,0.000001306
26,7424,0.000001225
27,7424,0.000001263
28,7424,0.000001682
29,7424,0.000001955
30,7424,0.000001333
31,7424,0.000001416
32,7424,0.000001474
33,7424,0.000001398
34,7424,0.000001516
35,7424,0.000001350
36,7424,0.000002050
37,7424,0.000001035
38,7424,0.000001475
39,7424,0.000001065
40,7424,0.000001026
41,7424,0.000001046
42,7424,0.000000917
43,7424,0.000001014
44,7424,0.000001033
45,7424,0.000001081
46,7424,0.000001259
47,7424,0.000000962
48,7424,0.000001101
49,7424,0.000001048
50,7424,0.000001262
51,7424,0.000000964
52,7424,0.000001136
53,7424,0.000001004
54,7424,0.000001210
55,7424,0.000001056
56,7424,0.000000892
57,7424,0.000001003
58,7424,0.000000918
59,7424,0.000001073
60,7424,0.000001069
61,7424,0.000001024
62,7424,0.000001077
63,7424,0.000000940
64,7424,0.000001048
65,7424,0.000000992
66,7424,0.000000921
67,7424,0.000001222
68,7424,0.000015676
69,7424,0.000001000
70,7424,0.000001084
71,7424,0.000001246
72,7424,0.000001024
73,7424,0.000001429
74,7424,0.000000972
75,7424,0.000001048
76,7424,0.000001235
77,7424,0.000001224
78,7424,0.000001306
79,7424,0.000001112
80,7424,0.000001122
81,7424,0.000001516
82,7424,0.000001424
83,7424,0.000001100
84,7424,0.000001324
85,7424,0.000000996
86,7424,0.000001076
87,7424,0.000001157
88,7424,0.000001250
89,7424,0.000001155
90,7424,0.000000968
91,7424,0.000001012
92,7424,0.000001058
93,7424,0.000001033
94,7424,0.000001122
95,7424,0.000000987
96,7424,0.000001058
97,7424,0.000001117
98,7424,0.000001136
99,7424,0.000001522
100,7424,0.000001031
101,7424,0.000000947
102,7424,0.000001010
103,7424,0.000001133
104,7424,0.000001056
105,7424,0.000001040
106,7424,0.000000985
107,7424,0.000001198
108,7424,0.000001143
109,7424,0.000001085
110,7424,0.000001269
111,7424,0.000000889
112,7424,0.000001029
113,7424,0.000001044
114,7424,0.000001069
115,7424,0.000001061
116,7424,0.000013799
117,7424,0.000001005
118,7424,0.000001105
119,7424,0.000001002
120,7424,0.000000988
121,7424,0.000001081
122,7424,0.000000879
123,7424,0.000001010
124,7424,0.000000930
125,7424,0.000001045
126,7424,0.000001120
127,7424,0.000000930
128,7424,0.000000998
129,7424,0.000001021
130,7424,0.000000996
131,7424,0.000001298
132,7424,0.000001135
133,7424,0.000000905
134,7424,0.000001044
135,7424,0.000001048
136,7424,0.000001111
137,7424,0.000001023
138,7424,0.000000910
139,7424,0.000000913
140,7424,0.000001436
141,7424,0.000000991
142,7424,0.000000989
143,7424,0.000000877
144,7424,0.000001304
145,7424,0.000000962
146,7424,0.000001016
147,7424,0.000001011
148,7424,0.000001134
149,7424,0.000001052
150,7424,0.000001023
151,7424,0.000001291
152,7424,0.000001429
153,7424,0.000001033
154,7424,0.000001012
155,7424,0.000001225
156,7424,0.000001122
157,7424,0.000001020
158,7424,0.000001118
159,7424,0.000000945
160,7424,0.000000930
161,7424,0.000001506
162,7424,0.000001036
163,7424,0.000001079
164,7424,0.000001332
165,7424,0.000000938
166,7424,0.000001038
167,7424,0.000001101
168,7424,0.000001285
169,7424,0.000001016
170,7424,0.000001022
171,7424,0.000001020
172,7424,0.000000975
173,7424,0.000000895
174,7424,0.000001093
175,7424,0.000000920
176,7424,0.000001077
177,7424,0.000000924
178,7424,0.000000962
179,7424,0.000001339
180,7424,0.000001211
181,7424,0.000000930
182,7424,0.000000901
183,7424,0.000001002
184,7424,0.000001416
185,7424,0.000001084
186,7424,0.000000992
187,7424,0.000001063
188,7424,0.000001077
189,7424,0.000001163
190,7424,0.000001113
191,7424,0.000001096
192,7424,0.000001100
193,7424,0.000001097
194,7424,0.000001023
195,7424,0.000001345
196,7424,0.000001242
197,7424,0.000001045
198,7424,0.000001139
199,7424,0.000000943
200,7424,0.000001152
201,7424,0.000001035
202,7424,0.000000968
203,7424,0.000001020
204,7424,0.000001082
205,7424,0.000001116
206,7424,0.000001087
207,7424,0.000001240
208,7424,0.000015787
209,7424,0.000001042
210,7424,0.000001030
211,7424,0.000001336
212,7424,0.000001062
213,7424,0.000000919
214,7424,0.000000997
215,7424,0.000001090
216,7424,0.000001146
217,7424,0.000001048
218,7424,0.000000908
219,7424,0.000001059
220,7424,0.000001267
221,7424,0.000001464
222,7424,0.000001769
223,7424,0.000001418
224,7424,0.000001309
225,7424,0.000013830
226,7424,0.000001589
227,7424,0.000001687
228,7424,0.000001039
229,7424,0.000000942
230,7424,0.000001011
231,7424,0.000001038
232,7424,0.000001049
233,7424,0.000001015
234,7424,0.000000905
235,7424,0.000000979
236,7424,0.000001068
237,7424,0.000001024
238,7424,0.000001497
239,7424,0.000000896
240,7424,0.000000968
241,7424,0.000001051
242,7424,0.000000983
243,7424,0.000001076
244,7424,0.000001104
245,7424,0.000000990
246,7424,0.000001079
247,7424,0.000001377
248,7424,0.000001045
249,7424,0.000000992
250,7424,0.000000884
251,7424,0.000001008
252,7424,0.000000976
253,7424,0.000001026
254,7424,0.000001031
255,7424,0.000000909
256,7424,0.000000921
257,7424,0.000000971
258,7424,0.000001055
259,7424,0.000001039
260,7424,0.000000974
261,7424,0.000000946
262,7424,0.000001046
263,7424,0.000001092
264,7424,0.000001110
265,7424,0.000001066
266,7424,0.000000899
267,7424,0.000001257
268,7424,0.000001078
269,7424,0.000001032
270,7424,0.000001043
271,7424,0.000001002
272,7424,0.000001018
273,7424,0.000001245
274,7424,0.000000993
275,7424,0.000001055
276,7424,0.000001075
277,7424,0.000000885
278,7424,0.000001026
279,7424,0.000001003
280,7424,0.000001562
281,7424,0.000001204
282,7424,0.000001086
283,7424,0.000001375
284,7424,0.000000933
285,7424,0.000001232
286,7424,0.000000986
287,7424,0.000000978
288,7424,0.000000919
289,7424,0.000000965
290,7424,0.000001014
291,7424,0.000001176
292,7424,0.000001637
293,7424,0.000001413
294,7424,0.000001180
295,7424,0.000001396
296,7424,0.000001405
297,7424,0.000001790
298,7424,0.000001219
299,7424,0.000001196
300,7424,0.000001415
301,7424,0.000001407
302,7424,0.000001357
303,7424,0.000000866
304,7424,0.000000911
305,7424,0.000001345
306,7424,0.000001050
307,7424,0.000001025
308,7424,0.000000970
309,7424,0.000000879
310,7424,0.000001098
311,7424,0.000001006
312,7424,0.000001366
313,7424,0.000000954
314,7424,0.000000874
315,7424,0.000000972
316,7424,0.000001051
317,7424,0.000001090
318,7424,0.000001031
319,7424,0.000000859
320,7424,0.000000900
321,7424,0.000000935
322,7424,0.000001007
323,7424,0.000001006
324,7424,0.000000992
325,7424,0.000000941
326,7424,0.000001026
327,7424,0.000000944
328,7424,0.000001004
329,7424,0.000000966
330,7424,0.000000889
331,7424,0.000001031
332,7424,0.000000999
333,7424,0.000001392
334,7424,0.000001078
335,7424,0.000000895
336,7424,0.000000938
337,7424,0.000001014
338,7424,0.000001070
339,7424,0.000000966
340,7424,0.000000983
341,7424,0.000000882
342,7424,0.000001006
343,7424,0.000000935
344,7424,0.000000986
345,7424,0.000001058
346,7424,0.000000904
347,7424,0.000001001
348,7424,0.000001016
349,7424,0.000001029
350,7424,0.000000917
351,7424,0.000000930
352,7424,0.000000961
353,7424,0.000000997
354,7424,0.000001348
355,7424,0.000000978
356,7424,0.000001454
357,7424,0.000000914
358,7424,0.000001035
359,7424,0.000000974
360,7424,0.000000959
361,7424,0.000000985
362,7424,0.000000876
363,7424,0.000001021
364,7424,0.000000946
365,7424,0.000001038
366,7424,0.000000992
367,7424,0.000000907
368,7424,0.000000938
369,7424,0.000001008
370,7424,0.000000896
371,7424,0.000001050
372,7424,0.000000973
373,7424,0.000000881
374,7424,0.000000969
375,7424,0.000001269
376,7424,0.000000973
377,7424,0.000000958
378,7424,0.000000874
379,7424,0.000001009
380,7424,0.000000972
381,7424,0.000000979
382,7424,0.000000971
383,7424,0.000001034
384,7424,0.000000920
385,7424,0.000001023
386,7424,0.000001079
387,7424,0.000000994
388,7424,0.000001072
389,7424,0.000000877
390,7424,0.000000943
391,7424,0.000000925
392,7424,0.000001091
393,7424,0.000000957
394,7424,0.000000878
395,7424,0.000000947
396,7424,0.000001438
397,7424,0.000000977
398,7424,0.000001013
399,7424,0.000000907
400,7424,0.000000934
401,7424,0.000001039
402,7424,0.000001023
403,7424,0.000000988
404,7424,0.000001092
405,7424,0.000000888
406,7424,0.000001010
407,7424,0.000001126
408,7424,0.000001030
409,7424,0.000001116
410,7424,0.000000882
411,7424,0.000001397
412,7424,0.000000987
413,7424,0.000001105
414,7424,0.000001413
415,7424,0.000000944
416,7424,0.000001296
417,7424,0.000000935
418,7424,0.000001079
419,7424,0.000001003
420,7424,0.000001000
421,7424,0.000000905
422,7424,0.000000937
423,7424,0.000001008
424,7424,0.000000933
425,7424,0.000000960
426,7424,0.000000918
427,7424,0.000001034
428,7424,0.000000944
429,7424,0.000001413
430,7424,0.000000993
431,7424,0.000001060
432,7424,0.000000928
433,7424,0.000001085
434,7424,0.000001015
435,7424,0.000001103
436,7424,0.000000933
437,7424,0.000000905
438,7424,0.000000955
439,7424,0.000000977
440,7424,0.000001389
441,7424,0.000000947
442,7424,0.000001160
443,7424,0.000000983
444,7424,0.000000955
445,7424,0.000001072
446,7424,0.000000988
447,7424,0.000000895
448,7424,0.000000933
449,7424,0.000000950
450,7424,0.000000933
451,7424,0.000001035
452,7424,0.000001000
453,7424,0.000000947
454,7424,0.000001004
455,7424,0.000001044
456,7424,0.000000922
457,7424,0.000000975
458,7424,0.000001008
459,7424,0.000001094
460,7424,0.000000950
461,7424,0.000001321
462,7424,0.000001008
463,7424,0.000000891
464,7424,0.000000927
465,7424,0.000001099
466,7424,0.000001037
467,7424,0.000001105
468,7424,0.000001060
469,7424,0.000000876
470,7424,0.000001044
471,7424,0.000000969
472,7424,0.000001094
473,7424,0.000001220
474,7424,0.000000918
475,7424,0.000000992
476,7424,0.000000996
477,7424,0.000001048
478,7424,0.000001061
479,7424,0.000000860
480,7424,0.000000954
481,7424,0.000001060
482,7424,0.000001065
483,7424,0.000001324
484,7424,0.000001012
485,7424,0.000000883
486,7424,0.000001014
487,7424,0.000000966
488,7424,0.000001017
489,7424,0.000000947
490,7424,0.000000940
491,7424,0.000001096
492,7424,0.000000940
493,7424,0.000000963
494,7424,0.000001043
495,7424,0.000000893
496,7424,0.000000940
497,7424,0.000000974
498,7424,0.000000911
499,7424,0.000001073
500,7424,0.000001014
501,7424,0.000000911
502,7424,0.000000916
503,7424,0.000000911
504,7424,0.000001014
505,7424,0.000001011
506,7424,0.000000948
507,7424,0.000000954
508,7424,0.000001007
509,7424,0.000000939
510,7424,0.000001002
511,7424,0.000000873
512,7424,0.000000976
513,7424,0.000000943
514,7424,0.000000976
515,7424,0.000000947
516,7424,0.000001310
517,7424,0.000000972
518,7424,0.000000948
519,7424,0.000000960
520,7424,0.000001061
521,7424,0.000001041
522,7424,0.000000967
523,7424,0.000001082
524,7424,0.000000973
525,7424,0.000001001
526,7424,0.000001016
527,7424,0.000000866
528,7424,0.000000894
529,7424,0.000000985
530,7424,0.000000984
531,7424,0.000000966
532,7424,0.000000986
533,7424,0.000000886
534,7424,0.000001030
535,7424,0.000001050
536,7424,0.000001031
537,7424,0.000001015
538,7424,0.000000970
539,7424,0.000000983
540,7424,0.000000927
541,7424,0.000001318
542,7424,0.000000979
543,7424,0.000000887
544,7424,0.000000994
545,7424,0.000000983
546,7424,0.000001014
547,7424,0.000000976
548,7424,0.000001053
549,7424,0.000000884
550,7424,0.000000965
551,7424,0.000001002
552,7424,0.000000999
553,7424,0.000001166
554,7424,0.000000903
555,7424,0.000000950
556,7424,0.000000926
557,7424,0.000000977
558,7424,0.000000953
559,7424,0.000000982
560,7424,0.000000997
561,7424,0.000001093
562,7424,0.000001181
563,7424,0.000001088
564,7424,0.000001188
565,7424,0.000000900
566,7424,0.000001046
567,7424,0.000001387
568,7424,0.000001421
569,7424,0.000001014
570,7424,0.000000968
571,7424,0.000001003
572,7424,0.000000944
573,7424,0.000001103
574,7424,0.000001426
575,7424,0.000001001
576,7424,0.000001027
577,7424,0.000001063
578,7424,0.000000979
579,7424,0.000000985
580,7424,0.000001073
581,7424,0.000000883
582,7424,0.000001093
583,7424,0.000001163
584,7424,0.000001012
585,7424,0.000000989
586,7424,0.000000972
587,7424,0.000001161
588,7424,0.000000965
589,7424,0.000000928
590,7424,0.000001003
591,7424,0.000000978
592,7424,0.000000979
593,7424,0.000001056
594,7424,0.000001023
595,7424,0.000001074
596,7424,0.000001347
597,7424,0.000000927
598,7424,0.000001115
599,7424,0.000001037
600,7424,0.000001010
601,7424,0.000001103
602,7424,0.000000892
603,7424,0.000001412
604,7424,0.000001038
605,7424,0.000001192
606,7424,0.000001087
607,7424,0.000000875
608,7424,0.000000969
609,7424,0.000001063
610,7424,0.000001018
611,7424,0.000001023
612,7424,0.000001029
613,7424,0.000000943
614,7424,0.000001165
615,7424,0.000001018
616,7424,0.000000976
617,7424,0.000000990
618,7424,0.000000933
619,7424,0.000001026
620,7424,0.000001006
621,7424,0.000001007
622,7424,0.000001077
623,7424,0.000000878
624,7424,0.000000915
625,7424,0.000000922
626,7424,0.000000923
627,7424,0.000000954
628,7424,0.000000983
629,7424,0.000000865
630,7424,0.000001131
631,7424,0.000000977
632,7424,0.000000965
633,7424,0.000000968
634,7424,0.000000900
635,7424,0.000000983
636,7424,0.000000909
637,7424,0.000000879
638,7424,0.000000972
639,7424,0.000000963
640,7424,0.000000924
641,7424,0.000000956
642,7424,0.000001036
643,7424,0.000000982
644,7424,0.000000933
645,7424,0.000000876
646,7424,0.000001045
647,7424,0.000000993
648,7424,0.000000947
649,7424,0.000000928
650,7424,0.000000876
651,7424,0.000000997
652,7424,0.000000930
653,7424,0.000000979
654,7424,0.000000956
655,7424,0.000000919
656,7424,0.000000971
657,7424,0.000000996
658,7424,0.000000942
659,7424,0.000001323
660,7424,0.000001019
661,7424,0.000000908
662,7424,0.000000997
663,7424,0.000000981
664,7424,0.000000992
665,7424,0.000001298
666,7424,0.000000946
667,7424,0.000000987
668,7424,0.000001001
669,7424,0.000001031
670,7424,0.000000981
671,7424,0.000000904
672,7424,0.000000899
673,7424,0.000000940
674,7424,0.000000964
675,7424,0.000001018
676,7424,0.000001083
677,7424,0.000000927
678,7424,0.000001395
679,7424,0.000000957
680,7424,0.000000949
681,7424,0.000001014
682,7424,0.000000938
683,7424,0.000000992
684,7424,0.000000979
685,7424,0.000001018
686,7424,0.000001242
687,7424,0.000000888
688,7424,0.000001048
689,7424,0.000000991
690,7424,0.000001332
691,7424,0.000001030
692,7424,0.000001087
693,7424,0.000000888
694,7424,0.000001085
695,7424,0.000001011
696,7424,0.000000954
697,7424,0.000000969
698,7424,0.000000895
699,7424,0.000001009
700,7424,0.000000925
701,7424,0.000000983
702,7424,0.000001941
703,7424,0.000000909
704,7424,0.000001060
705,7424,0.000010350
706,7424,0.000000997
707,7424,0.000001001
708,7424,0.000001034
709,7424,0.000000901
710,7424,0.000000966
711,7424,0.000001226
712,7424,0.000001006
713,7424,0.000000983
714,7424,0.000000882
715,7424,0.000000968
716,7424,0.000000891
717,7424,0.000000898
718,7424,0.000000972
719,7424,0.000000886
720,7424,0.000000950
721,7424,0.000001328
722,7424,0.000000983
723,7424,0.000000964
724,7424,0.000000963
725,7424,0.000000882
726,7424,0.000000944
727,7424,0.000000956
728,7424,0.000000991
729,7424,0.000001036
730,7424,0.000000865
731,7424,0.000001292
732,7424,0.000000970
733,7424,0.000001009
734,7424,0.000000957
735,7424,0.000000874
736,7424,0.000000904
737,7424,0.000001057
738,7424,0.000000970
739,7424,0.000001001
740,7424,0.000000988
741,7424,0.000000921
742,7424,0.000001741
743,7424,0.000000985
744,7424,0.000000958
745,7424,0.000000977
746,7424,0.000000947
747,7424,0.000001062
748,7424,0.000000984
749,7424,0.000001020
750,7424,0.000001017
751,7424,0.000000859
752,7424,0.000000889
753,7424,0.000000935
754,7424,0.000000955
755,7424,0.000001361
756,7424,0.000000998
757,7424,0.000000891
758,7424,0.000000995
759,7424,0.000000977
760,7424,0.000000988
761,7424,0.000001169
762,7424,0.000000884
763,7424,0.000000972
764,7424,0.000000946
765,7424,0.000000975
766,7424,0.000001009
767,7424,0.000000863
768,7424,0.000001126
769,7424,0.000000992
770,7424,0.000001064
771,7424,0.000000956
772,7424,0.000001053
773,7424,0.000000931
774,7424,0.000000987
775,7424,0.000001032
776,7424,0.000001097
777,7424,0.000001019
778,7424,0.000001308
779,7424,0.000001011
780,7424,0.000000972
781,7424,0.000001013
782,7424,0.000000978
783,7424,0.000000946
784,7424,0.000001096
785,7424,0.000001181
786,7424,0.000001182
787,7424,0.000001057
788,7424,0.000001006
789,7424,0.000000894
790,7424,0.000001084
791,7424,0.000001087
792,7424,0.000000963
793,7424,0.000001031
794,7424,0.000000927
795,7424,0.000000960
796,7424,0.000001051
797,7424,0.000001077
798,7424,0.000001180
799,7424,0.000000912
800,7424,0.000001213
801,7424,0.000001038
802,7424,0.000001244
803,7424,0.000000988
804,7424,0.000001027
805,7424,0.000000910
806,7424,0.000001058
807,7424,0.000000973
808,7424,0.000001029
809,7424,0.000001227
810,7424,0.000000879
811,7424,0.000001102
812,7424,0.000000971
813,7424,0.000000998
814,7424,0.000000955
815,7424,0.000000972
816,7424,0.000001012
817,7424,0.000001106
818,7424,0.000001052
819,7424,0.000001123
820,7424,0.000000976
821,7424,0.000000891
822,7424,0.000001201
823,7424,0.000001020
824,7424,0.000001053
825,7424,0.000000969
826,7424,0.000000878
827,7424,0.000001145
828,7424,0.000001103
829,7424,0.000001453
830,7424,0.000001022
831,7424,0.000000892
832,7424,0.000000941
833,7424,0.000001063
834,7424,0.000001026
835,7424,0.000001069
836,7424,0.000001344
837,7424,0.000001043
838,7424,0.000001069
839,7424,0.000000943
840,7424,0.000000986
841,7424,0.000000976
842,7424,0.000000900
843,7424,0.000001037
844,7424,0.000001002
845,7424,0.000001034
846,7424,0.000001006
847,7424,0.000000938
848,7424,0.000000971
849,7424,0.000000971
850,7424,0.000001009
851,7424,0.000001358
852,7424,0.000001055
853,7424,0.000000962
854,7424,0.000000998
855,7424,0.000000985
856,7424,0.000000968
857,7424,0.000001107
858,7424,0.000000888
859,7424,0.000000998
860,7424,0.000001055
861,7424,0.000001044
862,7424,0.000001233
863,7424,0.000000919
864,7424,0.000001303
865,7424,0.000001090
866,7424,0.000001066
867,7424,0.000001059
868,7424,0.000001016
869,7424,0.000000975
870,7424,0.000000973
871,7424,0.000001109
872,7424,0.000001063
873,7424,0.000001028
874,7424,0.000000870
875,7424,0.000001272
876,7424,0.000000961
877,7424,0.000001000
878,7424,0.000001060
879,7424,0.000000977
880,7424,0.000000966
881,7424,0.000001017
882,7424,0.000001044
883,7424,0.000001069
884,7424,0.000000981
885,7424,0.000000880
886,7424,0.000000983
887,7424,0.000000946
888,7424,0.000001134
889,7424,0.000001091
890,7424,0.000000940
891,7424,0.000001086
892,7424,0.000001321
893,7424,0.000001061
894,7424,0.000000992
895,7424,0.000001243
896,7424,0.000001097
897,7424,0.000001024
898,7424,0.000001019
899,7424,0.000001006
900,7424,0.000000997
901,7424,0.000000918
902,7424,0.000001038
903,7424,0.000000999
904,7424,0.000000960
905,7424,0.000001028
906,7424,0.000000891
907,7424,0.000001012
908,7424,0.000001068
909,7424,0.000000953
910,7424,0.000000979
911,7424,0.000000892
912,7424,0.000001337
913,7424,0.000000987
914,7424,0.000001060
915,7424,0.000001054
916,7424,0.000001035
917,7424,0.000000971
918,7424,0.000000986
919,7424,0.000000971
920,7424,0.000000975
921,7424,0.000001371
922,7424,0.000001081
923,7424,0.000001038
924,7424,0.000000983
925,7424,0.000001070
926,7424,0.000000973
927,7424,0.000000987
928,7424,0.000000996
929,7424,0.000001023
930,7424,0.000001029
931,7424,0.000001088
932,7424,0.000001305
933,7424,0.000000908
934,7424,0.000001079
935,7424,0.000000971
936,7424,0.000001003
937,7424,0.000001074
938,7424,0.000000888
939,7424,0.000000969
940,7424,0.000001027
941,7424,0.000001048
942,7424,0.000001058
943,7424,0.000000887
944,7424,0.000000938
945,7424,0.000000989
946,7424,0.000000973
947,7424,0.000001318
948,7424,0.000000985
949,7424,0.000000901
950,7424,0.000001026
951,7424,0.000001023
952,7424,0.000001404
953,7424,0.000001282
954,7424,0.000001412
955,7424,0.000001242
956,7424,0.000001263
957,7424,0.000001570
958,7424,0.000001861
959,7424,0.000001791
960,7424,0.000001535
961,7424,0.000001376
962,7424,0.000001323
963,7424,0.000001552
964,7424,0.000001822
965,7424,0.000000909
966,7424,0.000000975
967,7424,0.000001063
968,7424,0.000001039
969,7424,0.000001403
970,7424,0.000000939
971,7424,0.000001235
972,7424,0.000001189
973,7424,0.000001035
974,7424,0.000001332
975,7424,0.000000930
976,7424,0.000001037
977,7424,0.000001059
978,7424,0.000001254
979,7424,0.000001161
980,7424,0.000001153
981,7424,0.000001208
982,7424,0.000001165
983,7424,0.000001086
984,7424,0.000001035
985,7424,0.000001059
986,7424,0.000001016
987,7424,0.000001167
988,7424,0.000001178
989,7424,0.000001043
990,7424,0.000001080
991,7424,0.000000889
992,7424,0.000001034
993,7424,0.000001014
994,7424,0.000001044
995,7424,0.000001108
996,7424,0.000001190
997,7424,0.000000966
998,7424,0.000001011
999,7424,0.000001121
0,7680,0.000001413
1,7680,0.000000970
2,7680,0.000001196
3,7680,0.000001211
4,7680,0.000001200
5,7680,0.000001340
6,7680,0.000001661
7,7680,0.000001251
8,7680,0.000001197
9,7680,0.000001388
10,7680,0.000001543
11,7680,0.000001354
12,7680,0.000000967
13,7680,0.000001087
14,7680,0.000001059
15,7680,0.000001010
16,7680,0.000000937
17,7680,0.000000927
18,7680,0.000001008
19,7680,0.000001024
20,7680,0.000000970
21,7680,0.000001052
22,7680,0.000001030
23,7680,0.000000902
24,7680,0.000000932
25,7680,0.000001276
26,7680,0.000001137
27,7680,0.000001151
28,7680,0.000001087
29,7680,0.000000973
30,7680,0.000001326
31,7680,0.000000914
32,7680,0.000001029
33,7680,0.000001042
34,7680,0.000001165
35,7680,0.000000997
36,7680,0.000001049
37,7680,0.000000949
38,7680,0.000000945
39,7680,0.000000891
40,7680,0.000000880
41,7680,0.000001067
42,7680,0.000001048
43,7680,0.000001331
44,7680,0.000001093
45,7680,0.000001331
46,7680,0.000001415
47,7680,0.000000896
48,7680,0.000000989
49,7680,0.000000985
50,7680,0.000000935
51,7680,0.000001046
52,7680,0.000001033
53,7680,0.000000977
54,7680,0.000000976
55,7680,0.000000880
56,7680,0.000000903
57,7680,0.000000943
58,7680,0.000001016
59,7680,0.000000942
60,7680,0.000001014
61,7680,0.000001018
62,7680,0.000001076
63,7680,0.000001001
64,7680,0.000000946
65,7680,0.000000954
66,7680,0.000001023
67,7680,0.000001083
68,7680,0.000000973
69,7680,0.000000979
70,7680,0.000001055
71,7680,0.000000870
72,7680,0.000000871
73,7680,0.000000961
74,7680,0.000000992
75,7680,0.000000996
76,7680,0.000001088
77,7680,0.000001353
78,7680,0.000001039
79,7680,0.000000869
80,7680,0.000000937
81,7680,0.000000954
82,7680,0.000000958
83,7680,0.000001317
84,7680,0.000001420
85,7680,0.000001350
86,7680,0.000001551
87,7680,0.000001078
88,7680,0.000001278
89,7680,0.000001493
90,7680,0.000001326
91,7680,0.000001278
92,7680,0.000001260
93,7680,0.000001363
94,7680,0.000001588
95,7680,0.000000886
96,7680,0.000000989
97,7680,0.000000946
98,7680,0.000000912
99,7680,0.000001012
100,7680,0.000000989
101,7680,0.000000992
102,7680,0.000001020
103,7680,0.000000914
104,7680,0.000001100
105,7680,0.000000953
106,7680,0.000001036
107,7680,0.000000893
108,7680,0.000001032
109,7680,0.000001039
110,7680,0.000000995
111,7680,0.000000929
112,7680,0.000000932
113,7680,0.000000877
114,7680,0.000000953
115,7680,0.000000940
116,7680,0.000000972
117,7680,0.000001041
118,7680,0.000001019
119,7680,0.000000892
120,7680,0.000000922
121,7680,0.000001253
122,7680,0.000000965
123,7680,0.000001061
124,7680,0.000001007
125,7680,0.000001030
126,7680,0.000000946
127,7680,0.000000915
128,7680,0.000000941
129,7680,0.000000935
130,7680,0.000000947
131,7680,0.000000988
132,7680,0.000001025
133,7680,0.000000937
134,7680,0.000001335
135,7680,0.000000852
136,7680,0.000000923
137,7680,0.000000968
138,7680,0.000000918
139,7680,0.000001091
140,7680,0.000001167
141,7680,0.000000944
142,7680,0.000000963
143,7680,0.000000883
144,7680,0.000000954
145,7680,0.000000948
146,7680,0.000001070
147,7680,0.000000962
148,7680,0.000001008
149,7680,0.000000968
150,7680,0.000001166
151,7680,0.000000891
152,7680,0.000000925
153,7680,0.000000938
154,7680,0.000000926
155,7680,0.000001065
156,7680,0.000001003
157,7680,0.000001014
158,7680,0.000000950
159,7680,0.000000878
160,7680,0.000000920
161,7680,0.000001117
162,7680,0.000000893
163,7680,0.000000960
164,7680,0.000000950
165,7680,0.000001309
166,7680,0.000000965
167,7680,0.000000870
168,7680,0.000000924
169,7680,0.000001080
170,7680,0.000000987
171,7680,0.000000946
172,7680,0.000000963
173,7680,0.000001090
174,7680,0.000001025
175,7680,0.000000891
176,7680,0.000000895
177,7680,0.000000970
178,7680,0.000000990
179,7680,0.000001015
180,7680,0.000001057
181,7680,0.000001085
182,7680,0.000000966
183,7680,0.000000909
184,7680,0.000000948
185,7680,0.000000982
186,7680,0.000001221
187,7680,0.000000945
188,7680,0.000001191
189,7680,0.000000985
190,7680,0.000001030
191,7680,0.000000942
192,7680,0.000000913
193,7680,0.000000947
194,7680,0.000001016
195,7680,0.000000979
196,7680,0.000001391
197,7680,0.000000957
198,7680,0.000000955
199,7680,0.000001250
200,7680,0.000000902
201,7680,0.000000948
202,7680,0.000000966
203,7680,0.000000959
204,7680,0.000001024
205,7680,0.000000946
206,7680,0.000001011
207,7680,0.000000896
208,7680,0.000001016
209,7680,0.000000999
210,7680,0.000000950
211,7680,0.000001057
212,7680,0.000000953
213,7680,0.000000959
214,7680,0.000001018
215,7680,0.000000900
216,7680,0.000000934
217,7680,0.000000954
218,7680,0.000000969
219,7680,0.000000964
220,7680,0.000000967
221,7680,0.000000961
222,7680,0.000000960
223,7680,0.000000907
224,7680,0.000001015
225,7680,0.000001054
226,7680,0.000000913
227,7680,0.000000962
228,7680,0.000001481
229,7680,0.000000955
230,7680,0.000001034
231,7680,0.000000860
232,7680,0.000000910
233,7680,0.000001010
234,7680,0.000000917
235,7680,0.000000960
236,7680,0.000001053
237,7680,0.000001047
238,7680,0.000000998
239,7680,0.000000903
240,7680,0.000000955
241,7680,0.000000924
242,7680,0.000000952
243,7680,0.000000969
244,7680,0.000000953
245,7680,0.000000968
246,7680,0.000000949
247,7680,0.000000887
248,7680,0.000000997
249,7680,0.000000924
250,7680,0.000001002
251,7680,0.000000977
252,7680,0.000000910
253,7680,0.000000940
254,7680,0.000001032
255,7680,0.000000929
256,7680,0.000000931
257,7680,0.000000975
258,7680,0.000001106
259,7680,0.000001731
260,7680,0.000000956
261,7680,0.000000969
262,7680,0.000001294
263,7680,0.000000869
264,7680,0.000000940
265,7680,0.000000963
266,7680,0.000001029
267,7680,0.000000915
268,7680,0.000000976
269,7680,0.000001005
270,7680,0.000001359
271,7680,0.000000883
272,7680,0.000001003
273,7680,0.000001093
274,7680,0.000000898
275,7680,0.000001058
276,7680,0.000001007
277,7680,0.000001022
278,7680,0.000000990
279,7680,0.000000876
280,7680,0.000000985
281,7680,0.000000943
282,7680,0.000000912
283,7680,0.000000908
284,7680,0.000000924
285,7680,0.000001351
286,7680,0.000000987
287,7680,0.000001224
288,7680,0.000001071
289,7680,0.000001215
290,7680,0.000001023
291,7680,0.000000967
292,7680,0.000000961
293,7680,0.000000941
294,7680,0.000001015
295,7680,0.000000925
296,7680,0.000001018
297,7680,0.000001009
298,7680,0.000001165
299,7680,0.000001050
300,7680,0.000001057
301,7680,0.000001027
302,7680,0.000001016
303,7680,0.000000910
304,7680,0.000000920
305,7680,0.000000966
306,7680,0.000001143
307,7680,0.000001015
308,7680,0.000000995
309,7680,0.000000944
310,7680,0.000000939
311,7680,0.000000937
312,7680,0.000000877
313,7680,0.000001341
314,7680,0.000000920
315,7680,0.000000979
316,7680,0.000000970
317,7680,0.000001077
318,7680,0.000000997
319,7680,0.000000910
320,7680,0.000000985
321,7680,0.000000927
322,7680,0.000001018
323,7680,0.000000960
324,7680,0.000000980
325,7680,0.000000953
326,7680,0.000001000
327,7680,0.000000881
328,7680,0.000000922
329,7680,0.000000925
330,7680,0.000000939
331,7680,0.000000943
332,7680,0.000000978
333,7680,0.000000989
334,7680,0.000000949
335,7680,0.000000895
336,7680,0.000000941
337,7680,0.000000958
338,7680,0.000000896
339,7680,0.000000918
340,7680,0.000001030
341,7680,0.000000960
342,7680,0.000000976
343,7680,0.000000877
344,7680,0.000000982
345,7680,0.000000921
346,7680,0.000000930
347,7680,0.000000963
348,7680,0.000000957
349,7680,0.000001010
350,7680,0.000000947
351,7680,0.000000888
352,7680,0.000000925
353,7680,0.000000955
354,7680,0.000000943
355,7680,0.000000956
356,7680,0.000000998
357,7680,0.000000929
358,7680,0.000000960
359,7680,0.000000914
360,7680,0.000000922
361,7680,0.000000997
362,7680,0.000000956
363,7680,0.000000936
364,7680,0.000000932
365,7680,0.000000980
366,7680,0.000000962
367,7680,0.000000934
368,7680,0.000000928
369,7680,0.000000923
370,7680,0.000000932
371,7680,0.000000900
372,7680,0.000001012
373,7680,0.000001018
374,7680,0.000001029
375,7680,0.000001032
376,7680,0.000000965
377,7680,0.000000921
378,7680,0.000000912
379,7680,0.000001019
380,7680,0.000000950
381,7680,0.000000932
382,7680,0.000001100
383,7680,0.000000870
384,7680,0.000001267
385,7680,0.000000987
386,7680,0.000000955
387,7680,0.000000977
388,7680,0.000001234
389,7680,0.000000981
390,7680,0.000000953
391,7680,0.000000966
392,7680,0.000000902
393,7680,0.000000985
394,7680,0.000009083
395,7680,0.000001275
396,7680,0.000000987
397,7680,0.000001303
398,7680,0.000001041
399,7680,0.000000974
400,7680,0.000001021
401,7680,0.000001104
402,7680,0.000000920
403,7680,0.000000927
404,7680,0.000001224
405,7680,0.000000979
406,7680,0.000001356
407,7680,0.000000903
408,7680,0.000000904
409,7680,0.000001025
410,7680,0.000000925
411,7680,0.000001010
412,7680,0.000000994
413,7680,0.000001011
414,7680,0.000001028
415,7680,0.000000936
416,7680,0.000000902
417,7680,0.000000939
418,7680,0.000000910
419,7680,0.000001030
420,7680,0.000000962
421,7680,0.000000945
422,7680,0.000001023
423,7680,0.000000880
424,7680,0.000000902
425,7680,0.000001123
426,7680,0.000000928
427,7680,0.000000987
428,7680,0.000001007
429,7680,0.000000968
430,7680,0.000001021
431,7680,0.000000864
432,7680,0.000000949
433,7680,0.000001345
434,7680,0.000000891
435,7680,0.000000943
436,7680,0.000001157
437,7680,0.000001022
438,7680,0.000000992
439,7680,0.000000924
440,7680,0.000001017
441,7680,0.000000940
442,7680,0.000000917
443,7680,0.000001064
444,7680,0.000001012
445,7680,0.000000938
446,7680,0.000001191
447,7680,0.000000895
448,7680,0.000001252
449,7680,0.000000964
450,7680,0.000000988
451,7680,0.000001109
452,7680,0.000001108
453,7680,0.000000979
454,7680,0.000001064
455,7680,0.000000901
456,7680,0.000000942
457,7680,0.000001077
458,7680,0.000001038
459,7680,0.000001052
460,7680,0.000024313
461,7680,0.000001960
462,7680,0.000001462
463,7680,0.000000947
464,7680,0.000000965
465,7680,0.000000974
466,7680,0.000001028
467,7680,0.000001002
468,7680,0.000001064
469,7680,0.000001017
470,7680,0.000000984
471,7680,0.000001259
472,7680,0.000000935
473,7680,0.000001006
474,7680,0.000013829
475,7680,0.000001069
476,7680,0.000001074
477,7680,0.000001208
478,7680,0.000000978
479,7680,0.000001196
480,7680,0.000000992
481,7680,0.000000980
482,7680,0.000000923
483,7680,0.000000989
484,7680,0.000000980
485,7680,0.000000933
486,7680,0.000000948
487,7680,0.000000887
488,7680,0.000000913
489,7680,0.000000941
490,7680,0.000000994
491,7680,0.000001014
492,7680,0.000000909
493,7680,0.000001106
494,7680,0.000000988
495,7680,0.000000899
496,7680,0.000000906
497,7680,0.000000939
498,7680,0.000000904
499,7680,0.000000997
500,7680,0.000001077
501,7680,0.000001012
502,7680,0.000001003
503,7680,0.000000930
504,7680,0.000000982
505,7680,0.000001072
506,7680,0.000000965
507,7680,0.000001070
508,7680,0.000001335
509,7680,0.000001002
510,7680,0.000000966
511,7680,0.000000914
512,7680,0.000000892
513,7680,0.000001010
514,7680,0.000000976
515,7680,0.000001041
516,7680,0.000001037
517,7680,0.000001337
518,7680,0.000001005
519,7680,0.000000967
520,7680,0.000000953
521,7680,0.000000922
522,7680,0.000000982
523,7680,0.000001266
524,7680,0.000000943
525,7680,0.000000989
526,7680,0.000001034
527,7680,0.000000892
528,7680,0.000000933
529,7680,0.000000920
530,7680,0.000000992
531,7680,0.000000903
532,7680,0.000000971
533,7680,0.000001073
534,7680,0.000000973
535,7680,0.000001166
536,7680,0.000000885
537,7680,0.000000932
538,7680,0.000000946
539,7680,0.000000990
540,7680,0.000001064
541,7680,0.000001017
542,7680,0.000001184
543,7680,0.000000954
544,7680,0.000001051
545,7680,0.000001165
546,7680,0.000001079
547,7680,0.000001052
548,7680,0.000001023
549,7680,0.000001072
550,7680,0.000001105
551,7680,0.000000912
552,7680,0.000000909
553,7680,0.000000956
554,7680,0.000001337
555,7680,0.000001058
556,7680,0.000001062
557,7680,0.000000997
558,7680,0.000001156
559,7680,0.000000954
560,7680,0.000000913
561,7680,0.000001122
562,7680,0.000001117
563,7680,0.000000914
564,7680,0.000000946
565,7680,0.000001039
566,7680,0.000001066
567,7680,0.000000990
568,7680,0.000000907
569,7680,0.000000918
570,7680,0.000000918
571,7680,0.000001021
572,7680,0.000001038
573,7680,0.000001035
574,7680,0.000001019
575,7680,0.000000954
576,7680,0.000000976
577,7680,0.000001036
578,7680,0.000001080
579,7680,0.000001039
580,7680,0.000001038
581,7680,0.000001092
582,7680,0.000001021
583,7680,0.000000968
584,7680,0.000001068
585,7680,0.000001190
586,7680,0.000001244
587,7680,0.000000987
588,7680,0.000000969
589,7680,0.000001002
590,7680,0.000001116
591,7680,0.000000954
592,7680,0.000001031
593,7680,0.000001016
594,7680,0.000000990
595,7680,0.000001022
596,7680,0.000000959
597,7680,0.000000991
598,7680,0.000001016
599,7680,0.000000897
600,7680,0.000001013
601,7680,0.000000983
602,7680,0.000001007
603,7680,0.000000972
604,7680,0.000000920
605,7680,0.000000975
606,7680,0.000000979
607,7680,0.000000884
608,7680,0.000000952
609,7680,0.000001204
610,7680,0.000000937
611,7680,0.000000978
612,7680,0.000000968
613,7680,0.000000977
614,7680,0.000000970
615,7680,0.000001426
616,7680,0.000000913
617,7680,0.000000947
618,7680,0.000000942
619,7680,0.000001008
620,7680,0.000000986
621,7680,0.000000959
622,7680,0.000000959
623,7680,0.000000838
624,7680,0.000000922
625,7680,0.000000958
626,7680,0.000000974
627,7680,0.000000933
628,7680,0.000001375
629,7680,0.000001026
630,7680,0.000001167
631,7680,0.000000899
632,7680,0.000001115
633,7680,0.000000981
634,7680,0.000001026
635,7680,0.000001048
636,7680,0.000000959
637,7680,0.000000962
638,7680,0.000000950
639,7680,0.000000875
640,7680,0.000000944
641,7680,0.000000976
642,7680,0.000000936
643,7680,0.000001060
644,7680,0.000000990
645,7680,0.000000977
646,7680,0.000001375
647,7680,0.000001027
648,7680,0.000000937
649,7680,0.000000954
650,7680,0.000000919
651,7680,0.000000972
652,7680,0.000000978
653,7680,0.000001058
654,7680,0.000001068
655,7680,0.000000945
656,7680,0.000000919
657,7680,0.000000893
658,7680,0.000000997
659,7680,0.000000995
660,7680,0.000000960
661,7680,0.000000974
662,7680,0.000001015
663,7680,0.000000899
664,7680,0.000000920
665,7680,0.000000939
666,7680,0.000000978
667,7680,0.000000916
668,7680,0.000001002
669,7680,0.000001110
670,7680,0.000001139
671,7680,0.000000908
672,7680,0.000000935
673,7680,0.000000916
674,7680,0.000000938
675,7680,0.000001033
676,7680,0.000000965
677,7680,0.000000978
678,7680,0.000000985
679,7680,0.000000894
680,7680,0.000001243
681,7680,0.000000911
682,7680,0.000000991
683,7680,0.000000951
684,7680,0.000000969
685,7680,0.000000946
686,7680,0.000000959
687,7680,0.000000891
688,7680,0.000000926
689,7680,0.000000917
690,7680,0.000001009
691,7680,0.000001006
692,7680,0.000000941
693,7680,0.000000958
694,7680,0.000000982
695,7680,0.000000891
696,7680,0.000000935
697,7680,0.000000957
698,7680,0.000000918
699,7680,0.000000993
700,7680,0.000000984
701,7680,0.000000954
702,7680,0.000001085
703,7680,0.000000877
704,7680,0.000000951
705,7680,0.000000944
706,7680,0.000000977
707,7680,0.000001083
708,7680,0.000000958
709,7680,0.000001208
710,7680,0.000000948
711,7680,0.000000892
712,7680,0.000000967
713,7680,0.000001331
714,7680,0.000000946
715,7680,0.000000931
716,7680,0.000000977
717,7680,0.000000974
718,7680,0.000000965
719,7680,0.000000904
720,7680,0.000000941
721,7680,0.000001085
722,7680,0.000001013
723,7680,0.000001162
724,7680,0.000001548
725,7680,0.000001354
726,7680,0.000001327
727,7680,0.000001195
728,7680,0.000001526
729,7680,0.000001365
730,7680,0.000001384
731,7680,0.000001620
732,7680,0.000001309
733,7680,0.000001302
734,7680,0.000001289
735,7680,0.000002151
736,7680,0.000001253
737,7680,0.000000961
738,7680,0.000001164
739,7680,0.000000979
740,7680,0.000000976
741,7680,0.000000983
742,7680,0.000001132
743,7680,0.000000877
744,7680,0.000000956
745,7680,0.000000995
746,7680,0.000000939
747,7680,0.000000897
748,7680,0.000001014
749,7680,0.000001011
750,7680,0.000001129
751,7680,0.000000925
752,7680,0.000001017
753,7680,0.000001021
754,7680,0.000000985
755,7680,0.000001009
756,7680,0.000000969
757,7680,0.000001343
758,7680,0.000001468
759,7680,0.000000946
760,7680,0.000001529
761,7680,0.000000993
762,7680,0.000000971
763,7680,0.000001048
764,7680,0.000001259
765,7680,0.000001258
766,7680,0.000000968
767,7680,0.000000932
768,7680,0.000000954
769,7680,0.000001012
770,7680,0.000000982
771,7680,0.000000955
772,7680,0.000001114
773,7680,0.000001157
774,7680,0.000001073
775,7680,0.000001041
776,7680,0.000001227
777,7680,0.000000967
778,7680,0.000001032
779,7680,0.000001001
780,7680,0.000001029
781,7680,0.000000990
782,7680,0.000001032
783,7680,0.000000872
784,7680,0.000001063
785,7680,0.000001017
786,7680,0.000000939
787,7680,0.000001036
788,7680,0.000000992
789,7680,0.000001136
790,7680,0.000001170
791,7680,0.000001071
792,7680,0.000000995
793,7680,0.000000988
794,7680,0.000001593
795,7680,0.000000971
796,7680,0.000000956
797,7680,0.000001018
798,7680,0.000001053
799,7680,0.000000909
800,7680,0.000000929
801,7680,0.000000980
802,7680,0.000000963
803,7680,0.000000976
804,7680,0.000000966
805,7680,0.000001035
806,7680,0.000001037
807,7680,0.000000945
808,7680,0.000001107
809,7680,0.000001136
810,7680,0.000000987
811,7680,0.000001319
812,7680,0.000000998
813,7680,0.000000996
814,7680,0.000001052
815,7680,0.000000970
816,7680,0.000000996
817,7680,0.000001007
818,7680,0.000000962
819,7680,0.000001062
820,7680,0.000001024
821,7680,0.000001017
822,7680,0.000001017
823,7680,0.000000915
824,7680,0.000001619
825,7680,0.000001011
826,7680,0.000001002
827,7680,0.000000968
828,7680,0.000000995
829,7680,0.000001291
830,7680,0.000000976
831,7680,0.000000917
832,7680,0.000000924
833,7680,0.000001036
834,7680,0.000001010
835,7680,0.000000947
836,7680,0.000001129
837,7680,0.000001156
838,7680,0.000001005
839,7680,0.000000940
840,7680,0.000001293
841,7680,0.000000983
842,7680,0.000001303
843,7680,0.000001023
844,7680,0.000001090
845,7680,0.000000979
846,7680,0.000001058
847,7680,0.000001260
848,7680,0.000000958
849,7680,0.000001075
850,7680,0.000001046
851,7680,0.000000990
852,7680,0.000001066
853,7680,0.000001077
854,7680,0.000000983
855,7680,0.000000895
856,7680,0.000000912
857,7680,0.000001015
858,7680,0.000000935
859,7680,0.000001136
860,7680,0.000001434
861,7680,0.000001028
862,7680,0.000001073
863,7680,0.000000948
864,7680,0.000000956
865,7680,0.000000978
866,7680,0.000001044
867,7680,0.000001378
868,7680,0.000001035
869,7680,0.000001053
870,7680,0.000001012
871,7680,0.000000929
872,7680,0.000001016
873,7680,0.000000974
874,7680,0.000000976
875,7680,0.000000974
876,7680,0.000001044
877,7680,0.000001040
878,7680,0.000001387
879,7680,0.000000913
880,7680,0.000000993
881,7680,0.000001020
882,7680,0.000000977
883,7680,0.000000996
884,7680,0.000001057
885,7680,0.000001041
886,7680,0.000001006
887,7680,0.000000945
888,7680,0.000000954
889,7680,0.000001032
890,7680,0.000000997
891,7680,0.000001360
892,7680,0.000001044
893,7680,0.000001028
894,7680,0.000001013
895,7680,0.000000938
896,7680,0.000001061
897,7680,0.000001006
898,7680,0.000000953
899,7680,0.000001025
900,7680,0.000001111
901,7680,0.000000972
902,7680,0.000001040
903,7680,0.000000957
904,7680,0.000000945
905,7680,0.000000993
906,7680,0.000001075
907,7680,0.000001075
908,7680,0.000001209
909,7680,0.000001094
910,7680,0.000001038
911,7680,0.000000941
912,7680,0.000001071
913,7680,0.000001051
914,7680,0.000000984
915,7680,0.000001056
916,7680,0.000001003
917,7680,0.000000978
918,7680,0.000001055
919,7680,0.000001093
920,7680,0.000000996
921,7680,0.000001053
922,7680,0.000001044
923,7680,0.000000979
924,7680,0.000001005
925,7680,0.000001004
926,7680,0.000001215
927,7680,0.000000911
928,7680,0.000001089
929,7680,0.000001051
930,7680,0.000001028
931,7680,0.000001050
932,7680,0.000001105
933,7680,0.000000994
934,7680,0.000000995
935,7680,0.000000968
936,7680,0.000000979
937,7680,0.000001051
938,7680,0.000001070
939,7680,0.000001412
940,7680,0.000001049
941,7680,0.000001019
942,7680,0.000001246
943,7680,0.000000899
944,7680,0.000000983
945,7680,0.000001032
946,7680,0.000001444
947,7680,0.000001017
948,7680,0.000001234
949,7680,0.000001063
950,7680,0.000001072
951,7680,0.000000890
952,7680,0.000001003
953,7680,0.000000964
954,7680,0.000001036
955,7680,0.000001377
956,7680,0.000001046
957,7680,0.000001002
958,7680,0.000001324
959,7680,0.000000916
960,7680,0.000000985
961,7680,0.000001046
962,7680,0.000001084
963,7680,0.000001190
964,7680,0.000001017
965,7680,0.000001052
966,7680,0.000001054
967,7680,0.000000973
968,7680,0.000000996
969,7680,0.000001127
970,7680,0.000001096
971,7680,0.000001343
972,7680,0.000001336
973,7680,0.000001130
974,7680,0.000001256
975,7680,0.000000986
976,7680,0.000001063
977,7680,0.000001359
978,7680,0.000001126
979,7680,0.000001054
980,7680,0.000001062
981,7680,0.000001082
982,7680,0.000001035
983,7680,0.000000953
984,7680,0.000000958
985,7680,0.000000998
986,7680,0.000000968
987,7680,0.000001149
988,7680,0.000001607
989,7680,0.000001682
990,7680,0.000001510
991,7680,0.000001099
992,7680,0.000001352
993,7680,0.000001571
994,7680,0.000001304
995,7680,0.000001568
996,7680,0.000001547
997,7680,0.000001025
998,7680,0.000000992
999,7680,0.000001241
0,7936,0.000001391
1,7936,0.000001040
2,7936,0.000001073
3,7936,0.000000991
4,7936,0.000001036
5,7936,0.000000954
6,7936,0.000000955
7,7936,0.000000978
8,7936,0.000000989
9,7936,0.000000962
10,7936,0.000001006
11,7936,0.000001017
12,7936,0.000000978
13,7936,0.000001017
14,7936,0.000001426
15,7936,0.000000903
16,7936,0.000000942
17,7936,0.000000973
18,7936,0.000000934
19,7936,0.000000925
20,7936,0.000000991
21,7936,0.000001078
22,7936,0.000000968
23,7936,0.000008814
24,7936,0.000001048
25,7936,0.000001307
26,7936,0.000001004
27,7936,0.000001071
28,7936,0.000000964
29,7936,0.000000986
30,7936,0.000000972
31,7936,0.000001208
32,7936,0.000000971
33,7936,0.000001011
34,7936,0.000000937
35,7936,0.000001066
36,7936,0.000000896
37,7936,0.000000911
38,7936,0.000000977
39,7936,0.000001036
40,7936,0.000001351
41,7936,0.000000931
42,7936,0.000001009
43,7936,0.000001085
44,7936,0.000001243
45,7936,0.000001076
46,7936,0.000001036
47,7936,0.000000917
48,7936,0.000001064
49,7936,0.000000976
50,7936,0.000001029
51,7936,0.000000969
52,7936,0.000000918
53,7936,0.000000957
54,7936,0.000000964
55,7936,0.000001098
56,7936,0.000001022
57,7936,0.000000976
58,7936,0.000001003
59,7936,0.000001061
60,7936,0.000001029
61,7936,0.000001086
62,7936,0.000001406
63,7936,0.000000892
64,7936,0.000001036
65,7936,0.000001066
66,7936,0.000000984
67,7936,0.000000933
68,7936,0.000001264
69,7936,0.000000962
70,7936,0.000000973
71,7936,0.000001024
72,7936,0.000001046
73,7936,0.000000981
74,7936,0.000001070
75,7936,0.000001071
76,7936,0.000000978
77,7936,0.000001089
78,7936,0.000001150
79,7936,0.000000923
80,7936,0.000001152
81,7936,0.000001198
82,7936,0.000000974
83,7936,0.000001070
84,7936,0.000001001
85,7936,0.000000960
86,7936,0.000000905
87,7936,0.000000988
88,7936,0.000001270
89,7936,0.000000977
90,7936,0.000001011
91,7936,0.000001017
92,7936,0.000001025
93,7936,0.000001017
94,7936,0.000001035
95,7936,0.000000925
96,7936,0.000000922
97,7936,0.000000950
98,7936,0.000001054
99,7936,0.000001051
100,7936,0.000001021
101,7936,0.000001359
102,7936,0.000001020
103,7936,0.000001017
104,7936,0.000001044
105,7936,0.000001014
106,7936,0.000001255
107,7936,0.000001018
108,7936,0.000000981
109,7936,0.000000990
110,7936,0.000001313
111,7936,0.000000879
112,7936,0.000000936
113,7936,0.000001009
114,7936,0.000000898
115,7936,0.000001137
116,7936,0.000000961
117,7936,0.000000996
118,7936,0.000000990
119,7936,0.000001032
120,7936,0.000000936
121,7936,0.000001044
122,7936,0.000000959
123,7936,0.000000970
124,7936,0.000001065
125,7936,0.000001099
126,7936,0.000001110
127,7936,0.000000905
128,7936,0.000000981
129,7936,0.000000956
130,7936,0.000000927
131,7936,0.000000971
132,7936,0.000000988
133,7936,0.000000955
134,7936,0.000001061
135,7936,0.000001011
136,7936,0.000000975
137,7936,0.000000986
138,7936,0.000001278
139,7936,0.000001012
140,7936,0.000000974
141,7936,0.000001044
142,7936,0.000001063
143,7936,0.000000934
144,7936,0.000000981
145,7936,0.000001057
146,7936,0.000001033
147,7936,0.000000960
148,7936,0.000000933
149,7936,0.000000905
150,7936,0.000000990
151,7936,0.000001017
152,7936,0.000000937
153,7936,0.000000967
154,7936,0.000000996
155,7936,0.000000959
156,7936,0.000000978
157,7936,0.000000945
158,7936,0.000001024
159,7936,0.000000931
160,7936,0.000000917
161,7936,0.000000956
162,7936,0.000000888
163,7936,0.000000928
164,7936,0.000001004
165,7936,0.000000959
166,7936,0.000000903
167,7936,0.000000954
168,7936,0.000000948
169,7936,0.000001042
170,7936,0.000000937
171,7936,0.000001220
172,7936,0.000001051
173,7936,0.000001430
174,7936,0.000001072
175,7936,0.000000893
176,7936,0.000001001
177,7936,0.000000970
178,7936,0.000000949
179,7936,0.000000912
180,7936,0.000001294
181,7936,0.000000931
182,7936,0.000001284
183,7936,0.000001022
184,7936,0.000000991
185,7936,0.000000940
186,7936,0.000000926
187,7936,0.000000960
188,7936,0.000000978
189,7936,0.000001025
190,7936,0.000001019
191,7936,0.000000920
192,7936,0.000000942
193,7936,0.000000994
194,7936,0.000001004
195,7936,0.000001030
196,7936,0.000000907
197,7936,0.000001048
198,7936,0.000000946
199,7936,0.000001328
200,7936,0.000000987
201,7936,0.000001081
202,7936,0.000001043
203,7936,0.000001218
204,7936,0.000001018
205,7936,0.000001026
206,7936,0.000001015
207,7936,0.000000910
208,7936,0.000001031
209,7936,0.000001038
210,7936,0.000000958
211,7936,0.000000988
212,7936,0.000000992
213,7936,0.000000984
214,7936,0.000001016
215,7936,0.000001019
216,7936,0.000000964
217,7936,0.000001031
218,7936,0.000000998
219,7936,0.000001026
220,7936,0.000001037
221,7936,0.000001346
222,7936,0.000001152
223,7936,0.000000912
224,7936,0.000000939
225,7936,0.000001064
226,7936,0.000000990
227,7936,0.000001024
228,7936,0.000001050
229,7936,0.000001114
230,7936,0.000001015
231,7936,0.000000958
232,7936,0.000001115
233,7936,0.000001326
234,7936,0.000000991
235,7936,0.000001045
236,7936,0.000001028
237,7936,0.000001040
238,7936,0.000001020
239,7936,0.000000949
240,7936,0.000001049
241,7936,0.000001115
242,7936,0.000001041
243,7936,0.000000975
244,7936,0.000000968
245,7936,0.000001094
246,7936,0.000001035
247,7936,0.000001076
248,7936,0.000001057
249,7936,0.000000979
250,7936,0.000001431
251,7936,0.000001047
252,7936,0.000001007
253,7936,0.000001186
254,7936,0.000000992
255,7936,0.000000926
256,7936,0.000001073
257,7936,0.000001117
258,7936,0.000001027
259,7936,0.000001275
260,7936,0.000000988
261,7936,0.000001015
262,7936,0.000001397
263,7936,0.000001125
264,7936,0.000001367
265,7936,0.000000944
266,7936,0.000001031
267,7936,0.000000996
268,7936,0.000001106
269,7936,0.000001009
270,7936,0.000001086
271,7936,0.000000961
272,7936,0.000000953
273,7936,0.000001008
274,7936,0.000000979
275,7936,0.000000955
276,7936,0.000001032
277,7936,0.000000950
278,7936,0.000001027
279,7936,0.000001021
280,7936,0.000001017
281,7936,0.000001108
282,7936,0.000000942
283,7936,0.000001054
284,7936,0.000000950
285,7936,0.000001060
286,7936,0.000001030
287,7936,0.000000876
288,7936,0.000001197
289,7936,0.000000967
290,7936,0.000001138
291,7936,0.000000998
292,7936,0.000001009
293,7936,0.000000996
294,7936,0.000000985
295,7936,0.000000957
296,7936,0.000001364
297,7936,0.000001065
298,7936,0.000000978
299,7936,0.000000959
300,7936,0.000000953
301,7936,0.000001078
302,7936,0.000000953
303,7936,0.000001092
304,7936,0.000001032
305,7936,0.000000992
306,7936,0.000000986
307,7936,0.000001054
308,7936,0.000001057
309,7936,0.000001030
310,7936,0.000001190
311,7936,0.000001034
312,7936,0.000001186
313,7936,0.000001180
314,7936,0.000001022
315,7936,0.000001008
316,7936,0.000000952
317,7936,0.000001190
318,7936,0.000001035
319,7936,0.000001266
320,7936,0.000001021
321,7936,0.000001517
322,7936,0.000001206
323,7936,0.000001028
324,7936,0.000000972
325,7936,0.000000965
326,7936,0.000001002
327,7936,0.000000906
328,7936,0.000000968
329,7936,0.000001020
330,7936,0.000000981
331,7936,0.000000960
332,7936,0.000000986
333,7936,0.000001395
334,7936,0.000001069
335,7936,0.000000891
336,7936,0.000000916
337,7936,0.000001064
338,7936,0.000000984
339,7936,0.000000973
340,7936,0.000000955
341,7936,0.000000948
342,7936,0.000001028
343,7936,0.000000999
344,7936,0.000000974
345,7936,0.000000963
346,7936,0.000000952
347,7936,0.000001003
348,7936,0.000000984
349,7936,0.000001062
350,7936,0.000001083
351,7936,0.000000944
352,7936,0.000000918
353,7936,0.000000984
354,7936,0.000000949
355,7936,0.000000997
356,7936,0.000001261
357,7936,0.000000915
358,7936,0.000001167
359,7936,0.000000971
360,7936,0.000001005
361,7936,0.000000924
362,7936,0.000001059
363,7936,0.000001076
364,7936,0.000001020
365,7936,0.000000989
366,7936,0.000001002
367,7936,0.000000877
368,7936,0.000000929
369,7936,0.000000929
370,7936,0.000001023
371,7936,0.000000941
372,7936,0.000000923
373,7936,0.000001359
374,7936,0.000000990
375,7936,0.000000991
376,7936,0.000001029
377,7936,0.000001161
378,7936,0.000001060
379,7936,0.000000936
380,7936,0.000001322
381,7936,0.000001119
382,7936,0.000001209
383,7936,0.000000893
384,7936,0.000000938
385,7936,0.000000984
386,7936,0.000001067
387,7936,0.000000944
388,7936,0.000001095
389,7936,0.000000897
390,7936,0.000000900
391,7936,0.000001015
392,7936,0.000000994
393,7936,0.000001306
394,7936,0.000001073
395,7936,0.000001041
396,7936,0.000000997
397,7936,0.000000972
398,7936,0.000001034
399,7936,0.000000867
400,7936,0.000001020
401,7936,0.000001026
402,7936,0.000001007
403,7936,0.000000953
404,7936,0.000000959
405,7936,0.000000954
406,7936,0.000001021
407,7936,0.000001009
408,7936,0.000001298
409,7936,0.000000954
410,7936,0.000000989
411,7936,0.000001095
412,7936,0.000001249
413,7936,0.000000972
414,7936,0.000000923
415,7936,0.000000898
416,7936,0.000001004
417,7936,0.000000947
418,7936,0.000000991
419,7936,0.000000970
420,7936,0.000000971
421,7936,0.000001006
422,7936,0.000001042
423,7936,0.000001229
424,7936,0.000001105
425,7936,0.000001128
426,7936,0.000001005
427,7936,0.000000958
428,7936,0.000001016
429,7936,0.000001143
430,7936,0.000001009
431,7936,0.000000874
432,7936,0.000000944
433,7936,0.000000959
434,7936,0.000000980
435,7936,0.000000980
436,7936,0.000001454
437,7936,0.000001078
438,7936,0.000001021
439,7936,0.000001323
440,7936,0.000001364
441,7936,0.000001655
442,7936,0.000001430
443,7936,0.000001801
444,7936,0.000001256
445,7936,0.000001349
446,7936,0.000001584
447,7936,0.000001172
448,7936,0.000001396
449,7936,0.000001186
450,7936,0.000001261
451,7936,0.000001520
452,7936,0.000001515
453,7936,0.000000955
454,7936,0.000000955
455,7936,0.000000950
456,7936,0.000000956
457,7936,0.000000964
458,7936,0.000001039
459,7936,0.000001056
460,7936,0.000000949
461,7936,0.000001079
462,7936,0.000001341
463,7936,0.000000950
464,7936,0.000000943
465,7936,0.000000967
466,7936,0.000000939
467,7936,0.000000996
468,7936,0.000000955
469,7936,0.000000945
470,7936,0.000000946
471,7936,0.000000989
472,7936,0.000001034
473,7936,0.000001013
474,7936,0.000000974
475,7936,0.000001012
476,7936,0.000000912
477,7936,0.000001073
478,7936,0.000001031
479,7936,0.000000893
480,7936,0.000000936
481,7936,0.000000938
482,7936,0.000000926
483,7936,0.000000920
484,7936,0.000000974
485,7936,0.000000931
486,7936,0.000001049
487,7936,0.000001028
488,7936,0.000001067
489,7936,0.000001092
490,7936,0.000000972
491,7936,0.000001002
492,7936,0.000001040
493,7936,0.000001026
494,7936,0.000001006
495,7936,0.000000883
496,7936,0.000000920
497,7936,0.000000955
498,7936,0.000001004
499,7936,0.000001070
500,7936,0.000001029
501,7936,0.000001045
502,7936,0.000000993
503,7936,0.000000951
504,7936,0.000000919
505,7936,0.000000950
506,7936,0.000000966
507,7936,0.000000928
508,7936,0.000000992
509,7936,0.000001050
510,7936,0.000001364
511,7936,0.000000838
512,7936,0.000000967
513,7936,0.000000996
514,7936,0.000000937
515,7936,0.000000967
516,7936,0.000001078
517,7936,0.000000984
518,7936,0.000001045
519,7936,0.000000938
520,7936,0.000000933
521,7936,0.000000946
522,7936,0.000000963
523,7936,0.000001052
524,7936,0.000001035
525,7936,0.000001378
526,7936,0.000001100
527,7936,0.000000907
528,7936,0.000001249
529,7936,0.000001151
530,7936,0.000001053
531,7936,0.000001052
532,7936,0.000000991
533,7936,0.000000962
534,7936,0.000001003
535,7936,0.000000977
536,7936,0.000001379
537,7936,0.000001046
538,7936,0.000001134
539,7936,0.000001078
540,7936,0.000001153
541,7936,0.000001308
542,7936,0.000001038
543,7936,0.000000973
544,7936,0.000000953
545,7936,0.000000976
546,7936,0.000000922
547,7936,0.000001011
548,7936,0.000001042
549,7936,0.000001059
550,7936,0.000001016
551,7936,0.000000930
552,7936,0.000001045
553,7936,0.000001110
554,7936,0.000001124
555,7936,0.000001009
556,7936,0.000001131
557,7936,0.000001027
558,7936,0.000001303
559,7936,0.000000993
560,7936,0.000001029
561,7936,0.000001080
562,7936,0.000001044
563,7936,0.000001062
564,7936,0.000001076
565,7936,0.000001077
566,7936,0.000001047
567,7936,0.000001075
568,7936,0.000001004
569,7936,0.000000988
570,7936,0.000001360
571,7936,0.000000957
572,7936,0.000001031
573,7936,0.000001106
574,7936,0.000001107
575,7936,0.000000901
576,7936,0.000000991
577,7936,0.000001017
578,7936,0.000000991
579,7936,0.000001228
580,7936,0.000000984
581,7936,0.000001042
582,7936,0.000001041
583,7936,0.000000986
584,7936,0.000000941
585,7936,0.000000978
586,7936,0.000000982
587,7936,0.000001055
588,7936,0.000001326
589,7936,0.000001054
590,7936,0.000000963
591,7936,0.000000880
592,7936,0.000000938
593,7936,0.000000934
594,7936,0.000000938
595,7936,0.000000910
596,7936,0.000000888
597,7936,0.000000932
598,7936,0.000001242
599,7936,0.000001020
600,7936,0.000001021
601,7936,0.000000970
602,7936,0.000000969
603,7936,0.000000991
604,7936,0.000000966
605,7936,0.000001048
606,7936,0.000000970
607,7936,0.000000832
608,7936,0.000000970
609,7936,0.000001019
610,7936,0.000000950
611,7936,0.000000972
612,7936,0.000000975
613,7936,0.000000962
614,7936,0.000001004
615,7936,0.000001077
616,7936,0.000001033
617,7936,0.000001342
618,7936,0.000001322
619,7936,0.000000953
620,7936,0.000000962
621,7936,0.000001003
622,7936,0.000001481
623,7936,0.000000924
624,7936,0.000000940
625,7936,0.000000969
626,7936,0.000001024
627,7936,0.000000955
628,7936,0.000000937
629,7936,0.000000919
630,7936,0.000000988
631,7936,0.000000984
632,7936,0.000001049
633,7936,0.000001003
634,7936,0.000000995
635,7936,0.000001284
636,7936,0.000000927
637,7936,0.000001014
638,7936,0.000000969
639,7936,0.000000889
640,7936,0.000000990
641,7936,0.000001006
642,7936,0.000000932
643,7936,0.000000959
644,7936,0.000000908
645,7936,0.000001331
646,7936,0.000000962
647,7936,0.000001028
648,7936,0.000001005
649,7936,0.000001060
650,7936,0.000001002
651,7936,0.000000899
652,7936,0.000001309
653,7936,0.000000971
654,7936,0.000000993
655,7936,0.000000868
656,7936,0.000001030
657,7936,0.000000980
658,7936,0.000000947
659,7936,0.000000935
660,7936,0.000001269
661,7936,0.000000963
662,7936,0.000000987
663,7936,0.000000994
664,7936,0.000000964
665,7936,0.000000978
666,7936,0.000000995
667,7936,0.000000964
668,7936,0.000000963
669,7936,0.000001038
670,7936,0.000000966
671,7936,0.000000870
672,7936,0.000000928
673,7936,0.000000961
674,7936,0.000000932
675,7936,0.000000917
676,7936,0.000000944
677,7936,0.000000933
678,7936,0.000000948
679,7936,0.000000970
680,7936,0.000001232
681,7936,0.000001319
682,7936,0.000001014
683,7936,0.000000940
684,7936,0.000000987
685,7936,0.000000999
686,7936,0.000000974
687,7936,0.000000891
688,7936,0.000000925
689,7936,0.000001004
690,7936,0.000001015
691,7936,0.000000997
692,7936,0.000000960
693,7936,0.000000951
694,7936,0.000000951
695,7936,0.000000977
696,7936,0.000000968
697,7936,0.000000963
698,7936,0.000001019
699,7936,0.000001038
700,7936,0.000000933
701,7936,0.000000984
702,7936,0.000000975
703,7936,0.000000854
704,7936,0.000000882
705,7936,0.000000918
706,7936,0.000000892
707,7936,0.000000900
708,7936,0.000000962
709,7936,0.000000992
710,7936,0.000000954
711,7936,0.000001018
712,7936,0.000000967
713,7936,0.000000977
714,7936,0.000000982
715,7936,0.000001016
716,7936,0.000000978
717,7936,0.000001028
718,7936,0.000001475
719,7936,0.000000879
720,7936,0.000000924
721,7936,0.000000969
722,7936,0.000000940
723,7936,0.000000921
724,7936,0.000001018
725,7936,0.000000991
726,7936,0.000001141
727,7936,0.000000977
728,7936,0.000000986
729,7936,0.000000989
730,7936,0.000001043
731,7936,0.000001006
732,7936,0.000001042
733,7936,0.000001412
734,7936,0.000001820
735,7936,0.000001469
736,7936,0.000001574
737,7936,0.000001278
738,7936,0.000001437
739,7936,0.000001805
740,7936,0.000001393
741,7936,0.000001059
742,7936,0.000001091
743,7936,0.000000972
744,7936,0.000000987
745,7936,0.000001017
746,7936,0.000001126
747,7936,0.000001019
748,7936,0.000001056
749,7936,0.000000954
750,7936,0.000001207
751,7936,0.000000886
752,7936,0.000000906
753,7936,0.000001368
754,7936,0.000001055
755,7936,0.000000951
756,7936,0.000000928
757,7936,0.000000955
758,7936,0.000000963
759,7936,0.000000999
760,7936,0.000000958
761,7936,0.000001203
762,7936,0.000000969
763,7936,0.000000959
764,7936,0.000001378
765,7936,0.000001147
766,7936,0.000001283
767,7936,0.000001286
768,7936,0.000001364
769,7936,0.000001244
770,7936,0.000001555
771,7936,0.000001268
772,7936,0.000001296
773,7936,0.000001404
774,7936,0.000001329
775,7936,0.000001242
776,7936,0.000001500
777,7936,0.000001976
778,7936,0.000000940
779,7936,0.000001046
780,7936,0.000001076
781,7936,0.000001105
782,7936,0.000001025
783,7936,0.000000932
784,7936,0.000000960
785,7936,0.000000983
786,7936,0.000000940
787,7936,0.000000935
788,7936,0.000000943
789,7936,0.000001023
790,7936,0.000001050
791,7936,0.000000876
792,7936,0.000001114
793,7936,0.000001079
794,7936,0.000001178
795,7936,0.000001016
796,7936,0.000000962
797,7936,0.000001316
798,7936,0.000001146
799,7936,0.000001040
800,7936,0.000000969
801,7936,0.000000949
802,7936,0.000001386
803,7936,0.000000927
804,7936,0.000000907
805,7936,0.000000978
806,7936,0.000001096
807,7936,0.000000975
808,7936,0.000000944
809,7936,0.000001042
810,7936,0.000001100
811,7936,0.000001136
812,7936,0.000000998
813,7936,0.000001402
814,7936,0.000000996
815,7936,0.000000976
816,7936,0.000000934
817,7936,0.000000935
818,7936,0.000000932
819,7936,0.000000940
820,7936,0.000000949
821,7936,0.000000938
822,7936,0.000001160
823,7936,0.000001057
824,7936,0.000000990
825,7936,0.000001014
826,7936,0.000001442
827,7936,0.000001003
828,7936,0.000001031
829,7936,0.000001141
830,7936,0.000001045
831,7936,0.000001022
832,7936,0.000000944
833,7936,0.000000961
834,7936,0.000001006
835,7936,0.000000967
836,7936,0.000000961
837,7936,0.000000949
838,7936,0.000001101
839,7936,0.000001013
840,7936,0.000000967
841,7936,0.000001397
842,7936,0.000000988
843,7936,0.000000983
844,7936,0.000001090
845,7936,0.000001012
846,7936,0.000001022
847,7936,0.000000891
848,7936,0.000001008
849,7936,0.000000999
850,7936,0.000001005
851,7936,0.000000979
852,7936,0.000001242
853,7936,0.000001136
854,7936,0.000000958
855,7936,0.000001005
856,7936,0.000001027
857,7936,0.000000962
858,7936,0.000001030
859,7936,0.000001280
860,7936,0.000001052
861,7936,0.000001014
862,7936,0.000001018
863,7936,0.000001062
864,7936,0.000000986
865,7936,0.000000991
866,7936,0.000000977
867,7936,0.000000981
868,7936,0.000000955
869,7936,0.000000926
870,7936,0.000000967
871,7936,0.000001082
872,7936,0.000001022
873,7936,0.000001049
874,7936,0.000001035
875,7936,0.000000984
876,7936,0.000001054
877,7936,0.000001068
878,7936,0.000001046
879,7936,0.000000910
880,7936,0.000000969
881,7936,0.000001053
882,7936,0.000000960
883,7936,0.000000932
884,7936,0.000001014
885,7936,0.000000921
886,7936,0.000000992
887,7936,0.000000981
888,7936,0.000000963
889,7936,0.000001023
890,7936,0.000001018
891,7936,0.000001346
892,7936,0.000000992
893,7936,0.000001190
894,7936,0.000000977
895,7936,0.000000908
896,7936,0.000000940
897,7936,0.000000955
898,7936,0.000000972
899,7936,0.000000946
900,7936,0.000000921
901,7936,0.000000985
902,7936,0.000001039
903,7936,0.000000914
904,7936,0.000000989
905,7936,0.000000977
906,7936,0.000001005
907,7936,0.000000967
908,7936,0.000001009
909,7936,0.000001028
910,7936,0.000001031
911,7936,0.000000927
912,7936,0.000001258
913,7936,0.000000985
914,7936,0.000001044
915,7936,0.000000903
916,7936,0.000001085
917,7936,0.000000934
918,7936,0.000001272
919,7936,0.000001361
920,7936,0.000000990
921,7936,0.000000986
922,7936,0.000000982
923,7936,0.000001152
924,7936,0.000001112
925,7936,0.000001015
926,7936,0.000001058
927,7936,0.000000927
928,7936,0.000000996
929,7936,0.000000958
930,7936,0.000001013
931,7936,0.000001039
932,7936,0.000001378
933,7936,0.000001057
934,7936,0.000001055
935,7936,0.000001069
936,7936,0.000001091
937,7936,0.000001036
938,7936,0.000001192
939,7936,0.000000984
940,7936,0.000001042
941,7936,0.000001006
942,7936,0.000001069
943,7936,0.000000905
944,7936,0.000001131
945,7936,0.000001037
946,7936,0.000001435
947,7936,0.000001031
948,7936,0.000001006
949,7936,0.000001071
950,7936,0.000001052
951,7936,0.000011294
952,7936,0.000001197
953,7936,0.000000967
954,7936,0.000000979
955,7936,0.000000972
956,7936,0.000000995
957,7936,0.000001093
958,7936,0.000001088
959,7936,0.000000911
960,7936,0.000000937
961,7936,0.000000950
962,7936,0.000001295
963,7936,0.000001024
964,7936,0.000000956
965,7936,0.000001141
966,7936,0.000000999
967,7936,0.000000985
968,7936,0.000000938
969,7936,0.000000984
970,7936,0.000000977
971,7936,0.000001097
972,7936,0.000001084
973,7936,0.000001048
974,7936,0.000001020
975,7936,0.000001360
976,7936,0.000001073
977,7936,0.000001009
978,7936,0.000000977
979,7936,0.000000982
980,7936,0.000001070
981,7936,0.000001129
982,7936,0.000001240
983,7936,0.000001066
984,7936,0.000001045
985,7936,0.000001046
986,7936,0.000000996
987,7936,0.000000981
988,7936,0.000000998
989,7936,0.000001089
990,7936,0.000001199
991,7936,0.000001051
992,7936,0.000001016
993,7936,0.000001111
994,7936,0.000001013
995,7936,0.000001017
996,7936,0.000000952
997,7936,0.000000951
998,7936,0.000001075
999,7936,0.000001087
0,8192,0.000001469
1,8192,0.000000891
2,8192,0.000000868
3,8192,0.000000889
4,8192,0.000000899
5,8192,0.000000865
6,8192,0.000000923
7,8192,0.000000860
8,8192,0.000000861
9,8192,0.000000881
10,8192,0.000000900
11,8192,0.000000873
12,8192,0.000000964
13,8192,0.000000870
14,8192,0.000001210
15,8192,0.000000912
16,8192,0.000000914
17,8192,0.000000977
18,8192,0.000000939
19,8192,0.000000845
20,8192,0.000000890
21,8192,0.000000921
22,8192,0.000000894
23,8192,0.000000902
24,8192,0.000000981
25,8192,0.000000972
26,8192,0.000001091
27,8192,0.000001021
28,8192,0.000000940
29,8192,0.000000945
30,8192,0.000001001
31,8192,0.000015947
32,8192,0.000001162
33,8192,0.000000995
34,8192,0.000001048
35,8192,0.000000972
36,8192,0.000001097
37,8192,0.000000933
38,8192,0.000000974
39,8192,0.000000934
40,8192,0.000000905
41,8192,0.000001054
42,8192,0.000001052
43,8192,0.000001007
44,8192,0.000000979
45,8192,0.000000918
46,8192,0.000001031
47,8192,0.000001029
48,8192,0.000000981
49,8192,0.000001180
50,8192,0.000001006
51,8192,0.000000937
52,8192,0.000001104
53,8192,0.000001039
54,8192,0.000000994
55,8192,0.000001034
56,8192,0.000001040
57,8192,0.000001047
58,8192,0.000001011
59,8192,0.000001023
60,8192,0.000001442
61,8192,0.000001252
62,8192,0.000001106
63,8192,0.000001080
64,8192,0.000001043
65,8192,0.000001025
66,8192,0.000001074
67,8192,0.000001091
68,8192,0.000000904
69,8192,0.000000906
70,8192,0.000000994
71,8192,0.000001077
72,8192,0.000001084
73,8192,0.000000994
74,8192,0.000000934
75,8192,0.000000939
76,8192,0.000001028
77,8192,0.000000921
78,8192,0.000001111
79,8192,0.000001057
80,8192,0.000001180
81,8192,0.000001059
82,8192,0.000000970
83,8192,0.000000932
84,8192,0.000000973
85,8192,0.000000948
86,8192,0.000000987
87,8192,0.000001031
88,8192,0.000001075
89,8192,0.000000957
90,8192,0.000000972
91,8192,0.000001345
92,8192,0.000000995
93,8192,0.000014124
94,8192,0.000001020
95,8192,0.000001063
96,8192,0.000001019
97,8192,0.000001052
98,8192,0.000001077
99,8192,0.000000985
100,8192,0.000001081
101,8192,0.000001110
102,8192,0.000001136
103,8192,0.000000988
104,8192,0.000000997
105,8192,0.000000980
106,8192,0.000000947
107,8192,0.000001003
108,8192,0.000000952
109,8192,0.000000903
110,8192,0.000000937
111,8192,0.000000932
112,8192,0.000000938
113,8192,0.000000922
114,8192,0.000000988
115,8192,0.000000954
116,8192,0.000001054
117,8192,0.000000992
118,8192,0.000000968
119,8192,0.000000922
120,8192,0.000000959
121,8192,0.000000928
122,8192,0.000001262
123,8192,0.000001020
124,8192,0.000001264
125,8192,0.000000914
126,8192,0.000000992
127,8192,0.000000992
128,8192,0.000000912
129,8192,0.000000908
130,8192,0.000001013
131,8192,0.000000978
132,8192,0.000000936
133,8192,0.000000900
134,8192,0.000000994
135,8192,0.000000974
136,8192,0.000000998
137,8192,0.000001401
138,8192,0.000000985
139,8192,0.000001101
140,8192,0.000001050
141,8192,0.000001033
142,8192,0.000001033
143,8192,0.000001025
144,8192,0.000000967
145,8192,0.000000988
146,8192,0.000001041
147,8192,0.000001082
148,8192,0.000000948
149,8192,0.000000976
150,8192,0.000001027
151,8192,0.000000953
152,8192,0.000001232
153,8192,0.000000951
154,8192,0.000000970
155,8192,0.000000908
156,8192,0.000001001
157,8192,0.000000937
158,8192,0.000000980
159,8192,0.000001044
160,8192,0.000000905
161,8192,0.000000951
162,8192,0.000000950
163,8192,0.000000989
164,8192,0.000001139
165,8192,0.000000874
166,8192,0.000000996
167,8192,0.000001107
168,8192,0.000000921
169,8192,0.000000968
170,8192,0.000001295
171,8192,0.000000940
172,8192,0.000000886
173,8192,0.000000947
174,8192,0.000000964
175,8192,0.000001257
176,8192,0.000000993
177,8192,0.000000974
178,8192,0.000001024
179,8192,0.000000892
180,8192,0.000000926
181,8192,0.000001019
182,8192,0.000001280
183,8192,0.000001419
184,8192,0.000001386
185,8192,0.000001619
186,8192,0.000001232
187,8192,0.000001519
188,8192,0.000001237
189,8192,0.000001664
190,8192,0.000001218
191,8192,0.000001442
192,8192,0.000001205
193,8192,0.000001293
194,8192,0.000001206
195,8192,0.000001374
196,8192,0.000001227
197,8192,0.000000999
198,8192,0.000001068
199,8192,0.000000936
200,8192,0.000001337
201,8192,0.000001005
202,8192,0.000000919
203,8192,0.000001001
204,8192,0.000001012
205,8192,0.000000977
206,8192,0.000001010
207,8192,0.000000931
208,8192,0.000001032
209,8192,0.000000946
210,8192,0.000001032
211,8192,0.000001049
212,8192,0.000000932
213,8192,0.000000947
214,8192,0.000001047
215,8192,0.000001055
216,8192,0.000001000
217,8192,0.000001020
218,8192,0.000000957
219,8192,0.000000973
220,8192,0.000000986
221,8192,0.000000937
222,8192,0.000000934
223,8192,0.000001059
224,8192,0.000000910
225,8192,0.000000994
226,8192,0.000000901
227,8192,0.000001072
228,8192,0.000001035
229,8192,0.000000983
230,8192,0.000001395
231,8192,0.000001043
232,8192,0.000000997
233,8192,0.000001094
234,8192,0.000000956
235,8192,0.000000983
236,8192,0.000000977
237,8192,0.000000943
238,8192,0.000000978
239,8192,0.000001051
240,8192,0.000001036
241,8192,0.000000968
242,8192,0.000001025
243,8192,0.000001104
244,8192,0.000001047
245,8192,0.000001083
246,8192,0.000001192
247,8192,0.000001026
248,8192,0.000000925
249,8192,0.000000897
250,8192,0.000000983
251,8192,0.000001089
252,8192,0.000000972
253,8192,0.000001011
254,8192,0.000001069
255,8192,0.000001358
256,8192,0.000001552
257,8192,0.000001072
258,8192,0.000001050
259,8192,0.000001129
260,8192,0.000001110
261,8192,0.000001064
262,8192,0.000001000
263,8192,0.000001086
264,8192,0.000000961
265,8192,0.000000907
266,8192,0.000000916
267,8192,0.000000993
268,8192,0.000000992
269,8192,0.000001029
270,8192,0.000001496
271,8192,0.000000952
272,8192,0.000001082
273,8192,0.000000991
274,8192,0.000001143
275,8192,0.000001078
276,8192,0.000000991
277,8192,0.000001435
278,8192,0.000000970
279,8192,0.000000978
280,8192,0.000001076
281,8192,0.000001064
282,8192,0.000001130
283,8192,0.000000971
284,8192,0.000001329
285,8192,0.000000984
286,8192,0.000000942
287,8192,0.000001276
288,8192,0.000001070
289,8192,0.000000989
290,8192,0.000000984
291,8192,0.000001486
292,8192,0.000001005
293,8192,0.000000945
294,8192,0.000001098
295,8192,0.000000941
296,8192,0.000000982
297,8192,0.000001214
298,8192,0.000001046
299,8192,0.000001078
300,8192,0.000001129
301,8192,0.000001173
302,8192,0.000001031
303,8192,0.000001067
304,8192,0.000001096
305,8192,0.000001219
306,8192,0.000001102
307,8192,0.000000955
308,8192,0.000000939
309,8192,0.000000929
310,8192,0.000001029
311,8192,0.000001031
312,8192,0.000001183
313,8192,0.000001153
314,8192,0.000001102
315,8192,0.000000992
316,8192,0.000000986
317,8192,0.000000909
318,8192,0.000001028
319,8192,0.000001030
320,8192,0.000001011
321,8192,0.000001015
322,8192,0.000001187
323,8192,0.000001133
324,8192,0.000001063
325,8192,0.000001283
326,8192,0.000001069
327,8192,0.000001086
328,8192,0.000001038
329,8192,0.000001114
330,8192,0.000001504
331,8192,0.000000993
332,8192,0.000001179
333,8192,0.000001028
334,8192,0.000001181
335,8192,0.000001336
336,8192,0.000001082
337,8192,0.000001065
338,8192,0.000001004
339,8192,0.000001147
340,8192,0.000001064
341,8192,0.000000959
342,8192,0.000001349
343,8192,0.000001071
344,8192,0.000001076
345,8192,0.000000958
346,8192,0.000001012
347,8192,0.000001088
348,8192,0.000000987
349,8192,0.000001037
350,8192,0.000001021
351,8192,0.000001134
352,8192,0.000001204
353,8192,0.000000929
354,8192,0.000000967
355,8192,0.000000972
356,8192,0.000000924
357,8192,0.000001042
358,8192,0.000015949
359,8192,0.000001055
360,8192,0.000000963
361,8192,0.000001126
362,8192,0.000001043
363,8192,0.000001044
364,8192,0.000001528
365,8192,0.000001214
366,8192,0.000000985
367,8192,0.000001070
368,8192,0.000000968
369,8192,0.000001113
370,8192,0.000001095
371,8192,0.000001141
372,8192,0.000001115
373,8192,0.000001130
374,8192,0.000001159
375,8192,0.000000956
376,8192,0.000001052
377,8192,0.000001007
378,8192,0.000001086
379,8192,0.000001026
380,8192,0.000001110
381,8192,0.000000976
382,8192,0.000000997
383,8192,0.000001072
384,8192,0.000001091
385,8192,0.000000941
386,8192,0.000001399
387,8192,0.000001019
388,8192,0.000001067
389,8192,0.000001127
390,8192,0.000001057
391,8192,0.000000984
392,8192,0.000001345
393,8192,0.000001001
394,8192,0.000000984
395,8192,0.000000929
396,8192,0.000001054
397,8192,0.000001002
398,8192,0.000001072
399,8192,0.000001095
400,8192,0.000000954
401,8192,0.000000969
402,8192,0.000001079
403,8192,0.000001031
404,8192,0.000000955
405,8192,0.000001104
406,8192,0.000001037
407,8192,0.000001147
408,8192,0.000001092
409,8192,0.000001175
410,8192,0.000000994
411,8192,0.000001094
412,8192,0.000000952
413,8192,0.000001176
414,8192,0.000000945
415,8192,0.000001460
416,8192,0.000001111
417,8192,0.000001412
418,8192,0.000001091
419,8192,0.000000987
420,8192,0.000001100
421,8192,0.000001010
422,8192,0.000000993
423,8192,0.000001127
424,8192,0.000001544
425,8192,0.000001010
426,8192,0.000001024
427,8192,0.000001032
428,8192,0.000001048
429,8192,0.000001385
430,8192,0.000001004
431,8192,0.000001096
432,8192,0.000001049
433,8192,0.000001104
434,8192,0.000001026
435,8192,0.000000981
436,8192,0.000001174
437,8192,0.000001059
438,8192,0.000001011
439,8192,0.000001143
440,8192,0.000001148
441,8192,0.000001040
442,8192,0.000001079
443,8192,0.000001049
444,8192,0.000001105
445,8192,0.000001084
446,8192,0.000001015
447,8192,0.000001073
448,8192,0.000001578
449,8192,0.000001421
450,8192,0.000001439
451,8192,0.000001674
452,8192,0.000001158
453,8192,0.000001525
454,8192,0.000001408
455,8192,0.000001427
456,8192,0.000001256
457,8192,0.000001113
458,8192,0.000001046
459,8192,0.000001155
460,8192,0.000001119
461,8192,0.000001051
462,8192,0.000001208
463,8192,0.000001176
464,8192,0.000001066
465,8192,0.000000963
466,8192,0.000001030
467,8192,0.000000988
468,8192,0.000000967
469,8192,0.000001510
470,8192,0.000001202
471,8192,0.000001125
472,8192,0.000001062
473,8192,0.000001366
474,8192,0.000001141
475,8192,0.000001108
476,8192,0.000001157
477,8192,0.000001190
478,8192,0.000001753
479,8192,0.000001543
480,8192,0.000001568
481,8192,0.000001373
482,8192,0.000001329
483,8192,0.000001772
484,8192,0.000001799
485,8192,0.000001634
486,8192,0.000001512
487,8192,0.000001675
488,8192,0.000000997
489,8192,0.000001284
490,8192,0.000000949
491,8192,0.000000963
492,8192,0.000001163
493,8192,0.000001049
494,8192,0.000000991
495,8192,0.000000992
496,8192,0.000000962
497,8192,0.000001002
498,8192,0.000000938
499,8192,0.000000955
500,8192,0.000001059
501,8192,0.000000965
502,8192,0.000001057
503,8192,0.000000930
504,8192,0.000000900
505,8192,0.000000926
506,8192,0.000000980
507,8192,0.000001060
508,8192,0.000013634
509,8192,0.000001643
510,8192,0.000001187
511,8192,0.000001124
512,8192,0.000001410
513,8192,0.000001066
514,8192,0.000001012
515,8192,0.000001360
516,8192,0.000000982
517,8192,0.000000933
518,8192,0.000000956
519,8192,0.000001166
520,8192,0.000001093
521,8192,0.000001042
522,8192,0.000001010
523,8192,0.000001188
524,8192,0.000001340
525,8192,0.000000926
526,8192,0.000001182
527,8192,0.000000980
528,8192,0.000000951
529,8192,0.000000910
530,8192,0.000001001
531,8192,0.000001061
532,8192,0.000001050
533,8192,0.000000986
534,8192,0.000000935
535,8192,0.000001028
536,8192,0.000001069
537,8192,0.000001065
538,8192,0.000000973
539,8192,0.000001368
540,8192,0.000001008
541,8192,0.000001050
542,8192,0.000001056
543,8192,0.000001118
544,8192,0.000000995
545,8192,0.000001088
546,8192,0.000001176
547,8192,0.000001075
548,8192,0.000001044
549,8192,0.000001002
550,8192,0.000000969
551,8192,0.000001256
552,8192,0.000001000
553,8192,0.000000942
554,8192,0.000000994
555,8192,0.000001010
556,8192,0.000001029
557,8192,0.000001099
558,8192,0.000001013
559,8192,0.000001012
560,8192,0.000001026
561,8192,0.000000995
562,8192,0.000001302
563,8192,0.000000921
564,8192,0.000001326
565,8192,0.000000986
566,8192,0.000000953
567,8192,0.000000966
568,8192,0.000001257
569,8192,0.000000966
570,8192,0.000000945
571,8192,0.000001007
572,8192,0.000000929
573,8192,0.000001279
574,8192,0.000000968
575,8192,0.000000964
576,8192,0.000000929
577,8192,0.000000956
578,8192,0.000000960
579,8192,0.000000958
580,8192,0.000000956
581,8192,0.000000965
582,8192,0.000001015
583,8192,0.000000937
584,8192,0.000000907
585,8192,0.000001047
586,8192,0.000000944
587,8192,0.000000955
588,8192,0.000000904
589,8192,0.000000962
590,8192,0.000001012
591,8192,0.000000924
592,8192,0.000000965
593,8192,0.000000970
594,8192,0.000000955
595,8192,0.000000976
596,8192,0.000000970
597,8192,0.000000995
598,8192,0.000001004
599,8192,0.000001013
600,8192,0.000001015
601,8192,0.000001067
602,8192,0.000001029
603,8192,0.000000971
604,8192,0.000001003
605,8192,0.000001033
606,8192,0.000001199
607,8192,0.000001009
608,8192,0.000001009
609,8192,0.000000932
610,8192,0.000000953
611,8192,0.000000966
612,8192,0.000000929
613,8192,0.000001037
614,8192,0.000001049
615,8192,0.000000975
616,8192,0.000000964
617,8192,0.000001005
618,8192,0.000000960
619,8192,0.000000997
620,8192,0.000000996
621,8192,0.000001016
622,8192,0.000000979
623,8192,0.000001012
624,8192,0.000000972
625,8192,0.000000933
626,8192,0.000000940
627,8192,0.000000972
628,8192,0.000000961
629,8192,0.000001365
630,8192,0.000001322
631,8192,0.000000908
632,8192,0.000000931
633,8192,0.000000983
634,8192,0.000000905
635,8192,0.000000998
636,8192,0.000000974
637,8192,0.000000927
638,8192,0.000001172
639,8192,0.000001005
640,8192,0.000000999
641,8192,0.000001009
642,8192,0.000000998
643,8192,0.000000990
644,8192,0.000000945
645,8192,0.000000942
646,8192,0.000000924
647,8192,0.000000966
648,8192,0.000000965
649,8192,0.000000982
650,8192,0.000000929
651,8192,0.000000945
652,8192,0.000001018
653,8192,0.000000984
654,8192,0.000000892
655,8192,0.000010510
656,8192,0.000001089
657,8192,0.000000940
658,8192,0.000000946
659,8192,0.000000922
660,8192,0.000000953
661,8192,0.000000932
662,8192,0.000000984
663,8192,0.000000941
664,8192,0.000000955
665,8192,0.000000908
666,8192,0.000000962
667,8192,0.000000908
668,8192,0.000000995
669,8192,0.000000949
670,8192,0.000000963
671,8192,0.000001015
672,8192,0.000000928
673,8192,0.000000939
674,8192,0.000000921
675,8192,0.000000932
676,8192,0.000000973
677,8192,0.000001017
678,8192,0.000000959
679,8192,0.000000953
680,8192,0.000000980
681,8192,0.000001067
682,8192,0.000001035
683,8192,0.000000987
684,8192,0.000001145
685,8192,0.000000916
686,8192,0.000000981
687,8192,0.000000952
688,8192,0.000000911
689,8192,0.000001356
690,8192,0.000000943
691,8192,0.000001135
692,8192,0.000000955
693,8192,0.000000984
694,8192,0.000000971
695,8192,0.000001002
696,8192,0.000001038
697,8192,0.000001046
698,8192,0.000000996
699,8192,0.000000971
700,8192,0.000000906
701,8192,0.000000969
702,8192,0.000001291
703,8192,0.000001006
704,8192,0.000000998
705,8192,0.000001099
706,8192,0.000001028
707,8192,0.000000943
708,8192,0.000001012
709,8192,0.000000903
710,8192,0.000001294
711,8192,0.000001191
712,8192,0.000001205
713,8192,0.000001240
714,8192,0.000001007
715,8192,0.000000905
716,8192,0.000001111
717,8192,0.000000998
718,8192,0.000001239
719,8192,0.000000973
720,8192,0.000001091
721,8192,0.000000952
722,8192,0.000001052
723,8192,0.000000920
724,8192,0.000001180
725,8192,0.000001015
726,8192,0.000000931
727,8192,0.000001002
728,8192,0.000000951
729,8192,0.000001002
730,8192,0.000000946
731,8192,0.000001329
732,8192,0.000001036
733,8192,0.000000922
734,8192,0.000000905
735,8192,0.000001090
736,8192,0.000000895
737,8192,0.000001001
738,8192,0.000000919
739,8192,0.000000933
740,8192,0.000000984
741,8192,0.000001049
742,8192,0.000000955
743,8192,0.000000996
744,8192,0.000001256
745,8192,0.000000948
746,8192,0.000001080
747,8192,0.000001043
748,8192,0.000000971
749,8192,0.000000916
750,8192,0.000001223
751,8192,0.000001029
752,8192,0.000001036
753,8192,0.000000936
754,8192,0.000000889
755,8192,0.000001013
756,8192,0.000001034
757,8192,0.000001016
758,8192,0.000001016
759,8192,0.000001372
760,8192,0.000001066
761,8192,0.000000942
762,8192,0.000000959
763,8192,0.000000904
764,8192,0.000001126
765,8192,0.000001049
766,8192,0.000000933
767,8192,0.000000931
768,8192,0.000000972
769,8192,0.000000993
770,8192,0.000001011
771,8192,0.000001054
772,8192,0.000000940
773,8192,0.000000983
774,8192,0.000000985
775,8192,0.000000926
776,8192,0.000000917
777,8192,0.000000938
778,8192,0.000000917
779,8192,0.000000916
780,8192,0.000000932
781,8192,0.000000990
782,8192,0.000000952
783,8192,0.000000960
784,8192,0.000001392
785,8192,0.000001042
786,8192,0.000000993
787,8192,0.000000875
788,8192,0.000000994
789,8192,0.000000995
790,8192,0.000001142
791,8192,0.000000931
792,8192,0.000000935
793,8192,0.000000933
794,8192,0.000000948
795,8192,0.000000920
796,8192,0.000001105
797,8192,0.000001089
798,8192,0.000000971
799,8192,0.000001020
800,8192,0.000001000
801,8192,0.000000962
802,8192,0.000000917
803,8192,0.000001303
804,8192,0.000000956
805,8192,0.000001379
806,8192,0.000001002
807,8192,0.000000995
808,8192,0.000001467
809,8192,0.000001025
810,8192,0.000000959
811,8192,0.000000936
812,8192,0.000001052
813,8192,0.000000957
814,8192,0.000000974
815,8192,0.000001032
816,8192,0.000000941
817,8192,0.000000949
818,8192,0.000000980
819,8192,0.000000951
820,8192,0.000000931
821,8192,0.000001016
822,8192,0.000000992
823,8192,0.000000999
824,8192,0.000000947
825,8192,0.000000970
826,8192,0.000001069
827,8192,0.000001288
828,8192,0.000000950
829,8192,0.000000989
830,8192,0.000000991
831,8192,0.000001008
832,8192,0.000000958
833,8192,0.000000976
834,8192,0.000000960
835,8192,0.000000989
836,8192,0.000001037
837,8192,0.000000919
838,8192,0.000000977
839,8192,0.000000943
840,8192,0.000000987
841,8192,0.000000996
842,8192,0.000000919
843,8192,0.000000952
844,8192,0.000001061
845,8192,0.000000989
846,8192,0.000001115
847,8192,0.000001083
848,8192,0.000000964
849,8192,0.000001071
850,8192,0.000000995
851,8192,0.000000952
852,8192,0.000001161
853,8192,0.000000989
854,8192,0.000001020
855,8192,0.000000989
856,8192,0.000000961
857,8192,0.000000973
858,8192,0.000001003
859,8192,0.000000983
860,8192,0.000000967
861,8192,0.000001016
862,8192,0.000001004
863,8192,0.000001114
864,8192,0.000000991
865,8192,0.000000962
866,8192,0.000001017
867,8192,0.000000948
868,8192,0.000001079
869,8192,0.000001184
870,8192,0.000000938
871,8192,0.000001057
872,8192,0.000000999
873,8192,0.000001047
874,8192,0.000001001
875,8192,0.000001013
876,8192,0.000000984
877,8192,0.000000971
878,8192,0.000000989
879,8192,0.000000988
880,8192,0.000001064
881,8192,0.000001100
882,8192,0.000001089
883,8192,0.000000927
884,8192,0.000000897
885,8192,0.000001002
886,8192,0.000000993
887,8192,0.000001010
888,8192,0.000000962
889,8192,0.000001076
890,8192,0.000001020
891,8192,0.000000947
892,8192,0.000000947
893,8192,0.000000962
894,8192,0.000000976
895,8192,0.000001548
896,8192,0.000000987
897,8192,0.000001208
898,8192,0.000000940
899,8192,0.000000999
900,8192,0.000000967
901,8192,0.000001006
902,8192,0.000001010
903,8192,0.000001018
904,8192,0.000001009
905,8192,0.000001000
906,8192,0.000001332
907,8192,0.000001064
908,8192,0.000000985
909,8192,0.000001056
910,8192,0.000000951
911,8192,0.000001031
912,8192,0.000000988
913,8192,0.000001379
914,8192,0.000000991
915,8192,0.000001101
916,8192,0.000001016
917,8192,0.000000972
918,8192,0.000001038
919,8192,0.000000973
920,8192,0.000001043
921,8192,0.000001061
922,8192,0.000001005
923,8192,0.000001000
924,8192,0.000001286
925,8192,0.000000937
926,8192,0.000001370
927,8192,0.000000998
928,8192,0.000001006
929,8192,0.000001340
930,8192,0.000000941
931,8192,0.000000945
932,8192,0.000000955
933,8192,0.000000946
934,8192,0.000000942
935,8192,0.000000988
936,8192,0.000000997
937,8192,0.000001018
938,8192,0.000000971
939,8192,0.000000931
940,8192,0.000000961
941,8192,0.000000985
942,8192,0.000001001
943,8192,0.000000946
944,8192,0.000000941
945,8192,0.000000958
946,8192,0.000000998
947,8192,0.000000945
948,8192,0.000000971
949,8192,0.000000956
950,8192,0.000001090
951,8192,0.000000945
952,8192,0.000000951
953,8192,0.000000959
954,8192,0.000000962
955,8192,0.000001011
956,8192,0.000000940
957,8192,0.000000942
958,8192,0.000000988
959,8192,0.000001082
960,8192,0.000001044
961,8192,0.000001008
962,8192,0.000001003
963,8192,0.000000989
964,8192,0.000001173
965,8192,0.000000966
966,8192,0.000000953
967,8192,0.000001010
968,8192,0.000001001
969,8192,0.000001115
970,8192,0.000000907
971,8192,0.000000898
972,8192,0.000000946
973,8192,0.000000954
974,8192,0.000000930
975,8192,0.000000933
976,8192,0.000000931
977,8192,0.000000920
978,8192,0.000000928
979,8192,0.000000940
980,8192,0.000000951
981,8192,0.000000947
982,8192,0.000000904
983,8192,0.000000913
984,8192,0.000000912
985,8192,0.000000944
986,8192,0.000001013
987,8192,0.000000923
988,8192,0.000001073
989,8192,0.000001228
990,8192,0.000000939
991,8192,0.000001025
992,8192,0.000000958
993,8192,0.000001277
994,8192,0.000000915
995,8192,0.000000917
996,8192,0.000000980
997,8192,0.000000949
998,8192,0.000000927
999,8192,0.000001124
