Sr,Size,Latency
0,1,0.000005002
1,1,0.000001393
2,1,0.000000999
3,1,0.000000943
4,1,0.000000925
5,1,0.000000926
6,1,0.000000926
7,1,0.000000924
8,1,0.000000924
9,1,0.000000925
10,1,0.000000927
11,1,0.000000925
12,1,0.000000927
13,1,0.000000926
14,1,0.000000927
15,1,0.000000924
16,1,0.000000928
17,1,0.000000930
18,1,0.000000929
19,1,0.000000928
20,1,0.000000928
21,1,0.000000930
22,1,0.000000927
23,1,0.000000929
24,1,0.000000934
25,1,0.000000930
26,1,0.000000929
27,1,0.000000928
28,1,0.000000928
29,1,0.000000933
30,1,0.000000927
31,1,0.000000928
32,1,0.000000927
33,1,0.000000928
34,1,0.000000929
35,1,0.000000926
36,1,0.000000931
37,1,0.000000930
38,1,0.000000926
39,1,0.000000924
40,1,0.000000926
41,1,0.000000925
42,1,0.000000925
43,1,0.000000924
44,1,0.000000930
45,1,0.000000926
46,1,0.000000927
47,1,0.000000928
48,1,0.000000928
49,1,0.000000928
50,1,0.000000929
51,1,0.000000926
52,1,0.000000928
53,1,0.000000928
54,1,0.000000927
55,1,0.000000927
56,1,0.000000928
57,1,0.000000929
58,1,0.000000930
59,1,0.000000929
60,1,0.000000929
61,1,0.000000936
62,1,0.000000930
63,1,0.000000928
64,1,0.000000926
65,1,0.000000928
66,1,0.000000928
67,1,0.000000926
68,1,0.000000927
69,1,0.000000927
70,1,0.000000926
71,1,0.000000927
72,1,0.000000925
73,1,0.000000926
74,1,0.000000925
75,1,0.000000924
76,1,0.000000926
77,1,0.000000927
78,1,0.000000926
79,1,0.000000925
80,1,0.000000926
81,1,0.000000926
82,1,0.000000926
83,1,0.000000926
84,1,0.000000925
85,1,0.000000930
86,1,0.000000928
87,1,0.000000926
88,1,0.000000928
89,1,0.000000931
90,1,0.000000928
91,1,0.000000930
92,1,0.000000931
93,1,0.000000931
94,1,0.000000930
95,1,0.000000928
96,1,0.000000930
97,1,0.000000928
98,1,0.000000929
99,1,0.000000927
100,1,0.000000928
101,1,0.000000928
102,1,0.000000926
103,1,0.000000925
104,1,0.000000927
105,1,0.000000927
106,1,0.000000925
107,1,0.000000927
108,1,0.000000923
109,1,0.000000927
110,1,0.000000926
111,1,0.000000923
112,1,0.000000925
113,1,0.000000928
114,1,0.000000930
115,1,0.000000927
116,1,0.000000927
117,1,0.000000929
118,1,0.000000926
119,1,0.000000932
120,1,0.000000924
121,1,0.000000931
122,1,0.000002063
123,1,0.000000968
124,1,0.000000924
125,1,0.000000930
126,1,0.000000921
127,1,0.000000928
128,1,0.000000919
129,1,0.000000929
130,1,0.000000919
131,1,0.000000926
132,1,0.000000918
133,1,0.000000930
134,1,0.000000920
135,1,0.000000926
136,1,0.000000918
137,1,0.000000927
138,1,0.000000916
139,1,0.000000928
140,1,0.000000917
141,1,0.000000926
142,1,0.000000916
143,1,0.000000928
144,1,0.000000917
145,1,0.000000927
146,1,0.000000915
147,1,0.000000925
148,1,0.000000920
149,1,0.000000928
150,1,0.000000921
151,1,0.000000928
152,1,0.000000919
153,1,0.000000928
154,1,0.000000919
155,1,0.000000929
156,1,0.000000921
157,1,0.000000930
158,1,0.000000921
159,1,0.000000930
160,1,0.000000926
161,1,0.000001707
162,1,0.000000951
163,1,0.000000936
164,1,0.000000927
165,1,0.000000935
166,1,0.000000926
167,1,0.000000932
168,1,0.000000927
169,1,0.000000931
170,1,0.000000925
171,1,0.000000931
172,1,0.000000925
173,1,0.000000931
174,1,0.000000924
175,1,0.000000928
176,1,0.000000925
177,1,0.000000932
178,1,0.000000926
179,1,0.000000929
180,1,0.000000925
181,1,0.000000932
182,1,0.000000927
183,1,0.000000930
184,1,0.000000928
185,1,0.000000934
186,1,0.000000927
187,1,0.000000933
188,1,0.000000927
189,1,0.000000936
190,1,0.000000928
191,1,0.000000932
192,1,0.000000929
193,1,0.000000934
194,1,0.000000927
195,1,0.000000932
196,1,0.000000929
197,1,0.000000935
198,1,0.000000928
199,1,0.000001651
200,1,0.000000953
201,1,0.000000936
202,1,0.000000926
203,1,0.000000932
204,1,0.000000924
205,1,0.000000931
206,1,0.000000926
207,1,0.000000930
208,1,0.000000922
209,1,0.000000931
210,1,0.000000923
211,1,0.000000931
212,1,0.000000924
213,1,0.000000932
214,1,0.000000928
215,1,0.000000932
216,1,0.000000924
217,1,0.000000934
218,1,0.000000925
219,1,0.000000932
220,1,0.000000927
221,1,0.000000936
222,1,0.000000926
223,1,0.000000934
224,1,0.000000928
225,1,0.000000934
226,1,0.000000927
227,1,0.000000934
228,1,0.000000926
229,1,0.000000933
230,1,0.000000928
231,1,0.000000931
232,1,0.000000925
233,1,0.000000934
234,1,0.000000925
235,1,0.000000931
236,1,0.000001629
237,1,0.000000953
238,1,0.000000934
239,1,0.000000923
240,1,0.000000931
241,1,0.000000923
242,1,0.000000933
243,1,0.000000924
244,1,0.000000932
245,1,0.000000925
246,1,0.000000932
247,1,0.000000925
248,1,0.000000934
249,1,0.000000926
250,1,0.000000933
251,1,0.000000927
252,1,0.000000933
253,1,0.000000930
254,1,0.000000938
255,1,0.000000929
256,1,0.000000935
257,1,0.000000928
258,1,0.000000935
259,1,0.000000926
260,1,0.000000934
261,1,0.000000929
262,1,0.000000934
263,1,0.000000926
264,1,0.000000933
265,1,0.000000926
266,1,0.000000934
267,1,0.000000925
268,1,0.000000932
269,1,0.000000925
270,1,0.000000932
271,1,0.000000928
272,1,0.000000956
273,1,0.000001623
274,1,0.000000952
275,1,0.000000936
276,1,0.000000927
277,1,0.000000932
278,1,0.000000925
279,1,0.000000936
280,1,0.000000926
281,1,0.000000932
282,1,0.000000926
283,1,0.000000935
284,1,0.000000927
285,1,0.000000934
286,1,0.000000927
287,1,0.000000936
288,1,0.000000929
289,1,0.000000932
290,1,0.000000929
291,1,0.000000935
292,1,0.000000927
293,1,0.000000934
294,1,0.000000926
295,1,0.000000934
296,1,0.000000927
297,1,0.000000932
298,1,0.000000925
299,1,0.000000933
300,1,0.000000924
301,1,0.000000930
302,1,0.000000924
303,1,0.000000933
304,1,0.000000925
305,1,0.000000929
306,1,0.000000920
307,1,0.000000931
308,1,0.000000926
309,1,0.000000934
310,1,0.000001621
311,1,0.000000951
312,1,0.000000934
313,1,0.000000928
314,1,0.000000936
315,1,0.000000930
316,1,0.000000932
317,1,0.000000926
318,1,0.000000935
319,1,0.000000928
320,1,0.000000934
321,1,0.000000928
322,1,0.000000935
323,1,0.000000928
324,1,0.000000934
325,1,0.000000927
326,1,0.000000936
327,1,0.000000927
328,1,0.000000934
329,1,0.000000925
330,1,0.000000934
331,1,0.000000926
332,1,0.000000932
333,1,0.000000923
334,1,0.000000933
335,1,0.000000925
336,1,0.000000931
337,1,0.000000925
338,1,0.000000932
339,1,0.000000924
340,1,0.000000933
341,1,0.000000925
342,1,0.000000932
343,1,0.000000926
344,1,0.000000931
345,1,0.000000925
346,1,0.000000934
347,1,0.000000943
348,1,0.000001625
349,1,0.000000952
350,1,0.000000935
351,1,0.000000928
352,1,0.000000934
353,1,0.000000929
354,1,0.000000936
355,1,0.000000928
356,1,0.000000936
357,1,0.000000926
358,1,0.000000934
359,1,0.000000926
360,1,0.000000934
361,1,0.000000925
362,1,0.000000932
363,1,0.000000926
364,1,0.000000932
365,1,0.000000926
366,1,0.000000931
367,1,0.000000925
368,1,0.000000932
369,1,0.000000924
370,1,0.000000931
371,1,0.000000927
372,1,0.000000931
373,1,0.000000923
374,1,0.000000932
375,1,0.000000925
376,1,0.000000932
377,1,0.000000925
378,1,0.000000933
379,1,0.000000925
380,1,0.000000933
381,1,0.000000925
382,1,0.000000932
383,1,0.000000927
384,1,0.000000935
385,1,0.000001635
386,1,0.000000952
387,1,0.000000936
388,1,0.000000929
389,1,0.000000937
390,1,0.000000926
391,1,0.000000932
392,1,0.000000928
393,1,0.000000933
394,1,0.000000924
395,1,0.000000933
396,1,0.000000926
397,1,0.000000936
398,1,0.000000926
399,1,0.000000932
400,1,0.000000926
401,1,0.000000932
402,1,0.000000924
403,1,0.000000933
404,1,0.000000926
405,1,0.000000933
406,1,0.000000923
407,1,0.000000932
408,1,0.000000924
409,1,0.000000934
410,1,0.000000926
411,1,0.000000934
412,1,0.000000926
413,1,0.000000934
414,1,0.000000926
415,1,0.000000935
416,1,0.000000931
417,1,0.000000936
418,1,0.000000927
419,1,0.000000936
420,1,0.000000926
421,1,0.000000936
422,1,0.000001629
423,1,0.000000951
424,1,0.000000936
425,1,0.000000926
426,1,0.000000933
427,1,0.000000926
428,1,0.000000932
429,1,0.000000926
430,1,0.000000932
431,1,0.000000925
432,1,0.000000931
433,1,0.000000924
434,1,0.000000932
435,1,0.000000925
436,1,0.000000930
437,1,0.000000924
438,1,0.000000931
439,1,0.000000924
440,1,0.000000932
441,1,0.000000925
442,1,0.000000933
443,1,0.000000926
444,1,0.000000933
445,1,0.000000925
446,1,0.000000935
447,1,0.000000926
448,1,0.000000934
449,1,0.000000930
450,1,0.000000934
451,1,0.000000926
452,1,0.000000934
453,1,0.000000927
454,1,0.000000934
455,1,0.000000927
456,1,0.000000935
457,1,0.000000926
458,1,0.000000939
459,1,0.000001627
460,1,0.000000952
461,1,0.000000936
462,1,0.000000927
463,1,0.000000935
464,1,0.000000924
465,1,0.000000931
466,1,0.000000924
467,1,0.000000933
468,1,0.000000924
469,1,0.000000930
470,1,0.000000922
471,1,0.000000934
472,1,0.000000924
473,1,0.000000932
474,1,0.000000926
475,1,0.000000933
476,1,0.000000927
477,1,0.000000931
478,1,0.000000926
479,1,0.000000936
480,1,0.000000928
481,1,0.000000934
482,1,0.000000927
483,1,0.000000935
484,1,0.000000930
485,1,0.000000934
486,1,0.000000929
487,1,0.000000936
488,1,0.000000929
489,1,0.000000935
490,1,0.000000928
491,1,0.000000937
492,1,0.000000927
493,1,0.000000934
494,1,0.000000927
495,1,0.000000934
496,1,0.000000936
497,1,0.000001614
498,1,0.000001287
499,1,0.000001460
500,1,0.000015718
501,1,0.000001378
502,1,0.000001620
503,1,0.000001414
504,1,0.000001417
505,1,0.000001443
506,1,0.000001414
507,1,0.000001488
508,1,0.000001061
509,1,0.000000936
510,1,0.000000940
511,1,0.000000931
512,1,0.000000933
513,1,0.000000932
514,1,0.000000934
515,1,0.000000931
516,1,0.000013348
517,1,0.000001241
518,1,0.000000916
519,1,0.000000914
520,1,0.000000908
521,1,0.000000914
522,1,0.000000906
523,1,0.000000913
524,1,0.000000906
525,1,0.000000911
526,1,0.000000907
527,1,0.000000912
528,1,0.000000915
529,1,0.000001924
530,1,0.000000934
531,1,0.000000920
532,1,0.000000908
533,1,0.000000917
534,1,0.000000905
535,1,0.000000918
536,1,0.000000909
537,1,0.000000918
538,1,0.000000905
539,1,0.000000919
540,1,0.000000909
541,1,0.000000917
542,1,0.000000908
543,1,0.000000919
544,1,0.000000908
545,1,0.000000919
546,1,0.000000909
547,1,0.000000920
548,1,0.000000911
549,1,0.000000922
550,1,0.000000909
551,1,0.000000921
552,1,0.000000910
553,1,0.000000919
554,1,0.000000908
555,1,0.000000920
556,1,0.000000910
557,1,0.000000919
558,1,0.000000906
559,1,0.000000921
560,1,0.000000912
561,1,0.000000919
562,1,0.000000906
563,1,0.000000919
564,1,0.000000908
565,1,0.000000917
566,1,0.000000922
567,1,0.000012942
568,1,0.000009658
569,1,0.000001040
570,1,0.000000921
571,1,0.000000925
572,1,0.000000921
573,1,0.000000918
574,1,0.000000919
575,1,0.000000921
576,1,0.000000919
577,1,0.000000920
578,1,0.000000921
579,1,0.000000918
580,1,0.000000925
581,1,0.000000921
582,1,0.000000921
583,1,0.000000922
584,1,0.000000919
585,1,0.000000921
586,1,0.000000922
587,1,0.000000921
588,1,0.000000926
589,1,0.000000921
590,1,0.000000923
591,1,0.000000924
592,1,0.000000924
593,1,0.000000925
594,1,0.000000921
595,1,0.000000924
596,1,0.000000924
597,1,0.000000927
598,1,0.000000923
599,1,0.000000923
600,1,0.000000922
601,1,0.000000921
602,1,0.000000923
603,1,0.000000924
604,1,0.000000925
605,1,0.000000920
606,1,0.000000920
607,1,0.000000921
608,1,0.000000922
609,1,0.000000919
610,1,0.000000921
611,1,0.000002231
612,1,0.000000941
613,1,0.000000932
614,1,0.000000925
615,1,0.000000935
616,1,0.000000925
617,1,0.000000937
618,1,0.000000925
619,1,0.000000937
620,1,0.000000924
621,1,0.000000932
622,1,0.000000922
623,1,0.000000933
624,1,0.000000923
625,1,0.000000934
626,1,0.000000922
627,1,0.000000935
628,1,0.000000924
629,1,0.000000933
630,1,0.000000926
631,1,0.000000934
632,1,0.000000921
633,1,0.000000934
634,1,0.000000922
635,1,0.000000933
636,1,0.000000923
637,1,0.000000931
638,1,0.000000921
639,1,0.000000934
640,1,0.000000921
641,1,0.000000932
642,1,0.000000920
643,1,0.000000931
644,1,0.000000921
645,1,0.000000931
646,1,0.000000919
647,1,0.000000932
648,1,0.000001823
649,1,0.000000952
650,1,0.000000922
651,1,0.000000935
652,1,0.000000922
653,1,0.000000935
654,1,0.000000922
655,1,0.000000932
656,1,0.000000924
657,1,0.000000935
658,1,0.000000923
659,1,0.000000934
660,1,0.000000926
661,1,0.000000936
662,1,0.000000926
663,1,0.000000934
664,1,0.000000924
665,1,0.000000936
666,1,0.000000923
667,1,0.000000933
668,1,0.000000922
669,1,0.000000934
670,1,0.000000923
671,1,0.000000931
672,1,0.000000922
673,1,0.000000934
674,1,0.000000921
675,1,0.000000934
676,1,0.000000921
677,1,0.000000930
678,1,0.000000922
679,1,0.000000932
680,1,0.000000922
681,1,0.000000930
682,1,0.000000920
683,1,0.000000933
684,1,0.000000926
685,1,0.000000950
686,1,0.000001642
687,1,0.000000941
688,1,0.000000934
689,1,0.000000924
690,1,0.000000936
691,1,0.000000925
692,1,0.000000978
693,1,0.000000929
694,1,0.000000937
695,1,0.000000927
696,1,0.000000937
697,1,0.000000933
698,1,0.000000936
699,1,0.000000926
700,1,0.000000937
701,1,0.000000926
702,1,0.000000937
703,1,0.000000926
704,1,0.000000937
705,1,0.000000926
706,1,0.000000949
707,1,0.000001658
708,1,0.000000941
709,1,0.000001026
710,1,0.000000924
711,1,0.000000929
712,1,0.000000919
713,1,0.000000930
714,1,0.000000918
715,1,0.000000929
716,1,0.000000919
717,1,0.000000930
718,1,0.000000922
719,1,0.000000929
720,1,0.000000920
721,1,0.000000929
722,1,0.000000920
723,1,0.000000932
724,1,0.000000923
725,1,0.000000931
726,1,0.000000922
727,1,0.000000930
728,1,0.000000922
729,1,0.000000931
730,1,0.000000920
731,1,0.000001677
732,1,0.000001068
733,1,0.000001303
734,1,0.000001380
735,1,0.000001368
736,1,0.000001447
737,1,0.000001341
738,1,0.000001514
739,1,0.000001368
740,1,0.000001635
741,1,0.000001430
742,1,0.000001250
743,1,0.000001403
744,1,0.000001768
745,1,0.000001191
746,1,0.000001144
747,1,0.000015637
748,1,0.000001274
749,1,0.000001199
750,1,0.000001211
751,1,0.000001268
752,1,0.000001326
753,1,0.000001224
754,1,0.000001337
755,1,0.000001250
756,1,0.000001539
757,1,0.000001277
758,1,0.000001433
759,1,0.000001430
760,1,0.000001432
761,1,0.000001400
762,1,0.000001522
763,1,0.000002804
764,1,0.000000984
765,1,0.000000974
766,1,0.000000950
767,1,0.000000960
768,1,0.000000948
769,1,0.000000957
770,1,0.000000947
771,1,0.000000957
772,1,0.000000944
773,1,0.000000955
774,1,0.000000946
775,1,0.000000954
776,1,0.000013474
777,1,0.000001106
778,1,0.000000919
779,1,0.000000918
780,1,0.000000908
781,1,0.000000917
782,1,0.000000915
783,1,0.000000915
784,1,0.000000910
785,1,0.000000915
786,1,0.000000908
787,1,0.000000914
788,1,0.000000908
789,1,0.000000914
790,1,0.000000909
791,1,0.000000911
792,1,0.000000903
793,1,0.000000913
794,1,0.000000908
795,1,0.000000912
796,1,0.000000904
797,1,0.000000911
798,1,0.000000906
799,1,0.000000911
800,1,0.000000905
801,1,0.000000914
802,1,0.000000909
803,1,0.000015767
804,1,0.000001065
805,1,0.000000936
806,1,0.000000944
807,1,0.000000938
808,1,0.000000937
809,1,0.000000940
810,1,0.000001766
811,1,0.000000996
812,1,0.000000940
813,1,0.000000946
814,1,0.000000932
815,1,0.000000942
816,1,0.000000930
817,1,0.000000944
818,1,0.000000933
819,1,0.000000945
820,1,0.000000932
821,1,0.000000945
822,1,0.000000935
823,1,0.000000944
824,1,0.000000933
825,1,0.000000946
826,1,0.000000935
827,1,0.000000945
828,1,0.000013836
829,1,0.000001028
830,1,0.000000913
831,1,0.000000914
832,1,0.000000915
833,1,0.000000915
834,1,0.000000912
835,1,0.000000912
836,1,0.000000912
837,1,0.000000913
838,1,0.000015669
839,1,0.000000958
840,1,0.000000931
841,1,0.000000937
842,1,0.000000931
843,1,0.000000934
844,1,0.000000932
845,1,0.000000934
846,1,0.000000929
847,1,0.000000935
848,1,0.000000931
849,1,0.000000979
850,1,0.000001737
851,1,0.000000954
852,1,0.000000938
853,1,0.000000929
854,1,0.000013703
855,1,0.000001034
856,1,0.000000911
857,1,0.000000924
858,1,0.000000917
859,1,0.000000914
860,1,0.000000909
861,1,0.000000922
862,1,0.000000915
863,1,0.000000913
864,1,0.000000909
865,1,0.000000920
866,1,0.000000914
867,1,0.000000911
868,1,0.000000909
869,1,0.000000919
870,1,0.000000913
871,1,0.000000910
872,1,0.000000908
873,1,0.000000920
874,1,0.000000914
875,1,0.000000912
876,1,0.000000912
877,1,0.000000921
878,1,0.000015777
879,1,0.000000958
880,1,0.000000930
881,1,0.000000937
882,1,0.000000931
883,1,0.000000935
884,1,0.000000929
885,1,0.000000934
886,1,0.000000930
887,1,0.000001976
888,1,0.000000978
889,1,0.000000936
890,1,0.000000930
891,1,0.000000933
892,1,0.000000931
893,1,0.000000933
894,1,0.000000931
895,1,0.000000937
896,1,0.000000929
897,1,0.000000936
898,1,0.000000931
899,1,0.000000937
900,1,0.000013506
901,1,0.000001096
902,1,0.000000916
903,1,0.000000913
904,1,0.000000905
905,1,0.000000912
906,1,0.000000908
907,1,0.000000911
908,1,0.000000904
909,1,0.000000910
910,1,0.000015550
911,1,0.000000977
912,1,0.000000931
913,1,0.000000935
914,1,0.000000931
915,1,0.000000937
916,1,0.000000933
917,1,0.000000938
918,1,0.000000931
919,1,0.000000934
920,1,0.000000932
921,1,0.000000935
922,1,0.000000930
923,1,0.000000934
924,1,0.000000930
925,1,0.000001768
926,1,0.000000962
927,1,0.000000944
928,1,0.000000936
929,1,0.000000945
930,1,0.000000935
931,1,0.000000945
932,1,0.000000932
933,1,0.000000943
934,1,0.000000932
935,1,0.000000947
936,1,0.000000934
937,1,0.000000943
938,1,0.000000934
939,1,0.000000947
940,1,0.000000934
941,1,0.000000946
942,1,0.000000936
943,1,0.000000946
944,1,0.000000936
945,1,0.000000945
946,1,0.000000936
947,1,0.000000947
948,1,0.000000935
949,1,0.000000946
950,1,0.000000934
951,1,0.000000946
952,1,0.000000932
953,1,0.000000943
954,1,0.000000932
955,1,0.000000941
956,1,0.000000933
957,1,0.000000942
958,1,0.000000931
959,1,0.000000942
960,1,0.000000933
961,1,0.000000943
962,1,0.000000933
963,1,0.000014585
964,1,0.000001001
965,1,0.000000934
966,1,0.000000915
967,1,0.000000907
968,1,0.000000914
969,1,0.000000908
970,1,0.000000912
971,1,0.000000910
972,1,0.000015487
973,1,0.000001018
974,1,0.000000936
975,1,0.000000930
976,1,0.000000937
977,1,0.000000937
978,1,0.000000939
979,1,0.000000939
980,1,0.000000938
981,1,0.000000938
982,1,0.000000936
983,1,0.000000937
984,1,0.000000935
985,1,0.000000940
986,1,0.000000937
987,1,0.000000934
988,1,0.000000937
989,1,0.000000935
990,1,0.000000936
991,1,0.000000935
992,1,0.000000934
993,1,0.000000934
994,1,0.000000934
995,1,0.000000933
996,1,0.000000936
997,1,0.000000933
998,1,0.000000934
999,1,0.000000935
0,256,0.000002187
1,256,0.000001030
2,256,0.000000970
3,256,0.000000979
4,256,0.000000955
5,256,0.000000988
6,256,0.000001332
7,256,0.000000990
8,256,0.000000963
9,256,0.000000965
10,256,0.000000959
11,256,0.000000957
12,256,0.000000955
13,256,0.000000959
14,256,0.000000957
15,256,0.000000954
16,256,0.000002916
17,256,0.000001062
18,256,0.000000966
19,256,0.000000955
20,256,0.000000965
21,256,0.000000943
22,256,0.000000959
23,256,0.000000947
24,256,0.000000956
25,256,0.000000945
26,256,0.000000960
27,256,0.000000946
28,256,0.000000957
29,256,0.000000944
30,256,0.000000961
31,256,0.000000945
32,256,0.000002222
33,256,0.000000999
34,256,0.000000969
35,256,0.000000950
36,256,0.000000950
37,256,0.000000950
38,256,0.000000950
39,256,0.000000954
40,256,0.000000947
41,256,0.000000954
42,256,0.000000950
43,256,0.000000950
44,256,0.000000947
45,256,0.000000950
46,256,0.000000947
47,256,0.000000950
48,256,0.000002085
49,256,0.000000993
50,256,0.000000950
51,256,0.000000947
52,256,0.000000945
53,256,0.000000950
54,256,0.000000945
55,256,0.000000948
56,256,0.000000948
57,256,0.000000944
58,256,0.000000946
59,256,0.000000950
60,256,0.000000949
61,256,0.000000948
62,256,0.000000948
63,256,0.000000950
64,256,0.000002080
65,256,0.000001042
66,256,0.000000952
67,256,0.000000948
68,256,0.000000949
69,256,0.000000952
70,256,0.000000950
71,256,0.000000947
72,256,0.000000948
73,256,0.000000950
74,256,0.000000950
75,256,0.000000950
76,256,0.000000949
77,256,0.000000944
78,256,0.000000951
79,256,0.000000949
80,256,0.000002152
81,256,0.000000992
82,256,0.000000946
83,256,0.000000944
84,256,0.000001867
85,256,0.000000965
86,256,0.000000950
87,256,0.000000947
88,256,0.000000949
89,256,0.000000945
90,256,0.000000951
91,256,0.000000950
92,256,0.000000948
93,256,0.000000948
94,256,0.000000950
95,256,0.000000948
96,256,0.000002487
97,256,0.000001013
98,256,0.000000957
99,256,0.000000958
100,256,0.000000957
101,256,0.000000958
102,256,0.000000959
103,256,0.000000960
104,256,0.000000955
105,256,0.000000958
106,256,0.000000956
107,256,0.000000955
108,256,0.000000957
109,256,0.000000954
110,256,0.000000955
111,256,0.000000954
112,256,0.000002169
113,256,0.000001005
114,256,0.000000957
115,256,0.000000954
116,256,0.000000963
117,256,0.000001800
118,256,0.000000975
119,256,0.000000952
120,256,0.000000948
121,256,0.000000949
122,256,0.000000947
123,256,0.000000945
124,256,0.000000949
125,256,0.000000948
126,256,0.000000948
127,256,0.000000948
128,256,0.000002192
129,256,0.000001010
130,256,0.000000962
131,256,0.000000958
132,256,0.000000958
133,256,0.000000958
134,256,0.000000960
135,256,0.000000955
136,256,0.000000955
137,256,0.000000959
138,256,0.000000956
139,256,0.000000955
140,256,0.000000955
141,256,0.000000953
142,256,0.000000957
143,256,0.000000954
144,256,0.000002153
145,256,0.000001059
146,256,0.000001676
147,256,0.000001459
148,256,0.000001433
149,256,0.000001597
150,256,0.000002711
151,256,0.000001501
152,256,0.000001594
153,256,0.000001628
154,256,0.000000959
155,256,0.000000950
156,256,0.000000962
157,256,0.000000952
158,256,0.000000947
159,256,0.000000955
160,256,0.000002757
161,256,0.000001007
162,256,0.000000972
163,256,0.000000975
164,256,0.000000959
165,256,0.000000956
166,256,0.000000957
167,256,0.000000954
168,256,0.000000967
169,256,0.000000958
170,256,0.000000957
171,256,0.000000959
172,256,0.000000956
173,256,0.000000963
174,256,0.000000959
175,256,0.000000973
176,256,0.000002259
177,256,0.000001024
178,256,0.000000980
179,256,0.000000963
180,256,0.000001944
181,256,0.000000991
182,256,0.000000963
183,256,0.000000955
184,256,0.000000958
185,256,0.000000956
186,256,0.000000958
187,256,0.000000953
188,256,0.000000955
189,256,0.000000958
190,256,0.000000952
191,256,0.000000958
192,256,0.000002231
193,256,0.000001009
194,256,0.000000952
195,256,0.000000950
196,256,0.000000952
197,256,0.000000953
198,256,0.000000949
199,256,0.000000951
200,256,0.000000953
201,256,0.000000953
202,256,0.000000954
203,256,0.000000955
204,256,0.000000955
205,256,0.000000954
206,256,0.000000959
207,256,0.000000954
208,256,0.000002139
209,256,0.000001018
210,256,0.000000954
211,256,0.000000953
212,256,0.000000955
213,256,0.000000957
214,256,0.000000973
215,256,0.000001769
216,256,0.000000992
217,256,0.000000950
218,256,0.000000949
219,256,0.000000943
220,256,0.000000944
221,256,0.000000946
222,256,0.000000942
223,256,0.000000942
224,256,0.000002213
225,256,0.000001013
226,256,0.000000953
227,256,0.000000951
228,256,0.000000953
229,256,0.000000953
230,256,0.000000954
231,256,0.000000951
232,256,0.000000955
233,256,0.000000951
234,256,0.000000956
235,256,0.000000955
236,256,0.000000958
237,256,0.000000955
238,256,0.000000956
239,256,0.000000958
240,256,0.000002080
241,256,0.000001012
242,256,0.000000952
243,256,0.000000961
244,256,0.000000954
245,256,0.000000955
246,256,0.000000955
247,256,0.000000953
248,256,0.000000958
249,256,0.000001785
250,256,0.000000991
251,256,0.000000947
252,256,0.000000944
253,256,0.000000943
254,256,0.000000941
255,256,0.000000941
256,256,0.000002151
257,256,0.000001010
258,256,0.000000953
259,256,0.000000962
260,256,0.000000953
261,256,0.000000954
262,256,0.000000953
263,256,0.000000957
264,256,0.000000954
265,256,0.000000953
266,256,0.000000958
267,256,0.000000955
268,256,0.000000958
269,256,0.000000958
270,256,0.000000959
271,256,0.000000956
272,256,0.000002150
273,256,0.000001014
274,256,0.000000954
275,256,0.000000955
276,256,0.000000955
277,256,0.000000952
278,256,0.000000954
279,256,0.000000953
280,256,0.000000952
281,256,0.000000953
282,256,0.000000957
283,256,0.000000967
284,256,0.000001758
285,256,0.000000982
286,256,0.000000947
287,256,0.000000946
288,256,0.000002258
289,256,0.000001009
290,256,0.000000956
291,256,0.000000954
292,256,0.000000958
293,256,0.000000955
294,256,0.000000957
295,256,0.000000957
296,256,0.000000958
297,256,0.000000956
298,256,0.000000964
299,256,0.000000955
300,256,0.000000959
301,256,0.000000955
302,256,0.000000956
303,256,0.000000957
304,256,0.000002140
305,256,0.000001020
306,256,0.000000952
307,256,0.000010591
308,256,0.000001112
309,256,0.000000980
310,256,0.000000979
311,256,0.000000977
312,256,0.000000977
313,256,0.000000979
314,256,0.000000979
315,256,0.000000982
316,256,0.000000977
317,256,0.000000982
318,256,0.000002087
319,256,0.000000988
320,256,0.000002607
321,256,0.000001025
322,256,0.000000959
323,256,0.000000962
324,256,0.000000957
325,256,0.000000958
326,256,0.000000960
327,256,0.000000959
328,256,0.000000958
329,256,0.000000958
330,256,0.000000961
331,256,0.000000958
332,256,0.000000960
333,256,0.000000959
334,256,0.000000957
335,256,0.000000959
336,256,0.000002188
337,256,0.000001020
338,256,0.000000964
339,256,0.000000967
340,256,0.000000969
341,256,0.000000967
342,256,0.000000967
343,256,0.000000966
344,256,0.000000971
345,256,0.000000968
346,256,0.000000968
347,256,0.000000967
348,256,0.000000969
349,256,0.000000967
350,256,0.000000968
351,256,0.000000972
352,256,0.000005968
353,256,0.000001050
354,256,0.000000972
355,256,0.000000966
356,256,0.000000965
357,256,0.000000963
358,256,0.000000963
359,256,0.000000967
360,256,0.000000965
361,256,0.000000965
362,256,0.000000965
363,256,0.000000966
364,256,0.000000968
365,256,0.000000965
366,256,0.000000965
367,256,0.000000968
368,256,0.000002245
369,256,0.000001024
370,256,0.000000970
371,256,0.000000968
372,256,0.000000965
373,256,0.000000967
374,256,0.000000971
375,256,0.000000970
376,256,0.000000964
377,256,0.000000965
378,256,0.000000965
379,256,0.000000967
380,256,0.000000965
381,256,0.000000963
382,256,0.000000971
383,256,0.000001797
384,256,0.000002328
385,256,0.000001037
386,256,0.000000960
387,256,0.000000964
388,256,0.000000970
389,256,0.000000966
390,256,0.000000963
391,256,0.000000962
392,256,0.000000966
393,256,0.000000966
394,256,0.000000968
395,256,0.000000970
396,256,0.000000967
397,256,0.000000968
398,256,0.000000968
399,256,0.000000968
400,256,0.000002174
401,256,0.000001026
402,256,0.000000969
403,256,0.000000966
404,256,0.000000968
405,256,0.000000967
406,256,0.000000964
407,256,0.000000968
408,256,0.000000969
409,256,0.000000965
410,256,0.000000965
411,256,0.000000966
412,256,0.000000964
413,256,0.000000966
414,256,0.000000963
415,256,0.000000967
416,256,0.000002065
417,256,0.000001803
418,256,0.000001005
419,256,0.000000956
420,256,0.000000964
421,256,0.000000965
422,256,0.000000966
423,256,0.000000966
424,256,0.000000966
425,256,0.000000966
426,256,0.000000970
427,256,0.000000966
428,256,0.000000966
429,256,0.000000967
430,256,0.000000967
431,256,0.000000966
432,256,0.000002155
433,256,0.000001024
434,256,0.000000965
435,256,0.000000968
436,256,0.000000968
437,256,0.000000965
438,256,0.000000964
439,256,0.000000966
440,256,0.000000963
441,256,0.000000966
442,256,0.000000962
443,256,0.000000967
444,256,0.000000965
445,256,0.000000963
446,256,0.000000962
447,256,0.000000962
448,256,0.000002231
449,256,0.000001042
450,256,0.000001770
451,256,0.000000990
452,256,0.000000964
453,256,0.000000958
454,256,0.000000963
455,256,0.000000962
456,256,0.000000958
457,256,0.000000964
458,256,0.000000964
459,256,0.000000962
460,256,0.000000966
461,256,0.000000960
462,256,0.000000960
463,256,0.000000958
464,256,0.000002183
465,256,0.000001030
466,256,0.000000968
467,256,0.000000966
468,256,0.000000966
469,256,0.000000965
470,256,0.000000965
471,256,0.000000964
472,256,0.000000967
473,256,0.000000967
474,256,0.000000965
475,256,0.000000965
476,256,0.000000965
477,256,0.000000962
478,256,0.000000969
479,256,0.000000962
480,256,0.000002167
481,256,0.000001023
482,256,0.000000967
483,256,0.000000968
484,256,0.000000983
485,256,0.000001753
486,256,0.000000992
487,256,0.000000963
488,256,0.000000963
489,256,0.000000963
490,256,0.000000963
491,256,0.000000968
492,256,0.000000962
493,256,0.000000957
494,256,0.000000959
495,256,0.000000959
496,256,0.000002117
497,256,0.000001026
498,256,0.000000966
499,256,0.000000967
500,256,0.000000963
501,256,0.000000969
502,256,0.000000964
503,256,0.000000967
504,256,0.000000965
505,256,0.000000964
506,256,0.000000967
507,256,0.000000966
508,256,0.000000965
509,256,0.000000968
510,256,0.000000969
511,256,0.000000966
512,256,0.000002113
513,256,0.000001025
514,256,0.000000969
515,256,0.000000967
516,256,0.000000970
517,256,0.000000970
518,256,0.000000970
519,256,0.000001764
520,256,0.000000999
521,256,0.000000961
522,256,0.000000963
523,256,0.000000962
524,256,0.000000959
525,256,0.000000956
526,256,0.000000961
527,256,0.000000961
528,256,0.000002422
529,256,0.000001023
530,256,0.000000965
531,256,0.000000963
532,256,0.000000966
533,256,0.000000965
534,256,0.000000968
535,256,0.000000962
536,256,0.000000965
537,256,0.000000966
538,256,0.000000969
539,256,0.000000963
540,256,0.000000966
541,256,0.000000967
542,256,0.000000967
543,256,0.000000966
544,256,0.000002367
545,256,0.000001029
546,256,0.000000968
547,256,0.000000971
548,256,0.000000970
549,256,0.000000970
550,256,0.000000973
551,256,0.000000970
552,256,0.000000990
553,256,0.000001755
554,256,0.000000996
555,256,0.000000958
556,256,0.000000959
557,256,0.000000959
558,256,0.000000963
559,256,0.000000957
560,256,0.000002225
561,256,0.000001020
562,256,0.000000962
563,256,0.000000963
564,256,0.000000962
565,256,0.000000965
566,256,0.000000963
567,256,0.000000963
568,256,0.000000965
569,256,0.000000964
570,256,0.000000966
571,256,0.000000965
572,256,0.000000965
573,256,0.000000964
574,256,0.000000967
575,256,0.000000969
576,256,0.000002150
577,256,0.000001031
578,256,0.000000967
579,256,0.000000968
580,256,0.000000966
581,256,0.000000967
582,256,0.000000965
583,256,0.000000966
584,256,0.000000969
585,256,0.000000964
586,256,0.000000970
587,256,0.000001763
588,256,0.000000993
589,256,0.000000956
590,256,0.000000960
591,256,0.000000957
592,256,0.000002168
593,256,0.000001026
594,256,0.000000965
595,256,0.000000968
596,256,0.000000969
597,256,0.000000966
598,256,0.000000966
599,256,0.000000966
600,256,0.000000965
601,256,0.000000970
602,256,0.000000963
603,256,0.000000969
604,256,0.000000965
605,256,0.000000970
606,256,0.000000969
607,256,0.000000969
608,256,0.000002133
609,256,0.000001037
610,256,0.000000967
611,256,0.000000966
612,256,0.000000970
613,256,0.000000970
614,256,0.000000966
615,256,0.000000966
616,256,0.000000964
617,256,0.000000968
618,256,0.000000966
619,256,0.000000962
620,256,0.000000969
621,256,0.000001762
622,256,0.000000999
623,256,0.000000956
624,256,0.000002147
625,256,0.000001026
626,256,0.000000967
627,256,0.000000965
628,256,0.000000966
629,256,0.000000969
630,256,0.000000967
631,256,0.000000969
632,256,0.000000965
633,256,0.000000969
634,256,0.000000972
635,256,0.000000967
636,256,0.000000969
637,256,0.000000967
638,256,0.000000969
639,256,0.000000966
640,256,0.000002064
641,256,0.000001025
642,256,0.000000966
643,256,0.000000966
644,256,0.000000964
645,256,0.000000964
646,256,0.000000964
647,256,0.000000966
648,256,0.000000962
649,256,0.000000961
650,256,0.000000962
651,256,0.000000971
652,256,0.000000964
653,256,0.000000964
654,256,0.000000964
655,256,0.000000980
656,256,0.000002925
657,256,0.000001055
658,256,0.000000977
659,256,0.000000966
660,256,0.000000970
661,256,0.000000965
662,256,0.000000970
663,256,0.000000968
664,256,0.000000967
665,256,0.000000966
666,256,0.000000966
667,256,0.000000968
668,256,0.000000966
669,256,0.000000967
670,256,0.000000965
671,256,0.000000964
672,256,0.000002372
673,256,0.000001028
674,256,0.000000965
675,256,0.000000964
676,256,0.000000965
677,256,0.000000965
678,256,0.000000963
679,256,0.000000963
680,256,0.000000965
681,256,0.000000963
682,256,0.000000966
683,256,0.000000965
684,256,0.000000966
685,256,0.000000965
686,256,0.000000965
687,256,0.000000966
688,256,0.000002168
689,256,0.000001828
690,256,0.000001005
691,256,0.000000965
692,256,0.000000960
693,256,0.000000960
694,256,0.000000962
695,256,0.000000961
696,256,0.000000963
697,256,0.000000959
698,256,0.000000961
699,256,0.000000960
700,256,0.000000959
701,256,0.000000959
702,256,0.000000956
703,256,0.000000956
704,256,0.000002183
705,256,0.000001027
706,256,0.000000962
707,256,0.000000965
708,256,0.000000961
709,256,0.000000965
710,256,0.000000967
711,256,0.000000962
712,256,0.000000963
713,256,0.000000961
714,256,0.000000962
715,256,0.000000967
716,256,0.000000964
717,256,0.000000969
718,256,0.000000965
719,256,0.000000963
720,256,0.000002223
721,256,0.000001026
722,256,0.000001027
723,256,0.000001773
724,256,0.000000986
725,256,0.000000959
726,256,0.000000962
727,256,0.000000961
728,256,0.000000958
729,256,0.000000957
730,256,0.000000962
731,256,0.000000958
732,256,0.000000957
733,256,0.000000956
734,256,0.000000958
735,256,0.000000958
736,256,0.000002124
737,256,0.000001025
738,256,0.000000967
739,256,0.000000963
740,256,0.000000964
741,256,0.000000966
742,256,0.000000963
743,256,0.000000967
744,256,0.000000965
745,256,0.000000966
746,256,0.000000971
747,256,0.000000968
748,256,0.000000968
749,256,0.000000966
750,256,0.000000968
751,256,0.000000965
752,256,0.000002215
753,256,0.000001032
754,256,0.000000971
755,256,0.000000969
756,256,0.000000969
757,256,0.000000990
758,256,0.000001758
759,256,0.000001056
760,256,0.000000978
761,256,0.000000962
762,256,0.000000960
763,256,0.000000960
764,256,0.000000957
765,256,0.000000960
766,256,0.000000958
767,256,0.000000958
768,256,0.000002208
769,256,0.000001024
770,256,0.000000965
771,256,0.000000967
772,256,0.000000965
773,256,0.000000967
774,256,0.000000966
775,256,0.000000969
776,256,0.000000966
777,256,0.000000968
778,256,0.000000970
779,256,0.000000971
780,256,0.000000968
781,256,0.000000970
782,256,0.000000968
783,256,0.000000970
784,256,0.000002340
785,256,0.000001025
786,256,0.000000967
787,256,0.000000970
788,256,0.000000966
789,256,0.000000966
790,256,0.000000966
791,256,0.000000964
792,256,0.000000966
793,256,0.000000970
794,256,0.000001775
795,256,0.000001283
796,256,0.000001097
797,256,0.000001084
798,256,0.000001083
799,256,0.000001084
800,256,0.000002331
801,256,0.000001038
802,256,0.000000987
803,256,0.000000981
804,256,0.000000973
805,256,0.000000968
806,256,0.000000968
807,256,0.000000967
808,256,0.000000970
809,256,0.000000972
810,256,0.000000967
811,256,0.000000970
812,256,0.000000968
813,256,0.000000969
814,256,0.000000967
815,256,0.000000968
816,256,0.000002141
817,256,0.000001027
818,256,0.000000967
819,256,0.000000962
820,256,0.000000966
821,256,0.000000964
822,256,0.000000967
823,256,0.000000962
824,256,0.000000964
825,256,0.000000962
826,256,0.000000969
827,256,0.000000997
828,256,0.000001794
829,256,0.000001007
830,256,0.000000973
831,256,0.000000972
832,256,0.000002305
833,256,0.000001021
834,256,0.000000966
835,256,0.000000965
836,256,0.000000968
837,256,0.000000968
838,256,0.000000970
839,256,0.000000969
840,256,0.000000969
841,256,0.000000966
842,256,0.000000968
843,256,0.000000965
844,256,0.000000967
845,256,0.000000967
846,256,0.000000968
847,256,0.000000966
848,256,0.000004672
849,256,0.000001008
850,256,0.000000967
851,256,0.000000966
852,256,0.000000965
853,256,0.000000965
854,256,0.000000973
855,256,0.000000966
856,256,0.000000972
857,256,0.000000967
858,256,0.000000977
859,256,0.000001773
860,256,0.000000987
861,256,0.000000967
862,256,0.000000961
863,256,0.000000961
864,256,0.000002218
865,256,0.000001032
866,256,0.000000967
867,256,0.000000967
868,256,0.000000969
869,256,0.000000969
870,256,0.000000968
871,256,0.000000971
872,256,0.000000966
873,256,0.000000966
874,256,0.000000967
875,256,0.000000965
876,256,0.000000966
877,256,0.000000964
878,256,0.000000967
879,256,0.000000962
880,256,0.000002100
881,256,0.000001016
882,256,0.000000965
883,256,0.000000964
884,256,0.000000965
885,256,0.000000964
886,256,0.000000965
887,256,0.000000971
888,256,0.000000967
889,256,0.000000968
890,256,0.000000970
891,256,0.000000972
892,256,0.000000980
893,256,0.000001765
894,256,0.000000995
895,256,0.000000969
896,256,0.000002185
897,256,0.000001025
898,256,0.000000965
899,256,0.000000965
900,256,0.000000968
901,256,0.000000965
902,256,0.000000965
903,256,0.000000965
904,256,0.000000964
905,256,0.000000966
906,256,0.000000968
907,256,0.000000963
908,256,0.000000964
909,256,0.000000962
910,256,0.000000962
911,256,0.000000963
912,256,0.000002159
913,256,0.000001018
914,256,0.000000961
915,256,0.000000972
916,256,0.000000967
917,256,0.000000963
918,256,0.000000969
919,256,0.000000969
920,256,0.000000968
921,256,0.000000966
922,256,0.000000970
923,256,0.000000969
924,256,0.000000967
925,256,0.000000969
926,256,0.000000970
927,256,0.000001866
928,256,0.000002198
929,256,0.000001032
930,256,0.000000958
931,256,0.000000964
932,256,0.000000965
933,256,0.000000966
934,256,0.000000964
935,256,0.000000964
936,256,0.000000965
937,256,0.000000966
938,256,0.000000967
939,256,0.000000965
940,256,0.000000966
941,256,0.000000966
942,256,0.000000966
943,256,0.000000964
944,256,0.000002146
945,256,0.000001018
946,256,0.000000964
947,256,0.000000967
948,256,0.000000969
949,256,0.000000967
950,256,0.000000968
951,256,0.000000968
952,256,0.000000968
953,256,0.000000968
954,256,0.000000967
955,256,0.000000965
956,256,0.000000970
957,256,0.000000966
958,256,0.000000970
959,256,0.000000967
960,256,0.000002248
961,256,0.000001817
962,256,0.000001003
963,256,0.000000964
964,256,0.000000957
965,256,0.000000960
966,256,0.000000958
967,256,0.000000957
968,256,0.000000957
969,256,0.000000958
970,256,0.000000956
971,256,0.000000957
972,256,0.000000961
973,256,0.000000959
974,256,0.000000961
975,256,0.000000959
976,256,0.000002201
977,256,0.000001029
978,256,0.000000966
979,256,0.000000967
980,256,0.000000966
981,256,0.000000971
982,256,0.000000968
983,256,0.000000969
984,256,0.000000968
985,256,0.000000968
986,256,0.000000964
987,256,0.000000966
988,256,0.000000968
989,256,0.000000966
990,256,0.000000964
991,256,0.000000964
992,256,0.000002146
993,256,0.000001020
994,256,0.000001844
995,256,0.000000991
996,256,0.000000965
997,256,0.000000963
998,256,0.000000964
999,256,0.000000965
0,512,0.000002694
1,512,0.000001059
2,512,0.000000960
3,512,0.000000962
4,512,0.000000960
5,512,0.000000956
6,512,0.000000956
7,512,0.000000958
8,512,0.000001009
9,512,0.000000958
10,512,0.000000957
11,512,0.000000977
12,512,0.000000975
13,512,0.000000963
14,512,0.000000957
15,512,0.000000960
16,512,0.000000966
17,512,0.000000959
18,512,0.000000960
19,512,0.000000959
20,512,0.000000962
21,512,0.000000961
22,512,0.000000959
23,512,0.000000959
24,512,0.000000965
25,512,0.000000957
26,512,0.000000960
27,512,0.000000957
28,512,0.000000962
29,512,0.000000959
30,512,0.000001103
31,512,0.000001460
32,512,0.000001430
33,512,0.000001287
34,512,0.000001424
35,512,0.000001429
36,512,0.000002346
37,512,0.000002596
38,512,0.000001649
39,512,0.000002053
40,512,0.000001383
41,512,0.000001411
42,512,0.000001374
43,512,0.000001411
44,512,0.000001402
45,512,0.000001601
46,512,0.000001439
47,512,0.000001488
48,512,0.000001335
49,512,0.000001440
50,512,0.000001343
51,512,0.000001269
52,512,0.000001320
53,512,0.000001438
54,512,0.000001469
55,512,0.000001490
56,512,0.000001689
57,512,0.000001370
58,512,0.000001737
59,512,0.000001331
60,512,0.000001284
61,512,0.000001277
62,512,0.000003889
63,512,0.000001482
64,512,0.000001378
65,512,0.000001350
66,512,0.000001599
67,512,0.000001320
68,512,0.000001501
69,512,0.000001386
70,512,0.000001360
71,512,0.000001316
72,512,0.000002875
73,512,0.000001501
74,512,0.000001704
75,512,0.000001397
76,512,0.000001462
77,512,0.000001438
78,512,0.000001401
79,512,0.000001424
80,512,0.000001405
81,512,0.000001985
82,512,0.000003006
83,512,0.000001477
84,512,0.000001449
85,512,0.000001448
86,512,0.000001430
87,512,0.000001432
88,512,0.000001433
89,512,0.000001496
90,512,0.000001455
91,512,0.000002784
92,512,0.000001767
93,512,0.000000978
94,512,0.000000959
95,512,0.000000948
96,512,0.000001006
97,512,0.000000949
98,512,0.000000953
99,512,0.000000948
100,512,0.000000958
101,512,0.000000952
102,512,0.000000964
103,512,0.000001792
104,512,0.000001063
105,512,0.000000958
106,512,0.000000966
107,512,0.000000957
108,512,0.000000965
109,512,0.000000956
110,512,0.000000965
111,512,0.000000956
112,512,0.000001015
113,512,0.000000954
114,512,0.000000968
115,512,0.000000954
116,512,0.000000966
117,512,0.000000954
118,512,0.000001692
119,512,0.000000971
120,512,0.000000960
121,512,0.000000949
122,512,0.000000962
123,512,0.000000949
124,512,0.000000958
125,512,0.000000950
126,512,0.000000961
127,512,0.000000947
128,512,0.000001000
129,512,0.000000949
130,512,0.000000961
131,512,0.000000951
132,512,0.000000960
133,512,0.000001682
134,512,0.000000985
135,512,0.000000952
136,512,0.000001047
137,512,0.000000954
138,512,0.000000961
139,512,0.000000948
140,512,0.000000959
141,512,0.000000951
142,512,0.000000962
143,512,0.000000948
144,512,0.000000966
145,512,0.000000954
146,512,0.000000962
147,512,0.000000951
148,512,0.000001679
149,512,0.000001066
150,512,0.000000971
151,512,0.000000948
152,512,0.000001023
153,512,0.000000950
154,512,0.000000960
155,512,0.000000947
156,512,0.000000958
157,512,0.000000952
158,512,0.000000960
159,512,0.000000949
160,512,0.000000969
161,512,0.000000951
162,512,0.000000963
163,512,0.000001667
164,512,0.000000988
165,512,0.000000956
166,512,0.000000962
167,512,0.000000953
168,512,0.000001052
169,512,0.000000951
170,512,0.000000963
171,512,0.000000952
172,512,0.000000961
173,512,0.000000951
174,512,0.000000962
175,512,0.000000951
176,512,0.000000962
177,512,0.000000949
178,512,0.000001683
179,512,0.000000982
180,512,0.000000958
181,512,0.000000948
182,512,0.000000959
183,512,0.000000950
184,512,0.000001078
185,512,0.000000950
186,512,0.000000960
187,512,0.000000947
188,512,0.000000959
189,512,0.000000949
190,512,0.000000957
191,512,0.000000951
192,512,0.000001261
193,512,0.000001674
194,512,0.000000988
195,512,0.000000950
196,512,0.000000964
197,512,0.000000951
198,512,0.000000961
199,512,0.000000953
200,512,0.000000965
201,512,0.000000950
202,512,0.000000961
203,512,0.000000953
204,512,0.000000960
205,512,0.000000949
206,512,0.000000961
207,512,0.000000950
208,512,0.000001746
209,512,0.000000977
210,512,0.000000961
211,512,0.000000947
212,512,0.000000960
213,512,0.000000949
214,512,0.000000961
215,512,0.000000947
216,512,0.000001006
217,512,0.000000949
218,512,0.000000959
219,512,0.000000947
220,512,0.000000960
221,512,0.000000951
222,512,0.000000970
223,512,0.000001662
224,512,0.000000988
225,512,0.000000961
226,512,0.000000962
227,512,0.000000950
228,512,0.000000963
229,512,0.000000952
230,512,0.000000963
231,512,0.000000953
232,512,0.000000996
233,512,0.000000953
234,512,0.000000961
235,512,0.000000949
236,512,0.000000961
237,512,0.000000950
238,512,0.000001004
239,512,0.000001672
240,512,0.000000998
241,512,0.000000953
242,512,0.000000961
243,512,0.000000946
244,512,0.000000961
245,512,0.000000945
246,512,0.000000960
247,512,0.000000947
248,512,0.000000962
249,512,0.000000946
250,512,0.000000962
251,512,0.000000949
252,512,0.000000961
253,512,0.000000990
254,512,0.000001673
255,512,0.000000982
256,512,0.000000991
257,512,0.000000950
258,512,0.000000962
259,512,0.000000949
260,512,0.000000963
261,512,0.000000952
262,512,0.000000961
263,512,0.000000950
264,512,0.000001033
265,512,0.000000954
266,512,0.000000961
267,512,0.000000950
268,512,0.000000973
269,512,0.000001668
270,512,0.000000987
271,512,0.000000951
272,512,0.000000987
273,512,0.000000948
274,512,0.000000962
275,512,0.000000948
276,512,0.000000959
277,512,0.000000947
278,512,0.000000960
279,512,0.000000948
280,512,0.000000990
281,512,0.000000947
282,512,0.000000962
283,512,0.000000947
284,512,0.000001671
285,512,0.000001626
286,512,0.000001143
287,512,0.000001103
288,512,0.000001159
289,512,0.000001081
290,512,0.000001072
291,512,0.000001082
292,512,0.000001070
293,512,0.000001080
294,512,0.000001071
295,512,0.000001076
296,512,0.000001127
297,512,0.000001801
298,512,0.000001003
299,512,0.000000965
300,512,0.000000976
301,512,0.000000965
302,512,0.000000961
303,512,0.000000945
304,512,0.000000986
305,512,0.000000949
306,512,0.000000960
307,512,0.000000946
308,512,0.000000959
309,512,0.000000949
310,512,0.000000960
311,512,0.000000953
312,512,0.000001773
313,512,0.000000981
314,512,0.000000960
315,512,0.000000951
316,512,0.000000960
317,512,0.000000952
318,512,0.000000961
319,512,0.000000950
320,512,0.000000964
321,512,0.000000950
322,512,0.000000963
323,512,0.000000951
324,512,0.000000960
325,512,0.000000953
326,512,0.000000960
327,512,0.000001678
328,512,0.000001012
329,512,0.000000955
330,512,0.000000959
331,512,0.000000947
332,512,0.000000960
333,512,0.000000947
334,512,0.000000961
335,512,0.000000946
336,512,0.000000962
337,512,0.000000946
338,512,0.000000959
339,512,0.000000945
340,512,0.000000962
341,512,0.000000954
342,512,0.000001689
343,512,0.000000978
344,512,0.000000992
345,512,0.000000952
346,512,0.000000960
347,512,0.000000950
348,512,0.000000961
349,512,0.000000956
350,512,0.000000960
351,512,0.000000950
352,512,0.000000969
353,512,0.000000953
354,512,0.000000962
355,512,0.000000952
356,512,0.000000962
357,512,0.000000961
358,512,0.000001682
359,512,0.000000974
360,512,0.000001041
361,512,0.000000950
362,512,0.000000962
363,512,0.000000948
364,512,0.000000957
365,512,0.000000962
366,512,0.000000957
367,512,0.000000948
368,512,0.000000991
369,512,0.000000950
370,512,0.000000958
371,512,0.000000947
372,512,0.000000959
373,512,0.000001670
374,512,0.000000986
375,512,0.000000953
376,512,0.000001067
377,512,0.000000957
378,512,0.000000960
379,512,0.000000951
380,512,0.000000961
381,512,0.000000956
382,512,0.000000962
383,512,0.000000952
384,512,0.000001004
385,512,0.000000954
386,512,0.000000963
387,512,0.000000954
388,512,0.000001675
389,512,0.000000985
390,512,0.000000962
391,512,0.000000948
392,512,0.000001006
393,512,0.000000953
394,512,0.000000959
395,512,0.000000947
396,512,0.000000958
397,512,0.000000949
398,512,0.000000959
399,512,0.000000947
400,512,0.000001311
401,512,0.000000954
402,512,0.000000987
403,512,0.000001674
404,512,0.000000986
405,512,0.000000953
406,512,0.000000961
407,512,0.000000952
408,512,0.000000963
409,512,0.000000952
410,512,0.000000962
411,512,0.000000954
412,512,0.000000961
413,512,0.000000955
414,512,0.000000961
415,512,0.000000954
416,512,0.000000965
417,512,0.000000953
418,512,0.000001680
419,512,0.000000973
420,512,0.000000960
421,512,0.000000947
422,512,0.000000958
423,512,0.000000949
424,512,0.000001078
425,512,0.000000949
426,512,0.000000960
427,512,0.000000949
428,512,0.000000959
429,512,0.000000948
430,512,0.000000959
431,512,0.000000949
432,512,0.000001073
433,512,0.000001694
434,512,0.000000982
435,512,0.000000952
436,512,0.000000961
437,512,0.000000949
438,512,0.000000965
439,512,0.000000952
440,512,0.000000992
441,512,0.000000951
442,512,0.000000966
443,512,0.000000953
444,512,0.000000961
445,512,0.000000949
446,512,0.000000964
447,512,0.000000951
448,512,0.000001725
449,512,0.000000980
450,512,0.000000963
451,512,0.000000949
452,512,0.000000963
453,512,0.000000951
454,512,0.000000959
455,512,0.000000949
456,512,0.000000990
457,512,0.000000949
458,512,0.000000959
459,512,0.000000947
460,512,0.000000958
461,512,0.000000947
462,512,0.000000963
463,512,0.000001676
464,512,0.000001064
465,512,0.000000950
466,512,0.000000961
467,512,0.000000949
468,512,0.000000961
469,512,0.000000949
470,512,0.000000964
471,512,0.000000953
472,512,0.000001015
473,512,0.000000953
474,512,0.000000963
475,512,0.000000952
476,512,0.000000961
477,512,0.000000951
478,512,0.000001686
479,512,0.000000976
480,512,0.000001031
481,512,0.000000951
482,512,0.000000959
483,512,0.000000947
484,512,0.000000958
485,512,0.000000946
486,512,0.000000962
487,512,0.000000947
488,512,0.000001008
489,512,0.000000947
490,512,0.000000960
491,512,0.000000945
492,512,0.000000957
493,512,0.000001674
494,512,0.000000979
495,512,0.000000950
496,512,0.000000989
497,512,0.000000949
498,512,0.000000958
499,512,0.000000953
500,512,0.000000997
501,512,0.000000961
502,512,0.000000973
503,512,0.000000959
504,512,0.000004301
505,512,0.000002057
506,512,0.000001002
507,512,0.000000976
508,512,0.000000969
509,512,0.000000956
510,512,0.000000961
511,512,0.000000955
512,512,0.000003159
513,512,0.000001069
514,512,0.000000964
515,512,0.000000958
516,512,0.000000958
517,512,0.000000948
518,512,0.000000955
519,512,0.000000949
520,512,0.000002321
521,512,0.000001031
522,512,0.000000953
523,512,0.000000964
524,512,0.000000953
525,512,0.000000962
526,512,0.000000982
527,512,0.000001839
528,512,0.000002223
529,512,0.000001013
530,512,0.000000967
531,512,0.000000964
532,512,0.000000966
533,512,0.000000962
534,512,0.000000962
535,512,0.000000963
536,512,0.000002193
537,512,0.000001009
538,512,0.000000997
539,512,0.000001772
540,512,0.000001002
541,512,0.000000961
542,512,0.000000952
543,512,0.000000952
544,512,0.000002131
545,512,0.000001014
546,512,0.000000964
547,512,0.000000966
548,512,0.000000964
549,512,0.000000966
550,512,0.000000966
551,512,0.000000967
552,512,0.000002357
553,512,0.000001780
554,512,0.000001015
555,512,0.000000971
556,512,0.000000965
557,512,0.000000968
558,512,0.000000966
559,512,0.000000966
560,512,0.000002196
561,512,0.000001016
562,512,0.000000968
563,512,0.000000962
564,512,0.000000966
565,512,0.000000967
566,512,0.000001762
567,512,0.000000972
568,512,0.000002168
569,512,0.000001013
570,512,0.000000966
571,512,0.000000961
572,512,0.000000963
573,512,0.000000963
574,512,0.000000963
575,512,0.000000960
576,512,0.000002086
577,512,0.000001025
578,512,0.000001789
579,512,0.000000995
580,512,0.000000964
581,512,0.000000961
582,512,0.000000958
583,512,0.000000958
584,512,0.000002278
585,512,0.000001031
586,512,0.000000954
587,512,0.000000966
588,512,0.000000954
589,512,0.000000964
590,512,0.000000952
591,512,0.000001754
592,512,0.000002236
593,512,0.000001007
594,512,0.000000961
595,512,0.000000962
596,512,0.000000962
597,512,0.000000965
598,512,0.000000961
599,512,0.000000962
600,512,0.000002411
601,512,0.000001018
602,512,0.000000963
603,512,0.000000982
604,512,0.000001770
605,512,0.000000994
606,512,0.000000962
607,512,0.000000957
608,512,0.000002149
609,512,0.000001016
610,512,0.000000966
611,512,0.000000964
612,512,0.000000965
613,512,0.000000971
614,512,0.000000963
615,512,0.000000964
616,512,0.000002366
617,512,0.000001788
618,512,0.000001000
619,512,0.000000964
620,512,0.000000953
621,512,0.000000953
622,512,0.000000955
623,512,0.000000955
624,512,0.000002166
625,512,0.000001014
626,512,0.000000962
627,512,0.000000963
628,512,0.000000966
629,512,0.000000964
630,512,0.000001770
631,512,0.000000993
632,512,0.000004845
633,512,0.000001021
634,512,0.000000963
635,512,0.000000960
636,512,0.000000963
637,512,0.000000959
638,512,0.000000963
639,512,0.000000957
640,512,0.000002194
641,512,0.000001821
642,512,0.000000998
643,512,0.000000950
644,512,0.000000957
645,512,0.000000957
646,512,0.000000959
647,512,0.000000960
648,512,0.000002437
649,512,0.000001010
650,512,0.000000958
651,512,0.000000960
652,512,0.000000962
653,512,0.000001779
654,512,0.000000981
655,512,0.000000966
656,512,0.000002350
657,512,0.000001011
658,512,0.000000959
659,512,0.000000962
660,512,0.000000960
661,512,0.000000963
662,512,0.000000961
663,512,0.000000961
664,512,0.000002127
665,512,0.000001021
666,512,0.000001771
667,512,0.000001047
668,512,0.000000972
669,512,0.000000955
670,512,0.000000953
671,512,0.000000951
672,512,0.000002215
673,512,0.000001008
674,512,0.000000960
675,512,0.000000959
676,512,0.000000960
677,512,0.000000964
678,512,0.000000970
679,512,0.000001791
680,512,0.000002482
681,512,0.000001046
682,512,0.000000966
683,512,0.000000977
684,512,0.000000962
685,512,0.000000964
686,512,0.000000961
687,512,0.000000960
688,512,0.000002188
689,512,0.000001011
690,512,0.000000960
691,512,0.000001778
692,512,0.000000990
693,512,0.000000964
694,512,0.000000958
695,512,0.000000960
696,512,0.000002450
697,512,0.000001014
698,512,0.000000962
699,512,0.000000959
700,512,0.000000961
701,512,0.000000959
702,512,0.000000962
703,512,0.000000962
704,512,0.000002197
705,512,0.000001817
706,512,0.000001000
707,512,0.000000953
708,512,0.000000964
709,512,0.000000962
710,512,0.000000963
711,512,0.000000959
712,512,0.000002258
713,512,0.000001010
714,512,0.000000959
715,512,0.000000964
716,512,0.000000961
717,512,0.000001801
718,512,0.000000978
719,512,0.000000964
720,512,0.000013726
721,512,0.000001203
722,512,0.000000963
723,512,0.000000963
724,512,0.000000965
725,512,0.000000963
726,512,0.000000968
727,512,0.000000962
728,512,0.000002411
729,512,0.000002091
730,512,0.000001008
731,512,0.000000970
732,512,0.000000973
733,512,0.000000968
734,512,0.000000971
735,512,0.000000967
736,512,0.000002193
737,512,0.000001015
738,512,0.000000969
739,512,0.000000968
740,512,0.000000974
741,512,0.000001784
742,512,0.000001004
743,512,0.000000961
744,512,0.000002163
745,512,0.000001017
746,512,0.000000970
747,512,0.000000973
748,512,0.000000972
749,512,0.000000972
750,512,0.000000971
751,512,0.000000973
752,512,0.000002130
753,512,0.000001015
754,512,0.000001791
755,512,0.000001003
756,512,0.000000973
757,512,0.000000967
758,512,0.000000964
759,512,0.000000963
760,512,0.000002171
761,512,0.000001019
762,512,0.000000969
763,512,0.000000967
764,512,0.000000969
765,512,0.000000973
766,512,0.000000971
767,512,0.000000989
768,512,0.000002999
769,512,0.000001057
770,512,0.000000983
771,512,0.000000972
772,512,0.000000974
773,512,0.000000969
774,512,0.000000973
775,512,0.000000972
776,512,0.000002113
777,512,0.000001018
778,512,0.000000972
779,512,0.000000975
780,512,0.000001778
781,512,0.000000989
782,512,0.000000971
783,512,0.000000965
784,512,0.000002134
785,512,0.000001019
786,512,0.000000977
787,512,0.000000968
788,512,0.000000968
789,512,0.000000969
790,512,0.000000969
791,512,0.000000971
792,512,0.000002116
793,512,0.000001792
794,512,0.000000996
795,512,0.000000973
796,512,0.000000971
797,512,0.000000970
798,512,0.000000972
799,512,0.000001083
800,512,0.000003487
801,512,0.000001526
802,512,0.000001627
803,512,0.000001502
804,512,0.000002805
805,512,0.000002041
806,512,0.000001268
807,512,0.000001097
808,512,0.000011404
809,512,0.000001294
810,512,0.000000979
811,512,0.000000959
812,512,0.000000964
813,512,0.000000961
814,512,0.000000976
815,512,0.000002214
816,512,0.000002533
817,512,0.000001012
818,512,0.000000965
819,512,0.000000961
820,512,0.000000960
821,512,0.000000960
822,512,0.000013550
823,512,0.000001035
824,512,0.000002167
825,512,0.000000971
826,512,0.000000942
827,512,0.000001764
828,512,0.000000977
829,512,0.000000934
830,512,0.000000942
831,512,0.000000931
832,512,0.000002177
833,512,0.000000974
834,512,0.000000938
835,512,0.000000937
836,512,0.000000938
837,512,0.000000939
838,512,0.000000938
839,512,0.000000940
840,512,0.000002224
841,512,0.000001761
842,512,0.000000964
843,512,0.000000919
844,512,0.000000934
845,512,0.000000934
846,512,0.000000934
847,512,0.000000934
848,512,0.000002113
849,512,0.000000982
850,512,0.000000935
851,512,0.000000936
852,512,0.000000937
853,512,0.000001701
854,512,0.000000974
855,512,0.000000928
856,512,0.000002058
857,512,0.000000983
858,512,0.000000937
859,512,0.000000941
860,512,0.000000939
861,512,0.000000938
862,512,0.000000938
863,512,0.000000940
864,512,0.000002098
865,512,0.000000979
866,512,0.000001729
867,512,0.000000973
868,512,0.000000933
869,512,0.000000926
870,512,0.000000926
871,512,0.000000928
872,512,0.000002173
873,512,0.000000976
874,512,0.000000937
875,512,0.000000933
876,512,0.000000936
877,512,0.000000934
878,512,0.000000939
879,512,0.000000949
880,512,0.000005409
881,512,0.000001023
882,512,0.000000953
883,512,0.000000938
884,512,0.000000938
885,512,0.000000940
886,512,0.000000937
887,512,0.000000939
888,512,0.000002048
889,512,0.000000979
890,512,0.000001773
891,512,0.000000973
892,512,0.000000935
893,512,0.000000928
894,512,0.000000929
895,512,0.000000924
896,512,0.000002112
897,512,0.000000976
898,512,0.000000934
899,512,0.000000932
900,512,0.000000936
901,512,0.000000940
902,512,0.000000935
903,512,0.000000973
904,512,0.000002854
905,512,0.000001091
906,512,0.000000952
907,512,0.000000938
908,512,0.000000939
909,512,0.000000937
910,512,0.000000943
911,512,0.000000937
912,512,0.000002032
913,512,0.000000980
914,512,0.000000935
915,512,0.000000941
916,512,0.000001758
917,512,0.000000964
918,512,0.000000937
919,512,0.000000930
920,512,0.000002114
921,512,0.000000976
922,512,0.000000938
923,512,0.000000934
924,512,0.000000933
925,512,0.000000932
926,512,0.000000936
927,512,0.000000932
928,512,0.000002200
929,512,0.000001734
930,512,0.000000979
931,512,0.000000931
932,512,0.000000937
933,512,0.000000940
934,512,0.000000937
935,512,0.000000937
936,512,0.000002168
937,512,0.000000985
938,512,0.000000939
939,512,0.000000935
940,512,0.000000942
941,512,0.000000936
942,512,0.000001711
943,512,0.000000963
944,512,0.000002142
945,512,0.000000981
946,512,0.000000934
947,512,0.000000938
948,512,0.000000936
949,512,0.000000934
950,512,0.000000934
951,512,0.000000934
952,512,0.000002115
953,512,0.000000982
954,512,0.000000991
955,512,0.000001723
956,512,0.000000966
957,512,0.000000928
958,512,0.000000931
959,512,0.000000929
960,512,0.000002281
961,512,0.000000988
962,512,0.000000941
963,512,0.000000936
964,512,0.000000941
965,512,0.000000935
966,512,0.000000936
967,512,0.000000938
968,512,0.000002874
969,512,0.000001020
970,512,0.000000952
971,512,0.000000935
972,512,0.000000937
973,512,0.000000936
974,512,0.000000935
975,512,0.000000934
976,512,0.000002160
977,512,0.000000980
978,512,0.000000934
979,512,0.000000937
980,512,0.000000946
981,512,0.000001722
982,512,0.000000965
983,512,0.000000929
984,512,0.000002081
985,512,0.000000980
986,512,0.000000937
987,512,0.000000935
988,512,0.000000936
989,512,0.000000940
990,512,0.000000940
991,512,0.000000938
992,512,0.000002575
993,512,0.000001771
994,512,0.000000975
995,512,0.000000932
996,512,0.000000940
997,512,0.000000938
998,512,0.000000939
999,512,0.000000939
0,768,0.000004605
1,768,0.000001734
2,768,0.000001507
3,768,0.000001412
4,768,0.000001414
5,768,0.000001763
6,768,0.000001405
7,768,0.000001570
8,768,0.000001413
9,768,0.000001368
10,768,0.000001733
11,768,0.000001519
12,768,0.000001402
13,768,0.000001429
14,768,0.000001622
15,768,0.000001420
16,768,0.000001325
17,768,0.000001659
18,768,0.000001270
19,768,0.000001220
20,768,0.000001449
21,768,0.000001716
22,768,0.000001576
23,768,0.000001292
24,768,0.000001295
25,768,0.000001259
26,768,0.000001614
27,768,0.000001366
28,768,0.000001352
29,768,0.000001354
30,768,0.000001330
31,768,0.000001414
32,768,0.000001375
33,768,0.000001386
34,768,0.000001362
35,768,0.000001404
36,768,0.000003818
37,768,0.000001794
38,768,0.000001409
39,768,0.000001391
40,768,0.000001365
41,768,0.000001654
42,768,0.000001766
43,768,0.000001448
44,768,0.000001415
45,768,0.000001384
46,768,0.000001409
47,768,0.000001422
48,768,0.000001420
49,768,0.000001393
50,768,0.000001402
51,768,0.000001403
52,768,0.000001351
53,768,0.000001638
54,768,0.000001393
55,768,0.000001393
56,768,0.000001363
57,768,0.000001384
58,768,0.000001696
59,768,0.000002675
60,768,0.000001386
61,768,0.000001404
62,768,0.000001379
63,768,0.000001380
64,768,0.000001396
65,768,0.000001408
66,768,0.000001398
67,768,0.000001385
68,768,0.000001365
69,768,0.000001677
70,768,0.000001432
71,768,0.000001372
72,768,0.000001433
73,768,0.000001386
74,768,0.000001191
75,768,0.000000936
76,768,0.000000927
77,768,0.000000932
78,768,0.000000926
79,768,0.000000939
80,768,0.000000930
81,768,0.000015625
82,768,0.000001004
83,768,0.000000953
84,768,0.000000955
85,768,0.000001192
86,768,0.000000964
87,768,0.000002052
88,768,0.000001004
89,768,0.000000975
90,768,0.000001259
91,768,0.000000958
92,768,0.000000962
93,768,0.000000954
94,768,0.000000964
95,768,0.000000962
96,768,0.000000972
97,768,0.000000960
98,768,0.000000967
99,768,0.000000957
100,768,0.000000968
101,768,0.000001198
102,768,0.000000970
103,768,0.000000957
104,768,0.000000967
105,768,0.000000958
106,768,0.000001187
107,768,0.000000959
108,768,0.000000967
109,768,0.000000956
110,768,0.000000968
111,768,0.000000969
112,768,0.000001006
113,768,0.000000957
114,768,0.000013469
115,768,0.000001120
116,768,0.000000935
117,768,0.000001142
118,768,0.000000926
119,768,0.000000936
120,768,0.000000926
121,768,0.000000933
122,768,0.000001160
123,768,0.000000936
124,768,0.000001757
125,768,0.000000958
126,768,0.000000933
127,768,0.000000953
128,768,0.000000999
129,768,0.000000946
130,768,0.000000934
131,768,0.000000941
132,768,0.000000933
133,768,0.000001189
134,768,0.000000934
135,768,0.000000940
136,768,0.000000931
137,768,0.000000941
138,768,0.000001145
139,768,0.000000941
140,768,0.000000930
141,768,0.000000941
142,768,0.000000933
143,768,0.000000952
144,768,0.000000957
145,768,0.000000941
146,768,0.000000932
147,768,0.000000941
148,768,0.000000933
149,768,0.000001147
150,768,0.000000932
151,768,0.000000941
152,768,0.000000933
153,768,0.000000943
154,768,0.000001138
155,768,0.000000942
156,768,0.000000933
157,768,0.000000943
158,768,0.000000937
159,768,0.000001708
160,768,0.000000990
161,768,0.000000943
162,768,0.000000931
163,768,0.000000942
164,768,0.000000932
165,768,0.000001142
166,768,0.000000933
167,768,0.000000940
168,768,0.000000931
169,768,0.000000940
170,768,0.000001135
171,768,0.000000940
172,768,0.000000929
173,768,0.000000940
174,768,0.000000931
175,768,0.000000950
176,768,0.000000969
177,768,0.000000940
178,768,0.000000932
179,768,0.000000942
180,768,0.000000932
181,768,0.000001148
182,768,0.000000938
183,768,0.000000945
184,768,0.000000957
185,768,0.000000944
186,768,0.000001189
187,768,0.000000944
188,768,0.000000935
189,768,0.000000946
190,768,0.000000933
191,768,0.000000951
192,768,0.000001017
193,768,0.000000943
194,768,0.000000950
195,768,0.000001662
196,768,0.000000957
197,768,0.000001223
198,768,0.000000936
199,768,0.000000941
200,768,0.000000930
201,768,0.000000939
202,768,0.000001242
203,768,0.000000943
204,768,0.000000928
205,768,0.000000942
206,768,0.000000928
207,768,0.000000949
208,768,0.000000950
209,768,0.000000942
210,768,0.000000931
211,768,0.000000941
212,768,0.000000932
213,768,0.000001149
214,768,0.000000935
215,768,0.000000944
216,768,0.000000932
217,768,0.000000941
218,768,0.000001158
219,768,0.000000947
220,768,0.000000933
221,768,0.000000943
222,768,0.000000933
223,768,0.000000950
224,768,0.000000936
225,768,0.000000942
226,768,0.000000930
227,768,0.000000942
228,768,0.000000931
229,768,0.000001178
230,768,0.000001753
231,768,0.000000976
232,768,0.000000929
233,768,0.000000938
234,768,0.000001156
235,768,0.000000943
236,768,0.000000931
237,768,0.000000939
238,768,0.000000932
239,768,0.000000947
240,768,0.000001041
241,768,0.000000943
242,768,0.000000933
243,768,0.000000942
244,768,0.000000932
245,768,0.000001180
246,768,0.000000934
247,768,0.000000942
248,768,0.000000934
249,768,0.000000945
250,768,0.000001173
251,768,0.000000945
252,768,0.000000934
253,768,0.000000942
254,768,0.000000933
255,768,0.000000948
256,768,0.000000957
257,768,0.000000939
258,768,0.000000933
259,768,0.000000941
260,768,0.000000931
261,768,0.000001175
262,768,0.000000933
263,768,0.000000940
264,768,0.000000931
265,768,0.000001654
266,768,0.000012257
267,768,0.000001025
268,768,0.000000945
269,768,0.000000943
270,768,0.000000938
271,768,0.000000950
272,768,0.000000943
273,768,0.000000941
274,768,0.000000937
275,768,0.000000944
276,768,0.000000938
277,768,0.000001146
278,768,0.000000937
279,768,0.000000943
280,768,0.000000935
281,768,0.000000940
282,768,0.000001185
283,768,0.000000941
284,768,0.000000936
285,768,0.000000939
286,768,0.000000938
287,768,0.000000951
288,768,0.000000966
289,768,0.000000940
290,768,0.000000936
291,768,0.000000941
292,768,0.000000934
293,768,0.000001179
294,768,0.000000936
295,768,0.000000940
296,768,0.000000937
297,768,0.000000942
298,768,0.000002238
299,768,0.000001019
300,768,0.000000945
301,768,0.000000952
302,768,0.000000944
303,768,0.000000965
304,768,0.000000976
305,768,0.000000949
306,768,0.000000939
307,768,0.000000949
308,768,0.000000938
309,768,0.000001207
310,768,0.000000938
311,768,0.000001004
312,768,0.000000938
313,768,0.000001673
314,768,0.000001208
315,768,0.000000953
316,768,0.000000939
317,768,0.000000949
318,768,0.000000936
319,768,0.000000959
320,768,0.000000974
321,768,0.000000949
322,768,0.000000938
323,768,0.000000950
324,768,0.000000940
325,768,0.000001154
326,768,0.000000939
327,768,0.000000964
328,768,0.000001636
329,768,0.000000967
330,768,0.000001152
331,768,0.000000954
332,768,0.000000944
333,768,0.000000954
334,768,0.000000940
335,768,0.000000964
336,768,0.000001032
337,768,0.000000953
338,768,0.000000943
339,768,0.000000953
340,768,0.000000940
341,768,0.000001170
342,768,0.000001643
343,768,0.000000984
344,768,0.000000939
345,768,0.000000951
346,768,0.000001145
347,768,0.000000949
348,768,0.000000936
349,768,0.000000954
350,768,0.000000938
351,768,0.000000958
352,768,0.000001054
353,768,0.000000955
354,768,0.000000938
355,768,0.000000952
356,768,0.000000961
357,768,0.000001907
358,768,0.000000958
359,768,0.000000951
360,768,0.000000941
361,768,0.000000953
362,768,0.000001152
363,768,0.000000950
364,768,0.000000941
365,768,0.000000955
366,768,0.000000941
367,768,0.000000962
368,768,0.000000978
369,768,0.000000952
370,768,0.000000939
371,768,0.000001651
372,768,0.000000958
373,768,0.000001164
374,768,0.000000939
375,768,0.000000950
376,768,0.000000938
377,768,0.000000947
378,768,0.000001169
379,768,0.000000956
380,768,0.000000938
381,768,0.000000950
382,768,0.000000939
383,768,0.000000957
384,768,0.000000950
385,768,0.000000956
386,768,0.000001631
387,768,0.000000969
388,768,0.000000942
389,768,0.000001189
390,768,0.000001275
391,768,0.000001467
392,768,0.000015938
393,768,0.000001553
394,768,0.000001850
395,768,0.000001512
396,768,0.000001527
397,768,0.000002648
398,768,0.000001055
399,768,0.000000978
400,768,0.000001032
401,768,0.000000950
402,768,0.000000955
403,768,0.000000950
404,768,0.000000957
405,768,0.000001173
406,768,0.000000954
407,768,0.000000947
408,768,0.000000956
409,768,0.000000948
410,768,0.000001267
411,768,0.000001770
412,768,0.000013617
413,768,0.000001045
414,768,0.000000932
415,768,0.000000946
416,768,0.000000969
417,768,0.000000936
418,768,0.000000935
419,768,0.000000952
420,768,0.000000931
421,768,0.000001175
422,768,0.000000933
423,768,0.000000937
424,768,0.000000934
425,768,0.000000975
426,768,0.000001933
427,768,0.000000988
428,768,0.000000929
429,768,0.000000940
430,768,0.000000927
431,768,0.000000950
432,768,0.000000994
433,768,0.000000937
434,768,0.000000928
435,768,0.000000937
436,768,0.000000927
437,768,0.000001174
438,768,0.000000928
439,768,0.000000938
440,768,0.000001659
441,768,0.000000950
442,768,0.000001264
443,768,0.000000950
444,768,0.000000937
445,768,0.000000931
446,768,0.000000940
447,768,0.000000936
448,768,0.000000975
449,768,0.000000933
450,768,0.000000940
451,768,0.000000931
452,768,0.000000941
453,768,0.000001196
454,768,0.000000953
455,768,0.000001647
456,768,0.000000951
457,768,0.000000941
458,768,0.000001148
459,768,0.000000939
460,768,0.000000928
461,768,0.000000939
462,768,0.000000926
463,768,0.000000946
464,768,0.000000984
465,768,0.000000938
466,768,0.000000925
467,768,0.000000939
468,768,0.000000929
469,768,0.000001155
470,768,0.000001644
471,768,0.000000948
472,768,0.000000937
473,768,0.000000928
474,768,0.000001145
475,768,0.000000929
476,768,0.000000937
477,768,0.000000927
478,768,0.000000938
479,768,0.000000939
480,768,0.000000941
481,768,0.000000929
482,768,0.000000940
483,768,0.000000929
484,768,0.000001645
485,768,0.000001213
486,768,0.000000931
487,768,0.000000939
488,768,0.000000931
489,768,0.000000937
490,768,0.000001158
491,768,0.000000937
492,768,0.000000931
493,768,0.000000938
494,768,0.000000930
495,768,0.000000945
496,768,0.000001000
497,768,0.000000935
498,768,0.000000926
499,768,0.000001650
500,768,0.000000956
501,768,0.000001209
502,768,0.000000938
503,768,0.000000929
504,768,0.000000940
505,768,0.000000930
506,768,0.000001199
507,768,0.000000928
508,768,0.000000940
509,768,0.000000929
510,768,0.000000941
511,768,0.000000937
512,768,0.000000976
513,768,0.000000936
514,768,0.000001643
515,768,0.000001152
516,768,0.000000963
517,768,0.000001202
518,768,0.000000937
519,768,0.000000940
520,768,0.000000930
521,768,0.000000941
522,768,0.000001137
523,768,0.000000968
524,768,0.000000930
525,768,0.000000938
526,768,0.000000935
527,768,0.000000949
528,768,0.000001698
529,768,0.000000978
530,768,0.000000972
531,768,0.000000962
532,768,0.000000952
533,768,0.000001141
534,768,0.000000938
535,768,0.000000929
536,768,0.000000938
537,768,0.000000928
538,768,0.000001163
539,768,0.000000931
540,768,0.000000939
541,768,0.000000929
542,768,0.000000948
543,768,0.000001643
544,768,0.000000997
545,768,0.000000951
546,768,0.000000940
547,768,0.000000950
548,768,0.000000932
549,768,0.000001143
550,768,0.000000929
551,768,0.000000940
552,768,0.000000930
553,768,0.000000939
554,768,0.000001158
555,768,0.000000939
556,768,0.000000927
557,768,0.000001646
558,768,0.000000962
559,768,0.000000937
560,768,0.000001025
561,768,0.000000930
562,768,0.000000943
563,768,0.000000926
564,768,0.000000937
565,768,0.000001176
566,768,0.000000937
567,768,0.000000929
568,768,0.000000939
569,768,0.000000928
570,768,0.000001221
571,768,0.000000932
572,768,0.000001645
573,768,0.000000973
574,768,0.000000931
575,768,0.000000952
576,768,0.000000983
577,768,0.000000940
578,768,0.000000930
579,768,0.000000939
580,768,0.000000928
581,768,0.000001168
582,768,0.000000929
583,768,0.000000940
584,768,0.000000931
585,768,0.000000939
586,768,0.000001208
587,768,0.000001641
588,768,0.000000970
589,768,0.000000929
590,768,0.000000936
591,768,0.000000935
592,768,0.000000958
593,768,0.000000928
594,768,0.000000938
595,768,0.000000929
596,768,0.000000938
597,768,0.000001165
598,768,0.000000941
599,768,0.000000928
600,768,0.000000944
601,768,0.000001632
602,768,0.000001230
603,768,0.000000975
604,768,0.000000929
605,768,0.000000942
606,768,0.000000929
607,768,0.000000952
608,768,0.000000953
609,768,0.000000941
610,768,0.000000930
611,768,0.000000940
612,768,0.000000927
613,768,0.000001149
614,768,0.000000928
615,768,0.000000960
616,768,0.000001646
617,768,0.000000958
618,768,0.000001265
619,768,0.000000928
620,768,0.000000937
621,768,0.000000927
622,768,0.000000936
623,768,0.000000936
624,768,0.000000944
625,768,0.000000931
626,768,0.000000938
627,768,0.000000929
628,768,0.000000940
629,768,0.000001155
630,768,0.000001655
631,768,0.000000968
632,768,0.000000930
633,768,0.000000941
634,768,0.000001166
635,768,0.000000941
636,768,0.000000931
637,768,0.000000942
638,768,0.000000930
639,768,0.000000951
640,768,0.000000997
641,768,0.000000942
642,768,0.000000929
643,768,0.000000937
644,768,0.000000927
645,768,0.000001842
646,768,0.000000963
647,768,0.000000928
648,768,0.000000936
649,768,0.000000926
650,768,0.000001201
651,768,0.000000951
652,768,0.000000936
653,768,0.000000928
654,768,0.000000939
655,768,0.000000940
656,768,0.000000966
657,768,0.000000928
658,768,0.000000937
659,768,0.000000933
660,768,0.000001647
661,768,0.000001210
662,768,0.000000933
663,768,0.000000942
664,768,0.000000931
665,768,0.000000941
666,768,0.000004327
667,768,0.000001028
668,768,0.000000960
669,768,0.000000937
670,768,0.000000951
671,768,0.000001764
672,768,0.000002372
673,768,0.000000992
674,768,0.000000938
675,768,0.000000944
676,768,0.000000938
677,768,0.000002340
678,768,0.000000986
679,768,0.000000944
680,768,0.000000942
681,768,0.000000941
682,768,0.000002973
683,768,0.000001791
684,768,0.000000975
685,768,0.000000936
686,768,0.000000941
687,768,0.000000956
688,768,0.000002254
689,768,0.000000990
690,768,0.000000939
691,768,0.000000943
692,768,0.000000943
693,768,0.000002266
694,768,0.000001769
695,768,0.000000968
696,768,0.000000934
697,768,0.000000933
698,768,0.000002412
699,768,0.000000999
700,768,0.000000930
701,768,0.000000937
702,768,0.000000930
703,768,0.000000950
704,768,0.000002114
705,768,0.000001728
706,768,0.000000975
707,768,0.000000927
708,768,0.000000933
709,768,0.000002388
710,768,0.000001008
711,768,0.000000934
712,768,0.000000943
713,768,0.000000933
714,768,0.000002291
715,768,0.000000998
716,768,0.000000935
717,768,0.000000996
718,768,0.000001711
719,768,0.000000985
720,768,0.000002152
721,768,0.000000998
722,768,0.000000931
723,768,0.000000938
724,768,0.000000937
725,768,0.000005117
726,768,0.000000981
727,768,0.000001737
728,768,0.000000961
729,768,0.000000938
730,768,0.000002374
731,768,0.000000987
732,768,0.000000940
733,768,0.000000942
734,768,0.000000942
735,768,0.000000947
736,768,0.000002118
737,768,0.000000983
738,768,0.000000940
739,768,0.000001722
740,768,0.000001038
741,768,0.000002384
742,768,0.000000982
743,768,0.000000935
744,768,0.000000940
745,768,0.000000935
746,768,0.000002348
747,768,0.000000974
748,768,0.000000938
749,768,0.000000937
750,768,0.000000955
751,768,0.000001708
752,768,0.000002282
753,768,0.000000996
754,768,0.000000928
755,768,0.000000939
756,768,0.000000937
757,768,0.000002347
758,768,0.000000982
759,768,0.000000939
760,768,0.000000938
761,768,0.000000940
762,768,0.000002506
763,768,0.000001775
764,768,0.000000968
765,768,0.000000930
766,768,0.000000936
767,768,0.000000949
768,768,0.000002172
769,768,0.000000982
770,768,0.000000938
771,768,0.000000935
772,768,0.000000938
773,768,0.000002325
774,768,0.000001738
775,768,0.000000969
776,768,0.000000932
777,768,0.000000930
778,768,0.000002328
779,768,0.000000985
780,768,0.000000937
781,768,0.000000936
782,768,0.000000940
783,768,0.000000949
784,768,0.000002117
785,768,0.000000988
786,768,0.000001728
787,768,0.000000959
788,768,0.000000929
789,768,0.000002950
790,768,0.000000995
791,768,0.000000936
792,768,0.000000935
793,768,0.000000938
794,768,0.000002427
795,768,0.000000975
796,768,0.000000934
797,768,0.000001733
798,768,0.000000965
799,768,0.000000940
800,768,0.000002159
801,768,0.000000981
802,768,0.000000937
803,768,0.000000937
804,768,0.000000942
805,768,0.000002344
806,768,0.000000989
807,768,0.000000939
808,768,0.000000940
809,768,0.000000951
810,768,0.000003170
811,768,0.000001024
812,768,0.000000942
813,768,0.000000939
814,768,0.000000939
815,768,0.000000949
816,768,0.000002097
817,768,0.000000979
818,768,0.000000936
819,768,0.000000936
820,768,0.000000935
821,768,0.000002348
822,768,0.000001792
823,768,0.000000969
824,768,0.000000929
825,768,0.000000936
826,768,0.000002562
827,768,0.000000984
828,768,0.000000942
829,768,0.000000941
830,768,0.000000938
831,768,0.000000945
832,768,0.000002177
833,768,0.000001775
834,768,0.000000980
835,768,0.000000928
836,768,0.000000940
837,768,0.000002430
838,768,0.000000974
839,768,0.000000940
840,768,0.000000939
841,768,0.000000936
842,768,0.000002342
843,768,0.000000976
844,768,0.000001740
845,768,0.000000950
846,768,0.000000936
847,768,0.000000941
848,768,0.000002194
849,768,0.000000980
850,768,0.000000938
851,768,0.000000939
852,768,0.000000938
853,768,0.000002422
854,768,0.000000979
855,768,0.000000939
856,768,0.000001749
857,768,0.000000962
858,768,0.000002361
859,768,0.000000980
860,768,0.000000941
861,768,0.000000938
862,768,0.000000936
863,768,0.000000946
864,768,0.000002114
865,768,0.000001485
866,768,0.000000947
867,768,0.000000934
868,768,0.000001749
869,768,0.000002440
870,768,0.000000995
871,768,0.000000935
872,768,0.000000935
873,768,0.000000938
874,768,0.000002239
875,768,0.000000976
876,768,0.000000938
877,768,0.000000934
878,768,0.000000940
879,768,0.000000950
880,768,0.000002950
881,768,0.000001019
882,768,0.000000954
883,768,0.000000941
884,768,0.000000942
885,768,0.000002337
886,768,0.000000982
887,768,0.000000936
888,768,0.000000937
889,768,0.000000943
890,768,0.000004646
891,768,0.000001749
892,768,0.000000964
893,768,0.000000925
894,768,0.000000934
895,768,0.000000950
896,768,0.000002164
897,768,0.000000980
898,768,0.000000939
899,768,0.000000939
900,768,0.000000938
901,768,0.000002448
902,768,0.000001762
903,768,0.000000968
904,768,0.000000932
905,768,0.000000943
906,768,0.000002355
907,768,0.000000979
908,768,0.000000940
909,768,0.000000937
910,768,0.000000936
911,768,0.000000947
912,768,0.000002075
913,768,0.000001775
914,768,0.000000978
915,768,0.000000926
916,768,0.000000939
917,768,0.000002471
918,768,0.000000983
919,768,0.000000934
920,768,0.000000937
921,768,0.000000937
922,768,0.000002296
923,768,0.000000971
924,768,0.000000936
925,768,0.000001751
926,768,0.000000957
927,768,0.000000947
928,768,0.000002212
929,768,0.000000986
930,768,0.000000941
931,768,0.000000938
932,768,0.000000937
933,768,0.000002316
934,768,0.000000982
935,768,0.000000936
936,768,0.000000937
937,768,0.000001735
938,768,0.000002360
939,768,0.000000981
940,768,0.000000936
941,768,0.000000934
942,768,0.000000936
943,768,0.000000944
944,768,0.000002195
945,768,0.000000979
946,768,0.000000936
947,768,0.000000939
948,768,0.000000937
949,768,0.000002289
950,768,0.000000982
951,768,0.000000934
952,768,0.000000941
953,768,0.000000940
954,768,0.000002339
955,768,0.000000980
956,768,0.000000939
957,768,0.000000938
958,768,0.000000935
959,768,0.000000950
960,768,0.000002505
961,768,0.000001794
962,768,0.000000964
963,768,0.000000923
964,768,0.000000935
965,768,0.000002344
966,768,0.000000979
967,768,0.000000934
968,768,0.000000941
969,768,0.000000937
970,768,0.000002381
971,768,0.000000980
972,768,0.000000934
973,768,0.000000942
974,768,0.000000936
975,768,0.000000946
976,768,0.000002124
977,768,0.000000983
978,768,0.000000938
979,768,0.000000942
980,768,0.000000939
981,768,0.000002583
982,768,0.000001149
983,768,0.000001080
984,768,0.000001079
985,768,0.000001067
986,768,0.000002449
987,768,0.000000994
988,768,0.000000938
989,768,0.000000974
990,768,0.000001737
991,768,0.000000970
992,768,0.000002215
993,768,0.000000991
994,768,0.000000937
995,768,0.000000939
996,768,0.000000936
997,768,0.000002278
998,768,0.000000976
999,768,0.000000937
0,1024,0.000003314
1,1024,0.000001684
2,1024,0.000001515
3,1024,0.000001454
4,1024,0.000001430
5,1024,0.000001392
6,1024,0.000001402
7,1024,0.000001412
8,1024,0.000001455
9,1024,0.000001386
10,1024,0.000001376
11,1024,0.000001538
12,1024,0.000001433
13,1024,0.000001439
14,1024,0.000001433
15,1024,0.000001349
16,1024,0.000001574
17,1024,0.000001358
18,1024,0.000001455
19,1024,0.000001303
20,1024,0.000001286
21,1024,0.000001474
22,1024,0.000001570
23,1024,0.000001359
24,1024,0.000001430
25,1024,0.000001863
26,1024,0.000001608
27,1024,0.000001330
28,1024,0.000001331
29,1024,0.000001322
30,1024,0.000001333
31,1024,0.000001336
32,1024,0.000001413
33,1024,0.000001348
34,1024,0.000003374
35,1024,0.000001440
36,1024,0.000001439
37,1024,0.000001348
38,1024,0.000001287
39,1024,0.000001220
40,1024,0.000001748
41,1024,0.000001257
42,1024,0.000001343
43,1024,0.000001322
44,1024,0.000002630
45,1024,0.000001757
46,1024,0.000001618
47,1024,0.000001476
48,1024,0.000001215
49,1024,0.000001270
50,1024,0.000001269
51,1024,0.000001257
52,1024,0.000001346
53,1024,0.000001325
54,1024,0.000002562
55,1024,0.000001458
56,1024,0.000001625
57,1024,0.000001812
58,1024,0.000001913
59,1024,0.000001693
60,1024,0.000001686
61,1024,0.000001704
62,1024,0.000001384
63,1024,0.000002349
64,1024,0.000001338
65,1024,0.000001279
66,1024,0.000001256
67,1024,0.000001371
68,1024,0.000001384
69,1024,0.000001208
70,1024,0.000001184
71,1024,0.000001303
72,1024,0.000001229
73,1024,0.000001227
74,1024,0.000002374
75,1024,0.000001374
76,1024,0.000001370
77,1024,0.000001199
78,1024,0.000001248
79,1024,0.000001231
80,1024,0.000001228
81,1024,0.000001286
82,1024,0.000001336
83,1024,0.000001275
84,1024,0.000001343
85,1024,0.000002608
86,1024,0.000001380
87,1024,0.000001320
88,1024,0.000001412
89,1024,0.000001329
90,1024,0.000001705
91,1024,0.000001288
92,1024,0.000001384
93,1024,0.000001301
94,1024,0.000001302
95,1024,0.000001349
96,1024,0.000001394
97,1024,0.000001549
98,1024,0.000001422
99,1024,0.000001333
100,1024,0.000001479
101,1024,0.000001489
102,1024,0.000001480
103,1024,0.000001380
104,1024,0.000001416
105,1024,0.000001409
106,1024,0.000001400
107,1024,0.000001454
108,1024,0.000001623
109,1024,0.000001330
110,1024,0.000001455
111,1024,0.000001771
112,1024,0.000001366
113,1024,0.000001409
114,1024,0.000001391
115,1024,0.000001397
116,1024,0.000001419
117,1024,0.000001389
118,1024,0.000001406
119,1024,0.000001406
120,1024,0.000001388
121,1024,0.000001388
122,1024,0.000001403
123,1024,0.000001378
124,1024,0.000001434
125,1024,0.000001382
126,1024,0.000001418
127,1024,0.000001401
128,1024,0.000001404
129,1024,0.000001406
130,1024,0.000001411
131,1024,0.000001393
132,1024,0.000001365
133,1024,0.000001415
134,1024,0.000001425
135,1024,0.000001382
136,1024,0.000001388
137,1024,0.000001371
138,1024,0.000001387
139,1024,0.000001377
140,1024,0.000001404
141,1024,0.000001390
142,1024,0.000001387
143,1024,0.000001375
144,1024,0.000001442
145,1024,0.000001398
146,1024,0.000001372
147,1024,0.000001377
148,1024,0.000001444
149,1024,0.000001394
150,1024,0.000001398
151,1024,0.000001372
152,1024,0.000001378
153,1024,0.000001379
154,1024,0.000001389
155,1024,0.000001405
156,1024,0.000001406
157,1024,0.000001397
158,1024,0.000001378
159,1024,0.000001381
160,1024,0.000001379
161,1024,0.000001377
162,1024,0.000003079
163,1024,0.000001429
164,1024,0.000001396
165,1024,0.000001385
166,1024,0.000001384
167,1024,0.000001358
168,1024,0.000001458
169,1024,0.000001383
170,1024,0.000001454
171,1024,0.000001504
172,1024,0.000001175
173,1024,0.000001931
174,1024,0.000000978
175,1024,0.000000938
176,1024,0.000000957
177,1024,0.000000937
178,1024,0.000000933
179,1024,0.000000935
180,1024,0.000000970
181,1024,0.000000935
182,1024,0.000000935
183,1024,0.000000930
184,1024,0.000000987
185,1024,0.000000931
186,1024,0.000000929
187,1024,0.000000974
188,1024,0.000001766
189,1024,0.000000984
190,1024,0.000000933
191,1024,0.000000941
192,1024,0.000000969
193,1024,0.000000945
194,1024,0.000000931
195,1024,0.000000943
196,1024,0.000000993
197,1024,0.000000945
198,1024,0.000000932
199,1024,0.000000947
200,1024,0.000000966
201,1024,0.000000947
202,1024,0.000000956
203,1024,0.000001673
204,1024,0.000000975
205,1024,0.000000937
206,1024,0.000000944
207,1024,0.000000935
208,1024,0.000000987
209,1024,0.000000934
210,1024,0.000000941
211,1024,0.000000930
212,1024,0.000000944
213,1024,0.000000932
214,1024,0.000000945
215,1024,0.000000930
216,1024,0.000000985
217,1024,0.000000941
218,1024,0.000001644
219,1024,0.000000985
220,1024,0.000000971
221,1024,0.000000955
222,1024,0.000000943
223,1024,0.000000932
224,1024,0.000000987
225,1024,0.000000934
226,1024,0.000000944
227,1024,0.000000932
228,1024,0.000000976
229,1024,0.000000933
230,1024,0.000000944
231,1024,0.000000957
232,1024,0.000000977
233,1024,0.000001630
234,1024,0.000000974
235,1024,0.000000936
236,1024,0.000000989
237,1024,0.000000934
238,1024,0.000000945
239,1024,0.000000933
240,1024,0.000000991
241,1024,0.000000933
242,1024,0.000000942
243,1024,0.000000929
244,1024,0.000000965
245,1024,0.000000931
246,1024,0.000000939
247,1024,0.000000942
248,1024,0.000001651
249,1024,0.000000956
250,1024,0.000000943
251,1024,0.000000931
252,1024,0.000000983
253,1024,0.000000932
254,1024,0.000000942
255,1024,0.000000933
256,1024,0.000000966
257,1024,0.000000931
258,1024,0.000000948
259,1024,0.000000936
260,1024,0.000001010
261,1024,0.000000933
262,1024,0.000000957
263,1024,0.000001648
264,1024,0.000001220
265,1024,0.000000955
266,1024,0.000000959
267,1024,0.000000934
268,1024,0.000001045
269,1024,0.000000936
270,1024,0.000000946
271,1024,0.000000935
272,1024,0.000000945
273,1024,0.000000934
274,1024,0.000000944
275,1024,0.000000934
276,1024,0.000000987
277,1024,0.000001645
278,1024,0.000000980
279,1024,0.000000939
280,1024,0.000000967
281,1024,0.000000939
282,1024,0.000000943
283,1024,0.000000931
284,1024,0.000000985
285,1024,0.000000931
286,1024,0.000000946
287,1024,0.000000933
288,1024,0.000000964
289,1024,0.000000934
290,1024,0.000000943
291,1024,0.000000933
292,1024,0.000001688
293,1024,0.000000974
294,1024,0.000000948
295,1024,0.000000934
296,1024,0.000000968
297,1024,0.000000934
298,1024,0.000000947
299,1024,0.000000933
300,1024,0.000000984
301,1024,0.000000934
302,1024,0.000000944
303,1024,0.000000931
304,1024,0.000000968
305,1024,0.000000933
306,1024,0.000000945
307,1024,0.000001638
308,1024,0.000001005
309,1024,0.000000930
310,1024,0.000000941
311,1024,0.000000931
312,1024,0.000000945
313,1024,0.000000931
314,1024,0.000000942
315,1024,0.000000928
316,1024,0.000000945
317,1024,0.000000933
318,1024,0.000000944
319,1024,0.000000933
320,1024,0.000000946
321,1024,0.000000937
322,1024,0.000001652
323,1024,0.000000963
324,1024,0.000000991
325,1024,0.000000937
326,1024,0.000000944
327,1024,0.000000939
328,1024,0.000000969
329,1024,0.000000933
330,1024,0.000000943
331,1024,0.000000932
332,1024,0.000000969
333,1024,0.000000929
334,1024,0.000000941
335,1024,0.000000932
336,1024,0.000001001
337,1024,0.000001637
338,1024,0.000000971
339,1024,0.000000933
340,1024,0.000000995
341,1024,0.000000933
342,1024,0.000000944
343,1024,0.000000932
344,1024,0.000000964
345,1024,0.000000933
346,1024,0.000000945
347,1024,0.000000932
348,1024,0.000000998
349,1024,0.000000937
350,1024,0.000000943
351,1024,0.000000938
352,1024,0.000001679
353,1024,0.000000970
354,1024,0.000000950
355,1024,0.000000936
356,1024,0.000000951
357,1024,0.000000937
358,1024,0.000000946
359,1024,0.000000935
360,1024,0.000000984
361,1024,0.000000937
362,1024,0.000000945
363,1024,0.000000936
364,1024,0.000000980
365,1024,0.000000936
366,1024,0.000000950
367,1024,0.000001637
368,1024,0.000000995
369,1024,0.000000929
370,1024,0.000000943
371,1024,0.000000931
372,1024,0.000000949
373,1024,0.000000928
374,1024,0.000000941
375,1024,0.000000932
376,1024,0.000000997
377,1024,0.000000931
378,1024,0.000000944
379,1024,0.000000932
380,1024,0.000000945
381,1024,0.000000929
382,1024,0.000001648
383,1024,0.000000967
384,1024,0.000000980
385,1024,0.000000934
386,1024,0.000000942
387,1024,0.000000935
388,1024,0.000000975
389,1024,0.000000934
390,1024,0.000000943
391,1024,0.000000932
392,1024,0.000000949
393,1024,0.000000934
394,1024,0.000000940
395,1024,0.000000931
396,1024,0.000000986
397,1024,0.000001664
398,1024,0.000000979
399,1024,0.000000930
400,1024,0.000000976
401,1024,0.000000935
402,1024,0.000000942
403,1024,0.000000929
404,1024,0.000000987
405,1024,0.000000931
406,1024,0.000000939
407,1024,0.000000928
408,1024,0.000000973
409,1024,0.000000933
410,1024,0.000000947
411,1024,0.000000931
412,1024,0.000001651
413,1024,0.000000963
414,1024,0.000000942
415,1024,0.000000934
416,1024,0.000000979
417,1024,0.000000937
418,1024,0.000000944
419,1024,0.000000933
420,1024,0.000000993
421,1024,0.000000933
422,1024,0.000000942
423,1024,0.000000935
424,1024,0.000000983
425,1024,0.000000935
426,1024,0.000000942
427,1024,0.000001646
428,1024,0.000000987
429,1024,0.000000935
430,1024,0.000000940
431,1024,0.000000934
432,1024,0.000000978
433,1024,0.000000934
434,1024,0.000000937
435,1024,0.000000927
436,1024,0.000000962
437,1024,0.000000931
438,1024,0.000000938
439,1024,0.000000931
440,1024,0.000000981
441,1024,0.000000933
442,1024,0.000000942
443,1024,0.000000929
444,1024,0.000000970
445,1024,0.000001670
446,1024,0.000000973
447,1024,0.000000939
448,1024,0.000000948
449,1024,0.000000935
450,1024,0.000000945
451,1024,0.000000936
452,1024,0.000000985
453,1024,0.000000935
454,1024,0.000000947
455,1024,0.000000934
456,1024,0.000000973
457,1024,0.000000934
458,1024,0.000000943
459,1024,0.000000932
460,1024,0.000000964
461,1024,0.000000932
462,1024,0.000000941
463,1024,0.000000931
464,1024,0.000000945
465,1024,0.000000932
466,1024,0.000000943
467,1024,0.000000931
468,1024,0.000000981
469,1024,0.000001657
470,1024,0.000000965
471,1024,0.000000930
472,1024,0.000000982
473,1024,0.000000932
474,1024,0.000000941
475,1024,0.000000930
476,1024,0.000000947
477,1024,0.000000930
478,1024,0.000000943
479,1024,0.000000930
480,1024,0.000001009
481,1024,0.000000937
482,1024,0.000000945
483,1024,0.000000934
484,1024,0.000000968
485,1024,0.000001643
486,1024,0.000000973
487,1024,0.000000932
488,1024,0.000001001
489,1024,0.000000930
490,1024,0.000000945
491,1024,0.000000932
492,1024,0.000000969
493,1024,0.000000931
494,1024,0.000000944
495,1024,0.000000931
496,1024,0.000001003
497,1024,0.000000934
498,1024,0.000000940
499,1024,0.000000937
500,1024,0.000001694
501,1024,0.000001094
502,1024,0.000000967
503,1024,0.000000936
504,1024,0.000001025
505,1024,0.000000935
506,1024,0.000000944
507,1024,0.000000936
508,1024,0.000000992
509,1024,0.000000937
510,1024,0.000000942
511,1024,0.000000932
512,1024,0.000000973
513,1024,0.000000940
514,1024,0.000000961
515,1024,0.000001664
516,1024,0.000001018
517,1024,0.000000939
518,1024,0.000000949
519,1024,0.000010782
520,1024,0.000001092
521,1024,0.000000957
522,1024,0.000000954
523,1024,0.000000945
524,1024,0.000000998
525,1024,0.000000946
526,1024,0.000000958
527,1024,0.000000945
528,1024,0.000000995
529,1024,0.000000947
530,1024,0.000000956
531,1024,0.000000950
532,1024,0.000001011
533,1024,0.000000951
534,1024,0.000000958
535,1024,0.000000949
536,1024,0.000000990
537,1024,0.000000948
538,1024,0.000000955
539,1024,0.000000946
540,1024,0.000001001
541,1024,0.000000944
542,1024,0.000000955
543,1024,0.000000942
544,1024,0.000000997
545,1024,0.000000976
546,1024,0.000002358
547,1024,0.000001014
548,1024,0.000001007
549,1024,0.000000952
550,1024,0.000000951
551,1024,0.000000953
552,1024,0.000000983
553,1024,0.000000955
554,1024,0.000000951
555,1024,0.000000954
556,1024,0.000001003
557,1024,0.000000955
558,1024,0.000000956
559,1024,0.000000953
560,1024,0.000000976
561,1024,0.000000955
562,1024,0.000001744
563,1024,0.000000970
564,1024,0.000000952
565,1024,0.000000956
566,1024,0.000000945
567,1024,0.000000954
568,1024,0.000000999
569,1024,0.000000953
570,1024,0.000000944
571,1024,0.000000953
572,1024,0.000001090
573,1024,0.000000952
574,1024,0.000000947
575,1024,0.000000956
576,1024,0.000001668
577,1024,0.000000975
578,1024,0.000000944
579,1024,0.000000974
580,1024,0.000000990
581,1024,0.000000959
582,1024,0.000000939
583,1024,0.000000952
584,1024,0.000000961
585,1024,0.000000952
586,1024,0.000000944
587,1024,0.000000954
588,1024,0.000000992
589,1024,0.000000975
590,1024,0.000000944
591,1024,0.000001667
592,1024,0.000001003
593,1024,0.000000945
594,1024,0.000000974
595,1024,0.000000945
596,1024,0.000000961
597,1024,0.000000957
598,1024,0.000000956
599,1024,0.000000947
600,1024,0.000001064
601,1024,0.000000949
602,1024,0.000000955
603,1024,0.000000944
604,1024,0.000000999
605,1024,0.000000982
606,1024,0.000001693
607,1024,0.000000981
608,1024,0.000000971
609,1024,0.000000951
610,1024,0.000000951
611,1024,0.000000953
612,1024,0.000001025
613,1024,0.000000954
614,1024,0.000000945
615,1024,0.000000952
616,1024,0.000000949
617,1024,0.000000952
618,1024,0.000000945
619,1024,0.000000955
620,1024,0.000001391
621,1024,0.000001681
622,1024,0.000000978
623,1024,0.000000947
624,1024,0.000000994
625,1024,0.000000949
626,1024,0.000000954
627,1024,0.000000945
628,1024,0.000001054
629,1024,0.000000968
630,1024,0.000000957
631,1024,0.000000945
632,1024,0.000001047
633,1024,0.000000969
634,1024,0.000000956
635,1024,0.000001642
636,1024,0.000001052
637,1024,0.000000944
638,1024,0.000000952
639,1024,0.000000946
640,1024,0.000000958
641,1024,0.000000944
642,1024,0.000000952
643,1024,0.000000946
644,1024,0.000001018
645,1024,0.000000945
646,1024,0.000000951
647,1024,0.000000943
648,1024,0.000001036
649,1024,0.000000947
650,1024,0.000001675
651,1024,0.000001388
652,1024,0.000001233
653,1024,0.000001103
654,1024,0.000001085
655,1024,0.000001073
656,1024,0.000001184
657,1024,0.000001077
658,1024,0.000001065
659,1024,0.000001071
660,1024,0.000001093
661,1024,0.000001071
662,1024,0.000001072
663,1024,0.000001748
664,1024,0.000001125
665,1024,0.000000957
666,1024,0.000000966
667,1024,0.000000957
668,1024,0.000000993
669,1024,0.000000942
670,1024,0.000000950
671,1024,0.000000942
672,1024,0.000001001
673,1024,0.000000943
674,1024,0.000000952
675,1024,0.000000943
676,1024,0.000001046
677,1024,0.000001663
678,1024,0.000000978
679,1024,0.000000948
680,1024,0.000001046
681,1024,0.000000946
682,1024,0.000000958
683,1024,0.000000948
684,1024,0.000000994
685,1024,0.000000948
686,1024,0.000000958
687,1024,0.000000947
688,1024,0.000001073
689,1024,0.000000946
690,1024,0.000000958
691,1024,0.000000961
692,1024,0.000001684
693,1024,0.000000996
694,1024,0.000000945
695,1024,0.000000954
696,1024,0.000001062
697,1024,0.000000954
698,1024,0.000000945
699,1024,0.000000953
700,1024,0.000000979
701,1024,0.000000955
702,1024,0.000000944
703,1024,0.000000974
704,1024,0.000001013
705,1024,0.000000952
706,1024,0.000001672
707,1024,0.000000974
708,1024,0.000001031
709,1024,0.000000954
710,1024,0.000000946
711,1024,0.000000953
712,1024,0.000001002
713,1024,0.000000957
714,1024,0.000000948
715,1024,0.000000955
716,1024,0.000000985
717,1024,0.000000955
718,1024,0.000000947
719,1024,0.000000956
720,1024,0.000001043
721,1024,0.000001680
722,1024,0.000000978
723,1024,0.000000943
724,1024,0.000000989
725,1024,0.000000945
726,1024,0.000000955
727,1024,0.000000945
728,1024,0.000001018
729,1024,0.000000945
730,1024,0.000000952
731,1024,0.000000943
732,1024,0.000000953
733,1024,0.000000944
734,1024,0.000000955
735,1024,0.000000947
736,1024,0.000001719
737,1024,0.000000973
738,1024,0.000000947
739,1024,0.000000957
740,1024,0.000000985
741,1024,0.000000954
742,1024,0.000000947
743,1024,0.000000954
744,1024,0.000001010
745,1024,0.000000956
746,1024,0.000000948
747,1024,0.000000955
748,1024,0.000000989
749,1024,0.000000955
750,1024,0.000000999
751,1024,0.000001681
752,1024,0.000004317
753,1024,0.000001073
754,1024,0.000000955
755,1024,0.000000955
756,1024,0.000002158
757,1024,0.000001004
758,1024,0.000000945
759,1024,0.000000954
760,1024,0.000002140
761,1024,0.000001849
762,1024,0.000000983
763,1024,0.000000947
764,1024,0.000002188
765,1024,0.000001000
766,1024,0.000000955
767,1024,0.000000959
768,1024,0.000002569
769,1024,0.000001005
770,1024,0.000000953
771,1024,0.000001762
772,1024,0.000002177
773,1024,0.000000996
774,1024,0.000000957
775,1024,0.000000959
776,1024,0.000004696
777,1024,0.000000987
778,1024,0.000000954
779,1024,0.000000949
780,1024,0.000002102
781,1024,0.000001789
782,1024,0.000000981
783,1024,0.000000945
784,1024,0.000002145
785,1024,0.000000998
786,1024,0.000000959
787,1024,0.000000955
788,1024,0.000002126
789,1024,0.000000992
790,1024,0.000000953
791,1024,0.000000958
792,1024,0.000003142
793,1024,0.000001028
794,1024,0.000000963
795,1024,0.000000953
796,1024,0.000002108
797,1024,0.000000995
798,1024,0.000000950
799,1024,0.000000952
800,1024,0.000002041
801,1024,0.000000983
802,1024,0.000000958
803,1024,0.000001757
804,1024,0.000002195
805,1024,0.000001004
806,1024,0.000000946
807,1024,0.000000951
808,1024,0.000002173
809,1024,0.000000988
810,1024,0.000000956
811,1024,0.000000951
812,1024,0.000002063
813,1024,0.000000989
814,1024,0.000001766
815,1024,0.000000983
816,1024,0.000002241
817,1024,0.000000989
818,1024,0.000000966
819,1024,0.000000956
820,1024,0.000016674
821,1024,0.000001136
822,1024,0.000000957
823,1024,0.000000953
824,1024,0.000002224
825,1024,0.000001840
826,1024,0.000001010
827,1024,0.000000960
828,1024,0.000002186
829,1024,0.000001008
830,1024,0.000000967
831,1024,0.000000966
832,1024,0.000002146
833,1024,0.000001000
834,1024,0.000000964
835,1024,0.000000966
836,1024,0.000002166
837,1024,0.000001808
838,1024,0.000001201
839,1024,0.000001096
840,1024,0.000015151
841,1024,0.000001037
842,1024,0.000000935
843,1024,0.000000936
844,1024,0.000002052
845,1024,0.000000986
846,1024,0.000000942
847,1024,0.000000942
848,1024,0.000002289
849,1024,0.000001830
850,1024,0.000000979
851,1024,0.000000927
852,1024,0.000002205
853,1024,0.000000981
854,1024,0.000000938
855,1024,0.000000940
856,1024,0.000002148
857,1024,0.000000985
858,1024,0.000000943
859,1024,0.000001747
860,1024,0.000002172
861,1024,0.000001000
862,1024,0.000000934
863,1024,0.000000945
864,1024,0.000002151
865,1024,0.000000988
866,1024,0.000000949
867,1024,0.000000943
868,1024,0.000002093
869,1024,0.000000983
870,1024,0.000000951
871,1024,0.000001758
872,1024,0.000002185
873,1024,0.000000995
874,1024,0.000000936
875,1024,0.000000938
876,1024,0.000002292
877,1024,0.000000986
878,1024,0.000000940
879,1024,0.000000938
880,1024,0.000002112
881,1024,0.000000995
882,1024,0.000001757
883,1024,0.000000995
884,1024,0.000002091
885,1024,0.000000986
886,1024,0.000000947
887,1024,0.000000942
888,1024,0.000002060
889,1024,0.000000987
890,1024,0.000000945
891,1024,0.000000942
892,1024,0.000002357
893,1024,0.000001779
894,1024,0.000000994
895,1024,0.000000928
896,1024,0.000002077
897,1024,0.000000985
898,1024,0.000000941
899,1024,0.000000940
900,1024,0.000004406
901,1024,0.000000978
902,1024,0.000001014
903,1024,0.000001762
904,1024,0.000002404
905,1024,0.000001007
906,1024,0.000000938
907,1024,0.000000950
908,1024,0.000002070
909,1024,0.000000992
910,1024,0.000000941
911,1024,0.000000941
912,1024,0.000002078
913,1024,0.000001002
914,1024,0.000001742
915,1024,0.000000975
916,1024,0.000002236
917,1024,0.000000987
918,1024,0.000000943
919,1024,0.000000944
920,1024,0.000002093
921,1024,0.000000986
922,1024,0.000000940
923,1024,0.000000939
924,1024,0.000002120
925,1024,0.000001785
926,1024,0.000000992
927,1024,0.000000931
928,1024,0.000002121
929,1024,0.000000988
930,1024,0.000000946
931,1024,0.000000945
932,1024,0.000002091
933,1024,0.000000985
934,1024,0.000000943
935,1024,0.000000940
936,1024,0.000002172
937,1024,0.000001767
938,1024,0.000001001
939,1024,0.000000934
940,1024,0.000002114
941,1024,0.000000987
942,1024,0.000000940
943,1024,0.000000940
944,1024,0.000002063
945,1024,0.000000978
946,1024,0.000000942
947,1024,0.000000939
948,1024,0.000002327
949,1024,0.000001811
950,1024,0.000000972
951,1024,0.000000934
952,1024,0.000002174
953,1024,0.000000988
954,1024,0.000000945
955,1024,0.000000941
956,1024,0.000002272
957,1024,0.000001138
958,1024,0.000001847
959,1024,0.000000983
960,1024,0.000002190
961,1024,0.000000987
962,1024,0.000000941
963,1024,0.000000941
964,1024,0.000002152
965,1024,0.000001353
966,1024,0.000001442
967,1024,0.000001466
968,1024,0.000003392
969,1024,0.000003305
970,1024,0.000001362
971,1024,0.000001414
972,1024,0.000003655
973,1024,0.000001545
974,1024,0.000001504
975,1024,0.000002953
976,1024,0.000003282
977,1024,0.000001459
978,1024,0.000001323
979,1024,0.000001381
980,1024,0.000003130
981,1024,0.000001279
982,1024,0.000002602
983,1024,0.000001325
984,1024,0.000003103
985,1024,0.000001786
986,1024,0.000001245
987,1024,0.000001202
988,1024,0.000003085
989,1024,0.000001651
990,1024,0.000002655
991,1024,0.000001380
992,1024,0.000002965
993,1024,0.000001324
994,1024,0.000001371
995,1024,0.000001687
996,1024,0.000003239
997,1024,0.000002591
998,1024,0.000001516
999,1024,0.000001498
0,1280,0.000004192
1,1280,0.000001197
2,1280,0.000001018
3,1280,0.000001268
4,1280,0.000000989
5,1280,0.000000964
6,1280,0.000001288
7,1280,0.000001487
8,1280,0.000001461
9,1280,0.000001794
10,1280,0.000001411
11,1280,0.000001469
12,1280,0.000002744
13,1280,0.000001429
14,1280,0.000001446
15,1280,0.000001410
16,1280,0.000001533
17,1280,0.000001626
18,1280,0.000001423
19,1280,0.000001678
20,1280,0.000001354
21,1280,0.000001463
22,1280,0.000001600
23,1280,0.000001396
24,1280,0.000001501
25,1280,0.000002005
26,1280,0.000001647
27,1280,0.000001652
28,1280,0.000002166
29,1280,0.000001539
30,1280,0.000001349
31,1280,0.000001403
32,1280,0.000001413
33,1280,0.000001358
34,1280,0.000001330
35,1280,0.000001827
36,1280,0.000001431
37,1280,0.000001746
38,1280,0.000001677
39,1280,0.000001464
40,1280,0.000010396
41,1280,0.000002584
42,1280,0.000001400
43,1280,0.000001403
44,1280,0.000001778
45,1280,0.000001780
46,1280,0.000001381
47,1280,0.000001501
48,1280,0.000001438
49,1280,0.000001360
50,1280,0.000001440
51,1280,0.000014327
52,1280,0.000001679
53,1280,0.000001445
54,1280,0.000001793
55,1280,0.000001427
56,1280,0.000001407
57,1280,0.000001975
58,1280,0.000001408
59,1280,0.000001408
60,1280,0.000001729
61,1280,0.000001410
62,1280,0.000014060
63,1280,0.000001453
64,1280,0.000001516
65,1280,0.000001418
66,1280,0.000001428
67,1280,0.000001736
68,1280,0.000001449
69,1280,0.000001425
70,1280,0.000001916
71,1280,0.000001439
72,1280,0.000001448
73,1280,0.000001766
74,1280,0.000003925
75,1280,0.000001466
76,1280,0.000001803
77,1280,0.000001422
78,1280,0.000013842
79,1280,0.000001378
80,1280,0.000001460
81,1280,0.000001390
82,1280,0.000001421
83,1280,0.000001683
84,1280,0.000001401
85,1280,0.000002525
86,1280,0.000001724
87,1280,0.000001423
88,1280,0.000001369
89,1280,0.000001836
90,1280,0.000001701
91,1280,0.000000938
92,1280,0.000001223
93,1280,0.000000928
94,1280,0.000000935
95,1280,0.000000927
96,1280,0.000001960
97,1280,0.000000976
98,1280,0.000000933
99,1280,0.000001177
100,1280,0.000000952
101,1280,0.000000940
102,1280,0.000001139
103,1280,0.000000944
104,1280,0.000000935
105,1280,0.000001153
106,1280,0.000000931
107,1280,0.000000941
108,1280,0.000001155
109,1280,0.000001019
110,1280,0.000001686
111,1280,0.000000988
112,1280,0.000000998
113,1280,0.000000951
114,1280,0.000000930
115,1280,0.000001205
116,1280,0.000000946
117,1280,0.000000941
118,1280,0.000001171
119,1280,0.000000942
120,1280,0.000001124
121,1280,0.000001191
122,1280,0.000000931
123,1280,0.000000974
124,1280,0.000001909
125,1280,0.000000958
126,1280,0.000000948
127,1280,0.000000948
128,1280,0.000000965
129,1280,0.000000939
130,1280,0.000000941
131,1280,0.000001186
132,1280,0.000000962
133,1280,0.000000931
134,1280,0.000001148
135,1280,0.000000931
136,1280,0.000000944
137,1280,0.000001240
138,1280,0.000001663
139,1280,0.000000961
140,1280,0.000001162
141,1280,0.000000934
142,1280,0.000000949
143,1280,0.000000933
144,1280,0.000001023
145,1280,0.000000953
146,1280,0.000000939
147,1280,0.000001176
148,1280,0.000000958
149,1280,0.000000929
150,1280,0.000001443
151,1280,0.000000931
152,1280,0.000001656
153,1280,0.000001202
154,1280,0.000000962
155,1280,0.000000934
156,1280,0.000001231
157,1280,0.000000932
158,1280,0.000000946
159,1280,0.000000933
160,1280,0.000000982
161,1280,0.000000940
162,1280,0.000000942
163,1280,0.000001140
164,1280,0.000000960
165,1280,0.000000960
166,1280,0.000001896
167,1280,0.000000962
168,1280,0.000000947
169,1280,0.000001185
170,1280,0.000000944
171,1280,0.000000937
172,1280,0.000001270
173,1280,0.000000937
174,1280,0.000000962
175,1280,0.000000932
176,1280,0.000000970
177,1280,0.000001267
178,1280,0.000000959
179,1280,0.000001259
180,1280,0.000001657
181,1280,0.000000975
182,1280,0.000001196
183,1280,0.000000950
184,1280,0.000000959
185,1280,0.000001205
186,1280,0.000000944
187,1280,0.000000946
188,1280,0.000001182
189,1280,0.000000931
190,1280,0.000000949
191,1280,0.000000932
192,1280,0.000001103
193,1280,0.000000945
194,1280,0.000001658
195,1280,0.000001205
196,1280,0.000000961
197,1280,0.000000950
198,1280,0.000001174
199,1280,0.000000933
200,1280,0.000000947
201,1280,0.000001184
202,1280,0.000000942
203,1280,0.000000934
204,1280,0.000001183
205,1280,0.000000934
206,1280,0.000000961
207,1280,0.000000946
208,1280,0.000001654
209,1280,0.000001096
210,1280,0.000000975
211,1280,0.000001206
212,1280,0.000000965
213,1280,0.000000931
214,1280,0.000001208
215,1280,0.000000930
216,1280,0.000000940
217,1280,0.000001142
218,1280,0.000000945
219,1280,0.000000931
220,1280,0.000001165
221,1280,0.000000985
222,1280,0.000001672
223,1280,0.000000964
224,1280,0.000000979
225,1280,0.000000941
226,1280,0.000000945
227,1280,0.000001166
228,1280,0.000000959
229,1280,0.000000930
230,1280,0.000014102
231,1280,0.000001008
232,1280,0.000000956
233,1280,0.000001195
234,1280,0.000000956
235,1280,0.000001050
236,1280,0.000002057
237,1280,0.000000992
238,1280,0.000000971
239,1280,0.000000955
240,1280,0.000001042
241,1280,0.000000975
242,1280,0.000000970
243,1280,0.000001248
244,1280,0.000000984
245,1280,0.000000966
246,1280,0.000001208
247,1280,0.000000957
248,1280,0.000000969
249,1280,0.000001275
250,1280,0.000001713
251,1280,0.000000990
252,1280,0.000001205
253,1280,0.000000955
254,1280,0.000000972
255,1280,0.000000952
256,1280,0.000000985
257,1280,0.000000965
258,1280,0.000000985
259,1280,0.000013661
260,1280,0.000001271
261,1280,0.000000939
262,1280,0.000001255
263,1280,0.000000936
264,1280,0.000001770
265,1280,0.000001201
266,1280,0.000000932
267,1280,0.000000942
268,1280,0.000001481
269,1280,0.000000952
270,1280,0.000000935
271,1280,0.000000938
272,1280,0.000000975
273,1280,0.000000948
274,1280,0.000000930
275,1280,0.000001186
276,1280,0.000000945
277,1280,0.000000942
278,1280,0.000001968
279,1280,0.000000960
280,1280,0.000000947
281,1280,0.000001225
282,1280,0.000000943
283,1280,0.000000937
284,1280,0.000001175
285,1280,0.000000935
286,1280,0.000000950
287,1280,0.000000933
288,1280,0.000000944
289,1280,0.000000941
290,1280,0.000000944
291,1280,0.000001188
292,1280,0.000001672
293,1280,0.000000975
294,1280,0.000001191
295,1280,0.000000953
296,1280,0.000000966
297,1280,0.000001157
298,1280,0.000000943
299,1280,0.000000934
300,1280,0.000001451
301,1280,0.000000930
302,1280,0.000000946
303,1280,0.000000928
304,1280,0.000000962
305,1280,0.000000943
306,1280,0.000001665
307,1280,0.000001221
308,1280,0.000000963
309,1280,0.000000956
310,1280,0.000001168
311,1280,0.000000933
312,1280,0.000000966
313,1280,0.000001138
314,1280,0.000000947
315,1280,0.000000945
316,1280,0.000001506
317,1280,0.000000955
318,1280,0.000000962
319,1280,0.000000944
320,1280,0.000001668
321,1280,0.000000973
322,1280,0.000000941
323,1280,0.000001453
324,1280,0.000000957
325,1280,0.000000932
326,1280,0.000001173
327,1280,0.000000954
328,1280,0.000000945
329,1280,0.000001176
330,1280,0.000000943
331,1280,0.000000928
332,1280,0.000001172
333,1280,0.000000965
334,1280,0.000001654
335,1280,0.000000956
336,1280,0.000000966
337,1280,0.000000940
338,1280,0.000000944
339,1280,0.000001171
340,1280,0.000000962
341,1280,0.000000931
342,1280,0.000001148
343,1280,0.000000934
344,1280,0.000000946
345,1280,0.000001139
346,1280,0.000000945
347,1280,0.000000949
348,1280,0.000001901
349,1280,0.000000975
350,1280,0.000000959
351,1280,0.000000934
352,1280,0.000001005
353,1280,0.000000942
354,1280,0.000000941
355,1280,0.000001204
356,1280,0.000000958
357,1280,0.000000930
358,1280,0.000001255
359,1280,0.000000927
360,1280,0.000000957
361,1280,0.000001179
362,1280,0.000001659
363,1280,0.000001522
364,1280,0.000001330
365,1280,0.000001055
366,1280,0.000001066
367,1280,0.000001050
368,1280,0.000001087
369,1280,0.000001059
370,1280,0.000001062
371,1280,0.000001299
372,1280,0.000001080
373,1280,0.000001069
374,1280,0.000001366
375,1280,0.000001741
376,1280,0.000001019
377,1280,0.000001175
378,1280,0.000000962
379,1280,0.000000942
380,1280,0.000001184
381,1280,0.000000949
382,1280,0.000000948
383,1280,0.000000931
384,1280,0.000000985
385,1280,0.000000935
386,1280,0.000000941
387,1280,0.000001197
388,1280,0.000001666
389,1280,0.000000958
390,1280,0.000001169
391,1280,0.000000931
392,1280,0.000000941
393,1280,0.000001217
394,1280,0.000000942
395,1280,0.000000936
396,1280,0.000001273
397,1280,0.000000954
398,1280,0.000000946
399,1280,0.000000936
400,1280,0.000001150
401,1280,0.000000943
402,1280,0.000001658
403,1280,0.000001251
404,1280,0.000000963
405,1280,0.000000939
406,1280,0.000001255
407,1280,0.000000931
408,1280,0.000000942
409,1280,0.000001182
410,1280,0.000000943
411,1280,0.000000934
412,1280,0.000001465
413,1280,0.000000931
414,1280,0.000000945
415,1280,0.000000928
416,1280,0.000001668
417,1280,0.000000964
418,1280,0.000000939
419,1280,0.000001242
420,1280,0.000000959
421,1280,0.000000946
422,1280,0.000001180
423,1280,0.000000931
424,1280,0.000000943
425,1280,0.000001197
426,1280,0.000000956
427,1280,0.000000936
428,1280,0.000001153
429,1280,0.000000955
430,1280,0.000001662
431,1280,0.000000959
432,1280,0.000001020
433,1280,0.000000955
434,1280,0.000000963
435,1280,0.000001424
436,1280,0.000000966
437,1280,0.000000932
438,1280,0.000001333
439,1280,0.000000959
440,1280,0.000000957
441,1280,0.000001171
442,1280,0.000000942
443,1280,0.000000940
444,1280,0.000001874
445,1280,0.000000957
446,1280,0.000000944
447,1280,0.000000931
448,1280,0.000000969
449,1280,0.000000939
450,1280,0.000000943
451,1280,0.000001210
452,1280,0.000000958
453,1280,0.000000934
454,1280,0.000001170
455,1280,0.000000936
456,1280,0.000000946
457,1280,0.000001199
458,1280,0.000001667
459,1280,0.000000974
460,1280,0.000001204
461,1280,0.000000936
462,1280,0.000000949
463,1280,0.000000963
464,1280,0.000000984
465,1280,0.000000941
466,1280,0.000000944
467,1280,0.000001142
468,1280,0.000000958
469,1280,0.000000955
470,1280,0.000001197
471,1280,0.000000956
472,1280,0.000001648
473,1280,0.000001230
474,1280,0.000000945
475,1280,0.000000951
476,1280,0.000001247
477,1280,0.000000929
478,1280,0.000000949
479,1280,0.000000929
480,1280,0.000000982
481,1280,0.000000942
482,1280,0.000000944
483,1280,0.000001195
484,1280,0.000000962
485,1280,0.000000933
486,1280,0.000001910
487,1280,0.000000962
488,1280,0.000000964
489,1280,0.000001234
490,1280,0.000000946
491,1280,0.000000951
492,1280,0.000001159
493,1280,0.000000942
494,1280,0.000000947
495,1280,0.000000928
496,1280,0.000001059
497,1280,0.000000936
498,1280,0.000000940
499,1280,0.000001157
500,1280,0.000001662
501,1280,0.000000956
502,1280,0.000001257
503,1280,0.000000945
504,1280,0.000000964
505,1280,0.000001194
506,1280,0.000000958
507,1280,0.000000949
508,1280,0.000001269
509,1280,0.000000931
510,1280,0.000000946
511,1280,0.000000936
512,1280,0.000000979
513,1280,0.000000945
514,1280,0.000001664
515,1280,0.000001287
516,1280,0.000000961
517,1280,0.000000937
518,1280,0.000001221
519,1280,0.000000933
520,1280,0.000000959
521,1280,0.000001213
522,1280,0.000000944
523,1280,0.000000935
524,1280,0.000001354
525,1280,0.000000930
526,1280,0.000000947
527,1280,0.000000931
528,1280,0.000001673
529,1280,0.000000971
530,1280,0.000000941
531,1280,0.000001224
532,1280,0.000000955
533,1280,0.000000949
534,1280,0.000001209
535,1280,0.000000928
536,1280,0.000000959
537,1280,0.000001206
538,1280,0.000000964
539,1280,0.000000948
540,1280,0.000001428
541,1280,0.000000936
542,1280,0.000001663
543,1280,0.000000982
544,1280,0.000001019
545,1280,0.000000945
546,1280,0.000000945
547,1280,0.000001177
548,1280,0.000000960
549,1280,0.000000934
550,1280,0.000001356
551,1280,0.000000929
552,1280,0.000000965
553,1280,0.000001192
554,1280,0.000000965
555,1280,0.000001009
556,1280,0.000001975
557,1280,0.000000978
558,1280,0.000000941
559,1280,0.000000948
560,1280,0.000000976
561,1280,0.000000940
562,1280,0.000000940
563,1280,0.000001217
564,1280,0.000000963
565,1280,0.000000933
566,1280,0.000001180
567,1280,0.000000960
568,1280,0.000000944
569,1280,0.000001249
570,1280,0.000001656
571,1280,0.000000966
572,1280,0.000001208
573,1280,0.000000953
574,1280,0.000000966
575,1280,0.000000933
576,1280,0.000001054
577,1280,0.000000940
578,1280,0.000000941
579,1280,0.000001170
580,1280,0.000000960
581,1280,0.000000955
582,1280,0.000001308
583,1280,0.000000963
584,1280,0.000001668
585,1280,0.000001191
586,1280,0.000000943
587,1280,0.000000931
588,1280,0.000001180
589,1280,0.000000933
590,1280,0.000000943
591,1280,0.000000930
592,1280,0.000000974
593,1280,0.000000959
594,1280,0.000000940
595,1280,0.000001167
596,1280,0.000000965
597,1280,0.000001001
598,1280,0.000001931
599,1280,0.000000977
600,1280,0.000000964
601,1280,0.000001276
602,1280,0.000000942
603,1280,0.000000950
604,1280,0.000001258
605,1280,0.000000950
606,1280,0.000000949
607,1280,0.000000937
608,1280,0.000001075
609,1280,0.000000939
610,1280,0.000000942
611,1280,0.000001174
612,1280,0.000001656
613,1280,0.000000961
614,1280,0.000001262
615,1280,0.000000932
616,1280,0.000000944
617,1280,0.000001171
618,1280,0.000000942
619,1280,0.000000948
620,1280,0.000001342
621,1280,0.000000929
622,1280,0.000000963
623,1280,0.000000928
624,1280,0.000000975
625,1280,0.000001787
626,1280,0.000000968
627,1280,0.000001240
628,1280,0.000000959
629,1280,0.000000954
630,1280,0.000001173
631,1280,0.000000931
632,1280,0.000000962
633,1280,0.000001304
634,1280,0.000000971
635,1280,0.000000949
636,1280,0.000001169
637,1280,0.000000935
638,1280,0.000000949
639,1280,0.000001658
640,1280,0.000001061
641,1280,0.000000960
642,1280,0.000000965
643,1280,0.000001168
644,1280,0.000000968
645,1280,0.000000951
646,1280,0.000001364
647,1280,0.000000950
648,1280,0.000000964
649,1280,0.000001585
650,1280,0.000000947
651,1280,0.000000933
652,1280,0.000001332
653,1280,0.000001650
654,1280,0.000000984
655,1280,0.000000958
656,1280,0.000000981
657,1280,0.000000950
658,1280,0.000000942
659,1280,0.000001161
660,1280,0.000000960
661,1280,0.000000951
662,1280,0.000001253
663,1280,0.000000933
664,1280,0.000000945
665,1280,0.000001299
666,1280,0.000001665
667,1280,0.000000973
668,1280,0.000001183
669,1280,0.000000956
670,1280,0.000000944
671,1280,0.000000928
672,1280,0.000001093
673,1280,0.000000941
674,1280,0.000000942
675,1280,0.000001171
676,1280,0.000000956
677,1280,0.000000928
678,1280,0.000001247
679,1280,0.000000929
680,1280,0.000000983
681,1280,0.000001928
682,1280,0.000000963
683,1280,0.000000947
684,1280,0.000001352
685,1280,0.000000960
686,1280,0.000000937
687,1280,0.000000963
688,1280,0.000000970
689,1280,0.000000949
690,1280,0.000000934
691,1280,0.000001283
692,1280,0.000000950
693,1280,0.000000944
694,1280,0.000001895
695,1280,0.000000973
696,1280,0.000000950
697,1280,0.000001307
698,1280,0.000000968
699,1280,0.000000957
700,1280,0.000001196
701,1280,0.000000953
702,1280,0.000000947
703,1280,0.000000961
704,1280,0.000001077
705,1280,0.000000950
706,1280,0.000000939
707,1280,0.000001280
708,1280,0.000001648
709,1280,0.000000983
710,1280,0.000001375
711,1280,0.000000931
712,1280,0.000000941
713,1280,0.000001336
714,1280,0.000000948
715,1280,0.000000951
716,1280,0.000001235
717,1280,0.000000932
718,1280,0.000000947
719,1280,0.000000933
720,1280,0.000001054
721,1280,0.000001033
722,1280,0.000001660
723,1280,0.000001203
724,1280,0.000000968
725,1280,0.000000935
726,1280,0.000001249
727,1280,0.000000952
728,1280,0.000000963
729,1280,0.000001219
730,1280,0.000000942
731,1280,0.000000934
732,1280,0.000001249
733,1280,0.000000956
734,1280,0.000000947
735,1280,0.000001355
736,1280,0.000001743
737,1280,0.000000970
738,1280,0.000000957
739,1280,0.000001309
740,1280,0.000000956
741,1280,0.000000934
742,1280,0.000001211
743,1280,0.000000957
744,1280,0.000000961
745,1280,0.000001379
746,1280,0.000000963
747,1280,0.000000933
748,1280,0.000001215
749,1280,0.000001639
750,1280,0.000000978
751,1280,0.000000934
752,1280,0.000001052
753,1280,0.000000944
754,1280,0.000000966
755,1280,0.000001168
756,1280,0.000000956
757,1280,0.000000930
758,1280,0.000001250
759,1280,0.000000929
760,1280,0.000000941
761,1280,0.000001176
762,1280,0.000000973
763,1280,0.000001646
764,1280,0.000001417
765,1280,0.000000951
766,1280,0.000000943
767,1280,0.000000931
768,1280,0.000000984
769,1280,0.000000943
770,1280,0.000000963
771,1280,0.000001227
772,1280,0.000000956
773,1280,0.000000931
774,1280,0.000001188
775,1280,0.000000947
776,1280,0.000000967
777,1280,0.000001898
778,1280,0.000000958
779,1280,0.000000969
780,1280,0.000001172
781,1280,0.000000964
782,1280,0.000001037
783,1280,0.000000957
784,1280,0.000001168
785,1280,0.000000951
786,1280,0.000000930
787,1280,0.000001220
788,1280,0.000000947
789,1280,0.000000941
790,1280,0.000001216
791,1280,0.000000939
792,1280,0.000000929
793,1280,0.000001177
794,1280,0.000010259
795,1280,0.000001348
796,1280,0.000001192
797,1280,0.000001940
798,1280,0.000000996
799,1280,0.000000932
800,1280,0.000004534
801,1280,0.000001015
802,1280,0.000000934
803,1280,0.000002462
804,1280,0.000000999
805,1280,0.000000948
806,1280,0.000002551
807,1280,0.000001836
808,1280,0.000000977
809,1280,0.000002597
810,1280,0.000000993
811,1280,0.000000943
812,1280,0.000002294
813,1280,0.000000998
814,1280,0.000000946
815,1280,0.000000944
816,1280,0.000002127
817,1280,0.000001798
818,1280,0.000001059
819,1280,0.000003158
820,1280,0.000001000
821,1280,0.000000947
822,1280,0.000002339
823,1280,0.000000978
824,1280,0.000000945
825,1280,0.000002346
826,1280,0.000001800
827,1280,0.000001004
828,1280,0.000002536
829,1280,0.000001001
830,1280,0.000000941
831,1280,0.000000940
832,1280,0.000002105
833,1280,0.000000997
834,1280,0.000000941
835,1280,0.000002397
836,1280,0.000001018
837,1280,0.000001780
838,1280,0.000002426
839,1280,0.000000993
840,1280,0.000000950
841,1280,0.000002447
842,1280,0.000000978
843,1280,0.000000944
844,1280,0.000002337
845,1280,0.000000982
846,1280,0.000000946
847,1280,0.000001738
848,1280,0.000002220
849,1280,0.000001005
850,1280,0.000000934
851,1280,0.000002445
852,1280,0.000001000
853,1280,0.000000946
854,1280,0.000002273
855,1280,0.000000987
856,1280,0.000000946
857,1280,0.000002450
858,1280,0.000001791
859,1280,0.000000972
860,1280,0.000002467
861,1280,0.000001001
862,1280,0.000000945
863,1280,0.000000946
864,1280,0.000002238
865,1280,0.000000994
866,1280,0.000000943
867,1280,0.000002448
868,1280,0.000001799
869,1280,0.000000971
870,1280,0.000002421
871,1280,0.000000994
872,1280,0.000000947
873,1280,0.000002417
874,1280,0.000000990
875,1280,0.000000949
876,1280,0.000002360
877,1280,0.000001774
878,1280,0.000000986
879,1280,0.000000938
880,1280,0.000002150
881,1280,0.000000998
882,1280,0.000000943
883,1280,0.000002326
884,1280,0.000001000
885,1280,0.000000944
886,1280,0.000002286
887,1280,0.000000999
888,1280,0.000001745
889,1280,0.000002442
890,1280,0.000000986
891,1280,0.000000943
892,1280,0.000002380
893,1280,0.000000980
894,1280,0.000000944
895,1280,0.000000943
896,1280,0.000004676
897,1280,0.000001787
898,1280,0.000000981
899,1280,0.000002558
900,1280,0.000001004
901,1280,0.000000947
902,1280,0.000002312
903,1280,0.000000988
904,1280,0.000000942
905,1280,0.000002490
906,1280,0.000001755
907,1280,0.000000990
908,1280,0.000002363
909,1280,0.000000982
910,1280,0.000000944
911,1280,0.000000943
912,1280,0.000002104
913,1280,0.000000987
914,1280,0.000000944
915,1280,0.000002287
916,1280,0.000001758
917,1280,0.000000987
918,1280,0.000002345
919,1280,0.000000993
920,1280,0.000000945
921,1280,0.000002369
922,1280,0.000000981
923,1280,0.000000944
924,1280,0.000002484
925,1280,0.000001111
926,1280,0.000001072
927,1280,0.000001809
928,1280,0.000002583
929,1280,0.000001020
930,1280,0.000000957
931,1280,0.000002359
932,1280,0.000000999
933,1280,0.000000945
934,1280,0.000002320
935,1280,0.000000985
936,1280,0.000000960
937,1280,0.000003189
938,1280,0.000001032
939,1280,0.000000954
940,1280,0.000002323
941,1280,0.000000987
942,1280,0.000000945
943,1280,0.000000947
944,1280,0.000002070
945,1280,0.000000990
946,1280,0.000000946
947,1280,0.000003185
948,1280,0.000001026
949,1280,0.000000951
950,1280,0.000002284
951,1280,0.000000980
952,1280,0.000000939
953,1280,0.000002282
954,1280,0.000000975
955,1280,0.000000941
956,1280,0.000002304
957,1280,0.000001773
958,1280,0.000000999
959,1280,0.000000929
960,1280,0.000002200
961,1280,0.000000992
962,1280,0.000000948
963,1280,0.000002343
964,1280,0.000001006
965,1280,0.000000951
966,1280,0.000002333
967,1280,0.000001762
968,1280,0.000000981
969,1280,0.000002445
970,1280,0.000000979
971,1280,0.000000944
972,1280,0.000002299
973,1280,0.000000977
974,1280,0.000000944
975,1280,0.000000941
976,1280,0.000002133
977,1280,0.000001056
978,1280,0.000001755
979,1280,0.000002394
980,1280,0.000001004
981,1280,0.000000949
982,1280,0.000002999
983,1280,0.000001002
984,1280,0.000000950
985,1280,0.000002352
986,1280,0.000000979
987,1280,0.000000962
988,1280,0.000003158
989,1280,0.000001033
990,1280,0.000000949
991,1280,0.000000942
992,1280,0.000002074
993,1280,0.000000991
994,1280,0.000000942
995,1280,0.000004672
996,1280,0.000001800
997,1280,0.000000979
998,1280,0.000002385
999,1280,0.000000989
0,1536,0.000003997
1,1536,0.000001204
2,1536,0.000001219
3,1536,0.000000969
4,1536,0.000000958
5,1536,0.000001241
6,1536,0.000000976
7,1536,0.000000957
8,1536,0.000000952
9,1536,0.000000955
10,1536,0.000001196
11,1536,0.000000956
12,1536,0.000000958
13,1536,0.000001233
14,1536,0.000000975
15,1536,0.000001177
16,1536,0.000001544
17,1536,0.000001469
18,1536,0.000001659
19,1536,0.000001382
20,1536,0.000001958
21,1536,0.000001643
22,1536,0.000001380
23,1536,0.000001384
24,1536,0.000001663
25,1536,0.000001442
26,1536,0.000001933
27,1536,0.000001574
28,1536,0.000001362
29,1536,0.000001548
30,1536,0.000001447
31,1536,0.000001605
32,1536,0.000001367
33,1536,0.000001408
34,1536,0.000001855
35,1536,0.000001398
36,1536,0.000001324
37,1536,0.000001600
38,1536,0.000001382
39,1536,0.000001343
40,1536,0.000001392
41,1536,0.000001306
42,1536,0.000001814
43,1536,0.000001356
44,1536,0.000001443
45,1536,0.000001756
46,1536,0.000001514
47,1536,0.000001603
48,1536,0.000001443
49,1536,0.000001411
50,1536,0.000001750
51,1536,0.000003695
52,1536,0.000001608
53,1536,0.000002090
54,1536,0.000001423
55,1536,0.000001438
56,1536,0.000001462
57,1536,0.000001420
58,1536,0.000001746
59,1536,0.000001441
60,1536,0.000001419
61,1536,0.000001736
62,1536,0.000001415
63,1536,0.000001401
64,1536,0.000001455
65,1536,0.000001403
66,1536,0.000001713
67,1536,0.000001411
68,1536,0.000001401
69,1536,0.000001683
70,1536,0.000001401
71,1536,0.000001434
72,1536,0.000001421
73,1536,0.000002564
74,1536,0.000001678
75,1536,0.000001421
76,1536,0.000001394
77,1536,0.000001695
78,1536,0.000001375
79,1536,0.000001403
80,1536,0.000001402
81,1536,0.000001389
82,1536,0.000001678
83,1536,0.000001392
84,1536,0.000001393
85,1536,0.000001687
86,1536,0.000001390
87,1536,0.000001414
88,1536,0.000001393
89,1536,0.000001410
90,1536,0.000001681
91,1536,0.000001402
92,1536,0.000001379
93,1536,0.000001719
94,1536,0.000001415
95,1536,0.000001382
96,1536,0.000002484
97,1536,0.000001449
98,1536,0.000001739
99,1536,0.000001390
100,1536,0.000001385
101,1536,0.000001687
102,1536,0.000001419
103,1536,0.000001390
104,1536,0.000001409
105,1536,0.000001391
106,1536,0.000001713
107,1536,0.000001402
108,1536,0.000001409
109,1536,0.000001684
110,1536,0.000001382
111,1536,0.000001393
112,1536,0.000001391
113,1536,0.000001403
114,1536,0.000001695
115,1536,0.000001382
116,1536,0.000001380
117,1536,0.000001673
118,1536,0.000001397
119,1536,0.000001405
120,1536,0.000002381
121,1536,0.000001423
122,1536,0.000001708
123,1536,0.000001389
124,1536,0.000013240
125,1536,0.000001897
126,1536,0.000001409
127,1536,0.000001427
128,1536,0.000001447
129,1536,0.000001436
130,1536,0.000001751
131,1536,0.000001400
132,1536,0.000001399
133,1536,0.000001744
134,1536,0.000001392
135,1536,0.000001412
136,1536,0.000001422
137,1536,0.000001388
138,1536,0.000001667
139,1536,0.000001419
140,1536,0.000001405
141,1536,0.000001681
142,1536,0.000001391
143,1536,0.000001434
144,1536,0.000001575
145,1536,0.000001434
146,1536,0.000001727
147,1536,0.000002598
148,1536,0.000001493
149,1536,0.000001717
150,1536,0.000001517
151,1536,0.000001346
152,1536,0.000000959
153,1536,0.000000949
154,1536,0.000001162
155,1536,0.000000937
156,1536,0.000000931
157,1536,0.000001171
158,1536,0.000000953
159,1536,0.000000939
160,1536,0.000000986
161,1536,0.000000946
162,1536,0.000001149
163,1536,0.000000940
164,1536,0.000000932
165,1536,0.000001143
166,1536,0.000000950
167,1536,0.000000937
168,1536,0.000000963
169,1536,0.000000944
170,1536,0.000001136
171,1536,0.000000934
172,1536,0.000000932
173,1536,0.000001166
174,1536,0.000000951
175,1536,0.000000950
176,1536,0.000000930
177,1536,0.000000941
178,1536,0.000001194
179,1536,0.000000938
180,1536,0.000001888
181,1536,0.000001210
182,1536,0.000000960
183,1536,0.000000947
184,1536,0.000000978
185,1536,0.000000951
186,1536,0.000001182
187,1536,0.000000959
188,1536,0.000000935
189,1536,0.000001176
190,1536,0.000000956
191,1536,0.000000950
192,1536,0.000000940
193,1536,0.000000953
194,1536,0.000001145
195,1536,0.000000960
196,1536,0.000000933
197,1536,0.000001201
198,1536,0.000000956
199,1536,0.000000945
200,1536,0.000000959
201,1536,0.000000951
202,1536,0.000001180
203,1536,0.000000945
204,1536,0.000000930
205,1536,0.000001144
206,1536,0.000000953
207,1536,0.000000945
208,1536,0.000000959
209,1536,0.000000952
210,1536,0.000001170
211,1536,0.000000942
212,1536,0.000000938
213,1536,0.000001149
214,1536,0.000000966
215,1536,0.000001887
216,1536,0.000001013
217,1536,0.000000961
218,1536,0.000001194
219,1536,0.000000938
220,1536,0.000000947
221,1536,0.000001167
222,1536,0.000000970
223,1536,0.000000938
224,1536,0.000001001
225,1536,0.000000943
226,1536,0.000001181
227,1536,0.000000938
228,1536,0.000000948
229,1536,0.000001171
230,1536,0.000000970
231,1536,0.000000933
232,1536,0.000000972
233,1536,0.000000940
234,1536,0.000001166
235,1536,0.000000933
236,1536,0.000000944
237,1536,0.000001157
238,1536,0.000000967
239,1536,0.000000936
240,1536,0.000000948
241,1536,0.000000936
242,1536,0.000001150
243,1536,0.000000933
244,1536,0.000000946
245,1536,0.000001167
246,1536,0.000000968
247,1536,0.000000949
248,1536,0.000000966
249,1536,0.000000942
250,1536,0.000001199
251,1536,0.000000955
252,1536,0.000001676
253,1536,0.000001241
254,1536,0.000000958
255,1536,0.000000950
256,1536,0.000000967
257,1536,0.000000957
258,1536,0.000001161
259,1536,0.000000943
260,1536,0.000000950
261,1536,0.000001148
262,1536,0.000000957
263,1536,0.000000948
264,1536,0.000000992
265,1536,0.000000960
266,1536,0.000001149
267,1536,0.000000961
268,1536,0.000000936
269,1536,0.000001218
270,1536,0.000000958
271,1536,0.000000948
272,1536,0.000000958
273,1536,0.000000950
274,1536,0.000001162
275,1536,0.000000950
276,1536,0.000000935
277,1536,0.000001151
278,1536,0.000000957
279,1536,0.000000950
280,1536,0.000000961
281,1536,0.000000955
282,1536,0.000001157
283,1536,0.000000950
284,1536,0.000000952
285,1536,0.000001887
286,1536,0.000000995
287,1536,0.000000947
288,1536,0.000000935
289,1536,0.000000954
290,1536,0.000001209
291,1536,0.000000946
292,1536,0.000000936
293,1536,0.000001267
294,1536,0.000000953
295,1536,0.000000944
296,1536,0.000000968
297,1536,0.000000955
298,1536,0.000001175
299,1536,0.000000944
300,1536,0.000000949
301,1536,0.000001179
302,1536,0.000000960
303,1536,0.000000946
304,1536,0.000000950
305,1536,0.000000956
306,1536,0.000001168
307,1536,0.000000947
308,1536,0.000000938
309,1536,0.000001233
310,1536,0.000000958
311,1536,0.000000950
312,1536,0.000000967
313,1536,0.000000957
314,1536,0.000001156
315,1536,0.000000962
316,1536,0.000000935
317,1536,0.000001169
318,1536,0.000000956
319,1536,0.000000969
320,1536,0.000001700
321,1536,0.000000980
322,1536,0.000001169
323,1536,0.000000946
324,1536,0.000000935
325,1536,0.000001147
326,1536,0.000000953
327,1536,0.000000945
328,1536,0.000000995
329,1536,0.000000952
330,1536,0.000001269
331,1536,0.000000946
332,1536,0.000000936
333,1536,0.000001328
334,1536,0.000000953
335,1536,0.000000946
336,1536,0.000000969
337,1536,0.000000958
338,1536,0.000001238
339,1536,0.000000945
340,1536,0.000000952
341,1536,0.000001193
342,1536,0.000000958
343,1536,0.000000948
344,1536,0.000001033
345,1536,0.000000952
346,1536,0.000001159
347,1536,0.000000947
348,1536,0.000000935
349,1536,0.000001156
350,1536,0.000000958
351,1536,0.000000948
352,1536,0.000000968
353,1536,0.000000952
354,1536,0.000002270
355,1536,0.000000970
356,1536,0.000000943
357,1536,0.000001175
358,1536,0.000000966
359,1536,0.000000933
360,1536,0.000001013
361,1536,0.000000939
362,1536,0.000001200
363,1536,0.000000937
364,1536,0.000000948
365,1536,0.000001329
366,1536,0.000000968
367,1536,0.000000937
368,1536,0.000000953
369,1536,0.000000942
370,1536,0.000001185
371,1536,0.000000936
372,1536,0.000000950
373,1536,0.000001180
374,1536,0.000000973
375,1536,0.000000935
376,1536,0.000001278
377,1536,0.000000948
378,1536,0.000001177
379,1536,0.000000937
380,1536,0.000000949
381,1536,0.000001254
382,1536,0.000000967
383,1536,0.000000932
384,1536,0.000000971
385,1536,0.000000940
386,1536,0.000001228
387,1536,0.000001672
388,1536,0.000000972
389,1536,0.000001155
390,1536,0.000000966
391,1536,0.000000934
392,1536,0.000000997
393,1536,0.000000943
394,1536,0.000001174
395,1536,0.000000938
396,1536,0.000000945
397,1536,0.000001188
398,1536,0.000000968
399,1536,0.000000937
400,1536,0.000000997
401,1536,0.000000946
402,1536,0.000001188
403,1536,0.000000949
404,1536,0.000000941
405,1536,0.000001191
406,1536,0.000000970
407,1536,0.000000947
408,1536,0.000000998
409,1536,0.000000943
410,1536,0.000001191
411,1536,0.000000938
412,1536,0.000000947
413,1536,0.000001246
414,1536,0.000000964
415,1536,0.000000934
416,1536,0.000000949
417,1536,0.000000940
418,1536,0.000001198
419,1536,0.000000937
420,1536,0.000001130
421,1536,0.000001177
422,1536,0.000001690
423,1536,0.000000992
424,1536,0.000001051
425,1536,0.000000945
426,1536,0.000001171
427,1536,0.000000943
428,1536,0.000000933
429,1536,0.000001255
430,1536,0.000000958
431,1536,0.000000941
432,1536,0.000000941
433,1536,0.000000947
434,1536,0.000001220
435,1536,0.000000940
436,1536,0.000000932
437,1536,0.000001238
438,1536,0.000000954
439,1536,0.000000938
440,1536,0.000000939
441,1536,0.000000943
442,1536,0.000001170
443,1536,0.000000959
444,1536,0.000000934
445,1536,0.000001199
446,1536,0.000000954
447,1536,0.000000935
448,1536,0.000001032
449,1536,0.000000942
450,1536,0.000001192
451,1536,0.000000957
452,1536,0.000000934
453,1536,0.000001144
454,1536,0.000000954
455,1536,0.000000989
456,1536,0.000001704
457,1536,0.000000981
458,1536,0.000001232
459,1536,0.000000949
460,1536,0.000000951
461,1536,0.000001156
462,1536,0.000000960
463,1536,0.000000950
464,1536,0.000001033
465,1536,0.000000953
466,1536,0.000001175
467,1536,0.000000948
468,1536,0.000000940
469,1536,0.000001169
470,1536,0.000000955
471,1536,0.000000943
472,1536,0.000000963
473,1536,0.000000953
474,1536,0.000001191
475,1536,0.000000965
476,1536,0.000000932
477,1536,0.000001237
478,1536,0.000000958
479,1536,0.000000947
480,1536,0.000000957
481,1536,0.000000950
482,1536,0.000001195
483,1536,0.000000943
484,1536,0.000000938
485,1536,0.000001216
486,1536,0.000000956
487,1536,0.000000945
488,1536,0.000001022
489,1536,0.000000955
490,1536,0.000001919
491,1536,0.000000964
492,1536,0.000000947
493,1536,0.000001177
494,1536,0.000000969
495,1536,0.000000937
496,1536,0.000000973
497,1536,0.000000944
498,1536,0.000001180
499,1536,0.000000936
500,1536,0.000000963
501,1536,0.000001197
502,1536,0.000000962
503,1536,0.000000934
504,1536,0.000000949
505,1536,0.000000941
506,1536,0.000001265
507,1536,0.000000934
508,1536,0.000000942
509,1536,0.000001196
510,1536,0.000000964
511,1536,0.000000935
512,1536,0.000000965
513,1536,0.000000945
514,1536,0.000001186
515,1536,0.000000938
516,1536,0.000000945
517,1536,0.000001229
518,1536,0.000000970
519,1536,0.000000937
520,1536,0.000000973
521,1536,0.000000944
522,1536,0.000001258
523,1536,0.000000944
524,1536,0.000001658
525,1536,0.000001221
526,1536,0.000000967
527,1536,0.000000939
528,1536,0.000001098
529,1536,0.000000943
530,1536,0.000001189
531,1536,0.000000936
532,1536,0.000000949
533,1536,0.000001273
534,1536,0.000000966
535,1536,0.000000953
536,1536,0.000000974
537,1536,0.000000940
538,1536,0.000001235
539,1536,0.000000932
540,1536,0.000000967
541,1536,0.000001172
542,1536,0.000000965
543,1536,0.000000935
544,1536,0.000001271
545,1536,0.000000948
546,1536,0.000001197
547,1536,0.000000936
548,1536,0.000000945
549,1536,0.000001196
550,1536,0.000000970
551,1536,0.000000940
552,1536,0.000000954
553,1536,0.000000942
554,1536,0.000001303
555,1536,0.000000941
556,1536,0.000000946
557,1536,0.000001170
558,1536,0.000001656
559,1536,0.000000971
560,1536,0.000000967
561,1536,0.000000940
562,1536,0.000001149
563,1536,0.000000937
564,1536,0.000000946
565,1536,0.000001221
566,1536,0.000000963
567,1536,0.000000933
568,1536,0.000000946
569,1536,0.000000936
570,1536,0.000001204
571,1536,0.000000938
572,1536,0.000000948
573,1536,0.000001383
574,1536,0.000000967
575,1536,0.000000956
576,1536,0.000000947
577,1536,0.000000945
578,1536,0.000001260
579,1536,0.000000937
580,1536,0.000000948
581,1536,0.000001246
582,1536,0.000000968
583,1536,0.000000937
584,1536,0.000000967
585,1536,0.000000944
586,1536,0.000001437
587,1536,0.000000945
588,1536,0.000000945
589,1536,0.000001165
590,1536,0.000000965
591,1536,0.000000960
592,1536,0.000001728
593,1536,0.000000965
594,1536,0.000001258
595,1536,0.000000932
596,1536,0.000000950
597,1536,0.000001164
598,1536,0.000000966
599,1536,0.000000933
600,1536,0.000001246
601,1536,0.000000953
602,1536,0.000001182
603,1536,0.000000936
604,1536,0.000000950
605,1536,0.000001191
606,1536,0.000000964
607,1536,0.000000938
608,1536,0.000000969
609,1536,0.000000942
610,1536,0.000001335
611,1536,0.000000938
612,1536,0.000000948
613,1536,0.000001165
614,1536,0.000000968
615,1536,0.000000951
616,1536,0.000001067
617,1536,0.000000940
618,1536,0.000001156
619,1536,0.000000935
620,1536,0.000000975
621,1536,0.000001211
622,1536,0.000000962
623,1536,0.000000933
624,1536,0.000000954
625,1536,0.000000948
626,1536,0.000001889
627,1536,0.000000969
628,1536,0.000000948
629,1536,0.000001174
630,1536,0.000000967
631,1536,0.000000934
632,1536,0.000001051
633,1536,0.000000940
634,1536,0.000001191
635,1536,0.000000960
636,1536,0.000000960
637,1536,0.000001199
638,1536,0.000000968
639,1536,0.000000938
640,1536,0.000000984
641,1536,0.000000943
642,1536,0.000001221
643,1536,0.000000936
644,1536,0.000000950
645,1536,0.000001168
646,1536,0.000000967
647,1536,0.000000939
648,1536,0.000000994
649,1536,0.000000941
650,1536,0.000001191
651,1536,0.000000938
652,1536,0.000000961
653,1536,0.000001140
654,1536,0.000000966
655,1536,0.000000932
656,1536,0.000000986
657,1536,0.000000944
658,1536,0.000001175
659,1536,0.000001020
660,1536,0.000001676
661,1536,0.000001176
662,1536,0.000000972
663,1536,0.000000940
664,1536,0.000000993
665,1536,0.000000942
666,1536,0.000001182
667,1536,0.000000936
668,1536,0.000000947
669,1536,0.000001171
670,1536,0.000000967
671,1536,0.000000936
672,1536,0.000001005
673,1536,0.000000943
674,1536,0.000001175
675,1536,0.000000938
676,1536,0.000000949
677,1536,0.000001273
678,1536,0.000000968
679,1536,0.000000935
680,1536,0.000000971
681,1536,0.000000936
682,1536,0.000015633
683,1536,0.000001144
684,1536,0.000000962
685,1536,0.000001227
686,1536,0.000000988
687,1536,0.000000962
688,1536,0.000001018
689,1536,0.000000970
690,1536,0.000001217
691,1536,0.000000966
692,1536,0.000000963
693,1536,0.000001208
694,1536,0.000001827
695,1536,0.000000999
696,1536,0.000000973
697,1536,0.000000974
698,1536,0.000001212
699,1536,0.000000966
700,1536,0.000015419
701,1536,0.000001335
702,1536,0.000000967
703,1536,0.000000941
704,1536,0.000001177
705,1536,0.000000946
706,1536,0.000001166
707,1536,0.000000939
708,1536,0.000000933
709,1536,0.000001295
710,1536,0.000000954
711,1536,0.000000938
712,1536,0.000001070
713,1536,0.000000945
714,1536,0.000001138
715,1536,0.000000940
716,1536,0.000000934
717,1536,0.000001160
718,1536,0.000000955
719,1536,0.000000937
720,1536,0.000001067
721,1536,0.000000944
722,1536,0.000001139
723,1536,0.000000937
724,1536,0.000000934
725,1536,0.000001247
726,1536,0.000000954
727,1536,0.000000969
728,1536,0.000001775
729,1536,0.000000994
730,1536,0.000001220
731,1536,0.000000945
732,1536,0.000000936
733,1536,0.000001191
734,1536,0.000000959
735,1536,0.000000947
736,1536,0.000000983
737,1536,0.000000955
738,1536,0.000001168
739,1536,0.000000947
740,1536,0.000000936
741,1536,0.000001204
742,1536,0.000000954
743,1536,0.000000944
744,1536,0.000000953
745,1536,0.000000953
746,1536,0.000001182
747,1536,0.000000943
748,1536,0.000000933
749,1536,0.000001181
750,1536,0.000000953
751,1536,0.000000944
752,1536,0.000000978
753,1536,0.000000952
754,1536,0.000001173
755,1536,0.000000967
756,1536,0.000000937
757,1536,0.000001216
758,1536,0.000000957
759,1536,0.000000946
760,1536,0.000001046
761,1536,0.000000956
762,1536,0.000001913
763,1536,0.000000972
764,1536,0.000000947
765,1536,0.000001181
766,1536,0.000000968
767,1536,0.000000937
768,1536,0.000000949
769,1536,0.000000941
770,1536,0.000001167
771,1536,0.000000938
772,1536,0.000000947
773,1536,0.000001144
774,1536,0.000000962
775,1536,0.000000936
776,1536,0.000000999
777,1536,0.000000938
778,1536,0.000001205
779,1536,0.000000935
780,1536,0.000000948
781,1536,0.000001198
782,1536,0.000000964
783,1536,0.000000937
784,1536,0.000000974
785,1536,0.000000942
786,1536,0.000001216
787,1536,0.000000937
788,1536,0.000000946
789,1536,0.000001185
790,1536,0.000000971
791,1536,0.000000939
792,1536,0.000000991
793,1536,0.000000942
794,1536,0.000001197
795,1536,0.000000939
796,1536,0.000000969
797,1536,0.000001891
798,1536,0.000000981
799,1536,0.000000948
800,1536,0.000000960
801,1536,0.000000953
802,1536,0.000001213
803,1536,0.000000947
804,1536,0.000000934
805,1536,0.000001174
806,1536,0.000000956
807,1536,0.000000945
808,1536,0.000001019
809,1536,0.000000950
810,1536,0.000001183
811,1536,0.000000945
812,1536,0.000000938
813,1536,0.000001235
814,1536,0.000000953
815,1536,0.000000945
816,1536,0.000000941
817,1536,0.000000954
818,1536,0.000001200
819,1536,0.000000948
820,1536,0.000000936
821,1536,0.000001181
822,1536,0.000000956
823,1536,0.000000949
824,1536,0.000000952
825,1536,0.000000957
826,1536,0.000001147
827,1536,0.000000946
828,1536,0.000000937
829,1536,0.000001254
830,1536,0.000000954
831,1536,0.000001665
832,1536,0.000000973
833,1536,0.000000978
834,1536,0.000004433
835,1536,0.000001100
836,1536,0.000000939
837,1536,0.000002514
838,1536,0.000001022
839,1536,0.000000949
840,1536,0.000002118
841,1536,0.000001003
842,1536,0.000002389
843,1536,0.000000989
844,1536,0.000000950
845,1536,0.000002336
846,1536,0.000001015
847,1536,0.000000955
848,1536,0.000002229
849,1536,0.000000992
850,1536,0.000002303
851,1536,0.000000990
852,1536,0.000000948
853,1536,0.000002988
854,1536,0.000001874
855,1536,0.000000997
856,1536,0.000002195
857,1536,0.000001025
858,1536,0.000002326
859,1536,0.000000985
860,1536,0.000000948
861,1536,0.000002322
862,1536,0.000001016
863,1536,0.000000948
864,1536,0.000002097
865,1536,0.000000993
866,1536,0.000002674
867,1536,0.000001150
868,1536,0.000001086
869,1536,0.000002499
870,1536,0.000001020
871,1536,0.000000946
872,1536,0.000002131
873,1536,0.000000995
874,1536,0.000002361
875,1536,0.000000987
876,1536,0.000000948
877,1536,0.000003197
878,1536,0.000001051
879,1536,0.000000956
880,1536,0.000002172
881,1536,0.000000998
882,1536,0.000002313
883,1536,0.000000993
884,1536,0.000000953
885,1536,0.000002388
886,1536,0.000001010
887,1536,0.000000953
888,1536,0.000002169
889,1536,0.000000997
890,1536,0.000002374
891,1536,0.000000990
892,1536,0.000000945
893,1536,0.000002370
894,1536,0.000001017
895,1536,0.000000946
896,1536,0.000002220
897,1536,0.000000992
898,1536,0.000004902
899,1536,0.000001806
900,1536,0.000000984
901,1536,0.000002361
902,1536,0.000001022
903,1536,0.000000943
904,1536,0.000002378
905,1536,0.000000996
906,1536,0.000002284
907,1536,0.000000990
908,1536,0.000000946
909,1536,0.000002303
910,1536,0.000001009
911,1536,0.000000945
912,1536,0.000002071
913,1536,0.000000989
914,1536,0.000002392
915,1536,0.000000998
916,1536,0.000000941
917,1536,0.000002335
918,1536,0.000001017
919,1536,0.000000942
920,1536,0.000002111
921,1536,0.000000990
922,1536,0.000002432
923,1536,0.000001776
924,1536,0.000000988
925,1536,0.000002722
926,1536,0.000001018
927,1536,0.000000944
928,1536,0.000002126
929,1536,0.000000995
930,1536,0.000002351
931,1536,0.000000986
932,1536,0.000000943
933,1536,0.000002319
934,1536,0.000001007
935,1536,0.000000944
936,1536,0.000002109
937,1536,0.000000986
938,1536,0.000002620
939,1536,0.000000983
940,1536,0.000000942
941,1536,0.000002355
942,1536,0.000001010
943,1536,0.000000945
944,1536,0.000002095
945,1536,0.000000991
946,1536,0.000002361
947,1536,0.000001809
948,1536,0.000000977
949,1536,0.000002414
950,1536,0.000001015
951,1536,0.000000943
952,1536,0.000002268
953,1536,0.000000995
954,1536,0.000002315
955,1536,0.000000989
956,1536,0.000000940
957,1536,0.000002530
958,1536,0.000001143
959,1536,0.000001083
960,1536,0.000002199
961,1536,0.000000994
962,1536,0.000002345
963,1536,0.000000990
964,1536,0.000000945
965,1536,0.000002367
966,1536,0.000001020
967,1536,0.000000945
968,1536,0.000011457
969,1536,0.000001394
970,1536,0.000003065
971,1536,0.000002072
972,1536,0.000001006
973,1536,0.000002521
974,1536,0.000001040
975,1536,0.000000947
976,1536,0.000002124
977,1536,0.000000996
978,1536,0.000002342
979,1536,0.000001000
980,1536,0.000000957
981,1536,0.000004720
982,1536,0.000001015
983,1536,0.000000957
984,1536,0.000002087
985,1536,0.000000998
986,1536,0.000002432
987,1536,0.000001003
988,1536,0.000000954
989,1536,0.000002516
990,1536,0.000001012
991,1536,0.000000952
992,1536,0.000002082
993,1536,0.000000994
994,1536,0.000002334
995,1536,0.000000997
996,1536,0.000000960
997,1536,0.000003207
998,1536,0.000001049
999,1536,0.000000966
0,1792,0.000003681
1,1792,0.000001670
2,1792,0.000001796
3,1792,0.000001435
4,1792,0.000001717
5,1792,0.000001399
6,1792,0.000001710
7,1792,0.000001411
8,1792,0.000001416
9,1792,0.000001714
10,1792,0.000001435
11,1792,0.000001752
12,1792,0.000001463
13,1792,0.000001998
14,1792,0.000001580
15,1792,0.000001375
16,1792,0.000001541
17,1792,0.000001298
18,1792,0.000001617
19,1792,0.000001513
20,1792,0.000001931
21,1792,0.000001349
22,1792,0.000001663
23,1792,0.000001325
24,1792,0.000001326
25,1792,0.000001776
26,1792,0.000001487
27,1792,0.000001665
28,1792,0.000001395
29,1792,0.000001703
30,1792,0.000001386
31,1792,0.000001368
32,1792,0.000001418
33,1792,0.000001441
34,1792,0.000002346
35,1792,0.000001494
36,1792,0.000001721
37,1792,0.000003780
38,1792,0.000001843
39,1792,0.000001433
40,1792,0.000001407
41,1792,0.000001679
42,1792,0.000001415
43,1792,0.000001717
44,1792,0.000001430
45,1792,0.000002810
46,1792,0.000001477
47,1792,0.000001402
48,1792,0.000001405
49,1792,0.000001434
50,1792,0.000001705
51,1792,0.000001398
52,1792,0.000001759
53,1792,0.000001427
54,1792,0.000002725
55,1792,0.000001439
56,1792,0.000001407
57,1792,0.000001727
58,1792,0.000001426
59,1792,0.000001729
60,1792,0.000001429
61,1792,0.000001722
62,1792,0.000001396
63,1792,0.000001423
64,1792,0.000002364
65,1792,0.000001469
66,1792,0.000001698
67,1792,0.000001388
68,1792,0.000001699
69,1792,0.000001390
70,1792,0.000001679
71,1792,0.000001405
72,1792,0.000001413
73,1792,0.000002586
74,1792,0.000001475
75,1792,0.000001687
76,1792,0.000001436
77,1792,0.000001694
78,1792,0.000001401
79,1792,0.000001425
80,1792,0.000001412
81,1792,0.000001398
82,1792,0.000002682
83,1792,0.000001454
84,1792,0.000001887
85,1792,0.000001409
86,1792,0.000001664
87,1792,0.000001466
88,1792,0.000001469
89,1792,0.000001898
90,1792,0.000001707
91,1792,0.000002067
92,1792,0.000000994
93,1792,0.000001194
94,1792,0.000000940
95,1792,0.000000948
96,1792,0.000000939
97,1792,0.000000949
98,1792,0.000001142
99,1792,0.000000959
100,1792,0.000001172
101,1792,0.000000953
102,1792,0.000001173
103,1792,0.000000952
104,1792,0.000000962
105,1792,0.000001917
106,1792,0.000000988
107,1792,0.000001271
108,1792,0.000000981
109,1792,0.000001190
110,1792,0.000000953
111,1792,0.000000942
112,1792,0.000000968
113,1792,0.000000945
114,1792,0.000001198
115,1792,0.000000956
116,1792,0.000001182
117,1792,0.000000940
118,1792,0.000001914
119,1792,0.000000968
120,1792,0.000000953
121,1792,0.000001167
122,1792,0.000000964
123,1792,0.000001217
124,1792,0.000000971
125,1792,0.000001170
126,1792,0.000000951
127,1792,0.000000938
128,1792,0.000000968
129,1792,0.000000942
130,1792,0.000001169
131,1792,0.000000956
132,1792,0.000001880
133,1792,0.000000966
134,1792,0.000001205
135,1792,0.000000941
136,1792,0.000000952
137,1792,0.000001198
138,1792,0.000000967
139,1792,0.000001164
140,1792,0.000000979
141,1792,0.000001153
142,1792,0.000000954
143,1792,0.000000942
144,1792,0.000000983
145,1792,0.000000945
146,1792,0.000001881
147,1792,0.000000994
148,1792,0.000001414
149,1792,0.000000937
150,1792,0.000001172
151,1792,0.000000937
152,1792,0.000000951
153,1792,0.000001207
154,1792,0.000000959
155,1792,0.000001155
156,1792,0.000000978
157,1792,0.000001208
158,1792,0.000000957
159,1792,0.000001671
160,1792,0.000001004
161,1792,0.000000948
162,1792,0.000001182
163,1792,0.000000955
164,1792,0.000001161
165,1792,0.000000941
166,1792,0.000001155
167,1792,0.000000940
168,1792,0.000000954
169,1792,0.000001179
170,1792,0.000000962
171,1792,0.000001179
172,1792,0.000000980
173,1792,0.000001875
174,1792,0.000000961
175,1792,0.000000950
176,1792,0.000000943
177,1792,0.000000955
178,1792,0.000001190
179,1792,0.000000968
180,1792,0.000001166
181,1792,0.000000952
182,1792,0.000001144
183,1792,0.000000949
184,1792,0.000000937
185,1792,0.000001158
186,1792,0.000000948
187,1792,0.000001852
188,1792,0.000000987
189,1792,0.000001189
190,1792,0.000000938
191,1792,0.000000952
192,1792,0.000001007
193,1792,0.000000956
194,1792,0.000001175
195,1792,0.000000966
196,1792,0.000001158
197,1792,0.000000956
198,1792,0.000001177
199,1792,0.000000954
200,1792,0.000000946
201,1792,0.000001860
202,1792,0.000000966
203,1792,0.000001159
204,1792,0.000000965
205,1792,0.000001190
206,1792,0.000000939
207,1792,0.000000949
208,1792,0.000000942
209,1792,0.000000954
210,1792,0.000001159
211,1792,0.000000967
212,1792,0.000001149
213,1792,0.000000948
214,1792,0.000001191
215,1792,0.000001657
216,1792,0.000000965
217,1792,0.000001207
218,1792,0.000000952
219,1792,0.000001165
220,1792,0.000000969
221,1792,0.000001206
222,1792,0.000000942
223,1792,0.000000953
224,1792,0.000000945
225,1792,0.000000958
226,1792,0.000001179
227,1792,0.000000964
228,1792,0.000001889
229,1792,0.000001365
230,1792,0.000001389
231,1792,0.000001076
232,1792,0.000001082
233,1792,0.000001288
234,1792,0.000001074
235,1792,0.000001283
236,1792,0.000001089
237,1792,0.000001261
238,1792,0.000001065
239,1792,0.000001059
240,1792,0.000001809
241,1792,0.000001005
242,1792,0.000001169
243,1792,0.000000973
244,1792,0.000001174
245,1792,0.000000943
246,1792,0.000001157
247,1792,0.000000952
248,1792,0.000000951
249,1792,0.000001204
250,1792,0.000000962
251,1792,0.000001157
252,1792,0.000000978
253,1792,0.000001590
254,1792,0.000001666
255,1792,0.000000974
256,1792,0.000001011
257,1792,0.000000947
258,1792,0.000001162
259,1792,0.000000957
260,1792,0.000001175
261,1792,0.000000942
262,1792,0.000001188
263,1792,0.000000951
264,1792,0.000000951
265,1792,0.000001170
266,1792,0.000000956
267,1792,0.000001870
268,1792,0.000000992
269,1792,0.000001171
270,1792,0.000000941
271,1792,0.000000949
272,1792,0.000000941
273,1792,0.000000957
274,1792,0.000001234
275,1792,0.000000967
276,1792,0.000001177
277,1792,0.000000953
278,1792,0.000001227
279,1792,0.000000953
280,1792,0.000000947
281,1792,0.000001862
282,1792,0.000000985
283,1792,0.000001224
284,1792,0.000000965
285,1792,0.000001225
286,1792,0.000000938
287,1792,0.000000950
288,1792,0.000000960
289,1792,0.000000961
290,1792,0.000001174
291,1792,0.000000962
292,1792,0.000001190
293,1792,0.000000953
294,1792,0.000001146
295,1792,0.000001664
296,1792,0.000000965
297,1792,0.000001226
298,1792,0.000000947
299,1792,0.000001157
300,1792,0.000000964
301,1792,0.000001162
302,1792,0.000000938
303,1792,0.000000948
304,1792,0.000000946
305,1792,0.000000955
306,1792,0.000001212
307,1792,0.000000966
308,1792,0.000001174
309,1792,0.000001684
310,1792,0.000001170
311,1792,0.000000951
312,1792,0.000000941
313,1792,0.000001224
314,1792,0.000000947
315,1792,0.000001167
316,1792,0.000000961
317,1792,0.000001159
318,1792,0.000000938
319,1792,0.000000949
320,1792,0.000000970
321,1792,0.000015574
322,1792,0.000001322
323,1792,0.000001789
324,1792,0.000001244
325,1792,0.000000980
326,1792,0.000001250
327,1792,0.000000973
328,1792,0.000000976
329,1792,0.000001209
330,1792,0.000000982
331,1792,0.000001217
332,1792,0.000000998
333,1792,0.000001198
334,1792,0.000000972
335,1792,0.000000972
336,1792,0.000001055
337,1792,0.000001729
338,1792,0.000015017
339,1792,0.000001013
340,1792,0.000001182
341,1792,0.000000942
342,1792,0.000001162
343,1792,0.000000946
344,1792,0.000000938
345,1792,0.000001517
346,1792,0.000000951
347,1792,0.000001147
348,1792,0.000000967
349,1792,0.000001149
350,1792,0.000001755
351,1792,0.000000967
352,1792,0.000000941
353,1792,0.000000951
354,1792,0.000001202
355,1792,0.000000960
356,1792,0.000001147
357,1792,0.000000952
358,1792,0.000001193
359,1792,0.000000949
360,1792,0.000000957
361,1792,0.000001183
362,1792,0.000000950
363,1792,0.000001180
364,1792,0.000001654
365,1792,0.000001216
366,1792,0.000000943
367,1792,0.000000953
368,1792,0.000000947
369,1792,0.000000958
370,1792,0.000001150
371,1792,0.000000967
372,1792,0.000001199
373,1792,0.000000950
374,1792,0.000001172
375,1792,0.000000949
376,1792,0.000000940
377,1792,0.000001221
378,1792,0.000001655
379,1792,0.000001205
380,1792,0.000000964
381,1792,0.000001170
382,1792,0.000000936
383,1792,0.000000950
384,1792,0.000000966
385,1792,0.000000958
386,1792,0.000001156
387,1792,0.000000966
388,1792,0.000001149
389,1792,0.000000951
390,1792,0.000001179
391,1792,0.000001648
392,1792,0.000000978
393,1792,0.000001196
394,1792,0.000000951
395,1792,0.000001167
396,1792,0.000000971
397,1792,0.000001159
398,1792,0.000000943
399,1792,0.000000950
400,1792,0.000000942
401,1792,0.000000959
402,1792,0.000001182
403,1792,0.000000968
404,1792,0.000001155
405,1792,0.000001655
406,1792,0.000001224
407,1792,0.000000950
408,1792,0.000000941
409,1792,0.000001175
410,1792,0.000000950
411,1792,0.000001154
412,1792,0.000000963
413,1792,0.000001155
414,1792,0.000000938
415,1792,0.000000948
416,1792,0.000000958
417,1792,0.000000952
418,1792,0.000001142
419,1792,0.000001661
420,1792,0.000001294
421,1792,0.000000952
422,1792,0.000001156
423,1792,0.000000951
424,1792,0.000000942
425,1792,0.000001173
426,1792,0.000000956
427,1792,0.000001265
428,1792,0.000000963
429,1792,0.000001184
430,1792,0.000000939
431,1792,0.000000952
432,1792,0.000000968
433,1792,0.000001644
434,1792,0.000001173
435,1792,0.000000966
436,1792,0.000001152
437,1792,0.000000949
438,1792,0.000001166
439,1792,0.000000956
440,1792,0.000000937
441,1792,0.000001152
442,1792,0.000000947
443,1792,0.000001155
444,1792,0.000000965
445,1792,0.000001186
446,1792,0.000000977
447,1792,0.000001651
448,1792,0.000001066
449,1792,0.000000955
450,1792,0.000001183
451,1792,0.000000968
452,1792,0.000001180
453,1792,0.000000953
454,1792,0.000001148
455,1792,0.000000951
456,1792,0.000000944
457,1792,0.000001166
458,1792,0.000000949
459,1792,0.000001165
460,1792,0.000001657
461,1792,0.000001225
462,1792,0.000000941
463,1792,0.000000947
464,1792,0.000000951
465,1792,0.000000951
466,1792,0.000001221
467,1792,0.000000963
468,1792,0.000001195
469,1792,0.000000950
470,1792,0.000001170
471,1792,0.000000950
472,1792,0.000000937
473,1792,0.000001158
474,1792,0.000001654
475,1792,0.000001224
476,1792,0.000000995
477,1792,0.000001160
478,1792,0.000000942
479,1792,0.000000953
480,1792,0.000000944
481,1792,0.000000955
482,1792,0.000001168
483,1792,0.000000967
484,1792,0.000001179
485,1792,0.000000953
486,1792,0.000001145
487,1792,0.000000964
488,1792,0.000001642
489,1792,0.000001235
490,1792,0.000000950
491,1792,0.000001184
492,1792,0.000000964
493,1792,0.000001158
494,1792,0.000000938
495,1792,0.000000947
496,1792,0.000000958
497,1792,0.000000953
498,1792,0.000001162
499,1792,0.000000966
500,1792,0.000001171
501,1792,0.000000971
502,1792,0.000001887
503,1792,0.000000984
504,1792,0.000000958
505,1792,0.000001157
506,1792,0.000000962
507,1792,0.000001151
508,1792,0.000000980
509,1792,0.000001177
510,1792,0.000000950
511,1792,0.000000941
512,1792,0.000000960
513,1792,0.000000946
514,1792,0.000001203
515,1792,0.000000978
516,1792,0.000001877
517,1792,0.000000974
518,1792,0.000001186
519,1792,0.000000939
520,1792,0.000000948
521,1792,0.000001167
522,1792,0.000000963
523,1792,0.000001148
524,1792,0.000000977
525,1792,0.000001145
526,1792,0.000000948
527,1792,0.000000937
528,1792,0.000000984
529,1792,0.000001666
530,1792,0.000001195
531,1792,0.000000954
532,1792,0.000001179
533,1792,0.000000940
534,1792,0.000001164
535,1792,0.000000942
536,1792,0.000000953
537,1792,0.000001175
538,1792,0.000000962
539,1792,0.000001158
540,1792,0.000000982
541,1792,0.000001185
542,1792,0.000000954
543,1792,0.000001662
544,1792,0.000000995
545,1792,0.000000944
546,1792,0.000001185
547,1792,0.000000954
548,1792,0.000001192
549,1792,0.000000940
550,1792,0.000001172
551,1792,0.000000936
552,1792,0.000000954
553,1792,0.000001148
554,1792,0.000000958
555,1792,0.000001146
556,1792,0.000000979
557,1792,0.000001870
558,1792,0.000000976
559,1792,0.000000949
560,1792,0.000000942
561,1792,0.000000953
562,1792,0.000001178
563,1792,0.000000965
564,1792,0.000001152
565,1792,0.000000951
566,1792,0.000001165
567,1792,0.000000951
568,1792,0.000000944
569,1792,0.000001180
570,1792,0.000000959
571,1792,0.000001847
572,1792,0.000000996
573,1792,0.000001187
574,1792,0.000000942
575,1792,0.000000950
576,1792,0.000010318
577,1792,0.000001273
578,1792,0.000001172
579,1792,0.000000976
580,1792,0.000001211
581,1792,0.000000959
582,1792,0.000001183
583,1792,0.000001947
584,1792,0.000000991
585,1792,0.000001167
586,1792,0.000000978
587,1792,0.000001243
588,1792,0.000000988
589,1792,0.000001277
590,1792,0.000000960
591,1792,0.000000953
592,1792,0.000000959
593,1792,0.000000959
594,1792,0.000001183
595,1792,0.000000965
596,1792,0.000001164
597,1792,0.000001689
598,1792,0.000001217
599,1792,0.000000955
600,1792,0.000000959
601,1792,0.000001156
602,1792,0.000000969
603,1792,0.000001185
604,1792,0.000000986
605,1792,0.000001163
606,1792,0.000000959
607,1792,0.000000954
608,1792,0.000001010
609,1792,0.000000958
610,1792,0.000001167
611,1792,0.000001658
612,1792,0.000001221
613,1792,0.000000959
614,1792,0.000001176
615,1792,0.000000956
616,1792,0.000000963
617,1792,0.000001164
618,1792,0.000000983
619,1792,0.000001161
620,1792,0.000000983
621,1792,0.000001177
622,1792,0.000000959
623,1792,0.000000952
624,1792,0.000001730
625,1792,0.000000983
626,1792,0.000001215
627,1792,0.000000970
628,1792,0.000001176
629,1792,0.000000951
630,1792,0.000001160
631,1792,0.000000952
632,1792,0.000000960
633,1792,0.000001199
634,1792,0.000000967
635,1792,0.000001189
636,1792,0.000000986
637,1792,0.000001161
638,1792,0.000001656
639,1792,0.000000972
640,1792,0.000001000
641,1792,0.000000963
642,1792,0.000001234
643,1792,0.000000973
644,1792,0.000001170
645,1792,0.000000954
646,1792,0.000001165
647,1792,0.000000956
648,1792,0.000000960
649,1792,0.000001161
650,1792,0.000000977
651,1792,0.000001201
652,1792,0.000001660
653,1792,0.000001177
654,1792,0.000008477
655,1792,0.000002006
656,1792,0.000001091
657,1792,0.000000947
658,1792,0.000001155
659,1792,0.000000960
660,1792,0.000018553
661,1792,0.000001149
662,1792,0.000001179
663,1792,0.000000967
664,1792,0.000000963
665,1792,0.000001176
666,1792,0.000000973
667,1792,0.000001243
668,1792,0.000000988
669,1792,0.000001182
670,1792,0.000000962
671,1792,0.000000967
672,1792,0.000000994
673,1792,0.000000972
674,1792,0.000001203
675,1792,0.000000985
676,1792,0.000001183
677,1792,0.000000970
678,1792,0.000001198
679,1792,0.000000984
680,1792,0.000002332
681,1792,0.000014062
682,1792,0.000001091
683,1792,0.000001160
684,1792,0.000000975
685,1792,0.000001160
686,1792,0.000000939
687,1792,0.000000944
688,1792,0.000001054
689,1792,0.000000950
690,1792,0.000001155
691,1792,0.000000962
692,1792,0.000001157
693,1792,0.000000945
694,1792,0.000001206
695,1792,0.000000959
696,1792,0.000000945
697,1792,0.000001176
698,1792,0.000000954
699,1792,0.000001157
700,1792,0.000000967
701,1792,0.000001178
702,1792,0.000000939
703,1792,0.000000938
704,1792,0.000000967
705,1792,0.000000951
706,1792,0.000001155
707,1792,0.000000953
708,1792,0.000001151
709,1792,0.000000939
710,1792,0.000001147
711,1792,0.000000939
712,1792,0.000000940
713,1792,0.000001152
714,1792,0.000001774
715,1792,0.000001201
716,1792,0.000000968
717,1792,0.000001181
718,1792,0.000000942
719,1792,0.000000950
720,1792,0.000000944
721,1792,0.000000956
722,1792,0.000001475
723,1792,0.000000968
724,1792,0.000001162
725,1792,0.000000954
726,1792,0.000001200
727,1792,0.000000954
728,1792,0.000000943
729,1792,0.000001159
730,1792,0.000000954
731,1792,0.000001180
732,1792,0.000000966
733,1792,0.000001161
734,1792,0.000000945
735,1792,0.000000949
736,1792,0.000000943
737,1792,0.000001788
738,1792,0.000001166
739,1792,0.000000989
740,1792,0.000001178
741,1792,0.000000949
742,1792,0.000001153
743,1792,0.000000942
744,1792,0.000000950
745,1792,0.000001169
746,1792,0.000000959
747,1792,0.000001189
748,1792,0.000000979
749,1792,0.000001183
750,1792,0.000000954
751,1792,0.000000939
752,1792,0.000001720
753,1792,0.000000973
754,1792,0.000001198
755,1792,0.000000964
756,1792,0.000001156
757,1792,0.000000957
758,1792,0.000001150
759,1792,0.000000953
760,1792,0.000000942
761,1792,0.000001217
762,1792,0.000000952
763,1792,0.000001174
764,1792,0.000000970
765,1792,0.000001896
766,1792,0.000000982
767,1792,0.000000942
768,1792,0.000000968
769,1792,0.000000950
770,1792,0.000001198
771,1792,0.000000956
772,1792,0.000001183
773,1792,0.000000939
774,1792,0.000001173
775,1792,0.000000943
776,1792,0.000000958
777,1792,0.000001161
778,1792,0.000000966
779,1792,0.000001879
780,1792,0.000000993
781,1792,0.000001197
782,1792,0.000000940
783,1792,0.000000950
784,1792,0.000001059
785,1792,0.000000957
786,1792,0.000001167
787,1792,0.000000967
788,1792,0.000001150
789,1792,0.000000952
790,1792,0.000001146
791,1792,0.000000955
792,1792,0.000001653
793,1792,0.000001231
794,1792,0.000000963
795,1792,0.000001181
796,1792,0.000000975
797,1792,0.000001183
798,1792,0.000000950
799,1792,0.000000938
800,1792,0.000000952
801,1792,0.000000946
802,1792,0.000001175
803,1792,0.000000952
804,1792,0.000001156
805,1792,0.000000940
806,1792,0.000001912
807,1792,0.000001075
808,1792,0.000000965
809,1792,0.000001210
810,1792,0.000000954
811,1792,0.000001207
812,1792,0.000000968
813,1792,0.000001202
814,1792,0.000000942
815,1792,0.000000955
816,1792,0.000000996
817,1792,0.000000956
818,1792,0.000001200
819,1792,0.000000977
820,1792,0.000001934
821,1792,0.000000972
822,1792,0.000001197
823,1792,0.000000943
824,1792,0.000000952
825,1792,0.000001191
826,1792,0.000000964
827,1792,0.000001186
828,1792,0.000000978
829,1792,0.000001213
830,1792,0.000000952
831,1792,0.000000940
832,1792,0.000001035
833,1792,0.000001652
834,1792,0.000001180
835,1792,0.000000969
836,1792,0.000001211
837,1792,0.000000956
838,1792,0.000001227
839,1792,0.000000953
840,1792,0.000000940
841,1792,0.000001184
842,1792,0.000000952
843,1792,0.000001230
844,1792,0.000000965
845,1792,0.000001213
846,1792,0.000000955
847,1792,0.000001666
848,1792,0.000001064
849,1792,0.000000947
850,1792,0.000001159
851,1792,0.000000952
852,1792,0.000001212
853,1792,0.000000940
854,1792,0.000001223
855,1792,0.000000940
856,1792,0.000000950
857,1792,0.000004272
858,1792,0.000001871
859,1792,0.000002830
860,1792,0.000001048
861,1792,0.000002690
862,1792,0.000000996
863,1792,0.000000960
864,1792,0.000002099
865,1792,0.000001012
866,1792,0.000002601
867,1792,0.000001790
868,1792,0.000002581
869,1792,0.000001003
870,1792,0.000002330
871,1792,0.000000984
872,1792,0.000000954
873,1792,0.000002622
874,1792,0.000001137
875,1792,0.000003264
876,1792,0.000001057
877,1792,0.000003066
878,1792,0.000000988
879,1792,0.000000945
880,1792,0.000002212
881,1792,0.000000995
882,1792,0.000002342
883,1792,0.000001821
884,1792,0.000002435
885,1792,0.000000992
886,1792,0.000002345
887,1792,0.000000987
888,1792,0.000000950
889,1792,0.000002243
890,1792,0.000000985
891,1792,0.000002333
892,1792,0.000001034
893,1792,0.000003171
894,1792,0.000001046
895,1792,0.000000963
896,1792,0.000002399
897,1792,0.000001002
898,1792,0.000002376
899,1792,0.000001000
900,1792,0.000004907
901,1792,0.000001806
902,1792,0.000002457
903,1792,0.000000987
904,1792,0.000000949
905,1792,0.000002320
906,1792,0.000000985
907,1792,0.000002306
908,1792,0.000001011
909,1792,0.000003290
910,1792,0.000001056
911,1792,0.000000961
912,1792,0.000002250
913,1792,0.000000995
914,1792,0.000002410
915,1792,0.000001001
916,1792,0.000002320
917,1792,0.000000986
918,1792,0.000003243
919,1792,0.000001053
920,1792,0.000000963
921,1792,0.000002292
922,1792,0.000000988
923,1792,0.000002340
924,1792,0.000001008
925,1792,0.000002892
926,1792,0.000001000
927,1792,0.000001814
928,1792,0.000002274
929,1792,0.000001006
930,1792,0.000002366
931,1792,0.000001000
932,1792,0.000002397
933,1792,0.000000994
934,1792,0.000002492
935,1792,0.000001148
936,1792,0.000001830
937,1792,0.000002598
938,1792,0.000000992
939,1792,0.000002475
940,1792,0.000001002
941,1792,0.000002356
942,1792,0.000000980
943,1792,0.000000948
944,1792,0.000002180
945,1792,0.000001769
946,1792,0.000002624
947,1792,0.000001006
948,1792,0.000002267
949,1792,0.000000983
950,1792,0.000002421
951,1792,0.000000988
952,1792,0.000000951
953,1792,0.000002397
954,1792,0.000001782
955,1792,0.000002470
956,1792,0.000001007
957,1792,0.000002342
958,1792,0.000000995
959,1792,0.000000947
960,1792,0.000002144
961,1792,0.000000988
962,1792,0.000002393
963,1792,0.000001810
964,1792,0.000002419
965,1792,0.000000990
966,1792,0.000002334
967,1792,0.000000978
968,1792,0.000000954
969,1792,0.000002334
970,1792,0.000000987
971,1792,0.000004789
972,1792,0.000001783
973,1792,0.000002403
974,1792,0.000000983
975,1792,0.000000948
976,1792,0.000002094
977,1792,0.000000988
978,1792,0.000002375
979,1792,0.000001792
980,1792,0.000002401
981,1792,0.000000987
982,1792,0.000002373
983,1792,0.000000990
984,1792,0.000000950
985,1792,0.000002323
986,1792,0.000000994
987,1792,0.000002414
988,1792,0.000001796
989,1792,0.000002383
990,1792,0.000000987
991,1792,0.000000956
992,1792,0.000002144
993,1792,0.000000993
994,1792,0.000002281
995,1792,0.000000997
996,1792,0.000002466
997,1792,0.000001770
998,1792,0.000002470
999,1792,0.000000992
0,2048,0.000003082
1,2048,0.000001182
2,2048,0.000001017
3,2048,0.000000966
4,2048,0.000001050
5,2048,0.000000961
6,2048,0.000000965
7,2048,0.000000957
8,2048,0.000000999
9,2048,0.000000964
10,2048,0.000001011
11,2048,0.000000962
12,2048,0.000000978
13,2048,0.000000957
14,2048,0.000000974
15,2048,0.000000965
16,2048,0.000000980
17,2048,0.000000966
18,2048,0.000001129
19,2048,0.000001514
20,2048,0.000001480
21,2048,0.000001426
22,2048,0.000001389
23,2048,0.000002041
24,2048,0.000001771
25,2048,0.000001405
26,2048,0.000001363
27,2048,0.000001443
28,2048,0.000001432
29,2048,0.000001436
30,2048,0.000001504
31,2048,0.000001506
32,2048,0.000001473
33,2048,0.000001344
34,2048,0.000001542
35,2048,0.000001632
36,2048,0.000001397
37,2048,0.000001377
38,2048,0.000001416
39,2048,0.000001327
40,2048,0.000001429
41,2048,0.000001322
42,2048,0.000001384
43,2048,0.000001345
44,2048,0.000001517
45,2048,0.000001464
46,2048,0.000001430
47,2048,0.000001410
48,2048,0.000001397
49,2048,0.000001333
50,2048,0.000001340
51,2048,0.000001429
52,2048,0.000001274
53,2048,0.000001287
54,2048,0.000001403
55,2048,0.000001303
56,2048,0.000001520
57,2048,0.000001371
58,2048,0.000001405
59,2048,0.000003703
60,2048,0.000001382
61,2048,0.000001264
62,2048,0.000001750
63,2048,0.000001327
64,2048,0.000001385
65,2048,0.000001339
66,2048,0.000001333
67,2048,0.000001362
68,2048,0.000001623
69,2048,0.000001329
70,2048,0.000001324
71,2048,0.000001269
72,2048,0.000001551
73,2048,0.000001506
74,2048,0.000001677
75,2048,0.000001387
76,2048,0.000001703
77,2048,0.000001290
78,2048,0.000001693
79,2048,0.000001388
80,2048,0.000001375
81,2048,0.000001294
82,2048,0.000002925
83,2048,0.000001377
84,2048,0.000001378
85,2048,0.000001589
86,2048,0.000001396
87,2048,0.000001427
88,2048,0.000001404
89,2048,0.000001294
90,2048,0.000001475
91,2048,0.000001505
92,2048,0.000001549
93,2048,0.000001329
94,2048,0.000001371
95,2048,0.000001278
96,2048,0.000001369
97,2048,0.000001378
98,2048,0.000001531
99,2048,0.000001697
100,2048,0.000001425
101,2048,0.000001412
102,2048,0.000001447
103,2048,0.000001365
104,2048,0.000001461
105,2048,0.000001430
106,2048,0.000001416
107,2048,0.000001559
108,2048,0.000001630
109,2048,0.000001427
110,2048,0.000001418
111,2048,0.000001408
112,2048,0.000001440
113,2048,0.000001399
114,2048,0.000001388
115,2048,0.000001415
116,2048,0.000001461
117,2048,0.000001445
118,2048,0.000001431
119,2048,0.000001452
120,2048,0.000001500
121,2048,0.000001388
122,2048,0.000001446
123,2048,0.000001437
124,2048,0.000001466
125,2048,0.000001426
126,2048,0.000001418
127,2048,0.000001397
128,2048,0.000001435
129,2048,0.000001438
130,2048,0.000001463
131,2048,0.000001490
132,2048,0.000001418
133,2048,0.000001430
134,2048,0.000001549
135,2048,0.000001409
136,2048,0.000001408
137,2048,0.000001397
138,2048,0.000001458
139,2048,0.000001421
140,2048,0.000001410
141,2048,0.000001418
142,2048,0.000001439
143,2048,0.000001420
144,2048,0.000001429
145,2048,0.000001416
146,2048,0.000001425
147,2048,0.000001429
148,2048,0.000001422
149,2048,0.000001423
150,2048,0.000001430
151,2048,0.000001412
152,2048,0.000001407
153,2048,0.000001414
154,2048,0.000001457
155,2048,0.000001412
156,2048,0.000001421
157,2048,0.000001425
158,2048,0.000001413
159,2048,0.000001386
160,2048,0.000001405
161,2048,0.000001409
162,2048,0.000001447
163,2048,0.000003289
164,2048,0.000001504
165,2048,0.000001457
166,2048,0.000001456
167,2048,0.000001444
168,2048,0.000001462
169,2048,0.000001431
170,2048,0.000001458
171,2048,0.000001433
172,2048,0.000001413
173,2048,0.000001411
174,2048,0.000002483
175,2048,0.000001447
176,2048,0.000001432
177,2048,0.000001400
178,2048,0.000001417
179,2048,0.000001410
180,2048,0.000001420
181,2048,0.000001416
182,2048,0.000001430
183,2048,0.000001469
184,2048,0.000002436
185,2048,0.000001491
186,2048,0.000001413
187,2048,0.000001424
188,2048,0.000001460
189,2048,0.000001414
190,2048,0.000001452
191,2048,0.000001439
192,2048,0.000001425
193,2048,0.000001426
194,2048,0.000002422
195,2048,0.000001468
196,2048,0.000001437
197,2048,0.000001404
198,2048,0.000001420
199,2048,0.000001428
200,2048,0.000001415
201,2048,0.000001399
202,2048,0.000001427
203,2048,0.000002390
204,2048,0.000001454
205,2048,0.000001424
206,2048,0.000001439
207,2048,0.000001413
208,2048,0.000001417
209,2048,0.000001410
210,2048,0.000001415
211,2048,0.000001421
212,2048,0.000001421
213,2048,0.000002378
214,2048,0.000001460
215,2048,0.000001454
216,2048,0.000001434
217,2048,0.000001629
218,2048,0.000001617
219,2048,0.000000947
220,2048,0.000000994
221,2048,0.000000937
222,2048,0.000000953
223,2048,0.000000943
224,2048,0.000001863
225,2048,0.000000973
226,2048,0.000000941
227,2048,0.000000952
228,2048,0.000000998
229,2048,0.000000952
230,2048,0.000000948
231,2048,0.000000955
232,2048,0.000000974
233,2048,0.000000954
234,2048,0.000000950
235,2048,0.000000950
236,2048,0.000000963
237,2048,0.000000953
238,2048,0.000000951
239,2048,0.000001681
240,2048,0.000001000
241,2048,0.000000954
242,2048,0.000000951
243,2048,0.000000953
244,2048,0.000000967
245,2048,0.000000950
246,2048,0.000000940
247,2048,0.000000947
248,2048,0.000000977
249,2048,0.000000948
250,2048,0.000000948
251,2048,0.000000947
252,2048,0.000000974
253,2048,0.000000969
254,2048,0.000001713
255,2048,0.000000975
256,2048,0.000000955
257,2048,0.000000956
258,2048,0.000000979
259,2048,0.000000952
260,2048,0.000000952
261,2048,0.000000955
262,2048,0.000000972
263,2048,0.000000955
264,2048,0.000000953
265,2048,0.000000954
266,2048,0.000000944
267,2048,0.000000954
268,2048,0.000001010
269,2048,0.000001663
270,2048,0.000000969
271,2048,0.000000947
272,2048,0.000000984
273,2048,0.000000948
274,2048,0.000000968
275,2048,0.000000947
276,2048,0.000000949
277,2048,0.000000953
278,2048,0.000000965
279,2048,0.000000949
280,2048,0.000000943
281,2048,0.000000955
282,2048,0.000000935
283,2048,0.000001648
284,2048,0.000001009
285,2048,0.000000958
286,2048,0.000000971
287,2048,0.000000951
288,2048,0.000000966
289,2048,0.000000957
290,2048,0.000000954
291,2048,0.000000954
292,2048,0.000000953
293,2048,0.000000958
294,2048,0.000000972
295,2048,0.000000950
296,2048,0.000000952
297,2048,0.000001270
298,2048,0.000001676
299,2048,0.000000986
300,2048,0.000000979
301,2048,0.000000954
302,2048,0.000000982
303,2048,0.000000950
304,2048,0.000000944
305,2048,0.000000954
306,2048,0.000000956
307,2048,0.000000950
308,2048,0.000000937
309,2048,0.000000947
310,2048,0.000000979
311,2048,0.000000949
312,2048,0.000001010
313,2048,0.000001649
314,2048,0.000001023
315,2048,0.000000952
316,2048,0.000000968
317,2048,0.000000948
318,2048,0.000000980
319,2048,0.000000952
320,2048,0.000000940
321,2048,0.000000955
322,2048,0.000000986
323,2048,0.000000955
324,2048,0.000000951
325,2048,0.000000955
326,2048,0.000000972
327,2048,0.000001666
328,2048,0.000001016
329,2048,0.000000948
330,2048,0.000000953
331,2048,0.000000952
332,2048,0.000000938
333,2048,0.000000949
334,2048,0.000000951
335,2048,0.000000955
336,2048,0.000000986
337,2048,0.000000953
338,2048,0.000000960
339,2048,0.000000952
340,2048,0.000000959
341,2048,0.000000956
342,2048,0.000001659
343,2048,0.000000980
344,2048,0.000001029
345,2048,0.000000954
346,2048,0.000000960
347,2048,0.000000951
348,2048,0.000001002
349,2048,0.000000954
350,2048,0.000000948
351,2048,0.000000951
352,2048,0.000000966
353,2048,0.000000954
354,2048,0.000000949
355,2048,0.000000952
356,2048,0.000000967
357,2048,0.000001686
358,2048,0.000000980
359,2048,0.000000954
360,2048,0.000000970
361,2048,0.000000952
362,2048,0.000000949
363,2048,0.000000953
364,2048,0.000000943
365,2048,0.000000949
366,2048,0.000001025
367,2048,0.000000955
368,2048,0.000000961
369,2048,0.000000947
370,2048,0.000000949
371,2048,0.000000955
372,2048,0.000001660
373,2048,0.000000982
374,2048,0.000000999
375,2048,0.000000967
376,2048,0.000000968
377,2048,0.000000967
378,2048,0.000000947
379,2048,0.000000953
380,2048,0.000001013
381,2048,0.000000954
382,2048,0.000000951
383,2048,0.000000952
384,2048,0.000000971
385,2048,0.000000954
386,2048,0.000000970
387,2048,0.000001675
388,2048,0.000000981
389,2048,0.000000972
390,2048,0.000000977
391,2048,0.000000956
392,2048,0.000001013
393,2048,0.000000952
394,2048,0.000000961
395,2048,0.000000951
396,2048,0.000000968
397,2048,0.000000949
398,2048,0.000000951
399,2048,0.000000952
400,2048,0.000000965
401,2048,0.000001662
402,2048,0.000000974
403,2048,0.000000957
404,2048,0.000000968
405,2048,0.000000950
406,2048,0.000000942
407,2048,0.000000949
408,2048,0.000001002
409,2048,0.000000955
410,2048,0.000000954
411,2048,0.000000953
412,2048,0.000000976
413,2048,0.000000954
414,2048,0.000000941
415,2048,0.000000951
416,2048,0.000001698
417,2048,0.000001238
418,2048,0.000001000
419,2048,0.000000981
420,2048,0.000000947
421,2048,0.000000952
422,2048,0.000000982
423,2048,0.000000955
424,2048,0.000000968
425,2048,0.000000954
426,2048,0.000000942
427,2048,0.000000954
428,2048,0.000000976
429,2048,0.000000951
430,2048,0.000000970
431,2048,0.000001663
432,2048,0.000001016
433,2048,0.000000953
434,2048,0.000000945
435,2048,0.000000953
436,2048,0.000000966
437,2048,0.000000953
438,2048,0.000000949
439,2048,0.000000953
440,2048,0.000000963
441,2048,0.000000951
442,2048,0.000000951
443,2048,0.000000952
444,2048,0.000000981
445,2048,0.000001670
446,2048,0.000001061
447,2048,0.000000953
448,2048,0.000000958
449,2048,0.000000953
450,2048,0.000000965
451,2048,0.000000951
452,2048,0.000000958
453,2048,0.000000952
454,2048,0.000000957
455,2048,0.000000956
456,2048,0.000000977
457,2048,0.000000957
458,2048,0.000000975
459,2048,0.000000959
460,2048,0.000001677
461,2048,0.000000975
462,2048,0.000000967
463,2048,0.000000950
464,2048,0.000000946
465,2048,0.000000953
466,2048,0.000000938
467,2048,0.000000949
468,2048,0.000000955
469,2048,0.000000954
470,2048,0.000000967
471,2048,0.000000952
472,2048,0.000000947
473,2048,0.000000952
474,2048,0.000000973
475,2048,0.000001683
476,2048,0.000001004
477,2048,0.000000974
478,2048,0.000000968
479,2048,0.000000954
480,2048,0.000000965
481,2048,0.000000961
482,2048,0.000000962
483,2048,0.000000955
484,2048,0.000000947
485,2048,0.000000954
486,2048,0.000000961
487,2048,0.000000952
488,2048,0.000000947
489,2048,0.000000979
490,2048,0.000001650
491,2048,0.000001081
492,2048,0.000000977
493,2048,0.000000952
494,2048,0.000001022
495,2048,0.000000964
496,2048,0.000000949
497,2048,0.000000951
498,2048,0.000000962
499,2048,0.000000950
500,2048,0.000000945
501,2048,0.000000950
502,2048,0.000001021
503,2048,0.000000953
504,2048,0.000001677
505,2048,0.000000982
506,2048,0.000000947
507,2048,0.000000956
508,2048,0.000000966
509,2048,0.000000955
510,2048,0.000000948
511,2048,0.000000955
512,2048,0.000000965
513,2048,0.000000954
514,2048,0.000000950
515,2048,0.000000959
516,2048,0.000000959
517,2048,0.000000954
518,2048,0.000000950
519,2048,0.000001672
520,2048,0.000000997
521,2048,0.000000967
522,2048,0.000000947
523,2048,0.000000949
524,2048,0.000000939
525,2048,0.000000949
526,2048,0.000000951
527,2048,0.000000951
528,2048,0.000000953
529,2048,0.000000953
530,2048,0.000000944
531,2048,0.000000953
532,2048,0.000000997
533,2048,0.000000959
534,2048,0.000001667
535,2048,0.000000980
536,2048,0.000000947
537,2048,0.000000950
538,2048,0.000000943
539,2048,0.000000952
540,2048,0.000001000
541,2048,0.000000956
542,2048,0.000000971
543,2048,0.000000957
544,2048,0.000000959
545,2048,0.000000957
546,2048,0.000000947
547,2048,0.000000957
548,2048,0.000001016
549,2048,0.000001663
550,2048,0.000000997
551,2048,0.000000954
552,2048,0.000000945
553,2048,0.000000953
554,2048,0.000000967
555,2048,0.000000947
556,2048,0.000000958
557,2048,0.000000954
558,2048,0.000000938
559,2048,0.000000951
560,2048,0.000000959
561,2048,0.000000953
562,2048,0.000000993
563,2048,0.000000971
564,2048,0.000001666
565,2048,0.000000994
566,2048,0.000001003
567,2048,0.000000954
568,2048,0.000000970
569,2048,0.000000957
570,2048,0.000000964
571,2048,0.000000958
572,2048,0.000000942
573,2048,0.000000956
574,2048,0.000000993
575,2048,0.000000955
576,2048,0.000000940
577,2048,0.000000952
578,2048,0.000001669
579,2048,0.000000975
580,2048,0.000000949
581,2048,0.000000951
582,2048,0.000000989
583,2048,0.000000971
584,2048,0.000000947
585,2048,0.000000955
586,2048,0.000000969
587,2048,0.000000952
588,2048,0.000001046
589,2048,0.000000967
590,2048,0.000000957
591,2048,0.000000950
592,2048,0.000000958
593,2048,0.000001662
594,2048,0.000000988
595,2048,0.000000951
596,2048,0.000000990
597,2048,0.000000954
598,2048,0.000000955
599,2048,0.000000953
600,2048,0.000000943
601,2048,0.000000956
602,2048,0.000000975
603,2048,0.000000958
604,2048,0.000000951
605,2048,0.000000957
606,2048,0.000000961
607,2048,0.000000959
608,2048,0.000001660
609,2048,0.000000974
610,2048,0.000000988
611,2048,0.000000954
612,2048,0.000000944
613,2048,0.000000956
614,2048,0.000000940
615,2048,0.000000950
616,2048,0.000000967
617,2048,0.000000946
618,2048,0.000000963
619,2048,0.000000959
620,2048,0.000000945
621,2048,0.000000957
622,2048,0.000000955
623,2048,0.000001652
624,2048,0.000000979
625,2048,0.000000954
626,2048,0.000000981
627,2048,0.000000972
628,2048,0.000000967
629,2048,0.000000953
630,2048,0.000000951
631,2048,0.000000953
632,2048,0.000001023
633,2048,0.000000952
634,2048,0.000000950
635,2048,0.000000952
636,2048,0.000000975
637,2048,0.000000985
638,2048,0.000001678
639,2048,0.000000977
640,2048,0.000000976
641,2048,0.000000951
642,2048,0.000000949
643,2048,0.000000957
644,2048,0.000000963
645,2048,0.000000951
646,2048,0.000000959
647,2048,0.000000956
648,2048,0.000000958
649,2048,0.000000952
650,2048,0.000000949
651,2048,0.000000959
652,2048,0.000001700
653,2048,0.000000980
654,2048,0.000000958
655,2048,0.000000954
656,2048,0.000000945
657,2048,0.000000955
658,2048,0.000000983
659,2048,0.000000955
660,2048,0.000000971
661,2048,0.000000955
662,2048,0.000000952
663,2048,0.000000952
664,2048,0.000000972
665,2048,0.000000956
666,2048,0.000000956
667,2048,0.000001655
668,2048,0.000000967
669,2048,0.000000957
670,2048,0.000000975
671,2048,0.000000954
672,2048,0.000000948
673,2048,0.000000953
674,2048,0.000000979
675,2048,0.000000960
676,2048,0.000000950
677,2048,0.000000966
678,2048,0.000000970
679,2048,0.000000949
680,2048,0.000000941
681,2048,0.000000980
682,2048,0.000001689
683,2048,0.000000976
684,2048,0.000000954
685,2048,0.000000953
686,2048,0.000000975
687,2048,0.000000949
688,2048,0.000016603
689,2048,0.000001100
690,2048,0.000000979
691,2048,0.000000969
692,2048,0.000000962
693,2048,0.000000962
694,2048,0.000001058
695,2048,0.000001017
696,2048,0.000001815
697,2048,0.000001022
698,2048,0.000000985
699,2048,0.000000974
700,2048,0.000000972
701,2048,0.000000975
702,2048,0.000000964
703,2048,0.000000977
704,2048,0.000000964
705,2048,0.000000978
706,2048,0.000015082
707,2048,0.000001026
708,2048,0.000000960
709,2048,0.000000966
710,2048,0.000001772
711,2048,0.000000984
712,2048,0.000000964
713,2048,0.000000950
714,2048,0.000001012
715,2048,0.000000955
716,2048,0.000000996
717,2048,0.000000951
718,2048,0.000001020
719,2048,0.000000955
720,2048,0.000000974
721,2048,0.000000952
722,2048,0.000001003
723,2048,0.000000953
724,2048,0.000001014
725,2048,0.000001656
726,2048,0.000001052
727,2048,0.000000954
728,2048,0.000000988
729,2048,0.000000952
730,2048,0.000000999
731,2048,0.000000950
732,2048,0.000000967
733,2048,0.000000950
734,2048,0.000001098
735,2048,0.000000947
736,2048,0.000000995
737,2048,0.000000966
738,2048,0.000000980
739,2048,0.000001639
740,2048,0.000000999
741,2048,0.000000941
742,2048,0.000000962
743,2048,0.000000946
744,2048,0.000001018
745,2048,0.000000953
746,2048,0.000001005
747,2048,0.000000949
748,2048,0.000000989
749,2048,0.000000953
750,2048,0.000001039
751,2048,0.000000950
752,2048,0.000001027
753,2048,0.000000983
754,2048,0.000001656
755,2048,0.000000992
756,2048,0.000001108
757,2048,0.000000953
758,2048,0.000000982
759,2048,0.000000950
760,2048,0.000001007
761,2048,0.000000966
762,2048,0.000000988
763,2048,0.000000956
764,2048,0.000001044
765,2048,0.000000952
766,2048,0.000000985
767,2048,0.000000952
768,2048,0.000001790
769,2048,0.000001421
770,2048,0.000001173
771,2048,0.000001076
772,2048,0.000001124
773,2048,0.000001066
774,2048,0.000001093
775,2048,0.000001067
776,2048,0.000001180
777,2048,0.000001068
778,2048,0.000001084
779,2048,0.000010846
780,2048,0.000002273
781,2048,0.000001041
782,2048,0.000000976
783,2048,0.000000958
784,2048,0.000000991
785,2048,0.000000945
786,2048,0.000000993
787,2048,0.000000941
788,2048,0.000001053
789,2048,0.000000944
790,2048,0.000001012
791,2048,0.000000950
792,2048,0.000000994
793,2048,0.000000946
794,2048,0.000001777
795,2048,0.000001011
796,2048,0.000000966
797,2048,0.000000959
798,2048,0.000000979
799,2048,0.000000956
800,2048,0.000001043
801,2048,0.000000956
802,2048,0.000001011
803,2048,0.000000957
804,2048,0.000001063
805,2048,0.000000957
806,2048,0.000000970
807,2048,0.000000958
808,2048,0.000001689
809,2048,0.000000989
810,2048,0.000000973
811,2048,0.000000972
812,2048,0.000000975
813,2048,0.000000952
814,2048,0.000000998
815,2048,0.000000956
816,2048,0.000001051
817,2048,0.000000968
818,2048,0.000000950
819,2048,0.000000957
820,2048,0.000001029
821,2048,0.000000950
822,2048,0.000000969
823,2048,0.000001637
824,2048,0.000001045
825,2048,0.000000964
826,2048,0.000000975
827,2048,0.000000960
828,2048,0.000001000
829,2048,0.000000955
830,2048,0.000000981
831,2048,0.000000958
832,2048,0.000001016
833,2048,0.000000956
834,2048,0.000000952
835,2048,0.000000956
836,2048,0.000001046
837,2048,0.000000997
838,2048,0.000001673
839,2048,0.000000993
840,2048,0.000001004
841,2048,0.000000973
842,2048,0.000000970
843,2048,0.000000959
844,2048,0.000000993
845,2048,0.000000956
846,2048,0.000000970
847,2048,0.000000957
848,2048,0.000001026
849,2048,0.000000953
850,2048,0.000000951
851,2048,0.000000956
852,2048,0.000001700
853,2048,0.000000986
854,2048,0.000000964
855,2048,0.000000980
856,2048,0.000000967
857,2048,0.000000955
858,2048,0.000000950
859,2048,0.000000959
860,2048,0.000001039
861,2048,0.000000956
862,2048,0.000001255
863,2048,0.000000969
864,2048,0.000001049
865,2048,0.000000955
866,2048,0.000001658
867,2048,0.000000990
868,2048,0.000001003
869,2048,0.000000958
870,2048,0.000000970
871,2048,0.000000954
872,2048,0.000001024
873,2048,0.000000952
874,2048,0.000000967
875,2048,0.000000993
876,2048,0.000004366
877,2048,0.000001072
878,2048,0.000003216
879,2048,0.000001060
880,2048,0.000002075
881,2048,0.000001002
882,2048,0.000002033
883,2048,0.000000994
884,2048,0.000002112
885,2048,0.000001002
886,2048,0.000002274
887,2048,0.000001813
888,2048,0.000002207
889,2048,0.000001015
890,2048,0.000002125
891,2048,0.000001001
892,2048,0.000002062
893,2048,0.000001004
894,2048,0.000002114
895,2048,0.000001012
896,2048,0.000003915
897,2048,0.000001048
898,2048,0.000002117
899,2048,0.000000998
900,2048,0.000002158
901,2048,0.000000997
902,2048,0.000004693
903,2048,0.000001832
904,2048,0.000002159
905,2048,0.000001003
906,2048,0.000002069
907,2048,0.000001002
908,2048,0.000002101
909,2048,0.000001000
910,2048,0.000002142
911,2048,0.000001776
912,2048,0.000002255
913,2048,0.000001008
914,2048,0.000002142
915,2048,0.000001001
916,2048,0.000002113
917,2048,0.000001001
918,2048,0.000002059
919,2048,0.000000989
920,2048,0.000002120
921,2048,0.000002226
922,2048,0.000002336
923,2048,0.000001015
924,2048,0.000002108
925,2048,0.000001006
926,2048,0.000002070
927,2048,0.000001002
928,2048,0.000002194
929,2048,0.000001812
930,2048,0.000002176
931,2048,0.000001001
932,2048,0.000002111
933,2048,0.000001002
934,2048,0.000002399
935,2048,0.000001040
936,2048,0.000002113
937,2048,0.000001003
938,2048,0.000002886
939,2048,0.000001052
940,2048,0.000002145
941,2048,0.000001006
942,2048,0.000002192
943,2048,0.000001005
944,2048,0.000002113
945,2048,0.000001001
946,2048,0.000002079
947,2048,0.000001771
948,2048,0.000002259
949,2048,0.000001008
950,2048,0.000002036
951,2048,0.000001002
952,2048,0.000002931
953,2048,0.000001573
954,2048,0.000003246
955,2048,0.000002809
956,2048,0.000004488
957,2048,0.000001562
958,2048,0.000003330
959,2048,0.000001690
960,2048,0.000003420
961,2048,0.000002828
962,2048,0.000003266
963,2048,0.000001400
964,2048,0.000005786
965,2048,0.000002757
966,2048,0.000003060
967,2048,0.000001349
968,2048,0.000002917
969,2048,0.000001310
970,2048,0.000002994
971,2048,0.000002947
972,2048,0.000003480
973,2048,0.000001573
974,2048,0.000003479
975,2048,0.000001581
976,2048,0.000003540
977,2048,0.000002764
978,2048,0.000003104
979,2048,0.000001488
980,2048,0.000003308
981,2048,0.000001356
982,2048,0.000003007
983,2048,0.000001561
984,2048,0.000003124
985,2048,0.000001769
986,2048,0.000002797
987,2048,0.000001317
988,2048,0.000003135
989,2048,0.000001683
990,2048,0.000003300
991,2048,0.000001727
992,2048,0.000003067
993,2048,0.000001598
994,2048,0.000003130
995,2048,0.000001586
996,2048,0.000002866
997,2048,0.000001562
998,2048,0.000003135
999,2048,0.000001537
0,2304,0.000004480
1,2304,0.000001974
2,2304,0.000001562
3,2304,0.000002011
4,2304,0.000001518
5,2304,0.000001667
6,2304,0.000001484
7,2304,0.000002165
8,2304,0.000002142
9,2304,0.000001468
10,2304,0.000001801
11,2304,0.000001359
12,2304,0.000002326
13,2304,0.000001450
14,2304,0.000001961
15,2304,0.000001418
16,2304,0.000001505
17,2304,0.000002074
18,2304,0.000001568
19,2304,0.000001870
20,2304,0.000001395
21,2304,0.000001864
22,2304,0.000003277
23,2304,0.000001929
24,2304,0.000001651
25,2304,0.000001500
26,2304,0.000002165
27,2304,0.000001357
28,2304,0.000001827
29,2304,0.000001494
30,2304,0.000009965
31,2304,0.000001796
32,2304,0.000001603
33,2304,0.000001981
34,2304,0.000001691
35,2304,0.000001959
36,2304,0.000001615
37,2304,0.000001740
38,2304,0.000001376
39,2304,0.000001925
40,2304,0.000003488
41,2304,0.000001367
42,2304,0.000001559
43,2304,0.000001293
44,2304,0.000001720
45,2304,0.000001460
46,2304,0.000001800
47,2304,0.000001481
48,2304,0.000001254
49,2304,0.000001610
50,2304,0.000001339
51,2304,0.000001739
52,2304,0.000001381
53,2304,0.000001802
54,2304,0.000001536
55,2304,0.000001898
56,2304,0.000001799
57,2304,0.000001610
58,2304,0.000001889
59,2304,0.000001486
60,2304,0.000002180
61,2304,0.000002823
62,2304,0.000002040
63,2304,0.000001505
64,2304,0.000001537
65,2304,0.000001867
66,2304,0.000001629
67,2304,0.000001838
68,2304,0.000001541
69,2304,0.000001895
70,2304,0.000001582
71,2304,0.000001830
72,2304,0.000001878
73,2304,0.000001488
74,2304,0.000001918
75,2304,0.000001519
76,2304,0.000001787
77,2304,0.000001563
78,2304,0.000001825
79,2304,0.000001895
80,2304,0.000002004
81,2304,0.000003101
82,2304,0.000001523
83,2304,0.000002168
84,2304,0.000001554
85,2304,0.000001967
86,2304,0.000001557
87,2304,0.000001871
88,2304,0.000001866
89,2304,0.000001518
90,2304,0.000001807
91,2304,0.000001497
92,2304,0.000001930
93,2304,0.000001539
94,2304,0.000001914
95,2304,0.000001479
96,2304,0.000001607
97,2304,0.000002145
98,2304,0.000016825
99,2304,0.000002248
100,2304,0.000001617
101,2304,0.000002951
102,2304,0.000001478
103,2304,0.000028396
104,2304,0.000002323
105,2304,0.000001342
106,2304,0.000001782
107,2304,0.000001269
108,2304,0.000001574
109,2304,0.000001308
110,2304,0.000001585
111,2304,0.000001312
112,2304,0.000001462
113,2304,0.000001674
114,2304,0.000001486
115,2304,0.000002084
116,2304,0.000001598
117,2304,0.000001866
118,2304,0.000001795
119,2304,0.000002300
120,2304,0.000004317
121,2304,0.000001644
122,2304,0.000001973
123,2304,0.000001826
124,2304,0.000001669
125,2304,0.000001616
126,2304,0.000001836
127,2304,0.000001427
128,2304,0.000001514
129,2304,0.000002087
130,2304,0.000001695
131,2304,0.000001713
132,2304,0.000001336
133,2304,0.000001656
134,2304,0.000001377
135,2304,0.000001569
136,2304,0.000001681
137,2304,0.000001342
138,2304,0.000001589
139,2304,0.000001477
140,2304,0.000001553
141,2304,0.000001376
142,2304,0.000003460
143,2304,0.000001597
144,2304,0.000001578
145,2304,0.000001818
146,2304,0.000001832
147,2304,0.000001771
148,2304,0.000001422
149,2304,0.000001758
150,2304,0.000001394
151,2304,0.000001892
152,2304,0.000002097
153,2304,0.000001438
154,2304,0.000001791
155,2304,0.000001447
156,2304,0.000001834
157,2304,0.000001404
158,2304,0.000001796
159,2304,0.000001477
160,2304,0.000001671
161,2304,0.000001747
162,2304,0.000001487
163,2304,0.000003459
164,2304,0.000001488
165,2304,0.000001854
166,2304,0.000001425
167,2304,0.000001741
168,2304,0.000001780
169,2304,0.000001444
170,2304,0.000001728
171,2304,0.000001405
172,2304,0.000001782
173,2304,0.000001440
174,2304,0.000001684
175,2304,0.000001446
176,2304,0.000001450
177,2304,0.000001775
178,2304,0.000001429
179,2304,0.000001775
180,2304,0.000001414
181,2304,0.000001816
182,2304,0.000001416
183,2304,0.000001788
184,2304,0.000002809
185,2304,0.000001483
186,2304,0.000001802
187,2304,0.000001452
188,2304,0.000001752
189,2304,0.000001409
190,2304,0.000001816
191,2304,0.000001425
192,2304,0.000001474
193,2304,0.000001731
194,2304,0.000001421
195,2304,0.000001757
196,2304,0.000001422
197,2304,0.000001735
198,2304,0.000001435
199,2304,0.000001791
200,2304,0.000001703
201,2304,0.000001417
202,2304,0.000001751
203,2304,0.000001433
204,2304,0.000001742
205,2304,0.000001442
206,2304,0.000002834
207,2304,0.000001597
208,2304,0.000001457
209,2304,0.000001856
210,2304,0.000001450
211,2304,0.000001770
212,2304,0.000001702
213,2304,0.000001729
214,2304,0.000000978
215,2304,0.000001172
216,2304,0.000001343
217,2304,0.000000960
218,2304,0.000001144
219,2304,0.000000952
220,2304,0.000001353
221,2304,0.000000971
222,2304,0.000001265
223,2304,0.000000958
224,2304,0.000000955
225,2304,0.000001225
226,2304,0.000000963
227,2304,0.000001317
228,2304,0.000000984
229,2304,0.000001220
230,2304,0.000000960
231,2304,0.000001228
232,2304,0.000001208
233,2304,0.000001924
234,2304,0.000001228
235,2304,0.000000947
236,2304,0.000001433
237,2304,0.000000976
238,2304,0.000001204
239,2304,0.000000957
240,2304,0.000001101
241,2304,0.000001191
242,2304,0.000000984
243,2304,0.000001370
244,2304,0.000000992
245,2304,0.000001148
246,2304,0.000000972
247,2304,0.000001170
248,2304,0.000001223
249,2304,0.000000956
250,2304,0.000001229
251,2304,0.000000948
252,2304,0.000001177
253,2304,0.000000975
254,2304,0.000001253
255,2304,0.000000971
256,2304,0.000000982
257,2304,0.000001363
258,2304,0.000000974
259,2304,0.000001172
260,2304,0.000000994
261,2304,0.000001171
262,2304,0.000000985
263,2304,0.000001216
264,2304,0.000001940
265,2304,0.000000971
266,2304,0.000001245
267,2304,0.000000961
268,2304,0.000001219
269,2304,0.000000975
270,2304,0.000001199
271,2304,0.000000962
272,2304,0.000001043
273,2304,0.000001186
274,2304,0.000000959
275,2304,0.000001589
276,2304,0.000000995
277,2304,0.000001162
278,2304,0.000000977
279,2304,0.000001309
280,2304,0.000001317
281,2304,0.000000979
282,2304,0.000001267
283,2304,0.000000953
284,2304,0.000001164
285,2304,0.000000971
286,2304,0.000001367
287,2304,0.000000955
288,2304,0.000001028
289,2304,0.000001195
290,2304,0.000000958
291,2304,0.000001253
292,2304,0.000000988
293,2304,0.000001178
294,2304,0.000000971
295,2304,0.000001208
296,2304,0.000001945
297,2304,0.000000981
298,2304,0.000001527
299,2304,0.000000983
300,2304,0.000001202
301,2304,0.000000971
302,2304,0.000001262
303,2304,0.000000963
304,2304,0.000000969
305,2304,0.000001361
306,2304,0.000000974
307,2304,0.000001195
308,2304,0.000000993
309,2304,0.000001346
310,2304,0.000000974
311,2304,0.000001200
312,2304,0.000001277
313,2304,0.000000964
314,2304,0.000001185
315,2304,0.000000950
316,2304,0.000001193
317,2304,0.000000976
318,2304,0.000001202
319,2304,0.000000965
320,2304,0.000000983
321,2304,0.000001182
322,2304,0.000000962
323,2304,0.000001185
324,2304,0.000000983
325,2304,0.000001273
326,2304,0.000000982
327,2304,0.000001938
328,2304,0.000001248
329,2304,0.000000954
330,2304,0.000001147
331,2304,0.000000981
332,2304,0.000001525
333,2304,0.000000989
334,2304,0.000001214
335,2304,0.000000984
336,2304,0.000000974
337,2304,0.000001532
338,2304,0.000000950
339,2304,0.000001171
340,2304,0.000000977
341,2304,0.000001285
342,2304,0.000000958
343,2304,0.000001184
344,2304,0.000001325
345,2304,0.000000961
346,2304,0.000001201
347,2304,0.000000962
348,2304,0.000001241
349,2304,0.000000979
350,2304,0.000001196
351,2304,0.000000963
352,2304,0.000000982
353,2304,0.000001196
354,2304,0.000000945
355,2304,0.000001198
356,2304,0.000000974
357,2304,0.000001243
358,2304,0.000001682
359,2304,0.000001232
360,2304,0.000001164
361,2304,0.000000959
362,2304,0.000001309
363,2304,0.000000992
364,2304,0.000001253
365,2304,0.000000989
366,2304,0.000001327
367,2304,0.000000974
368,2304,0.000000945
369,2304,0.000001411
370,2304,0.000000951
371,2304,0.000001174
372,2304,0.000000980
373,2304,0.000001250
374,2304,0.000000963
375,2304,0.000001179
376,2304,0.000001176
377,2304,0.000000956
378,2304,0.000001175
379,2304,0.000000977
380,2304,0.000001257
381,2304,0.000000981
382,2304,0.000001221
383,2304,0.000000968
384,2304,0.000000968
385,2304,0.000001188
386,2304,0.000000950
387,2304,0.000001263
388,2304,0.000000982
389,2304,0.000001238
390,2304,0.000001711
391,2304,0.000001235
392,2304,0.000001218
393,2304,0.000000959
394,2304,0.000001271
395,2304,0.000000959
396,2304,0.000001224
397,2304,0.000000974
398,2304,0.000001165
399,2304,0.000000969
400,2304,0.000000989
401,2304,0.000001211
402,2304,0.000000954
403,2304,0.000001373
404,2304,0.000001692
405,2304,0.000001240
406,2304,0.000000973
407,2304,0.000001316
408,2304,0.000001176
409,2304,0.000000964
410,2304,0.000001212
411,2304,0.000000958
412,2304,0.000001178
413,2304,0.000000971
414,2304,0.000001187
415,2304,0.000000967
416,2304,0.000000986
417,2304,0.000001929
418,2304,0.000000983
419,2304,0.000001169
420,2304,0.000000981
421,2304,0.000001224
422,2304,0.000000962
423,2304,0.000001233
424,2304,0.000001199
425,2304,0.000000959
426,2304,0.000001467
427,2304,0.000000985
428,2304,0.000001205
429,2304,0.000001005
430,2304,0.000001913
431,2304,0.000000999
432,2304,0.000001007
433,2304,0.000001188
434,2304,0.000000990
435,2304,0.000001232
436,2304,0.000000988
437,2304,0.000001175
438,2304,0.000000981
439,2304,0.000001363
440,2304,0.000001171
441,2304,0.000000947
442,2304,0.000001223
443,2304,0.000001661
444,2304,0.000001282
445,2304,0.000000973
446,2304,0.000001221
447,2304,0.000000960
448,2304,0.000001090
449,2304,0.000001195
450,2304,0.000000964
451,2304,0.000001164
452,2304,0.000000991
453,2304,0.000001171
454,2304,0.000000981
455,2304,0.000001219
456,2304,0.000001907
457,2304,0.000000976
458,2304,0.000001269
459,2304,0.000000950
460,2304,0.000001183
461,2304,0.000000963
462,2304,0.000001169
463,2304,0.000000970
464,2304,0.000000959
465,2304,0.000001189
466,2304,0.000000966
467,2304,0.000001165
468,2304,0.000000993
469,2304,0.000001945
470,2304,0.000000984
471,2304,0.000001163
472,2304,0.000001280
473,2304,0.000000966
474,2304,0.000001203
475,2304,0.000000958
476,2304,0.000001263
477,2304,0.000000986
478,2304,0.000001186
479,2304,0.000000969
480,2304,0.000001128
481,2304,0.000001231
482,2304,0.000001685
483,2304,0.000001338
484,2304,0.000000979
485,2304,0.000001179
486,2304,0.000000961
487,2304,0.000001229
488,2304,0.000001152
489,2304,0.000000955
490,2304,0.000001146
491,2304,0.000000958
492,2304,0.000001170
493,2304,0.000000978
494,2304,0.000001224
495,2304,0.000001680
496,2304,0.000000991
497,2304,0.000001217
498,2304,0.000000964
499,2304,0.000001317
500,2304,0.000000982
501,2304,0.000001213
502,2304,0.000000966
503,2304,0.000001286
504,2304,0.000001208
505,2304,0.000000966
506,2304,0.000001209
507,2304,0.000000983
508,2304,0.000001897
509,2304,0.000000992
510,2304,0.000001233
511,2304,0.000000957
512,2304,0.000001111
513,2304,0.000001263
514,2304,0.000000956
515,2304,0.000001145
516,2304,0.000000991
517,2304,0.000001187
518,2304,0.000000984
519,2304,0.000001178
520,2304,0.000001223
521,2304,0.000001678
522,2304,0.000001212
523,2304,0.000000973
524,2304,0.000001221
525,2304,0.000000971
526,2304,0.000001190
527,2304,0.000000965
528,2304,0.000001005
529,2304,0.000001226
530,2304,0.000000974
531,2304,0.000001191
532,2304,0.000000993
533,2304,0.000001176
534,2304,0.000001672
535,2304,0.000001236
536,2304,0.000001207
537,2304,0.000000958
538,2304,0.000001181
539,2304,0.000000956
540,2304,0.000001176
541,2304,0.000000963
542,2304,0.000001249
543,2304,0.000000954
544,2304,0.000000975
545,2304,0.000001223
546,2304,0.000000963
547,2304,0.000001952
548,2304,0.000000999
549,2304,0.000001307
550,2304,0.000000966
551,2304,0.000001188
552,2304,0.000001259
553,2304,0.000001309
554,2304,0.000001167
555,2304,0.000000960
556,2304,0.000001351
557,2304,0.000001001
558,2304,0.000001314
559,2304,0.000001670
560,2304,0.000001013
561,2304,0.000001366
562,2304,0.000000944
563,2304,0.000001179
564,2304,0.000000978
565,2304,0.000001354
566,2304,0.000000959
567,2304,0.000001161
568,2304,0.000001171
569,2304,0.000000956
570,2304,0.000001148
571,2304,0.000000957
572,2304,0.000001898
573,2304,0.000000987
574,2304,0.000001264
575,2304,0.000000957
576,2304,0.000001050
577,2304,0.000001184
578,2304,0.000000977
579,2304,0.000001267
580,2304,0.000000993
581,2304,0.000001219
582,2304,0.000000976
583,2304,0.000001241
584,2304,0.000001265
585,2304,0.000001665
586,2304,0.000001229
587,2304,0.000000948
588,2304,0.000001195
589,2304,0.000000963
590,2304,0.000001300
591,2304,0.000000959
592,2304,0.000000977
593,2304,0.000001145
594,2304,0.000000960
595,2304,0.000001239
596,2304,0.000000988
597,2304,0.000001155
598,2304,0.000001674
599,2304,0.000001203
600,2304,0.000001211
601,2304,0.000000977
602,2304,0.000001257
603,2304,0.000000952
604,2304,0.000001247
605,2304,0.000000975
606,2304,0.000001195
607,2304,0.000000968
608,2304,0.000000999
609,2304,0.000001185
610,2304,0.000000963
611,2304,0.000001894
612,2304,0.000001393
613,2304,0.000001284
614,2304,0.000000965
615,2304,0.000001160
616,2304,0.000001324
617,2304,0.000000971
618,2304,0.000001176
619,2304,0.000000969
620,2304,0.000001210
621,2304,0.000000977
622,2304,0.000001166
623,2304,0.000000972
624,2304,0.000001711
625,2304,0.000001245
626,2304,0.000000982
627,2304,0.000001278
628,2304,0.000000980
629,2304,0.000001158
630,2304,0.000000966
631,2304,0.000001253
632,2304,0.000001207
633,2304,0.000000966
634,2304,0.000001249
635,2304,0.000000996
636,2304,0.000001237
637,2304,0.000001691
638,2304,0.000001316
639,2304,0.000000969
640,2304,0.000000975
641,2304,0.000001281
642,2304,0.000000950
643,2304,0.000001192
644,2304,0.000000980
645,2304,0.000001398
646,2304,0.000000976
647,2304,0.000001203
648,2304,0.000001377
649,2304,0.000001693
650,2304,0.000001183
651,2304,0.000000963
652,2304,0.000001308
653,2304,0.000000983
654,2304,0.000001210
655,2304,0.000000997
656,2304,0.000000982
657,2304,0.000001204
658,2304,0.000001162
659,2304,0.000001332
660,2304,0.000000980
661,2304,0.000001522
662,2304,0.000001659
663,2304,0.000001305
664,2304,0.000001236
665,2304,0.000000950
666,2304,0.000001240
667,2304,0.000000978
668,2304,0.000001264
669,2304,0.000000970
670,2304,0.000001168
671,2304,0.000000959
672,2304,0.000001071
673,2304,0.000001190
674,2304,0.000000969
675,2304,0.000002285
676,2304,0.000001025
677,2304,0.000001203
678,2304,0.000000966
679,2304,0.000001264
680,2304,0.000001258
681,2304,0.000000951
682,2304,0.000001336
683,2304,0.000000941
684,2304,0.000001159
685,2304,0.000000966
686,2304,0.000001270
687,2304,0.000001694
688,2304,0.000001038
689,2304,0.000001319
690,2304,0.000000958
691,2304,0.000001155
692,2304,0.000000992
693,2304,0.000001187
694,2304,0.000000987
695,2304,0.000001239
696,2304,0.000001182
697,2304,0.000000948
698,2304,0.000001309
699,2304,0.000000942
700,2304,0.000001981
701,2304,0.000000989
702,2304,0.000001261
703,2304,0.000000961
704,2304,0.000001050
705,2304,0.000001208
706,2304,0.000000984
707,2304,0.000001208
708,2304,0.000000990
709,2304,0.000001223
710,2304,0.000000976
711,2304,0.000001371
712,2304,0.000001244
713,2304,0.000001680
714,2304,0.000001471
715,2304,0.000000981
716,2304,0.000001201
717,2304,0.000000968
718,2304,0.000001335
719,2304,0.000000976
720,2304,0.000000995
721,2304,0.000001296
722,2304,0.000000992
723,2304,0.000001192
724,2304,0.000000986
725,2304,0.000001314
726,2304,0.000001676
727,2304,0.000001490
728,2304,0.000001277
729,2304,0.000000945
730,2304,0.000001336
731,2304,0.000000965
732,2304,0.000001211
733,2304,0.000000978
734,2304,0.000001226
735,2304,0.000000981
736,2304,0.000001144
737,2304,0.000001210
738,2304,0.000001682
739,2304,0.000001366
740,2304,0.000000994
741,2304,0.000001168
742,2304,0.000000980
743,2304,0.000001661
744,2304,0.000001218
745,2304,0.000000961
746,2304,0.000001387
747,2304,0.000000948
748,2304,0.000001206
749,2304,0.000000976
750,2304,0.000001361
751,2304,0.000001737
752,2304,0.000001013
753,2304,0.000001238
754,2304,0.000000956
755,2304,0.000001153
756,2304,0.000000992
757,2304,0.000001196
758,2304,0.000000973
759,2304,0.000001503
760,2304,0.000001238
761,2304,0.000000960
762,2304,0.000001185
763,2304,0.000001672
764,2304,0.000001354
765,2304,0.000000979
766,2304,0.000001202
767,2304,0.000000972
768,2304,0.000001097
769,2304,0.000001153
770,2304,0.000000957
771,2304,0.000001201
772,2304,0.000000990
773,2304,0.000001149
774,2304,0.000000971
775,2304,0.000001297
776,2304,0.000001879
777,2304,0.000000983
778,2304,0.000001443
779,2304,0.000000963
780,2304,0.000001286
781,2304,0.000000966
782,2304,0.000001169
783,2304,0.000000955
784,2304,0.000001038
785,2304,0.000001188
786,2304,0.000000957
787,2304,0.000001297
788,2304,0.000000991
789,2304,0.000001911
790,2304,0.000000985
791,2304,0.000001324
792,2304,0.000001268
793,2304,0.000000976
794,2304,0.000001305
795,2304,0.000000964
796,2304,0.000001231
797,2304,0.000000985
798,2304,0.000001392
799,2304,0.000000986
800,2304,0.000001112
801,2304,0.000001266
802,2304,0.000001657
803,2304,0.000001341
804,2304,0.000000976
805,2304,0.000001213
806,2304,0.000000979
807,2304,0.000001254
808,2304,0.000001195
809,2304,0.000000977
810,2304,0.000001348
811,2304,0.000000999
812,2304,0.000001191
813,2304,0.000000994
814,2304,0.000001981
815,2304,0.000001008
816,2304,0.000001014
817,2304,0.000001488
818,2304,0.000000988
819,2304,0.000001208
820,2304,0.000000988
821,2304,0.000001276
822,2304,0.000000987
823,2304,0.000001211
824,2304,0.000001276
825,2304,0.000000967
826,2304,0.000001304
827,2304,0.000001678
828,2304,0.000001317
829,2304,0.000000975
830,2304,0.000001269
831,2304,0.000000964
832,2304,0.000001054
833,2304,0.000001553
834,2304,0.000000996
835,2304,0.000001322
836,2304,0.000000991
837,2304,0.000001250
838,2304,0.000000973
839,2304,0.000002140
840,2304,0.000001299
841,2304,0.000000965
842,2304,0.000001364
843,2304,0.000000975
844,2304,0.000001195
845,2304,0.000000986
846,2304,0.000001330
847,2304,0.000000994
848,2304,0.000001042
849,2304,0.000001313
850,2304,0.000000950
851,2304,0.000001195
852,2304,0.000001684
853,2304,0.000001367
854,2304,0.000000968
855,2304,0.000001449
856,2304,0.000010950
857,2304,0.000001315
858,2304,0.000001546
859,2304,0.000000975
860,2304,0.000001307
861,2304,0.000000972
862,2304,0.000001172
863,2304,0.000000965
864,2304,0.000001196
865,2304,0.000001161
866,2304,0.000000966
867,2304,0.000001337
868,2304,0.000000996
869,2304,0.000001157
870,2304,0.000000998
871,2304,0.000001291
872,2304,0.000001194
873,2304,0.000000958
874,2304,0.000001332
875,2304,0.000000964
876,2304,0.000001185
877,2304,0.000000975
878,2304,0.000001200
879,2304,0.000000964
880,2304,0.000000979
881,2304,0.000002463
882,2304,0.000001049
883,2304,0.000001216
884,2304,0.000000994
885,2304,0.000001221
886,2304,0.000000972
887,2304,0.000001169
888,2304,0.000004940
889,2304,0.000001093
890,2304,0.000002455
891,2304,0.000001014
892,2304,0.000002278
893,2304,0.000001011
894,2304,0.000002355
895,2304,0.000001008
896,2304,0.000002109
897,2304,0.000002406
898,2304,0.000001005
899,2304,0.000002329
900,2304,0.000001035
901,2304,0.000002360
902,2304,0.000001000
903,2304,0.000005098
904,2304,0.000018174
905,2304,0.000001129
906,2304,0.000002414
907,2304,0.000001035
908,2304,0.000002373
909,2304,0.000001045
910,2304,0.000003406
911,2304,0.000001056
912,2304,0.000002192
913,2304,0.000002485
914,2304,0.000001028
915,2304,0.000002382
916,2304,0.000001060
917,2304,0.000002387
918,2304,0.000001027
919,2304,0.000013699
920,2304,0.000004671
921,2304,0.000001108
922,2304,0.000015103
923,2304,0.000001066
924,2304,0.000002342
925,2304,0.000001013
926,2304,0.000002246
927,2304,0.000001847
928,2304,0.000002225
929,2304,0.000002397
930,2304,0.000000995
931,2304,0.000002325
932,2304,0.000001032
933,2304,0.000002297
934,2304,0.000000998
935,2304,0.000002281
936,2304,0.000003210
937,2304,0.000001069
938,2304,0.000002413
939,2304,0.000000996
940,2304,0.000002314
941,2304,0.000001009
942,2304,0.000002303
943,2304,0.000000993
944,2304,0.000003098
945,2304,0.000002444
946,2304,0.000000999
947,2304,0.000002341
948,2304,0.000001034
949,2304,0.000002334
950,2304,0.000001008
951,2304,0.000004161
952,2304,0.000003312
953,2304,0.000001060
954,2304,0.000002314
955,2304,0.000001002
956,2304,0.000002304
957,2304,0.000001008
958,2304,0.000004766
959,2304,0.000001784
960,2304,0.000002212
961,2304,0.000002385
962,2304,0.000000997
963,2304,0.000002372
964,2304,0.000001039
965,2304,0.000002418
966,2304,0.000001772
967,2304,0.000002442
968,2304,0.000002368
969,2304,0.000000996
970,2304,0.000002403
971,2304,0.000000998
972,2304,0.000002596
973,2304,0.000001015
974,2304,0.000003110
975,2304,0.000001321
976,2304,0.000002267
977,2304,0.000002408
978,2304,0.000000998
979,2304,0.000002293
980,2304,0.000001028
981,2304,0.000002410
982,2304,0.000001776
983,2304,0.000002465
984,2304,0.000002373
985,2304,0.000001000
986,2304,0.000002402
987,2304,0.000001002
988,2304,0.000002328
989,2304,0.000001014
990,2304,0.000003128
991,2304,0.000001104
992,2304,0.000002063
993,2304,0.000002389
994,2304,0.000001003
995,2304,0.000002396
996,2304,0.000001041
997,2304,0.000002292
998,2304,0.000001798
999,2304,0.000002513
0,2560,0.000003374
1,2560,0.000001565
2,2560,0.000001026
3,2560,0.000001287
4,2560,0.000001153
5,2560,0.000000959
6,2560,0.000001222
7,2560,0.000000970
8,2560,0.000001045
9,2560,0.000001262
10,2560,0.000000988
11,2560,0.000001194
12,2560,0.000001223
13,2560,0.000001418
14,2560,0.000001761
15,2560,0.000001450
16,2560,0.000001594
17,2560,0.000002478
18,2560,0.000001415
19,2560,0.000001732
20,2560,0.000001706
21,2560,0.000001618
22,2560,0.000001715
23,2560,0.000001387
24,2560,0.000001606
25,2560,0.000001530
26,2560,0.000001300
27,2560,0.000001802
28,2560,0.000002318
29,2560,0.000001355
30,2560,0.000001620
31,2560,0.000001368
32,2560,0.000001407
33,2560,0.000001776
34,2560,0.000001433
35,2560,0.000003692
36,2560,0.000001764
37,2560,0.000001431
38,2560,0.000001608
39,2560,0.000001394
40,2560,0.000001639
41,2560,0.000002403
42,2560,0.000001487
43,2560,0.000003063
44,2560,0.000001844
45,2560,0.000001739
46,2560,0.000001698
47,2560,0.000001459
48,2560,0.000001553
49,2560,0.000001823
50,2560,0.000001434
51,2560,0.000002864
52,2560,0.000002260
53,2560,0.000001474
54,2560,0.000001741
55,2560,0.000001438
56,2560,0.000001591
57,2560,0.000001734
58,2560,0.000001448
59,2560,0.000001781
60,2560,0.000002719
61,2560,0.000001470
62,2560,0.000002035
63,2560,0.000001426
64,2560,0.000001432
65,2560,0.000001799
66,2560,0.000001447
67,2560,0.000001695
68,2560,0.000002673
69,2560,0.000001449
70,2560,0.000001749
71,2560,0.000001419
72,2560,0.000001537
73,2560,0.000001746
74,2560,0.000001415
75,2560,0.000001929
76,2560,0.000001796
77,2560,0.000002389
78,2560,0.000001861
79,2560,0.000001478
80,2560,0.000001465
81,2560,0.000001770
82,2560,0.000001453
83,2560,0.000001719
84,2560,0.000001689
85,2560,0.000001446
86,2560,0.000002775
87,2560,0.000001458
88,2560,0.000001446
89,2560,0.000001779
90,2560,0.000001458
91,2560,0.000001743
92,2560,0.000001725
93,2560,0.000001414
94,2560,0.000002130
95,2560,0.000002422
96,2560,0.000001639
97,2560,0.000001785
98,2560,0.000001425
99,2560,0.000001750
100,2560,0.000001770
101,2560,0.000001420
102,2560,0.000001682
103,2560,0.000002398
104,2560,0.000001558
105,2560,0.000002035
106,2560,0.000001459
107,2560,0.000001798
108,2560,0.000001706
109,2560,0.000001416
110,2560,0.000001746
111,2560,0.000002413
112,2560,0.000001511
113,2560,0.000001795
114,2560,0.000001430
115,2560,0.000001736
116,2560,0.000001749
117,2560,0.000001460
118,2560,0.000001710
119,2560,0.000001445
120,2560,0.000002478
121,2560,0.000001742
122,2560,0.000001467
123,2560,0.000001758
124,2560,0.000001712
125,2560,0.000001432
126,2560,0.000001735
127,2560,0.000001452
128,2560,0.000001457
129,2560,0.000002762
130,2560,0.000001493
131,2560,0.000001752
132,2560,0.000001751
133,2560,0.000001470
134,2560,0.000001713
135,2560,0.000001483
136,2560,0.000001477
137,2560,0.000001743
138,2560,0.000002685
139,2560,0.000001897
140,2560,0.000001602
141,2560,0.000000963
142,2560,0.000001231
143,2560,0.000000973
144,2560,0.000000977
145,2560,0.000001186
146,2560,0.000000996
147,2560,0.000001174
148,2560,0.000001249
149,2560,0.000001823
150,2560,0.000001210
151,2560,0.000000973
152,2560,0.000001001
153,2560,0.000001199
154,2560,0.000001004
155,2560,0.000001188
156,2560,0.000001172
157,2560,0.000000973
158,2560,0.000001189
159,2560,0.000000978
160,2560,0.000000996
161,2560,0.000001192
162,2560,0.000001714
163,2560,0.000001183
164,2560,0.000001197
165,2560,0.000000952
166,2560,0.000001172
167,2560,0.000000968
168,2560,0.000000981
169,2560,0.000001155
170,2560,0.000000996
171,2560,0.000001157
172,2560,0.000001237
173,2560,0.000000952
174,2560,0.000010510
175,2560,0.000002281
176,2560,0.000001104
177,2560,0.000001267
178,2560,0.000001039
179,2560,0.000001569
180,2560,0.000001383
181,2560,0.000001117
182,2560,0.000001327
183,2560,0.000001102
184,2560,0.000001093
185,2560,0.000001322
186,2560,0.000001121
187,2560,0.000001319
188,2560,0.000001313
189,2560,0.000001345
190,2560,0.000001299
191,2560,0.000001104
192,2560,0.000001472
193,2560,0.000001296
194,2560,0.000001123
195,2560,0.000001439
196,2560,0.000001283
197,2560,0.000001085
198,2560,0.000001705
199,2560,0.000001112
200,2560,0.000001167
201,2560,0.000001316
202,2560,0.000001128
203,2560,0.000002049
204,2560,0.000001249
205,2560,0.000000988
206,2560,0.000001193
207,2560,0.000001003
208,2560,0.000001065
209,2560,0.000001214
210,2560,0.000000995
211,2560,0.000001194
212,2560,0.000001178
213,2560,0.000000987
214,2560,0.000001158
215,2560,0.000000988
216,2560,0.000001122
217,2560,0.000001913
218,2560,0.000001032
219,2560,0.000001340
220,2560,0.000001208
221,2560,0.000000965
222,2560,0.000001171
223,2560,0.000000975
224,2560,0.000001015
225,2560,0.000001225
226,2560,0.000001012
227,2560,0.000001193
228,2560,0.000001280
229,2560,0.000001699
230,2560,0.000001229
231,2560,0.000000992
232,2560,0.000001028
233,2560,0.000001181
234,2560,0.000001008
235,2560,0.000001250
236,2560,0.000001244
237,2560,0.000000974
238,2560,0.000001164
239,2560,0.000000974
240,2560,0.000000997
241,2560,0.000001200
242,2560,0.000001008
243,2560,0.000001949
244,2560,0.000001182
245,2560,0.000000971
246,2560,0.000001158
247,2560,0.000000991
248,2560,0.000001107
249,2560,0.000001182
250,2560,0.000000998
251,2560,0.000001247
252,2560,0.000001262
253,2560,0.000000990
254,2560,0.000001257
255,2560,0.000001681
256,2560,0.000000992
257,2560,0.000001267
258,2560,0.000000996
259,2560,0.000001224
260,2560,0.000001183
261,2560,0.000000973
262,2560,0.000001186
263,2560,0.000000988
264,2560,0.000000976
265,2560,0.000001212
266,2560,0.000000997
267,2560,0.000001202
268,2560,0.000001980
269,2560,0.000001011
270,2560,0.000001202
271,2560,0.000001000
272,2560,0.000001031
273,2560,0.000001180
274,2560,0.000000998
275,2560,0.000001369
276,2560,0.000001205
277,2560,0.000001002
278,2560,0.000001234
279,2560,0.000000996
280,2560,0.000001000
281,2560,0.000001983
282,2560,0.000001016
283,2560,0.000001182
284,2560,0.000001184
285,2560,0.000000994
286,2560,0.000001254
287,2560,0.000001197
288,2560,0.000001026
289,2560,0.000001198
290,2560,0.000000990
291,2560,0.000001189
292,2560,0.000001280
293,2560,0.000001006
294,2560,0.000001932
295,2560,0.000000992
296,2560,0.000022084
297,2560,0.000001395
298,2560,0.000001009
299,2560,0.000001273
300,2560,0.000001203
301,2560,0.000000979
302,2560,0.000001187
303,2560,0.000000994
304,2560,0.000001055
305,2560,0.000001188
306,2560,0.000001005
307,2560,0.000001593
308,2560,0.000001201
309,2560,0.000000983
310,2560,0.000002277
311,2560,0.000001148
312,2560,0.000001010
313,2560,0.000001299
314,2560,0.000001007
315,2560,0.000001241
316,2560,0.000001296
317,2560,0.000000988
318,2560,0.000001199
319,2560,0.000001001
320,2560,0.000001013
321,2560,0.000001217
322,2560,0.000001009
323,2560,0.000001221
324,2560,0.000001188
325,2560,0.000013852
326,2560,0.000001390
327,2560,0.000000969
328,2560,0.000000981
329,2560,0.000001257
330,2560,0.000000993
331,2560,0.000001164
332,2560,0.000001246
333,2560,0.000000954
334,2560,0.000001170
335,2560,0.000000967
336,2560,0.000000975
337,2560,0.000001177
338,2560,0.000000986
339,2560,0.000001194
340,2560,0.000001162
341,2560,0.000000949
342,2560,0.000001269
343,2560,0.000000966
344,2560,0.000001818
345,2560,0.000001229
346,2560,0.000000998
347,2560,0.000001189
348,2560,0.000001243
349,2560,0.000000972
350,2560,0.000001221
351,2560,0.000000988
352,2560,0.000000977
353,2560,0.000001222
354,2560,0.000000985
355,2560,0.000001169
356,2560,0.000001236
357,2560,0.000000960
358,2560,0.000001161
359,2560,0.000000977
360,2560,0.000000997
361,2560,0.000001237
362,2560,0.000000987
363,2560,0.000001198
364,2560,0.000001176
365,2560,0.000000963
366,2560,0.000001190
367,2560,0.000000978
368,2560,0.000001194
369,2560,0.000001218
370,2560,0.000000985
371,2560,0.000001199
372,2560,0.000001262
373,2560,0.000000955
374,2560,0.000001154
375,2560,0.000001720
376,2560,0.000001033
377,2560,0.000001170
378,2560,0.000000986
379,2560,0.000001231
380,2560,0.000001182
381,2560,0.000000964
382,2560,0.000001202
383,2560,0.000000984
384,2560,0.000000990
385,2560,0.000001218
386,2560,0.000000987
387,2560,0.000001229
388,2560,0.000001225
389,2560,0.000000963
390,2560,0.000001183
391,2560,0.000000978
392,2560,0.000000999
393,2560,0.000001215
394,2560,0.000000985
395,2560,0.000001269
396,2560,0.000001174
397,2560,0.000000974
398,2560,0.000001194
399,2560,0.000000981
400,2560,0.000000957
401,2560,0.000001266
402,2560,0.000000982
403,2560,0.000001289
404,2560,0.000001185
405,2560,0.000000975
406,2560,0.000001189
407,2560,0.000001704
408,2560,0.000001010
409,2560,0.000001189
410,2560,0.000001001
411,2560,0.000001186
412,2560,0.000001214
413,2560,0.000000951
414,2560,0.000001167
415,2560,0.000000974
416,2560,0.000000970
417,2560,0.000001153
418,2560,0.000001000
419,2560,0.000001169
420,2560,0.000001181
421,2560,0.000000954
422,2560,0.000001595
423,2560,0.000000971
424,2560,0.000000966
425,2560,0.000001202
426,2560,0.000000997
427,2560,0.000001185
428,2560,0.000001276
429,2560,0.000000954
430,2560,0.000001186
431,2560,0.000000969
432,2560,0.000001032
433,2560,0.000001152
434,2560,0.000001001
435,2560,0.000001158
436,2560,0.000001162
437,2560,0.000000956
438,2560,0.000001259
439,2560,0.000001685
440,2560,0.000001011
441,2560,0.000001213
442,2560,0.000000996
443,2560,0.000001160
444,2560,0.000001205
445,2560,0.000000964
446,2560,0.000001234
447,2560,0.000000982
448,2560,0.000000966
449,2560,0.000001605
450,2560,0.000000988
451,2560,0.000001210
452,2560,0.000001252
453,2560,0.000000972
454,2560,0.000001170
455,2560,0.000000987
456,2560,0.000000955
457,2560,0.000001154
458,2560,0.000000988
459,2560,0.000001209
460,2560,0.000001171
461,2560,0.000000960
462,2560,0.000001177
463,2560,0.000000978
464,2560,0.000000951
465,2560,0.000001188
466,2560,0.000000989
467,2560,0.000001162
468,2560,0.000001202
469,2560,0.000000964
470,2560,0.000001893
471,2560,0.000001001
472,2560,0.000000998
473,2560,0.000001185
474,2560,0.000001005
475,2560,0.000001215
476,2560,0.000001193
477,2560,0.000000960
478,2560,0.000001174
479,2560,0.000000971
480,2560,0.000001002
481,2560,0.000001218
482,2560,0.000000998
483,2560,0.000001171
484,2560,0.000001193
485,2560,0.000000954
486,2560,0.000001180
487,2560,0.000000967
488,2560,0.000001095
489,2560,0.000001190
490,2560,0.000000997
491,2560,0.000001217
492,2560,0.000001237
493,2560,0.000000952
494,2560,0.000001246
495,2560,0.000000974
496,2560,0.000000972
497,2560,0.000001266
498,2560,0.000001003
499,2560,0.000001159
500,2560,0.000001321
501,2560,0.000000958
502,2560,0.000001972
503,2560,0.000001001
504,2560,0.000000969
505,2560,0.000001258
506,2560,0.000000981
507,2560,0.000001171
508,2560,0.000001269
509,2560,0.000000960
510,2560,0.000001560
511,2560,0.000000980
512,2560,0.000000980
513,2560,0.000001164
514,2560,0.000000982
515,2560,0.000001204
516,2560,0.000001197
517,2560,0.000000971
518,2560,0.000001247
519,2560,0.000000982
520,2560,0.000001041
521,2560,0.000001353
522,2560,0.000000987
523,2560,0.000001198
524,2560,0.000001221
525,2560,0.000000965
526,2560,0.000001244
527,2560,0.000000984
528,2560,0.000000978
529,2560,0.000001220
530,2560,0.000000987
531,2560,0.000001323
532,2560,0.000001165
533,2560,0.000001690
534,2560,0.000001268
535,2560,0.000000963
536,2560,0.000001046
537,2560,0.000001151
538,2560,0.000001001
539,2560,0.000001189
540,2560,0.000001200
541,2560,0.000000953
542,2560,0.000001209
543,2560,0.000000970
544,2560,0.000001140
545,2560,0.000001256
546,2560,0.000001002
547,2560,0.000001186
548,2560,0.000001205
549,2560,0.000000955
550,2560,0.000001182
551,2560,0.000000970
552,2560,0.000001042
553,2560,0.000001159
554,2560,0.000001002
555,2560,0.000001225
556,2560,0.000001218
557,2560,0.000000956
558,2560,0.000001223
559,2560,0.000000968
560,2560,0.000000979
561,2560,0.000001228
562,2560,0.000001001
563,2560,0.000001170
564,2560,0.000001330
565,2560,0.000001664
566,2560,0.000001178
567,2560,0.000000977
568,2560,0.000000988
569,2560,0.000001206
570,2560,0.000000990
571,2560,0.000001259
572,2560,0.000001181
573,2560,0.000000968
574,2560,0.000001248
575,2560,0.000000982
576,2560,0.000000975
577,2560,0.000001260
578,2560,0.000000990
579,2560,0.000001169
580,2560,0.000001264
581,2560,0.000000968
582,2560,0.000001186
583,2560,0.000000977
584,2560,0.000001100
585,2560,0.000001177
586,2560,0.000000991
587,2560,0.000001260
588,2560,0.000001191
589,2560,0.000000968
590,2560,0.000001171
591,2560,0.000000976
592,2560,0.000000985
593,2560,0.000001246
594,2560,0.000000989
595,2560,0.000001164
596,2560,0.000001285
597,2560,0.000001684
598,2560,0.000001215
599,2560,0.000000977
600,2560,0.000001055
601,2560,0.000001183
602,2560,0.000001000
603,2560,0.000001273
604,2560,0.000001232
605,2560,0.000000952
606,2560,0.000001158
607,2560,0.000000979
608,2560,0.000001064
609,2560,0.000001190
610,2560,0.000001007
611,2560,0.000001240
612,2560,0.000001170
613,2560,0.000000954
614,2560,0.000001246
615,2560,0.000000970
616,2560,0.000000968
617,2560,0.000001199
618,2560,0.000000999
619,2560,0.000001179
620,2560,0.000002046
621,2560,0.000000995
622,2560,0.000001149
623,2560,0.000000986
624,2560,0.000000991
625,2560,0.000001184
626,2560,0.000000987
627,2560,0.000001169
628,2560,0.000001628
629,2560,0.000000985
630,2560,0.000001169
631,2560,0.000000981
632,2560,0.000001079
633,2560,0.000001285
634,2560,0.000001685
635,2560,0.000001206
636,2560,0.000001215
637,2560,0.000000961
638,2560,0.000001189
639,2560,0.000000969
640,2560,0.000001013
641,2560,0.000001263
642,2560,0.000001002
643,2560,0.000001245
644,2560,0.000001192
645,2560,0.000000949
646,2560,0.000001281
647,2560,0.000001674
648,2560,0.000001018
649,2560,0.000001277
650,2560,0.000000989
651,2560,0.000001184
652,2560,0.000001261
653,2560,0.000001014
654,2560,0.000001448
655,2560,0.000000990
656,2560,0.000001077
657,2560,0.000001214
658,2560,0.000000989
659,2560,0.000001907
660,2560,0.000001558
661,2560,0.000000982
662,2560,0.000001341
663,2560,0.000000970
664,2560,0.000000995
665,2560,0.000001256
666,2560,0.000001003
667,2560,0.000001159
668,2560,0.000001243
669,2560,0.000000954
670,2560,0.000001274
671,2560,0.000000986
672,2560,0.000001758
673,2560,0.000001257
674,2560,0.000000988
675,2560,0.000001329
676,2560,0.000001187
677,2560,0.000000966
678,2560,0.000001225
679,2560,0.000000981
680,2560,0.000000964
681,2560,0.000001241
682,2560,0.000000989
683,2560,0.000001183
684,2560,0.000001209
685,2560,0.000001667
686,2560,0.000001192
687,2560,0.000000972
688,2560,0.000001037
689,2560,0.000001178
690,2560,0.000001001
691,2560,0.000001246
692,2560,0.000001168
693,2560,0.000000959
694,2560,0.000001195
695,2560,0.000000969
696,2560,0.000000971
697,2560,0.000001300
698,2560,0.000001669
699,2560,0.000001194
700,2560,0.000001327
701,2560,0.000000961
702,2560,0.000001212
703,2560,0.000000976
704,2560,0.000000959
705,2560,0.000001191
706,2560,0.000000987
707,2560,0.000001158
708,2560,0.000001178
709,2560,0.000000965
710,2560,0.000001203
711,2560,0.000001663
712,2560,0.000001112
713,2560,0.000001208
714,2560,0.000001005
715,2560,0.000001246
716,2560,0.000001250
717,2560,0.000000952
718,2560,0.000001225
719,2560,0.000000972
720,2560,0.000001030
721,2560,0.000001181
722,2560,0.000000999
723,2560,0.000001265
724,2560,0.000001946
725,2560,0.000000989
726,2560,0.000001180
727,2560,0.000000981
728,2560,0.000000978
729,2560,0.000001294
730,2560,0.000000985
731,2560,0.000001198
732,2560,0.000001216
733,2560,0.000000974
734,2560,0.000001189
735,2560,0.000000981
736,2560,0.000001061
737,2560,0.000001928
738,2560,0.000001034
739,2560,0.000001351
740,2560,0.000001166
741,2560,0.000000964
742,2560,0.000001481
743,2560,0.000000972
744,2560,0.000000988
745,2560,0.000001200
746,2560,0.000001001
747,2560,0.000001196
748,2560,0.000001198
749,2560,0.000001862
750,2560,0.000001222
751,2560,0.000000981
752,2560,0.000000988
753,2560,0.000001147
754,2560,0.000000999
755,2560,0.000001506
756,2560,0.000001254
757,2560,0.000000955
758,2560,0.000001267
759,2560,0.000000965
760,2560,0.000001005
761,2560,0.000001229
762,2560,0.000000998
763,2560,0.000001866
764,2560,0.000001301
765,2560,0.000000969
766,2560,0.000001176
767,2560,0.000000989
768,2560,0.000001082
769,2560,0.000001202
770,2560,0.000000993
771,2560,0.000001183
772,2560,0.000001178
773,2560,0.000000968
774,2560,0.000001193
775,2560,0.000001694
776,2560,0.000001151
777,2560,0.000001263
778,2560,0.000001003
779,2560,0.000001156
780,2560,0.000001203
781,2560,0.000000957
782,2560,0.000001190
783,2560,0.000000975
784,2560,0.000000993
785,2560,0.000001155
786,2560,0.000001001
787,2560,0.000001236
788,2560,0.000001939
789,2560,0.000001157
790,2560,0.000001171
791,2560,0.000000995
792,2560,0.000000964
793,2560,0.000001216
794,2560,0.000000993
795,2560,0.000001191
796,2560,0.000001157
797,2560,0.000000976
798,2560,0.000001165
799,2560,0.000000984
800,2560,0.000000989
801,2560,0.000001959
802,2560,0.000001034
803,2560,0.000001178
804,2560,0.000001237
805,2560,0.000000962
806,2560,0.000001186
807,2560,0.000000970
808,2560,0.000000969
809,2560,0.000001260
810,2560,0.000000993
811,2560,0.000001167
812,2560,0.000001225
813,2560,0.000000959
814,2560,0.000001891
815,2560,0.000001022
816,2560,0.000001146
817,2560,0.000001197
818,2560,0.000000995
819,2560,0.000001246
820,2560,0.000001200
821,2560,0.000000969
822,2560,0.000001281
823,2560,0.000000980
824,2560,0.000000988
825,2560,0.000001216
826,2560,0.000000987
827,2560,0.000001855
828,2560,0.000001247
829,2560,0.000000945
830,2560,0.000001179
831,2560,0.000000964
832,2560,0.000000992
833,2560,0.000001160
834,2560,0.000000997
835,2560,0.000001281
836,2560,0.000001202
837,2560,0.000000951
838,2560,0.000001209
839,2560,0.000000967
840,2560,0.000001702
841,2560,0.000001238
842,2560,0.000000987
843,2560,0.000001191
844,2560,0.000001184
845,2560,0.000000960
846,2560,0.000001181
847,2560,0.000000973
848,2560,0.000001005
849,2560,0.000001196
850,2560,0.000000986
851,2560,0.000001212
852,2560,0.000001200
853,2560,0.000001676
854,2560,0.000001245
855,2560,0.000000972
856,2560,0.000000995
857,2560,0.000001258
858,2560,0.000000995
859,2560,0.000001170
860,2560,0.000001218
861,2560,0.000000954
862,2560,0.000001184
863,2560,0.000000968
864,2560,0.000000992
865,2560,0.000001225
866,2560,0.000001680
867,2560,0.000001413
868,2560,0.000001192
869,2560,0.000000976
870,2560,0.000001247
871,2560,0.000000982
872,2560,0.000000984
873,2560,0.000001213
874,2560,0.000000990
875,2560,0.000001193
876,2560,0.000001164
877,2560,0.000000966
878,2560,0.000001165
879,2560,0.000001664
880,2560,0.000001116
881,2560,0.000001178
882,2560,0.000001002
883,2560,0.000001192
884,2560,0.000001200
885,2560,0.000000955
886,2560,0.000001195
887,2560,0.000000967
888,2560,0.000000982
889,2560,0.000001163
890,2560,0.000000997
891,2560,0.000001148
892,2560,0.000001972
893,2560,0.000001003
894,2560,0.000001146
895,2560,0.000000985
896,2560,0.000000996
897,2560,0.000001236
898,2560,0.000000991
899,2560,0.000001221
900,2560,0.000004412
901,2560,0.000001110
902,2560,0.000002377
903,2560,0.000001861
904,2560,0.000004805
905,2560,0.000002429
906,2560,0.000001046
907,2560,0.000002332
908,2560,0.000002424
909,2560,0.000001793
910,2560,0.000003728
911,2560,0.000001047
912,2560,0.000002322
913,2560,0.000002393
914,2560,0.000001049
915,2560,0.000002938
916,2560,0.000003338
917,2560,0.000001076
918,2560,0.000002361
919,2560,0.000001016
920,2560,0.000002092
921,2560,0.000003149
922,2560,0.000001046
923,2560,0.000003173
924,2560,0.000002365
925,2560,0.000001026
926,2560,0.000002274
927,2560,0.000001007
928,2560,0.000002104
929,2560,0.000002377
930,2560,0.000001828
931,2560,0.000002392
932,2560,0.000002365
933,2560,0.000001010
934,2560,0.000002265
935,2560,0.000001010
936,2560,0.000002186
937,2560,0.000002424
938,2560,0.000001831
939,2560,0.000002420
940,2560,0.000002415
941,2560,0.000001006
942,2560,0.000002305
943,2560,0.000001004
944,2560,0.000002111
945,2560,0.000002417
946,2560,0.000001826
947,2560,0.000002464
948,2560,0.000002379
949,2560,0.000001004
950,2560,0.000002285
951,2560,0.000001004
952,2560,0.000002075
953,2560,0.000004819
954,2560,0.000001810
955,2560,0.000002375
956,2560,0.000002478
957,2560,0.000001009
958,2560,0.000002531
959,2560,0.000001166
960,2560,0.000002301
961,2560,0.000010648
962,2560,0.000001241
963,2560,0.000002284
964,2560,0.000002333
965,2560,0.000001014
966,2560,0.000002234
967,2560,0.000001009
968,2560,0.000002181
969,2560,0.000003342
970,2560,0.000001089
971,2560,0.000002298
972,2560,0.000003555
973,2560,0.000001074
974,2560,0.000002352
975,2560,0.000001015
976,2560,0.000002119
977,2560,0.000003226
978,2560,0.000001078
979,2560,0.000002351
980,2560,0.000002357
981,2560,0.000001004
982,2560,0.000002269
983,2560,0.000001009
984,2560,0.000002918
985,2560,0.000002497
986,2560,0.000001059
987,2560,0.000002334
988,2560,0.000002331
989,2560,0.000001026
990,2560,0.000002322
991,2560,0.000001036
992,2560,0.000002987
993,2560,0.000002420
994,2560,0.000001049
995,2560,0.000002326
996,2560,0.000002658
997,2560,0.000001014
998,2560,0.000002402
999,2560,0.000001834
0,2816,0.000003204
1,2816,0.000001325
2,2816,0.000001337
3,2816,0.000000989
4,2816,0.000001160
5,2816,0.000001254
6,2816,0.000000962
7,2816,0.000001195
8,2816,0.000001245
9,2816,0.000000974
10,2816,0.000001187
11,2816,0.000001208
12,2816,0.000000999
13,2816,0.000001194
14,2816,0.000001168
15,2816,0.000000986
16,2816,0.000000979
17,2816,0.000001605
18,2816,0.000001807
19,2816,0.000001532
20,2816,0.000001741
21,2816,0.000002368
22,2816,0.000001721
23,2816,0.000001714
24,2816,0.000001731
25,2816,0.000001518
26,2816,0.000001846
27,2816,0.000001679
28,2816,0.000001558
29,2816,0.000001663
30,2816,0.000001662
31,2816,0.000001579
32,2816,0.000001664
33,2816,0.000001748
34,2816,0.000001647
35,2816,0.000001334
36,2816,0.000001817
37,2816,0.000001764
38,2816,0.000001441
39,2816,0.000001700
40,2816,0.000001664
41,2816,0.000001455
42,2816,0.000001690
43,2816,0.000001824
44,2816,0.000001864
45,2816,0.000001661
46,2816,0.000001753
47,2816,0.000001429
48,2816,0.000001527
49,2816,0.000001975
50,2816,0.000001837
51,2816,0.000001484
52,2816,0.000001728
53,2816,0.000001793
54,2816,0.000001467
55,2816,0.000001723
56,2816,0.000001758
57,2816,0.000001504
58,2816,0.000003789
59,2816,0.000002067
60,2816,0.000001450
61,2816,0.000001711
62,2816,0.000001737
63,2816,0.000001456
64,2816,0.000001440
65,2816,0.000001797
66,2816,0.000001753
67,2816,0.000001451
68,2816,0.000001847
69,2816,0.000001745
70,2816,0.000001435
71,2816,0.000001720
72,2816,0.000001740
73,2816,0.000001427
74,2816,0.000002033
75,2816,0.000001977
76,2816,0.000002090
77,2816,0.000001219
78,2816,0.000002181
79,2816,0.000000991
80,2816,0.000000980
81,2816,0.000001173
82,2816,0.000001193
83,2816,0.000000958
84,2816,0.000001167
85,2816,0.000001172
86,2816,0.000000964
87,2816,0.000001244
88,2816,0.000001158
89,2816,0.000000952
90,2816,0.000001162
91,2816,0.000001178
92,2816,0.000000999
93,2816,0.000001150
94,2816,0.000001209
95,2816,0.000000982
96,2816,0.000000971
97,2816,0.000001263
98,2816,0.000001173
99,2816,0.000000946
100,2816,0.000001177
101,2816,0.000001174
102,2816,0.000000960
103,2816,0.000001169
104,2816,0.000001921
105,2816,0.000000990
106,2816,0.000001170
107,2816,0.000001193
108,2816,0.000000990
109,2816,0.000001182
110,2816,0.000001149
111,2816,0.000000986
112,2816,0.000000948
113,2816,0.000001160
114,2816,0.000001189
115,2816,0.000000973
116,2816,0.000001155
117,2816,0.000001186
118,2816,0.000001692
119,2816,0.000001179
120,2816,0.000001174
121,2816,0.000000966
122,2816,0.000001167
123,2816,0.000001205
124,2816,0.000000988
125,2816,0.000001159
126,2816,0.000001163
127,2816,0.000000977
128,2816,0.000000962
129,2816,0.000001169
130,2816,0.000001166
131,2816,0.000001682
132,2816,0.000001183
133,2816,0.000001443
134,2816,0.000000967
135,2816,0.000001179
136,2816,0.000001145
137,2816,0.000000964
138,2816,0.000001175
139,2816,0.000001177
140,2816,0.000000991
141,2816,0.000001180
142,2816,0.000001150
143,2816,0.000000997
144,2816,0.000001744
145,2816,0.000001193
146,2816,0.000001425
147,2816,0.000000961
148,2816,0.000001163
149,2816,0.000001163
150,2816,0.000000950
151,2816,0.000001152
152,2816,0.000001155
153,2816,0.000000963
154,2816,0.000001160
155,2816,0.000001167
156,2816,0.000000985
157,2816,0.000001871
158,2816,0.000001193
159,2816,0.000000980
160,2816,0.000000964
161,2816,0.000001189
162,2816,0.000001182
163,2816,0.000000961
164,2816,0.000001145
165,2816,0.000001184
166,2816,0.000000950
167,2816,0.000001176
168,2816,0.000001167
169,2816,0.000000992
170,2816,0.000001884
171,2816,0.000001209
172,2816,0.000001002
173,2816,0.000001152
174,2816,0.000001207
175,2816,0.000000971
176,2816,0.000000975
177,2816,0.000001240
178,2816,0.000001171
179,2816,0.000000954
180,2816,0.000001153
181,2816,0.000001152
182,2816,0.000001695
183,2816,0.000001239
184,2816,0.000001202
185,2816,0.000000963
186,2816,0.000001157
187,2816,0.000001178
188,2816,0.000000985
189,2816,0.000001169
190,2816,0.000001167
191,2816,0.000000986
192,2816,0.000000954
193,2816,0.000001171
194,2816,0.000001186
195,2816,0.000001704
196,2816,0.000001213
197,2816,0.000001161
198,2816,0.000000957
199,2816,0.000001271
200,2816,0.000001156
201,2816,0.000000944
202,2816,0.000001170
203,2816,0.000001145
204,2816,0.000000990
205,2816,0.000001197
206,2816,0.000001145
207,2816,0.000000969
208,2816,0.000001757
209,2816,0.000001204
210,2816,0.000001479
211,2816,0.000000970
212,2816,0.000001150
213,2816,0.000001203
214,2816,0.000000949
215,2816,0.000001504
216,2816,0.000001171
217,2816,0.000000957
218,2816,0.000001170
219,2816,0.000001204
220,2816,0.000001008
221,2816,0.000002147
222,2816,0.000001211
223,2816,0.000000988
224,2816,0.000000953
225,2816,0.000001155
226,2816,0.000001186
227,2816,0.000000964
228,2816,0.000001223
229,2816,0.000001192
230,2816,0.000000962
231,2816,0.000001178
232,2816,0.000001151
233,2816,0.000001676
234,2816,0.000001350
235,2816,0.000001235
236,2816,0.000000984
237,2816,0.000001175
238,2816,0.000001148
239,2816,0.000000980
240,2816,0.000000986
241,2816,0.000001191
242,2816,0.000001200
243,2816,0.000000967
244,2816,0.000001178
245,2816,0.000001212
246,2816,0.000001681
247,2816,0.000001209
248,2816,0.000001170
249,2816,0.000000970
250,2816,0.000001250
251,2816,0.000001191
252,2816,0.000000993
253,2816,0.000001192
254,2816,0.000001148
255,2816,0.000000981
256,2816,0.000000964
257,2816,0.000001230
258,2816,0.000001174
259,2816,0.000001700
260,2816,0.000001213
261,2816,0.000001170
262,2816,0.000000949
263,2816,0.000001177
264,2816,0.000001176
265,2816,0.000000988
266,2816,0.000001264
267,2816,0.000001203
268,2816,0.000000986
269,2816,0.000001171
270,2816,0.000001167
271,2816,0.000001010
272,2816,0.000001731
273,2816,0.000001210
274,2816,0.000001170
275,2816,0.000000970
276,2816,0.000001146
277,2816,0.000001185
278,2816,0.000000950
279,2816,0.000001229
280,2816,0.000001150
281,2816,0.000000964
282,2816,0.000001177
283,2816,0.000001162
284,2816,0.000001067
285,2816,0.000001894
286,2816,0.000001405
287,2816,0.000000986
288,2816,0.000000977
289,2816,0.000001175
290,2816,0.000001194
291,2816,0.000000959
292,2816,0.000001154
293,2816,0.000001196
294,2816,0.000000954
295,2816,0.000001166
296,2816,0.000001175
297,2816,0.000001680
298,2816,0.000001218
299,2816,0.000001512
300,2816,0.000000989
301,2816,0.000001185
302,2816,0.000001164
303,2816,0.000000985
304,2816,0.000000949
305,2816,0.000001177
306,2816,0.000001166
307,2816,0.000000961
308,2816,0.000001166
309,2816,0.000001170
310,2816,0.000001660
311,2816,0.000001206
312,2816,0.000001151
313,2816,0.000000961
314,2816,0.000001141
315,2816,0.000001193
316,2816,0.000000989
317,2816,0.000001221
318,2816,0.000001174
319,2816,0.000000990
320,2816,0.000000982
321,2816,0.000001160
322,2816,0.000001173
323,2816,0.000001675
324,2816,0.000001229
325,2816,0.000001193
326,2816,0.000000953
327,2816,0.000001180
328,2816,0.000001179
329,2816,0.000000976
330,2816,0.000001176
331,2816,0.000001201
332,2816,0.000000990
333,2816,0.000001180
334,2816,0.000001161
335,2816,0.000000985
336,2816,0.000001709
337,2816,0.000001191
338,2816,0.000001182
339,2816,0.000000960
340,2816,0.000001145
341,2816,0.000001219
342,2816,0.000000948
343,2816,0.000001158
344,2816,0.000001221
345,2816,0.000000963
346,2816,0.000001185
347,2816,0.000001202
348,2816,0.000000990
349,2816,0.000001893
350,2816,0.000001216
351,2816,0.000000983
352,2816,0.000000962
353,2816,0.000001190
354,2816,0.000001165
355,2816,0.000000972
356,2816,0.000001162
357,2816,0.000001210
358,2816,0.000000953
359,2816,0.000001178
360,2816,0.000001144
361,2816,0.000001037
362,2816,0.000001902
363,2816,0.000001207
364,2816,0.000001002
365,2816,0.000001164
366,2816,0.000001246
367,2816,0.000000971
368,2816,0.000000992
369,2816,0.000001163
370,2816,0.000001195
371,2816,0.000000948
372,2816,0.000001156
373,2816,0.000001176
374,2816,0.000001003
375,2816,0.000001903
376,2816,0.000001180
377,2816,0.000000968
378,2816,0.000001157
379,2816,0.000001155
380,2816,0.000000991
381,2816,0.000001166
382,2816,0.000001162
383,2816,0.000000988
384,2816,0.000000955
385,2816,0.000001154
386,2816,0.000001224
387,2816,0.000000995
388,2816,0.000001884
389,2816,0.000001207
390,2816,0.000000965
391,2816,0.000001146
392,2816,0.000001243
393,2816,0.000000957
394,2816,0.000001162
395,2816,0.000001163
396,2816,0.000000995
397,2816,0.000001139
398,2816,0.000001229
399,2816,0.000000970
400,2816,0.000001821
401,2816,0.000001342
402,2816,0.000001200
403,2816,0.000000954
404,2816,0.000001210
405,2816,0.000001172
406,2816,0.000000963
407,2816,0.000001155
408,2816,0.000001229
409,2816,0.000000954
410,2816,0.000001186
411,2816,0.000001197
412,2816,0.000001005
413,2816,0.000001942
414,2816,0.000012595
415,2816,0.000001036
416,2816,0.000000970
417,2816,0.000001216
418,2816,0.000001177
419,2816,0.000000968
420,2816,0.000001181
421,2816,0.000001177
422,2816,0.000000973
423,2816,0.000001213
424,2816,0.000001192
425,2816,0.000001978
426,2816,0.000001257
427,2816,0.000001188
428,2816,0.000001013
429,2816,0.000001159
430,2816,0.000001197
431,2816,0.000000984
432,2816,0.000001002
433,2816,0.000001159
434,2816,0.000001223
435,2816,0.000000966
436,2816,0.000001176
437,2816,0.000001237
438,2816,0.000001729
439,2816,0.000001379
440,2816,0.000001205
441,2816,0.000000981
442,2816,0.000001178
443,2816,0.000001272
444,2816,0.000001001
445,2816,0.000001170
446,2816,0.000001161
447,2816,0.000000995
448,2816,0.000000984
449,2816,0.000001189
450,2816,0.000001200
451,2816,0.000001732
452,2816,0.000001225
453,2816,0.000001179
454,2816,0.000000994
455,2816,0.000001250
456,2816,0.000001247
457,2816,0.000000960
458,2816,0.000001175
459,2816,0.000001167
460,2816,0.000001007
461,2816,0.000001248
462,2816,0.000001200
463,2816,0.000001705
464,2816,0.000001008
465,2816,0.000001160
466,2816,0.000001210
467,2816,0.000000965
468,2816,0.000001186
469,2816,0.000001171
470,2816,0.000000972
471,2816,0.000001249
472,2816,0.000001187
473,2816,0.000000981
474,2816,0.000001361
475,2816,0.000001171
476,2816,0.000001710
477,2816,0.000001240
478,2816,0.000001176
479,2816,0.000000992
480,2816,0.000000984
481,2816,0.000001168
482,2816,0.000001205
483,2816,0.000000972
484,2816,0.000001158
485,2816,0.000001187
486,2816,0.000000960
487,2816,0.000001242
488,2816,0.000001156
489,2816,0.000001728
490,2816,0.000001209
491,2816,0.000001181
492,2816,0.000001010
493,2816,0.000001192
494,2816,0.000001176
495,2816,0.000000985
496,2816,0.000001001
497,2816,0.000001185
498,2816,0.000001206
499,2816,0.000000966
500,2816,0.000001166
501,2816,0.000001910
502,2816,0.000001011
503,2816,0.000001156
504,2816,0.000001237
505,2816,0.000000964
506,2816,0.000001580
507,2816,0.000001184
508,2816,0.000001013
509,2816,0.000001169
510,2816,0.000001160
511,2816,0.000000976
512,2816,0.000001018
513,2816,0.000001221
514,2816,0.000001909
515,2816,0.000000988
516,2816,0.000001200
517,2816,0.000001200
518,2816,0.000000961
519,2816,0.000001246
520,2816,0.000001161
521,2816,0.000000972
522,2816,0.000001152
523,2816,0.000001162
524,2816,0.000000997
525,2816,0.000001190
526,2816,0.000001197
527,2816,0.000001727
528,2816,0.000001021
529,2816,0.000001186
530,2816,0.000001245
531,2816,0.000000963
532,2816,0.000001173
533,2816,0.000001226
534,2816,0.000000973
535,2816,0.000001194
536,2816,0.000001185
537,2816,0.000000960
538,2816,0.000001172
539,2816,0.000001881
540,2816,0.000001028
541,2816,0.000001156
542,2816,0.000001265
543,2816,0.000000988
544,2816,0.000000983
545,2816,0.000001160
546,2816,0.000001176
547,2816,0.000000959
548,2816,0.000001165
549,2816,0.000001238
550,2816,0.000000972
551,2816,0.000001163
552,2816,0.000001999
553,2816,0.000000993
554,2816,0.000001181
555,2816,0.000001270
556,2816,0.000001001
557,2816,0.000001173
558,2816,0.000001225
559,2816,0.000000997
560,2816,0.000000966
561,2816,0.000001195
562,2816,0.000001206
563,2816,0.000000972
564,2816,0.000001334
565,2816,0.000001910
566,2816,0.000000996
567,2816,0.000001193
568,2816,0.000001174
569,2816,0.000000963
570,2816,0.000001164
571,2816,0.000001282
572,2816,0.000001005
573,2816,0.000001164
574,2816,0.000001268
575,2816,0.000000979
576,2816,0.000001004
577,2816,0.000001193
578,2816,0.000001934
579,2816,0.000000991
580,2816,0.000001182
581,2816,0.000001261
582,2816,0.000000962
583,2816,0.000001171
584,2816,0.000001181
585,2816,0.000000973
586,2816,0.000001167
587,2816,0.000001219
588,2816,0.000001002
589,2816,0.000001178
590,2816,0.000002094
591,2816,0.000001022
592,2816,0.000000973
593,2816,0.000001505
594,2816,0.000001183
595,2816,0.000000974
596,2816,0.000001186
597,2816,0.000001179
598,2816,0.000000961
599,2816,0.000001208
600,2816,0.000001154
601,2816,0.000000978
602,2816,0.000001209
603,2816,0.000001939
604,2816,0.000001034
605,2816,0.000001237
606,2816,0.000001190
607,2816,0.000000980
608,2816,0.000001003
609,2816,0.000001172
610,2816,0.000001249
611,2816,0.000000963
612,2816,0.000001173
613,2816,0.000001246
614,2816,0.000000977
615,2816,0.000001184
616,2816,0.000001948
617,2816,0.000001009
618,2816,0.000001170
619,2816,0.000001236
620,2816,0.000000998
621,2816,0.000001188
622,2816,0.000001196
623,2816,0.000000989
624,2816,0.000000958
625,2816,0.000001195
626,2816,0.000001211
627,2816,0.000000973
628,2816,0.000001870
629,2816,0.000001300
630,2816,0.000000962
631,2816,0.000001183
632,2816,0.000001161
633,2816,0.000000972
634,2816,0.000001156
635,2816,0.000001467
636,2816,0.000000988
637,2816,0.000001272
638,2816,0.000001230
639,2816,0.000000990
640,2816,0.000000993
641,2816,0.000001909
642,2816,0.000001212
643,2816,0.000000959
644,2816,0.000001164
645,2816,0.000001216
646,2816,0.000000969
647,2816,0.000001204
648,2816,0.000001188
649,2816,0.000000965
650,2816,0.000001248
651,2816,0.000001181
652,2816,0.000001010
653,2816,0.000001976
654,2816,0.000001208
655,2816,0.000000984
656,2816,0.000001029
657,2816,0.000001171
658,2816,0.000001203
659,2816,0.000000960
660,2816,0.000001165
661,2816,0.000001182
662,2816,0.000000974
663,2816,0.000001213
664,2816,0.000001171
665,2816,0.000000965
666,2816,0.000001930
667,2816,0.000001226
668,2816,0.000001006
669,2816,0.000001222
670,2816,0.000001189
671,2816,0.000000991
672,2816,0.000001056
673,2816,0.000001173
674,2816,0.000001242
675,2816,0.000000989
676,2816,0.000001178
677,2816,0.000001182
678,2816,0.000000962
679,2816,0.000001912
680,2816,0.000001186
681,2816,0.000000965
682,2816,0.000001170
683,2816,0.000001155
684,2816,0.000001007
685,2816,0.000001155
686,2816,0.000001214
687,2816,0.000000985
688,2816,0.000000974
689,2816,0.000001171
690,2816,0.000001212
691,2816,0.000000970
692,2816,0.000001972
693,2816,0.000001191
694,2816,0.000000967
695,2816,0.000001192
696,2816,0.000001162
697,2816,0.000000979
698,2816,0.000001173
699,2816,0.000001168
700,2816,0.000000997
701,2816,0.000001183
702,2816,0.000001184
703,2816,0.000000989
704,2816,0.000000988
705,2816,0.000001915
706,2816,0.000001199
707,2816,0.000000969
708,2816,0.000001191
709,2816,0.000001160
710,2816,0.000000988
711,2816,0.000001171
712,2816,0.000001190
713,2816,0.000000963
714,2816,0.000001169
715,2816,0.000015787
716,2816,0.000001077
717,2816,0.000001175
718,2816,0.000001184
719,2816,0.000000998
720,2816,0.000000979
721,2816,0.000001193
722,2816,0.000001205
723,2816,0.000001832
724,2816,0.000001224
725,2816,0.000001208
726,2816,0.000001010
727,2816,0.000001224
728,2816,0.000001241
729,2816,0.000001003
730,2816,0.000001187
731,2816,0.000013913
732,2816,0.000001089
733,2816,0.000001160
734,2816,0.000001171
735,2816,0.000000975
736,2816,0.000000966
737,2816,0.000001189
738,2816,0.000001221
739,2816,0.000000963
740,2816,0.000001165
741,2816,0.000001162
742,2816,0.000000960
743,2816,0.000001158
744,2816,0.000001258
745,2816,0.000000956
746,2816,0.000001155
747,2816,0.000001235
748,2816,0.000000993
749,2816,0.000001158
750,2816,0.000001197
751,2816,0.000000978
752,2816,0.000000968
753,2816,0.000001169
754,2816,0.000001177
755,2816,0.000001787
756,2816,0.000001211
757,2816,0.000001161
758,2816,0.000000962
759,2816,0.000001141
760,2816,0.000001165
761,2816,0.000000948
762,2816,0.000001175
763,2816,0.000001174
764,2816,0.000000988
765,2816,0.000001173
766,2816,0.000001147
767,2816,0.000000967
768,2816,0.000000988
769,2816,0.000001163
770,2816,0.000001191
771,2816,0.000000970
772,2816,0.000001212
773,2816,0.000001190
774,2816,0.000000960
775,2816,0.000001151
776,2816,0.000001153
777,2816,0.000000953
778,2816,0.000001178
779,2816,0.000001207
780,2816,0.000000992
781,2816,0.000001171
782,2816,0.000001188
783,2816,0.000000969
784,2816,0.000000968
785,2816,0.000001158
786,2816,0.000001185
787,2816,0.000001754
788,2816,0.000001201
789,2816,0.000001170
790,2816,0.000000952
791,2816,0.000001173
792,2816,0.000001150
793,2816,0.000000964
794,2816,0.000001159
795,2816,0.000001157
796,2816,0.000000991
797,2816,0.000001161
798,2816,0.000001144
799,2816,0.000000988
800,2816,0.000001037
801,2816,0.000001177
802,2816,0.000001191
803,2816,0.000000964
804,2816,0.000001153
805,2816,0.000001198
806,2816,0.000000955
807,2816,0.000001178
808,2816,0.000001168
809,2816,0.000000961
810,2816,0.000001147
811,2816,0.000001180
812,2816,0.000000989
813,2816,0.000001151
814,2816,0.000001192
815,2816,0.000000993
816,2816,0.000000961
817,2816,0.000001169
818,2816,0.000001989
819,2816,0.000000986
820,2816,0.000001158
821,2816,0.000001231
822,2816,0.000000970
823,2816,0.000001144
824,2816,0.000001180
825,2816,0.000000955
826,2816,0.000001186
827,2816,0.000001146
828,2816,0.000001006
829,2816,0.000001255
830,2816,0.000001179
831,2816,0.000000971
832,2816,0.000000971
833,2816,0.000001256
834,2816,0.000001211
835,2816,0.000000954
836,2816,0.000001229
837,2816,0.000001235
838,2816,0.000000966
839,2816,0.000001152
840,2816,0.000001164
841,2816,0.000000952
842,2816,0.000001160
843,2816,0.000001168
844,2816,0.000001002
845,2816,0.000001141
846,2816,0.000001247
847,2816,0.000000973
848,2816,0.000000974
849,2816,0.000001201
850,2816,0.000001955
851,2816,0.000001345
852,2816,0.000001350
853,2816,0.000001302
854,2816,0.000001094
855,2816,0.000001322
856,2816,0.000001295
857,2816,0.000001085
858,2816,0.000001588
859,2816,0.000001373
860,2816,0.000001112
861,2816,0.000001354
862,2816,0.000001302
863,2816,0.000001100
864,2816,0.000001114
865,2816,0.000001274
866,2816,0.000001332
867,2816,0.000001082
868,2816,0.000001277
869,2816,0.000001313
870,2816,0.000001071
871,2816,0.000001296
872,2816,0.000001326
873,2816,0.000001083
874,2816,0.000001278
875,2816,0.000001282
876,2816,0.000001107
877,2816,0.000001319
878,2816,0.000002053
879,2816,0.000001031
880,2816,0.000000990
881,2816,0.000001231
882,2816,0.000001217
883,2816,0.000000971
884,2816,0.000001184
885,2816,0.000001188
886,2816,0.000000975
887,2816,0.000001148
888,2816,0.000001179
889,2816,0.000000954
890,2816,0.000001187
891,2816,0.000001172
892,2816,0.000001004
893,2816,0.000001155
894,2816,0.000001155
895,2816,0.000000973
896,2816,0.000001052
897,2816,0.000001206
898,2816,0.000001199
899,2816,0.000000953
900,2816,0.000001172
901,2816,0.000001211
902,2816,0.000000968
903,2816,0.000001155
904,2816,0.000001185
905,2816,0.000000950
906,2816,0.000001172
907,2816,0.000001146
908,2816,0.000001081
909,2816,0.000005060
910,2816,0.000002537
911,2816,0.000001034
912,2816,0.000002088
913,2816,0.000002690
914,2816,0.000002419
915,2816,0.000001009
916,2816,0.000002295
917,2816,0.000002459
918,2816,0.000001011
919,2816,0.000002234
920,2816,0.000002377
921,2816,0.000001006
922,2816,0.000002256
923,2816,0.000003130
924,2816,0.000001047
925,2816,0.000002357
926,2816,0.000003398
927,2816,0.000001073
928,2816,0.000002130
929,2816,0.000002355
930,2816,0.000003069
931,2816,0.000001036
932,2816,0.000002333
933,2816,0.000003640
934,2816,0.000001060
935,2816,0.000002314
936,2816,0.000003263
937,2816,0.000001081
938,2816,0.000002285
939,2816,0.000002388
940,2816,0.000001044
941,2816,0.000002258
942,2816,0.000002342
943,2816,0.000001029
944,2816,0.000002091
945,2816,0.000003334
946,2816,0.000002426
947,2816,0.000001021
948,2816,0.000002528
949,2816,0.000005136
950,2816,0.000001854
951,2816,0.000002536
952,2816,0.000002373
953,2816,0.000001004
954,2816,0.000002304
955,2816,0.000002340
956,2816,0.000001051
957,2816,0.000002560
958,2816,0.000003191
959,2816,0.000001075
960,2816,0.000002122
961,2816,0.000002393
962,2816,0.000002393
963,2816,0.000001006
964,2816,0.000002660
965,2816,0.000003281
966,2816,0.000001083
967,2816,0.000002333
968,2816,0.000002387
969,2816,0.000001004
970,2816,0.000002348
971,2816,0.000002336
972,2816,0.000001803
973,2816,0.000002353
974,2816,0.000002699
975,2816,0.000001023
976,2816,0.000002102
977,2816,0.000002374
978,2816,0.000002721
979,2816,0.000001813
980,2816,0.000002461
981,2816,0.000002386
982,2816,0.000001015
983,2816,0.000002339
984,2816,0.000002365
985,2816,0.000001013
986,2816,0.000002336
987,2816,0.000003182
988,2816,0.000001074
989,2816,0.000002386
990,2816,0.000003136
991,2816,0.000001056
992,2816,0.000002110
993,2816,0.000003196
994,2816,0.000004988
995,2816,0.000001018
996,2816,0.000002596
997,2816,0.000002402
998,2816,0.000001014
999,2816,0.000003150
0,3072,0.000003405
1,3072,0.000001988
2,3072,0.000001869
3,3072,0.000001500
4,3072,0.000001452
5,3072,0.000001737
6,3072,0.000001792
7,3072,0.000001482
8,3072,0.000001560
9,3072,0.000001845
10,3072,0.000001759
11,3072,0.000001497
12,3072,0.000001567
13,3072,0.000001766
14,3072,0.000001893
15,3072,0.000001344
16,3072,0.000001378
17,3072,0.000001774
18,3072,0.000001900
19,3072,0.000001439
20,3072,0.000001426
21,3072,0.000001603
22,3072,0.000001769
23,3072,0.000001410
24,3072,0.000001397
25,3072,0.000001818
26,3072,0.000001826
27,3072,0.000001452
28,3072,0.000001436
29,3072,0.000001725
30,3072,0.000001679
31,3072,0.000001367
32,3072,0.000001292
33,3072,0.000001549
34,3072,0.000001551
35,3072,0.000001430
36,3072,0.000001770
37,3072,0.000001593
38,3072,0.000001667
39,3072,0.000001291
40,3072,0.000001380
41,3072,0.000001571
42,3072,0.000001579
43,3072,0.000003620
44,3072,0.000001625
45,3072,0.000001649
46,3072,0.000001531
47,3072,0.000001527
48,3072,0.000001502
49,3072,0.000001636
50,3072,0.000001552
51,3072,0.000001371
52,3072,0.000001295
53,3072,0.000001579
54,3072,0.000001575
55,3072,0.000001400
56,3072,0.000001371
57,3072,0.000001527
58,3072,0.000001493
59,3072,0.000001316
60,3072,0.000001494
61,3072,0.000001701
62,3072,0.000001736
63,3072,0.000001436
64,3072,0.000001379
65,3072,0.000003148
66,3072,0.000001620
67,3072,0.000001466
68,3072,0.000001523
69,3072,0.000001907
70,3072,0.000001662
71,3072,0.000001333
72,3072,0.000001399
73,3072,0.000001653
74,3072,0.000001815
75,3072,0.000001707
76,3072,0.000001435
77,3072,0.000001737
78,3072,0.000001747
79,3072,0.000001450
80,3072,0.000001505
81,3072,0.000001757
82,3072,0.000002001
83,3072,0.000001447
84,3072,0.000001511
85,3072,0.000001750
86,3072,0.000001807
87,3072,0.000001446
88,3072,0.000016339
89,3072,0.000001984
90,3072,0.000001802
91,3072,0.000001452
92,3072,0.000001550
93,3072,0.000001743
94,3072,0.000001793
95,3072,0.000001496
96,3072,0.000001492
97,3072,0.000001804
98,3072,0.000001761
99,3072,0.000001515
100,3072,0.000014176
101,3072,0.000001696
102,3072,0.000001729
103,3072,0.000001423
104,3072,0.000001446
105,3072,0.000001692
106,3072,0.000001719
107,3072,0.000001453
108,3072,0.000001654
109,3072,0.000001701
110,3072,0.000001738
111,3072,0.000001439
112,3072,0.000001492
113,3072,0.000001745
114,3072,0.000001735
115,3072,0.000001439
116,3072,0.000001464
117,3072,0.000001728
118,3072,0.000001761
119,3072,0.000001413
120,3072,0.000001439
121,3072,0.000001731
122,3072,0.000001681
123,3072,0.000001435
124,3072,0.000001487
125,3072,0.000001711
126,3072,0.000001768
127,3072,0.000001431
128,3072,0.000001455
129,3072,0.000001780
130,3072,0.000001726
131,3072,0.000001432
132,3072,0.000001436
133,3072,0.000001752
134,3072,0.000001794
135,3072,0.000001440
136,3072,0.000001441
137,3072,0.000001775
138,3072,0.000001712
139,3072,0.000001428
140,3072,0.000001459
141,3072,0.000001725
142,3072,0.000001710
143,3072,0.000001450
144,3072,0.000001458
145,3072,0.000001725
146,3072,0.000001793
147,3072,0.000001484
148,3072,0.000001443
149,3072,0.000001692
150,3072,0.000001764
151,3072,0.000001444
152,3072,0.000001500
153,3072,0.000001718
154,3072,0.000001756
155,3072,0.000003190
156,3072,0.000001511
157,3072,0.000001719
158,3072,0.000001696
159,3072,0.000001430
160,3072,0.000001485
161,3072,0.000001701
162,3072,0.000001774
163,3072,0.000001430
164,3072,0.000001573
165,3072,0.000001813
166,3072,0.000002139
167,3072,0.000001107
168,3072,0.000000976
169,3072,0.000001213
170,3072,0.000001183
171,3072,0.000001008
172,3072,0.000001007
173,3072,0.000001179
174,3072,0.000001183
175,3072,0.000001004
176,3072,0.000000972
177,3072,0.000001240
178,3072,0.000001189
179,3072,0.000001003
180,3072,0.000001011
181,3072,0.000001229
182,3072,0.000002254
183,3072,0.000001046
184,3072,0.000000979
185,3072,0.000001168
186,3072,0.000001196
187,3072,0.000001009
188,3072,0.000001027
189,3072,0.000001249
190,3072,0.000001238
191,3072,0.000001008
192,3072,0.000001012
193,3072,0.000001203
194,3072,0.000001184
195,3072,0.000001013
196,3072,0.000001016
197,3072,0.000001185
198,3072,0.000001220
199,3072,0.000001010
200,3072,0.000000992
201,3072,0.000001212
202,3072,0.000001214
203,3072,0.000001014
204,3072,0.000001007
205,3072,0.000001183
206,3072,0.000001260
207,3072,0.000001008
208,3072,0.000001026
209,3072,0.000001192
210,3072,0.000001211
211,3072,0.000001005
212,3072,0.000001045
213,3072,0.000001905
214,3072,0.000001397
215,3072,0.000001031
216,3072,0.000000980
217,3072,0.000001224
218,3072,0.000001261
219,3072,0.000001014
220,3072,0.000000974
221,3072,0.000001209
222,3072,0.000001218
223,3072,0.000001014
224,3072,0.000001013
225,3072,0.000001483
226,3072,0.000001198
227,3072,0.000001014
228,3072,0.000000969
229,3072,0.000001286
230,3072,0.000001211
231,3072,0.000001015
232,3072,0.000001001
233,3072,0.000001182
234,3072,0.000001242
235,3072,0.000001011
236,3072,0.000000966
237,3072,0.000001192
238,3072,0.000001182
239,3072,0.000001017
240,3072,0.000000960
241,3072,0.000001203
242,3072,0.000001186
243,3072,0.000001020
244,3072,0.000001810
245,3072,0.000001260
246,3072,0.000001175
247,3072,0.000001025
248,3072,0.000000986
249,3072,0.000001228
250,3072,0.000001209
251,3072,0.000001022
252,3072,0.000000977
253,3072,0.000001199
254,3072,0.000001170
255,3072,0.000001020
256,3072,0.000000989
257,3072,0.000001189
258,3072,0.000001197
259,3072,0.000001019
260,3072,0.000000970
261,3072,0.000001260
262,3072,0.000001205
263,3072,0.000001020
264,3072,0.000000994
265,3072,0.000001183
266,3072,0.000001199
267,3072,0.000001284
268,3072,0.000000988
269,3072,0.000001207
270,3072,0.000001172
271,3072,0.000001011
272,3072,0.000001051
273,3072,0.000001197
274,3072,0.000001346
275,3072,0.000001705
276,3072,0.000001014
277,3072,0.000001205
278,3072,0.000001172
279,3072,0.000001020
280,3072,0.000000991
281,3072,0.000001191
282,3072,0.000001198
283,3072,0.000001020
284,3072,0.000000980
285,3072,0.000001199
286,3072,0.000001174
287,3072,0.000001021
288,3072,0.000000987
289,3072,0.000001188
290,3072,0.000001190
291,3072,0.000001017
292,3072,0.000000984
293,3072,0.000001214
294,3072,0.000001172
295,3072,0.000001014
296,3072,0.000001032
297,3072,0.000001310
298,3072,0.000001174
299,3072,0.000001017
300,3072,0.000001000
301,3072,0.000001208
302,3072,0.000001212
303,3072,0.000001021
304,3072,0.000000973
305,3072,0.000001276
306,3072,0.000001177
307,3072,0.000001711
308,3072,0.000001035
309,3072,0.000001181
310,3072,0.000001190
311,3072,0.000001020
312,3072,0.000000979
313,3072,0.000001208
314,3072,0.000001169
315,3072,0.000001021
316,3072,0.000001018
317,3072,0.000001227
318,3072,0.000001224
319,3072,0.000001017
320,3072,0.000001003
321,3072,0.000001206
322,3072,0.000001190
323,3072,0.000001019
324,3072,0.000001000
325,3072,0.000001178
326,3072,0.000001223
327,3072,0.000001018
328,3072,0.000000996
329,3072,0.000001248
330,3072,0.000001186
331,3072,0.000001024
332,3072,0.000001001
333,3072,0.000001214
334,3072,0.000001209
335,3072,0.000001022
336,3072,0.000001049
337,3072,0.000001191
338,3072,0.000001180
339,3072,0.000001680
340,3072,0.000001010
341,3072,0.000001174
342,3072,0.000001180
343,3072,0.000001021
344,3072,0.000000996
345,3072,0.000001174
346,3072,0.000001182
347,3072,0.000001013
348,3072,0.000000964
349,3072,0.000001189
350,3072,0.000001174
351,3072,0.000001015
352,3072,0.000000986
353,3072,0.000001173
354,3072,0.000001244
355,3072,0.000001017
356,3072,0.000000979
357,3072,0.000001204
358,3072,0.000001165
359,3072,0.000001021
360,3072,0.000001114
361,3072,0.000001183
362,3072,0.000001248
363,3072,0.000001023
364,3072,0.000000979
365,3072,0.000001261
366,3072,0.000001168
367,3072,0.000001021
368,3072,0.000000999
369,3072,0.000001180
370,3072,0.000001925
371,3072,0.000001352
372,3072,0.000001059
373,3072,0.000001171
374,3072,0.000001279
375,3072,0.000001006
376,3072,0.000001256
377,3072,0.000001200
378,3072,0.000001180
379,3072,0.000001010
380,3072,0.000001017
381,3072,0.000001154
382,3072,0.000001220
383,3072,0.000001006
384,3072,0.000000987
385,3072,0.000001169
386,3072,0.000001172
387,3072,0.000001010
388,3072,0.000001029
389,3072,0.000001167
390,3072,0.000001201
391,3072,0.000001009
392,3072,0.000001012
393,3072,0.000001188
394,3072,0.000001176
395,3072,0.000001013
396,3072,0.000001003
397,3072,0.000001177
398,3072,0.000001213
399,3072,0.000001007
400,3072,0.000001004
401,3072,0.000001927
402,3072,0.000001250
403,3072,0.000001032
404,3072,0.000001000
405,3072,0.000001201
406,3072,0.000001269
407,3072,0.000001017
408,3072,0.000001008
409,3072,0.000001195
410,3072,0.000001184
411,3072,0.000001019
412,3072,0.000000999
413,3072,0.000001192
414,3072,0.000001208
415,3072,0.000001021
416,3072,0.000000980
417,3072,0.000001322
418,3072,0.000001203
419,3072,0.000001019
420,3072,0.000000979
421,3072,0.000001267
422,3072,0.000001201
423,3072,0.000001019
424,3072,0.000001020
425,3072,0.000001183
426,3072,0.000001189
427,3072,0.000001016
428,3072,0.000000975
429,3072,0.000001207
430,3072,0.000001561
431,3072,0.000001003
432,3072,0.000001772
433,3072,0.000001228
434,3072,0.000001210
435,3072,0.000001028
436,3072,0.000000983
437,3072,0.000001212
438,3072,0.000001186
439,3072,0.000001021
440,3072,0.000000999
441,3072,0.000001196
442,3072,0.000001183
443,3072,0.000001024
444,3072,0.000000979
445,3072,0.000001194
446,3072,0.000001245
447,3072,0.000001020
448,3072,0.000000981
449,3072,0.000001209
450,3072,0.000001167
451,3072,0.000001019
452,3072,0.000000999
453,3072,0.000001183
454,3072,0.000001203
455,3072,0.000001016
456,3072,0.000001013
457,3072,0.000001194
458,3072,0.000001196
459,3072,0.000001017
460,3072,0.000000969
461,3072,0.000001179
462,3072,0.000001216
463,3072,0.000001041
464,3072,0.000001707
465,3072,0.000001231
466,3072,0.000001174
467,3072,0.000001019
468,3072,0.000001011
469,3072,0.000001194
470,3072,0.000001215
471,3072,0.000001022
472,3072,0.000000978
473,3072,0.000001214
474,3072,0.000001171
475,3072,0.000001024
476,3072,0.000001069
477,3072,0.000001214
478,3072,0.000001333
479,3072,0.000001020
480,3072,0.000000991
481,3072,0.000001208
482,3072,0.000001172
483,3072,0.000001020
484,3072,0.000001010
485,3072,0.000001200
486,3072,0.000001193
487,3072,0.000001019
488,3072,0.000000974
489,3072,0.000001214
490,3072,0.000001197
491,3072,0.000001020
492,3072,0.000001043
493,3072,0.000001190
494,3072,0.000001448
495,3072,0.000001069
496,3072,0.000001702
497,3072,0.000001320
498,3072,0.000001209
499,3072,0.000001022
500,3072,0.000000989
501,3072,0.000001177
502,3072,0.000001159
503,3072,0.000001020
504,3072,0.000000989
505,3072,0.000001183
506,3072,0.000001252
507,3072,0.000001019
508,3072,0.000000996
509,3072,0.000001256
510,3072,0.000001167
511,3072,0.000001018
512,3072,0.000001146
513,3072,0.000011876
514,3072,0.000001521
515,3072,0.000001111
516,3072,0.000001005
517,3072,0.000001325
518,3072,0.000001198
519,3072,0.000002032
520,3072,0.000001049
521,3072,0.000001177
522,3072,0.000001200
523,3072,0.000001016
524,3072,0.000001097
525,3072,0.000001168
526,3072,0.000001254
527,3072,0.000001013
528,3072,0.000001006
529,3072,0.000001174
530,3072,0.000001198
531,3072,0.000001014
532,3072,0.000001730
533,3072,0.000001279
534,3072,0.000001179
535,3072,0.000001015
536,3072,0.000001025
537,3072,0.000001181
538,3072,0.000001300
539,3072,0.000001016
540,3072,0.000001297
541,3072,0.000001277
542,3072,0.000001362
543,3072,0.000001014
544,3072,0.000001054
545,3072,0.000001900
546,3072,0.000001221
547,3072,0.000001024
548,3072,0.000000989
549,3072,0.000001199
550,3072,0.000001213
551,3072,0.000001020
552,3072,0.000001100
553,3072,0.000001209
554,3072,0.000001210
555,3072,0.000001015
556,3072,0.000000984
557,3072,0.000001228
558,3072,0.000001905
559,3072,0.000001041
560,3072,0.000001022
561,3072,0.000001175
562,3072,0.000001220
563,3072,0.000001013
564,3072,0.000000992
565,3072,0.000001251
566,3072,0.000001180
567,3072,0.000001012
568,3072,0.000001020
569,3072,0.000001517
570,3072,0.000001938
571,3072,0.000001035
572,3072,0.000000972
573,3072,0.000001197
574,3072,0.000001213
575,3072,0.000001011
576,3072,0.000001004
577,3072,0.000001181
578,3072,0.000001199
579,3072,0.000001011
580,3072,0.000000978
581,3072,0.000001181
582,3072,0.000001207
583,3072,0.000001666
584,3072,0.000001029
585,3072,0.000001383
586,3072,0.000001177
587,3072,0.000001016
588,3072,0.000000993
589,3072,0.000001191
590,3072,0.000001199
591,3072,0.000001017
592,3072,0.000000999
593,3072,0.000001293
594,3072,0.000001203
595,3072,0.000001056
596,3072,0.000001712
597,3072,0.000001198
598,3072,0.000001248
599,3072,0.000001013
600,3072,0.000001004
601,3072,0.000001186
602,3072,0.000001185
603,3072,0.000001012
604,3072,0.000000976
605,3072,0.000001191
606,3072,0.000001178
607,3072,0.000001010
608,3072,0.000001173
609,3072,0.000001874
610,3072,0.000001213
611,3072,0.000001019
612,3072,0.000000987
613,3072,0.000001234
614,3072,0.000001215
615,3072,0.000001018
616,3072,0.000001367
617,3072,0.000001194
618,3072,0.000001252
619,3072,0.000001020
620,3072,0.000000995
621,3072,0.000002049
622,3072,0.000001195
623,3072,0.000001022
624,3072,0.000000982
625,3072,0.000001200
626,3072,0.000001172
627,3072,0.000001024
628,3072,0.000001049
629,3072,0.000001256
630,3072,0.000001178
631,3072,0.000001020
632,3072,0.000000969
633,3072,0.000001199
634,3072,0.000001981
635,3072,0.000001025
636,3072,0.000000989
637,3072,0.000001198
638,3072,0.000001185
639,3072,0.000001009
640,3072,0.000001008
641,3072,0.000001193
642,3072,0.000001214
643,3072,0.000001013
644,3072,0.000001019
645,3072,0.000001208
646,3072,0.000001219
647,3072,0.000001995
648,3072,0.000001044
649,3072,0.000001179
650,3072,0.000001303
651,3072,0.000001012
652,3072,0.000000985
653,3072,0.000001187
654,3072,0.000001188
655,3072,0.000001012
656,3072,0.000001003
657,3072,0.000001193
658,3072,0.000001177
659,3072,0.000001710
660,3072,0.000001001
661,3072,0.000001550
662,3072,0.000001176
663,3072,0.000001012
664,3072,0.000001000
665,3072,0.000001171
666,3072,0.000001198
667,3072,0.000001016
668,3072,0.000001022
669,3072,0.000001171
670,3072,0.000001247
671,3072,0.000001019
672,3072,0.000001710
673,3072,0.000001209
674,3072,0.000001183
675,3072,0.000001016
676,3072,0.000001024
677,3072,0.000001221
678,3072,0.000001195
679,3072,0.000001018
680,3072,0.000001028
681,3072,0.000001234
682,3072,0.000001245
683,3072,0.000001013
684,3072,0.000001028
685,3072,0.000001924
686,3072,0.000001201
687,3072,0.000001016
688,3072,0.000001004
689,3072,0.000001204
690,3072,0.000001201
691,3072,0.000001015
692,3072,0.000000972
693,3072,0.000001194
694,3072,0.000001174
695,3072,0.000001014
696,3072,0.000000996
697,3072,0.000001216
698,3072,0.000001889
699,3072,0.000001029
700,3072,0.000001001
701,3072,0.000001240
702,3072,0.000001217
703,3072,0.000001011
704,3072,0.000001010
705,3072,0.000001199
706,3072,0.000001261
707,3072,0.000001008
708,3072,0.000001063
709,3072,0.000001272
710,3072,0.000001190
711,3072,0.000001673
712,3072,0.000001008
713,3072,0.000001205
714,3072,0.000001283
715,3072,0.000001007
716,3072,0.000001004
717,3072,0.000001189
718,3072,0.000001182
719,3072,0.000001012
720,3072,0.000001078
721,3072,0.000001200
722,3072,0.000001227
723,3072,0.000001716
724,3072,0.000001018
725,3072,0.000001244
726,3072,0.000001188
727,3072,0.000001015
728,3072,0.000001006
729,3072,0.000001180
730,3072,0.000001220
731,3072,0.000001019
732,3072,0.000000979
733,3072,0.000001245
734,3072,0.000001179
735,3072,0.000001014
736,3072,0.000001965
737,3072,0.000001216
738,3072,0.000001192
739,3072,0.000001011
740,3072,0.000000991
741,3072,0.000001195
742,3072,0.000001169
743,3072,0.000001016
744,3072,0.000001003
745,3072,0.000001179
746,3072,0.000001234
747,3072,0.000001013
748,3072,0.000001019
749,3072,0.000002047
750,3072,0.000001215
751,3072,0.000001021
752,3072,0.000000978
753,3072,0.000001265
754,3072,0.000001208
755,3072,0.000001020
756,3072,0.000000980
757,3072,0.000001206
758,3072,0.000001179
759,3072,0.000001025
760,3072,0.000000977
761,3072,0.000001272
762,3072,0.000001915
763,3072,0.000001026
764,3072,0.000000990
765,3072,0.000001250
766,3072,0.000001186
767,3072,0.000001010
768,3072,0.000001059
769,3072,0.000001182
770,3072,0.000001185
771,3072,0.000001006
772,3072,0.000000979
773,3072,0.000001173
774,3072,0.000001227
775,3072,0.000001675
776,3072,0.000001052
777,3072,0.000001221
778,3072,0.000001251
779,3072,0.000001015
780,3072,0.000000985
781,3072,0.000001179
782,3072,0.000001181
783,3072,0.000001017
784,3072,0.000001004
785,3072,0.000001178
786,3072,0.000001232
787,3072,0.000001045
788,3072,0.000001733
789,3072,0.000001694
790,3072,0.000001450
791,3072,0.000001173
792,3072,0.000001133
793,3072,0.000001296
794,3072,0.000001299
795,3072,0.000001131
796,3072,0.000001109
797,3072,0.000001390
798,3072,0.000001301
799,3072,0.000001767
800,3072,0.000001058
801,3072,0.000001190
802,3072,0.000001197
803,3072,0.000001035
804,3072,0.000001019
805,3072,0.000001186
806,3072,0.000001183
807,3072,0.000001014
808,3072,0.000001086
809,3072,0.000001216
810,3072,0.000001269
811,3072,0.000001018
812,3072,0.000001695
813,3072,0.000001227
814,3072,0.000001179
815,3072,0.000001016
816,3072,0.000001012
817,3072,0.000001185
818,3072,0.000001180
819,3072,0.000001013
820,3072,0.000000982
821,3072,0.000001193
822,3072,0.000001281
823,3072,0.000001014
824,3072,0.000001024
825,3072,0.000001895
826,3072,0.000001222
827,3072,0.000001033
828,3072,0.000000990
829,3072,0.000001253
830,3072,0.000001210
831,3072,0.000001025
832,3072,0.000001076
833,3072,0.000001203
834,3072,0.000001183
835,3072,0.000001023
836,3072,0.000000986
837,3072,0.000001193
838,3072,0.000001901
839,3072,0.000001047
840,3072,0.000001076
841,3072,0.000001206
842,3072,0.000001211
843,3072,0.000001011
844,3072,0.000000981
845,3072,0.000001246
846,3072,0.000001191
847,3072,0.000001012
848,3072,0.000001097
849,3072,0.000001176
850,3072,0.000001891
851,3072,0.000001032
852,3072,0.000000989
853,3072,0.000001290
854,3072,0.000001207
855,3072,0.000001020
856,3072,0.000001030
857,3072,0.000001175
858,3072,0.000001214
859,3072,0.000001018
860,3072,0.000000983
861,3072,0.000001270
862,3072,0.000001183
863,3072,0.000001667
864,3072,0.000001100
865,3072,0.000001187
866,3072,0.000001237
867,3072,0.000001018
868,3072,0.000001000
869,3072,0.000001243
870,3072,0.000001181
871,3072,0.000001014
872,3072,0.000001234
873,3072,0.000001173
874,3072,0.000001247
875,3072,0.000001012
876,3072,0.000001702
877,3072,0.000001242
878,3072,0.000001203
879,3072,0.000001020
880,3072,0.000001087
881,3072,0.000001218
882,3072,0.000001272
883,3072,0.000001024
884,3072,0.000000991
885,3072,0.000001213
886,3072,0.000001216
887,3072,0.000001095
888,3072,0.000002725
889,3072,0.000001866
890,3072,0.000001931
891,3072,0.000001485
892,3072,0.000001901
893,3072,0.000002250
894,3072,0.000001775
895,3072,0.000001474
896,3072,0.000003094
897,3072,0.000001897
898,3072,0.000001926
899,3072,0.000001317
900,3072,0.000001392
901,3072,0.000001804
902,3072,0.000001623
903,3072,0.000001283
904,3072,0.000001318
905,3072,0.000003023
906,3072,0.000001681
907,3072,0.000001365
908,3072,0.000001479
909,3072,0.000001586
910,3072,0.000001896
911,3072,0.000001523
912,3072,0.000001433
913,3072,0.000001945
914,3072,0.000002621
915,3072,0.000001529
916,3072,0.000001460
917,3072,0.000006339
918,3072,0.000004178
919,3072,0.000018582
920,3072,0.000003429
921,3072,0.000003343
922,3072,0.000003368
923,3072,0.000001490
924,3072,0.000002871
925,3072,0.000016000
926,3072,0.000003427
927,3072,0.000001691
928,3072,0.000003063
929,3072,0.000003407
930,3072,0.000003929
931,3072,0.000002952
932,3072,0.000003222
933,3072,0.000003512
934,3072,0.000003414
935,3072,0.000001589
936,3072,0.000003345
937,3072,0.000003404
938,3072,0.000004915
939,3072,0.000001570
940,3072,0.000002997
941,3072,0.000003557
942,3072,0.000003613
943,3072,0.000001621
944,3072,0.000003186
945,3072,0.000003895
946,3072,0.000007682
947,3072,0.000001674
948,3072,0.000003168
949,3072,0.000003707
950,3072,0.000003592
951,3072,0.000001651
952,3072,0.000003325
953,3072,0.000005442
954,3072,0.000003802
955,3072,0.000001601
956,3072,0.000003198
957,3072,0.000003592
958,3072,0.000003623
959,3072,0.000001633
960,3072,0.000003107
961,3072,0.000003902
962,3072,0.000003639
963,3072,0.000003046
964,3072,0.000003419
965,3072,0.000003654
966,3072,0.000003711
967,3072,0.000001624
968,3072,0.000003233
969,3072,0.000003675
970,3072,0.000003659
971,3072,0.000001575
972,3072,0.000003161
973,3072,0.000003570
974,3072,0.000003496
975,3072,0.000001686
976,3072,0.000003446
977,3072,0.000003582
978,3072,0.000003765
979,3072,0.000001777
980,3072,0.000003283
981,3072,0.000003325
982,3072,0.000003655
983,3072,0.000001624
984,3072,0.000003188
985,3072,0.000003582
986,3072,0.000003745
987,3072,0.000001603
988,3072,0.000007078
989,3072,0.000003915
990,3072,0.000003793
991,3072,0.000001632
992,3072,0.000003256
993,3072,0.000003850
994,3072,0.000004647
995,3072,0.000002232
996,3072,0.000003733
997,3072,0.000003798
998,3072,0.000003679
999,3072,0.000001607
0,3328,0.000003431
1,3328,0.000001364
2,3328,0.000001627
3,3328,0.000001261
4,3328,0.000001312
5,3328,0.000000999
6,3328,0.000001294
7,3328,0.000001295
8,3328,0.000001584
9,3328,0.000001269
10,3328,0.000001022
11,3328,0.000001254
12,3328,0.000001359
13,3328,0.000001386
14,3328,0.000001593
15,3328,0.000001656
16,3328,0.000001511
17,3328,0.000001833
18,3328,0.000001849
19,3328,0.000002352
20,3328,0.000002296
21,3328,0.000001648
22,3328,0.000001750
23,3328,0.000001869
24,3328,0.000001877
25,3328,0.000001802
26,3328,0.000001592
27,3328,0.000001564
28,3328,0.000001624
29,3328,0.000001825
30,3328,0.000002026
31,3328,0.000001430
32,3328,0.000001427
33,3328,0.000001669
34,3328,0.000001604
35,3328,0.000001774
36,3328,0.000001789
37,3328,0.000001437
38,3328,0.000003582
39,3328,0.000001665
40,3328,0.000001906
41,3328,0.000001682
42,3328,0.000001374
43,3328,0.000001771
44,3328,0.000001628
45,3328,0.000001633
46,3328,0.000001703
47,3328,0.000001449
48,3328,0.000001658
49,3328,0.000002017
50,3328,0.000001768
51,3328,0.000001817
52,3328,0.000001764
53,3328,0.000001512
54,3328,0.000002160
55,3328,0.000001889
56,3328,0.000001763
57,3328,0.000002016
58,3328,0.000001480
59,3328,0.000003567
60,3328,0.000001826
61,3328,0.000001827
62,3328,0.000001754
63,3328,0.000001452
64,3328,0.000001530
65,3328,0.000001758
66,3328,0.000001745
67,3328,0.000001781
68,3328,0.000001821
69,3328,0.000001449
70,3328,0.000001761
71,3328,0.000001850
72,3328,0.000001772
73,3328,0.000001838
74,3328,0.000001502
75,3328,0.000001809
76,3328,0.000001772
77,3328,0.000001735
78,3328,0.000003092
79,3328,0.000001718
80,3328,0.000002229
81,3328,0.000001223
82,3328,0.000001398
83,3328,0.000001196
84,3328,0.000001275
85,3328,0.000000993
86,3328,0.000001205
87,3328,0.000001270
88,3328,0.000001178
89,3328,0.000001244
90,3328,0.000001012
91,3328,0.000001215
92,3328,0.000001315
93,3328,0.000001366
94,3328,0.000001290
95,3328,0.000000979
96,3328,0.000000995
97,3328,0.000001186
98,3328,0.000001182
99,3328,0.000001316
100,3328,0.000001240
101,3328,0.000000998
102,3328,0.000001215
103,3328,0.000001261
104,3328,0.000001343
105,3328,0.000002055
106,3328,0.000001000
107,3328,0.000001265
108,3328,0.000001176
109,3328,0.000001244
110,3328,0.000001187
111,3328,0.000000962
112,3328,0.000001043
113,3328,0.000001190
114,3328,0.000001248
115,3328,0.000001188
116,3328,0.000001261
117,3328,0.000000990
118,3328,0.000001236
119,3328,0.000001216
120,3328,0.000001181
121,3328,0.000001237
122,3328,0.000001017
123,3328,0.000001233
124,3328,0.000001221
125,3328,0.000001281
126,3328,0.000001263
127,3328,0.000000969
128,3328,0.000001106
129,3328,0.000001212
130,3328,0.000001185
131,3328,0.000001237
132,3328,0.000001292
133,3328,0.000000964
134,3328,0.000001257
135,3328,0.000001990
136,3328,0.000001230
137,3328,0.000001250
138,3328,0.000000968
139,3328,0.000001188
140,3328,0.000001174
141,3328,0.000001174
142,3328,0.000001300
143,3328,0.000000987
144,3328,0.000001003
145,3328,0.000001268
146,3328,0.000001163
147,3328,0.000001332
148,3328,0.000001216
149,3328,0.000000977
150,3328,0.000001356
151,3328,0.000001183
152,3328,0.000001276
153,3328,0.000001362
154,3328,0.000000977
155,3328,0.000001219
156,3328,0.000001268
157,3328,0.000001290
158,3328,0.000001263
159,3328,0.000000988
160,3328,0.000001052
161,3328,0.000001309
162,3328,0.000001174
163,3328,0.000001231
164,3328,0.000001989
165,3328,0.000001135
166,3328,0.000001359
167,3328,0.000001195
168,3328,0.000001341
169,3328,0.000001205
170,3328,0.000000973
171,3328,0.000001196
172,3328,0.000001180
173,3328,0.000001251
174,3328,0.000001266
175,3328,0.000000979
176,3328,0.000001103
177,3328,0.000001200
178,3328,0.000001309
179,3328,0.000001169
180,3328,0.000001261
181,3328,0.000000994
182,3328,0.000001273
183,3328,0.000001182
184,3328,0.000001225
185,3328,0.000001237
186,3328,0.000001019
187,3328,0.000001206
188,3328,0.000001229
189,3328,0.000001182
190,3328,0.000001372
191,3328,0.000000963
192,3328,0.000000999
193,3328,0.000001270
194,3328,0.000002010
195,3328,0.000001385
196,3328,0.000001248
197,3328,0.000000980
198,3328,0.000001278
199,3328,0.000001185
200,3328,0.000001228
201,3328,0.000001258
202,3328,0.000000981
203,3328,0.000001175
204,3328,0.000001195
205,3328,0.000001362
206,3328,0.000001243
207,3328,0.000001019
208,3328,0.000001314
209,3328,0.000001265
210,3328,0.000001185
211,3328,0.000001719
212,3328,0.000001245
213,3328,0.000000995
214,3328,0.000001445
215,3328,0.000001218
216,3328,0.000001274
217,3328,0.000001208
218,3328,0.000000977
219,3328,0.000001211
220,3328,0.000001215
221,3328,0.000001303
222,3328,0.000001951
223,3328,0.000001023
224,3328,0.000001030
225,3328,0.000001273
226,3328,0.000001301
227,3328,0.000001199
228,3328,0.000001264
229,3328,0.000001005
230,3328,0.000001220
231,3328,0.000001319
232,3328,0.000001203
233,3328,0.000001247
234,3328,0.000000976
235,3328,0.000001164
236,3328,0.000001338
237,3328,0.000001182
238,3328,0.000001288
239,3328,0.000000996
240,3328,0.000000992
241,3328,0.000001268
242,3328,0.000001206
243,3328,0.000001247
244,3328,0.000001211
245,3328,0.000000964
246,3328,0.000001215
247,3328,0.000001453
248,3328,0.000001212
249,3328,0.000001194
250,3328,0.000000980
251,3328,0.000001316
252,3328,0.000001922
253,3328,0.000001328
254,3328,0.000001193
255,3328,0.000000966
256,3328,0.000001062
257,3328,0.000001155
258,3328,0.000001236
259,3328,0.000001168
260,3328,0.000001242
261,3328,0.000000971
262,3328,0.000001252
263,3328,0.000001272
264,3328,0.000001226
265,3328,0.000001208
266,3328,0.000000976
267,3328,0.000001175
268,3328,0.000001280
269,3328,0.000001196
270,3328,0.000001264
271,3328,0.000000968
272,3328,0.000001054
273,3328,0.000001190
274,3328,0.000001299
275,3328,0.000001172
276,3328,0.000001269
277,3328,0.000000977
278,3328,0.000001235
279,3328,0.000001218
280,3328,0.000001217
281,3328,0.000001294
282,3328,0.000001734
283,3328,0.000001247
284,3328,0.000001280
285,3328,0.000001188
286,3328,0.000001317
287,3328,0.000000982
288,3328,0.000000992
289,3328,0.000001194
290,3328,0.000001186
291,3328,0.000001232
292,3328,0.000001261
293,3328,0.000001005
294,3328,0.000001229
295,3328,0.000001176
296,3328,0.000001229
297,3328,0.000001228
298,3328,0.000001011
299,3328,0.000001189
300,3328,0.000001202
301,3328,0.000001241
302,3328,0.000001217
303,3328,0.000000993
304,3328,0.000001132
305,3328,0.000001193
306,3328,0.000001215
307,3328,0.000001195
308,3328,0.000001264
309,3328,0.000000966
310,3328,0.000001330
311,3328,0.000001921
312,3328,0.000001304
313,3328,0.000001224
314,3328,0.000001190
315,3328,0.000001459
316,3328,0.000001194
317,3328,0.000001264
318,3328,0.000001204
319,3328,0.000000987
320,3328,0.000001042
321,3328,0.000001211
322,3328,0.000001183
323,3328,0.000001176
324,3328,0.000001245
325,3328,0.000000989
326,3328,0.000001162
327,3328,0.000001272
328,3328,0.000001303
329,3328,0.000001249
330,3328,0.000000977
331,3328,0.000001189
332,3328,0.000001295
333,3328,0.000001187
334,3328,0.000001676
335,3328,0.000000977
336,3328,0.000000979
337,3328,0.000001251
338,3328,0.000001182
339,3328,0.000001202
340,3328,0.000001944
341,3328,0.000001009
342,3328,0.000001223
343,3328,0.000001269
344,3328,0.000001209
345,3328,0.000001400
346,3328,0.000000996
347,3328,0.000001241
348,3328,0.000001234
349,3328,0.000001194
350,3328,0.000001250
351,3328,0.000000981
352,3328,0.000001038
353,3328,0.000001203
354,3328,0.000001165
355,3328,0.000015984
356,3328,0.000001304
357,3328,0.000000998
358,3328,0.000001259
359,3328,0.000001236
360,3328,0.000001564
361,3328,0.000001249
362,3328,0.000001019
363,3328,0.000001564
364,3328,0.000001192
365,3328,0.000001237
366,3328,0.000001268
367,3328,0.000001014
368,3328,0.000001041
369,3328,0.000001234
370,3328,0.000001274
371,3328,0.000014798
372,3328,0.000001540
373,3328,0.000001033
374,3328,0.000001214
375,3328,0.000001347
376,3328,0.000001185
377,3328,0.000001340
378,3328,0.000000996
379,3328,0.000001244
380,3328,0.000001306
381,3328,0.000001205
382,3328,0.000001246
383,3328,0.000000998
384,3328,0.000001060
385,3328,0.000001345
386,3328,0.000001267
387,3328,0.000001209
388,3328,0.000001345
389,3328,0.000001017
390,3328,0.000001229
391,3328,0.000001343
392,3328,0.000001178
393,3328,0.000001309
394,3328,0.000001014
395,3328,0.000001222
396,3328,0.000001218
397,3328,0.000001234
398,3328,0.000001296
399,3328,0.000001054
400,3328,0.000001850
401,3328,0.000001336
402,3328,0.000001199
403,3328,0.000001288
404,3328,0.000001309
405,3328,0.000000995
406,3328,0.000001341
407,3328,0.000001204
408,3328,0.000001307
409,3328,0.000001205
410,3328,0.000000990
411,3328,0.000001216
412,3328,0.000001272
413,3328,0.000001173
414,3328,0.000001284
415,3328,0.000001019
416,3328,0.000001038
417,3328,0.000001220
418,3328,0.000001199
419,3328,0.000001266
420,3328,0.000001247
421,3328,0.000001021
422,3328,0.000001224
423,3328,0.000001238
424,3328,0.000001183
425,3328,0.000001209
426,3328,0.000000998
427,3328,0.000001281
428,3328,0.000001303
429,3328,0.000001912
430,3328,0.000001286
431,3328,0.000000990
432,3328,0.000001095
433,3328,0.000001269
434,3328,0.000001296
435,3328,0.000001208
436,3328,0.000001273
437,3328,0.000000997
438,3328,0.000001214
439,3328,0.000001270
440,3328,0.000001215
441,3328,0.000001316
442,3328,0.000000981
443,3328,0.000001181
444,3328,0.000001599
445,3328,0.000001209
446,3328,0.000001318
447,3328,0.000001005
448,3328,0.000001004
449,3328,0.000001243
450,3328,0.000001244
451,3328,0.000001344
452,3328,0.000001237
453,3328,0.000001018
454,3328,0.000001354
455,3328,0.000001213
456,3328,0.000001309
457,3328,0.000001264
458,3328,0.000001728
459,3328,0.000001345
460,3328,0.000001224
461,3328,0.000001476
462,3328,0.000001187
463,3328,0.000000984
464,3328,0.000001093
465,3328,0.000001250
466,3328,0.000001173
467,3328,0.000001330
468,3328,0.000001225
469,3328,0.000001008
470,3328,0.000001271
471,3328,0.000001183
472,3328,0.000001601
473,3328,0.000001211
474,3328,0.000000984
475,3328,0.000001276
476,3328,0.000001223
477,3328,0.000001356
478,3328,0.000001205
479,3328,0.000000989
480,3328,0.000001029
481,3328,0.000001203
482,3328,0.000001211
483,3328,0.000001565
484,3328,0.000001327
485,3328,0.000001009
486,3328,0.000001240
487,3328,0.000002054
488,3328,0.000001262
489,3328,0.000001230
490,3328,0.000001007
491,3328,0.000001250
492,3328,0.000001280
493,3328,0.000001318
494,3328,0.000001338
495,3328,0.000001007
496,3328,0.000000994
497,3328,0.000001317
498,3328,0.000001208
499,3328,0.000001320
500,3328,0.000001251
501,3328,0.000001016
502,3328,0.000001339
503,3328,0.000001210
504,3328,0.000001304
505,3328,0.000001251
506,3328,0.000000998
507,3328,0.000001245
508,3328,0.000001266
509,3328,0.000001349
510,3328,0.000001249
511,3328,0.000001018
512,3328,0.000001185
513,3328,0.000001231
514,3328,0.000001292
515,3328,0.000001267
516,3328,0.000002000
517,3328,0.000001049
518,3328,0.000001215
519,3328,0.000001510
520,3328,0.000001206
521,3328,0.000001289
522,3328,0.000000985
523,3328,0.000001192
524,3328,0.000001291
525,3328,0.000001198
526,3328,0.000001244
527,3328,0.000000988
528,3328,0.000000981
529,3328,0.000001274
530,3328,0.000001208
531,3328,0.000001250
532,3328,0.000001304
533,3328,0.000000996
534,3328,0.000001210
535,3328,0.000001191
536,3328,0.000001260
537,3328,0.000001247
538,3328,0.000000996
539,3328,0.000001335
540,3328,0.000001268
541,3328,0.000001198
542,3328,0.000001195
543,3328,0.000000989
544,3328,0.000001006
545,3328,0.000001223
546,3328,0.000001906
547,3328,0.000001333
548,3328,0.000001258
549,3328,0.000001019
550,3328,0.000001346
551,3328,0.000001433
552,3328,0.000001282
553,3328,0.000001266
554,3328,0.000000985
555,3328,0.000001251
556,3328,0.000001263
557,3328,0.000001207
558,3328,0.000001298
559,3328,0.000000999
560,3328,0.000001010
561,3328,0.000001366
562,3328,0.000001485
563,3328,0.000001272
564,3328,0.000001255
565,3328,0.000001008
566,3328,0.000001261
567,3328,0.000001260
568,3328,0.000001418
569,3328,0.000001249
570,3328,0.000001023
571,3328,0.000001589
572,3328,0.000001207
573,3328,0.000001395
574,3328,0.000001970
575,3328,0.000001010
576,3328,0.000001062
577,3328,0.000001245
578,3328,0.000001191
579,3328,0.000001294
580,3328,0.000001374
581,3328,0.000001007
582,3328,0.000001257
583,3328,0.000001258
584,3328,0.000001259
585,3328,0.000001346
586,3328,0.000000998
587,3328,0.000001227
588,3328,0.000001326
589,3328,0.000001180
590,3328,0.000001396
591,3328,0.000001001
592,3328,0.000001042
593,3328,0.000001245
594,3328,0.000001279
595,3328,0.000001223
596,3328,0.000001248
597,3328,0.000000980
598,3328,0.000001273
599,3328,0.000001181
600,3328,0.000001282
601,3328,0.000001218
602,3328,0.000001025
603,3328,0.000002035
604,3328,0.000001219
605,3328,0.000001272
606,3328,0.000001229
607,3328,0.000000983
608,3328,0.000001001
609,3328,0.000001186
610,3328,0.000001285
611,3328,0.000001254
612,3328,0.000001249
613,3328,0.000000982
614,3328,0.000001211
615,3328,0.000001257
616,3328,0.000001514
617,3328,0.000001269
618,3328,0.000000993
619,3328,0.000001394
620,3328,0.000001219
621,3328,0.000001275
622,3328,0.000001441
623,3328,0.000000996
624,3328,0.000001134
625,3328,0.000001631
626,3328,0.000001198
627,3328,0.000001262
628,3328,0.000001234
629,3328,0.000001014
630,3328,0.000001345
631,3328,0.000011222
632,3328,0.000002523
633,3328,0.000001275
634,3328,0.000000991
635,3328,0.000001378
636,3328,0.000001232
637,3328,0.000001275
638,3328,0.000001298
639,3328,0.000001024
640,3328,0.000001002
641,3328,0.000001218
642,3328,0.000001290
643,3328,0.000001277
644,3328,0.000001384
645,3328,0.000001029
646,3328,0.000001259
647,3328,0.000001321
648,3328,0.000001236
649,3328,0.000001350
650,3328,0.000001014
651,3328,0.000001252
652,3328,0.000001298
653,3328,0.000001327
654,3328,0.000001378
655,3328,0.000001023
656,3328,0.000001042
657,3328,0.000001241
658,3328,0.000001225
659,3328,0.000001325
660,3328,0.000001245
661,3328,0.000001010
662,3328,0.000001334
663,3328,0.000001190
664,3328,0.000001334
665,3328,0.000001295
666,3328,0.000001804
667,3328,0.000001360
668,3328,0.000001232
669,3328,0.000001353
670,3328,0.000001211
671,3328,0.000001014
672,3328,0.000001038
673,3328,0.000001185
674,3328,0.000001289
675,3328,0.000001196
676,3328,0.000001306
677,3328,0.000001004
678,3328,0.000001185
679,3328,0.000001322
680,3328,0.000001221
681,3328,0.000001304
682,3328,0.000001005
683,3328,0.000001256
684,3328,0.000001212
685,3328,0.000001203
686,3328,0.000001325
687,3328,0.000001024
688,3328,0.000001025
689,3328,0.000001381
690,3328,0.000001236
691,3328,0.000001290
692,3328,0.000001310
693,3328,0.000000985
694,3328,0.000001202
695,3328,0.000001277
696,3328,0.000001200
697,3328,0.000001211
698,3328,0.000001009
699,3328,0.000001285
700,3328,0.000001968
701,3328,0.000001764
702,3328,0.000001360
703,3328,0.000001133
704,3328,0.000001215
705,3328,0.000001320
706,3328,0.000001490
707,3328,0.000001356
708,3328,0.000001547
709,3328,0.000001124
710,3328,0.000001323
711,3328,0.000001318
712,3328,0.000001341
713,3328,0.000001440
714,3328,0.000001149
715,3328,0.000001385
716,3328,0.000001419
717,3328,0.000001345
718,3328,0.000001421
719,3328,0.000001114
720,3328,0.000001112
721,3328,0.000001368
722,3328,0.000001309
723,3328,0.000001373
724,3328,0.000001400
725,3328,0.000001100
726,3328,0.000001416
727,3328,0.000002065
728,3328,0.000001301
729,3328,0.000001240
730,3328,0.000001029
731,3328,0.000001293
732,3328,0.000001185
733,3328,0.000001298
734,3328,0.000001245
735,3328,0.000001003
736,3328,0.000001112
737,3328,0.000001195
738,3328,0.000001273
739,3328,0.000001201
740,3328,0.000001260
741,3328,0.000001003
742,3328,0.000001284
743,3328,0.000001237
744,3328,0.000001379
745,3328,0.000001393
746,3328,0.000001037
747,3328,0.000001441
748,3328,0.000001304
749,3328,0.000001270
750,3328,0.000001220
751,3328,0.000001010
752,3328,0.000001041
753,3328,0.000001358
754,3328,0.000001236
755,3328,0.000001317
756,3328,0.000002010
757,3328,0.000001022
758,3328,0.000001284
759,3328,0.000001320
760,3328,0.000001316
761,3328,0.000001196
762,3328,0.000001004
763,3328,0.000001247
764,3328,0.000001222
765,3328,0.000001518
766,3328,0.000001246
767,3328,0.000000994
768,3328,0.000001380
769,3328,0.000001226
770,3328,0.000001280
771,3328,0.000001515
772,3328,0.000001334
773,3328,0.000001008
774,3328,0.000001423
775,3328,0.000001304
776,3328,0.000001222
777,3328,0.000001313
778,3328,0.000000986
779,3328,0.000001207
780,3328,0.000001339
781,3328,0.000001227
782,3328,0.000001348
783,3328,0.000001057
784,3328,0.000001756
785,3328,0.000001363
786,3328,0.000001192
787,3328,0.000001410
788,3328,0.000001314
789,3328,0.000000979
790,3328,0.000001322
791,3328,0.000001271
792,3328,0.000001310
793,3328,0.000001318
794,3328,0.000001004
795,3328,0.000001382
796,3328,0.000001214
797,3328,0.000001299
798,3328,0.000001232
799,3328,0.000001055
800,3328,0.000001144
801,3328,0.000001232
802,3328,0.000001313
803,3328,0.000001201
804,3328,0.000001416
805,3328,0.000001031
806,3328,0.000001488
807,3328,0.000001321
808,3328,0.000001284
809,3328,0.000001368
810,3328,0.000001019
811,3328,0.000001304
812,3328,0.000002120
813,3328,0.000001262
814,3328,0.000001324
815,3328,0.000001017
816,3328,0.000001113
817,3328,0.000001278
818,3328,0.000001236
819,3328,0.000001321
820,3328,0.000001265
821,3328,0.000001045
822,3328,0.000001302
823,3328,0.000001225
824,3328,0.000001260
825,3328,0.000001572
826,3328,0.000001009
827,3328,0.000001387
828,3328,0.000001259
829,3328,0.000001235
830,3328,0.000001260
831,3328,0.000001020
832,3328,0.000001064
833,3328,0.000001238
834,3328,0.000001177
835,3328,0.000001182
836,3328,0.000001312
837,3328,0.000001027
838,3328,0.000001294
839,3328,0.000001297
840,3328,0.000002054
841,3328,0.000001440
842,3328,0.000000993
843,3328,0.000001441
844,3328,0.000001269
845,3328,0.000001277
846,3328,0.000001397
847,3328,0.000001013
848,3328,0.000001078
849,3328,0.000001234
850,3328,0.000001193
851,3328,0.000001363
852,3328,0.000001275
853,3328,0.000001030
854,3328,0.000001340
855,3328,0.000001239
856,3328,0.000001402
857,3328,0.000001537
858,3328,0.000001019
859,3328,0.000001411
860,3328,0.000001207
861,3328,0.000001319
862,3328,0.000001281
863,3328,0.000001007
864,3328,0.000001170
865,3328,0.000001250
866,3328,0.000001691
867,3328,0.000001195
868,3328,0.000002150
869,3328,0.000001026
870,3328,0.000001250
871,3328,0.000001431
872,3328,0.000001197
873,3328,0.000001418
874,3328,0.000001043
875,3328,0.000001233
876,3328,0.000001435
877,3328,0.000001225
878,3328,0.000001406
879,3328,0.000001029
880,3328,0.000001039
881,3328,0.000001398
882,3328,0.000001195
883,3328,0.000001364
884,3328,0.000001234
885,3328,0.000000986
886,3328,0.000001256
887,3328,0.000001210
888,3328,0.000001335
889,3328,0.000001276
890,3328,0.000001202
891,3328,0.000001273
892,3328,0.000001233
893,3328,0.000001568
894,3328,0.000001266
895,3328,0.000001016
896,3328,0.000001780
897,3328,0.000001362
898,3328,0.000001231
899,3328,0.000001284
900,3328,0.000001335
901,3328,0.000001005
902,3328,0.000001231
903,3328,0.000001284
904,3328,0.000001221
905,3328,0.000001286
906,3328,0.000001015
907,3328,0.000001227
908,3328,0.000001233
909,3328,0.000001195
910,3328,0.000001310
911,3328,0.000001004
912,3328,0.000001043
913,3328,0.000001311
914,3328,0.000001256
915,3328,0.000001206
916,3328,0.000001504
917,3328,0.000001032
918,3328,0.000001252
919,3328,0.000001279
920,3328,0.000001234
921,3328,0.000001315
922,3328,0.000001006
923,3328,0.000005582
924,3328,0.000003799
925,3328,0.000002442
926,3328,0.000002410
927,3328,0.000001039
928,3328,0.000002105
929,3328,0.000002302
930,3328,0.000002323
931,3328,0.000002304
932,3328,0.000002437
933,3328,0.000001026
934,3328,0.000002309
935,3328,0.000002282
936,3328,0.000002328
937,3328,0.000002361
938,3328,0.000001031
939,3328,0.000003128
940,3328,0.000002423
941,3328,0.000002336
942,3328,0.000002398
943,3328,0.000001028
944,3328,0.000004696
945,3328,0.000002949
946,3328,0.000002376
947,3328,0.000002333
948,3328,0.000002455
949,3328,0.000001016
950,3328,0.000002259
951,3328,0.000002339
952,3328,0.000002401
953,3328,0.000002643
954,3328,0.000001882
955,3328,0.000002428
956,3328,0.000002350
957,3328,0.000002377
958,3328,0.000002337
959,3328,0.000001005
960,3328,0.000002095
961,3328,0.000002397
962,3328,0.000002458
963,3328,0.000002360
964,3328,0.000002514
965,3328,0.000001013
966,3328,0.000002278
967,3328,0.000002379
968,3328,0.000002348
969,3328,0.000003739
970,3328,0.000001827
971,3328,0.000002390
972,3328,0.000002346
973,3328,0.000002348
974,3328,0.000002379
975,3328,0.000001021
976,3328,0.000002062
977,3328,0.000002311
978,3328,0.000002320
979,3328,0.000002322
980,3328,0.000002390
981,3328,0.000001014
982,3328,0.000004802
983,3328,0.000002382
984,3328,0.000002418
985,3328,0.000002749
986,3328,0.000001828
987,3328,0.000002407
988,3328,0.000002736
989,3328,0.000002361
990,3328,0.000002371
991,3328,0.000001013
992,3328,0.000002069
993,3328,0.000002377
994,3328,0.000002370
995,3328,0.000002509
996,3328,0.000002441
997,3328,0.000001011
998,3328,0.000002299
999,3328,0.000002319
0,3584,0.000002954
1,3584,0.000001258
2,3584,0.000001328
3,3584,0.000001172
4,3584,0.000001257
5,3584,0.000001254
6,3584,0.000001304
7,3584,0.000001021
8,3584,0.000001066
9,3584,0.000001579
10,3584,0.000001246
11,3584,0.000001242
12,3584,0.000001385
13,3584,0.000002021
14,3584,0.000001830
15,3584,0.000001562
16,3584,0.000001424
17,3584,0.000001758
18,3584,0.000002459
19,3584,0.000001660
20,3584,0.000001818
21,3584,0.000001764
22,3584,0.000001859
23,3584,0.000001470
24,3584,0.000001502
25,3584,0.000001811
26,3584,0.000001541
27,3584,0.000001606
28,3584,0.000001782
29,3584,0.000002095
30,3584,0.000001721
31,3584,0.000001334
32,3584,0.000001362
33,3584,0.000001617
34,3584,0.000001761
35,3584,0.000001675
36,3584,0.000001620
37,3584,0.000001762
38,3584,0.000001826
39,3584,0.000001394
40,3584,0.000001421
41,3584,0.000001679
42,3584,0.000001766
43,3584,0.000001834
44,3584,0.000002125
45,3584,0.000003912
46,3584,0.000002004
47,3584,0.000001654
48,3584,0.000001625
49,3584,0.000001893
50,3584,0.000001773
51,3584,0.000001792
52,3584,0.000001748
53,3584,0.000001919
54,3584,0.000001727
55,3584,0.000001468
56,3584,0.000001536
57,3584,0.000001868
58,3584,0.000001716
59,3584,0.000001849
60,3584,0.000001745
61,3584,0.000001847
62,3584,0.000001857
63,3584,0.000001576
64,3584,0.000001365
65,3584,0.000002427
66,3584,0.000001184
67,3584,0.000001205
68,3584,0.000001272
69,3584,0.000001244
70,3584,0.000001270
71,3584,0.000001003
72,3584,0.000001049
73,3584,0.000001296
74,3584,0.000001294
75,3584,0.000001193
76,3584,0.000001378
77,3584,0.000001186
78,3584,0.000001301
79,3584,0.000000976
80,3584,0.000000993
81,3584,0.000001261
82,3584,0.000001181
83,3584,0.000001208
84,3584,0.000001195
85,3584,0.000001259
86,3584,0.000001222
87,3584,0.000000979
88,3584,0.000001052
89,3584,0.000001176
90,3584,0.000001159
91,3584,0.000001161
92,3584,0.000001207
93,3584,0.000001229
94,3584,0.000002017
95,3584,0.000001031
96,3584,0.000001032
97,3584,0.000001317
98,3584,0.000001165
99,3584,0.000001240
100,3584,0.000001172
101,3584,0.000001324
102,3584,0.000001218
103,3584,0.000000963
104,3584,0.000001038
105,3584,0.000001176
106,3584,0.000001232
107,3584,0.000001172
108,3584,0.000001221
109,3584,0.000001200
110,3584,0.000001261
111,3584,0.000000960
112,3584,0.000000991
113,3584,0.000001219
114,3584,0.000001200
115,3584,0.000001190
116,3584,0.000001198
117,3584,0.000001171
118,3584,0.000001211
119,3584,0.000000968
120,3584,0.000001010
121,3584,0.000001354
122,3584,0.000001219
123,3584,0.000001238
124,3584,0.000001211
125,3584,0.000002129
126,3584,0.000001230
127,3584,0.000000978
128,3584,0.000009902
129,3584,0.000001554
130,3584,0.000001188
131,3584,0.000001177
132,3584,0.000001172
133,3584,0.000001203
134,3584,0.000001234
135,3584,0.000000992
136,3584,0.000000990
137,3584,0.000001347
138,3584,0.000001190
139,3584,0.000001372
140,3584,0.000001171
141,3584,0.000001307
142,3584,0.000001386
143,3584,0.000000996
144,3584,0.000000998
145,3584,0.000001321
146,3584,0.000001614
147,3584,0.000001202
148,3584,0.000001245
149,3584,0.000001247
150,3584,0.000001241
151,3584,0.000000985
152,3584,0.000001014
153,3584,0.000001273
154,3584,0.000002317
155,3584,0.000001229
156,3584,0.000001256
157,3584,0.000001259
158,3584,0.000001243
159,3584,0.000000966
160,3584,0.000000992
161,3584,0.000001229
162,3584,0.000001252
163,3584,0.000001314
164,3584,0.000001212
165,3584,0.000001250
166,3584,0.000001287
167,3584,0.000000974
168,3584,0.000001014
169,3584,0.000001309
170,3584,0.000001264
171,3584,0.000001166
172,3584,0.000001221
173,3584,0.000001212
174,3584,0.000001243
175,3584,0.000001002
176,3584,0.000000992
177,3584,0.000001367
178,3584,0.000001231
179,3584,0.000001375
180,3584,0.000001199
181,3584,0.000001304
182,3584,0.000001256
183,3584,0.000002119
184,3584,0.000001132
185,3584,0.000001194
186,3584,0.000001219
187,3584,0.000001253
188,3584,0.000001180
189,3584,0.000001208
190,3584,0.000001245
191,3584,0.000001002
192,3584,0.000001106
193,3584,0.000001219
194,3584,0.000001771
195,3584,0.000001185
196,3584,0.000001287
197,3584,0.000001219
198,3584,0.000001315
199,3584,0.000000988
200,3584,0.000001035
201,3584,0.000001264
202,3584,0.000001182
203,3584,0.000001208
204,3584,0.000001193
205,3584,0.000001323
206,3584,0.000001230
207,3584,0.000000979
208,3584,0.000001231
209,3584,0.000001277
210,3584,0.000001285
211,3584,0.000001263
212,3584,0.000001273
213,3584,0.000002017
214,3584,0.000001282
215,3584,0.000000982
216,3584,0.000001013
217,3584,0.000001191
218,3584,0.000001179
219,3584,0.000001238
220,3584,0.000001304
221,3584,0.000025668
222,3584,0.000001474
223,3584,0.000001003
224,3584,0.000001124
225,3584,0.000001207
226,3584,0.000001328
227,3584,0.000001185
228,3584,0.000001265
229,3584,0.000001222
230,3584,0.000001235
231,3584,0.000000989
232,3584,0.000001029
233,3584,0.000001267
234,3584,0.000001214
235,3584,0.000001246
236,3584,0.000001190
237,3584,0.000001355
238,3584,0.000014023
239,3584,0.000000993
240,3584,0.000001147
241,3584,0.000002280
242,3584,0.000001240
243,3584,0.000001222
244,3584,0.000001262
245,3584,0.000001228
246,3584,0.000001344
247,3584,0.000000964
248,3584,0.000000976
249,3584,0.000001262
250,3584,0.000001189
251,3584,0.000001236
252,3584,0.000001232
253,3584,0.000001170
254,3584,0.000001350
255,3584,0.000000964
256,3584,0.000000990
257,3584,0.000001204
258,3584,0.000001186
259,3584,0.000001202
260,3584,0.000001180
261,3584,0.000001275
262,3584,0.000001244
263,3584,0.000000972
264,3584,0.000001114
265,3584,0.000001200
266,3584,0.000001240
267,3584,0.000001158
268,3584,0.000001199
269,3584,0.000001179
270,3584,0.000002011
271,3584,0.000001016
272,3584,0.000000999
273,3584,0.000001220
274,3584,0.000001195
275,3584,0.000001257
276,3584,0.000001210
277,3584,0.000001234
278,3584,0.000001248
279,3584,0.000000982
280,3584,0.000001059
281,3584,0.000001176
282,3584,0.000001197
283,3584,0.000001254
284,3584,0.000001219
285,3584,0.000001256
286,3584,0.000001239
287,3584,0.000000975
288,3584,0.000001008
289,3584,0.000001175
290,3584,0.000001193
291,3584,0.000001193
292,3584,0.000001274
293,3584,0.000001198
294,3584,0.000001328
295,3584,0.000000978
296,3584,0.000001000
297,3584,0.000001221
298,3584,0.000001230
299,3584,0.000001221
300,3584,0.000001905
301,3584,0.000001246
302,3584,0.000001221
303,3584,0.000000973
304,3584,0.000001131
305,3584,0.000001186
306,3584,0.000001228
307,3584,0.000001166
308,3584,0.000001302
309,3584,0.000001189
310,3584,0.000001340
311,3584,0.000000982
312,3584,0.000000985
313,3584,0.000001245
314,3584,0.000001203
315,3584,0.000001186
316,3584,0.000001183
317,3584,0.000001214
318,3584,0.000001349
319,3584,0.000000976
320,3584,0.000001017
321,3584,0.000001394
322,3584,0.000001240
323,3584,0.000001231
324,3584,0.000001180
325,3584,0.000001214
326,3584,0.000001217
327,3584,0.000000977
328,3584,0.000001219
329,3584,0.000001370
330,3584,0.000002040
331,3584,0.000001219
332,3584,0.000001220
333,3584,0.000001202
334,3584,0.000001222
335,3584,0.000000969
336,3584,0.000001035
337,3584,0.000001212
338,3584,0.000001176
339,3584,0.000001257
340,3584,0.000001187
341,3584,0.000001216
342,3584,0.000001238
343,3584,0.000001013
344,3584,0.000001045
345,3584,0.000001214
346,3584,0.000001181
347,3584,0.000001157
348,3584,0.000001318
349,3584,0.000001184
350,3584,0.000001296
351,3584,0.000000972
352,3584,0.000001032
353,3584,0.000001248
354,3584,0.000001234
355,3584,0.000001204
356,3584,0.000001226
357,3584,0.000001299
358,3584,0.000001299
359,3584,0.000001713
360,3584,0.000001057
361,3584,0.000001288
362,3584,0.000001188
363,3584,0.000001348
364,3584,0.000001227
365,3584,0.000001276
366,3584,0.000001218
367,3584,0.000000983
368,3584,0.000001009
369,3584,0.000001163
370,3584,0.000001469
371,3584,0.000001180
372,3584,0.000001270
373,3584,0.000001186
374,3584,0.000001236
375,3584,0.000000993
376,3584,0.000001050
377,3584,0.000001216
378,3584,0.000001176
379,3584,0.000001232
380,3584,0.000001170
381,3584,0.000001231
382,3584,0.000001304
383,3584,0.000000973
384,3584,0.000000983
385,3584,0.000001251
386,3584,0.000001211
387,3584,0.000001218
388,3584,0.000001214
389,3584,0.000001992
390,3584,0.000001273
391,3584,0.000001011
392,3584,0.000000977
393,3584,0.000001202
394,3584,0.000001156
395,3584,0.000001183
396,3584,0.000001325
397,3584,0.000001220
398,3584,0.000001218
399,3584,0.000000981
400,3584,0.000000987
401,3584,0.000001257
402,3584,0.000001193
403,3584,0.000001212
404,3584,0.000001180
405,3584,0.000001217
406,3584,0.000001252
407,3584,0.000000993
408,3584,0.000001041
409,3584,0.000001274
410,3584,0.000001245
411,3584,0.000001173
412,3584,0.000001259
413,3584,0.000001215
414,3584,0.000001315
415,3584,0.000000993
416,3584,0.000000989
417,3584,0.000001259
418,3584,0.000001900
419,3584,0.000001271
420,3584,0.000001313
421,3584,0.000001264
422,3584,0.000001245
423,3584,0.000000978
424,3584,0.000001019
425,3584,0.000001158
426,3584,0.000001285
427,3584,0.000001194
428,3584,0.000001228
429,3584,0.000001273
430,3584,0.000001242
431,3584,0.000000966
432,3584,0.000001020
433,3584,0.000001168
434,3584,0.000001225
435,3584,0.000001264
436,3584,0.000001251
437,3584,0.000001188
438,3584,0.000001318
439,3584,0.000000984
440,3584,0.000000991
441,3584,0.000001258
442,3584,0.000001206
443,3584,0.000001311
444,3584,0.000001176
445,3584,0.000001202
446,3584,0.000001228
447,3584,0.000001010
448,3584,0.000001725
449,3584,0.000001321
450,3584,0.000001259
451,3584,0.000001178
452,3584,0.000001265
453,3584,0.000001186
454,3584,0.000001215
455,3584,0.000000978
456,3584,0.000001058
457,3584,0.000001353
458,3584,0.000001194
459,3584,0.000001260
460,3584,0.000001179
461,3584,0.000001311
462,3584,0.000001226
463,3584,0.000000999
464,3584,0.000001080
465,3584,0.000001262
466,3584,0.000001315
467,3584,0.000001238
468,3584,0.000001209
469,3584,0.000001202
470,3584,0.000001276
471,3584,0.000000989
472,3584,0.000001071
473,3584,0.000001374
474,3584,0.000001213
475,3584,0.000001369
476,3584,0.000001241
477,3584,0.000001992
478,3584,0.000001319
479,3584,0.000000984
480,3584,0.000001011
481,3584,0.000001202
482,3584,0.000001243
483,3584,0.000001183
484,3584,0.000001215
485,3584,0.000001272
486,3584,0.000001287
487,3584,0.000000978
488,3584,0.000000984
489,3584,0.000001203
490,3584,0.000001169
491,3584,0.000001258
492,3584,0.000001310
493,3584,0.000001234
494,3584,0.000001292
495,3584,0.000000981
496,3584,0.000001007
497,3584,0.000001179
498,3584,0.000001305
499,3584,0.000001195
500,3584,0.000001501
501,3584,0.000001247
502,3584,0.000001233
503,3584,0.000000979
504,3584,0.000000972
505,3584,0.000001196
506,3584,0.000001203
507,3584,0.000001892
508,3584,0.000001290
509,3584,0.000001211
510,3584,0.000001303
511,3584,0.000000993
512,3584,0.000000987
513,3584,0.000001266
514,3584,0.000001212
515,3584,0.000001247
516,3584,0.000001224
517,3584,0.000001395
518,3584,0.000001311
519,3584,0.000000986
520,3584,0.000000995
521,3584,0.000001325
522,3584,0.000001174
523,3584,0.000001244
524,3584,0.000001206
525,3584,0.000001299
526,3584,0.000001225
527,3584,0.000001021
528,3584,0.000001031
529,3584,0.000001194
530,3584,0.000001332
531,3584,0.000001170
532,3584,0.000001307
533,3584,0.000001457
534,3584,0.000001206
535,3584,0.000001698
536,3584,0.000001016
537,3584,0.000001177
538,3584,0.000001162
539,3584,0.000001275
540,3584,0.000001322
541,3584,0.000001242
542,3584,0.000001211
543,3584,0.000000985
544,3584,0.000000975
545,3584,0.000001178
546,3584,0.000001316
547,3584,0.000001169
548,3584,0.000001551
549,3584,0.000001211
550,3584,0.000001250
551,3584,0.000000983
552,3584,0.000001006
553,3584,0.000001205
554,3584,0.000001180
555,3584,0.000001204
556,3584,0.000001164
557,3584,0.000001248
558,3584,0.000001206
559,3584,0.000001000
560,3584,0.000001128
561,3584,0.000001176
562,3584,0.000001157
563,3584,0.000001166
564,3584,0.000001163
565,3584,0.000001895
566,3584,0.000001426
567,3584,0.000001012
568,3584,0.000001008
569,3584,0.000001171
570,3584,0.000001166
571,3584,0.000001251
572,3584,0.000001356
573,3584,0.000001185
574,3584,0.000001407
575,3584,0.000000986
576,3584,0.000001058
577,3584,0.000001232
578,3584,0.000001233
579,3584,0.000001187
580,3584,0.000001568
581,3584,0.000001190
582,3584,0.000001280
583,3584,0.000000980
584,3584,0.000000976
585,3584,0.000001314
586,3584,0.000001176
587,3584,0.000001226
588,3584,0.000001179
589,3584,0.000001252
590,3584,0.000001206
591,3584,0.000001002
592,3584,0.000000991
593,3584,0.000001239
594,3584,0.000001199
595,3584,0.000001933
596,3584,0.000001240
597,3584,0.000001553
598,3584,0.000001216
599,3584,0.000001020
600,3584,0.000001023
601,3584,0.000001244
602,3584,0.000001193
603,3584,0.000001285
604,3584,0.000001173
605,3584,0.000001260
606,3584,0.000001229
607,3584,0.000000990
608,3584,0.000001049
609,3584,0.000001266
610,3584,0.000001301
611,3584,0.000001217
612,3584,0.000001268
613,3584,0.000001215
614,3584,0.000001231
615,3584,0.000000983
616,3584,0.000001097
617,3584,0.000001345
618,3584,0.000001196
619,3584,0.000001175
620,3584,0.000001162
621,3584,0.000001303
622,3584,0.000001233
623,3584,0.000001011
624,3584,0.000001730
625,3584,0.000001223
626,3584,0.000001157
627,3584,0.000001171
628,3584,0.000001245
629,3584,0.000001185
630,3584,0.000001364
631,3584,0.000000980
632,3584,0.000000983
633,3584,0.000001252
634,3584,0.000001166
635,3584,0.000001177
636,3584,0.000001159
637,3584,0.000001261
638,3584,0.000001233
639,3584,0.000000987
640,3584,0.000001060
641,3584,0.000001221
642,3584,0.000001259
643,3584,0.000001188
644,3584,0.000001187
645,3584,0.000001402
646,3584,0.000001210
647,3584,0.000000982
648,3584,0.000000976
649,3584,0.000001251
650,3584,0.000001179
651,3584,0.000001273
652,3584,0.000001160
653,3584,0.000001564
654,3584,0.000001910
655,3584,0.000001005
656,3584,0.000001127
657,3584,0.000001176
658,3584,0.000001293
659,3584,0.000001176
660,3584,0.000001183
661,3584,0.000001169
662,3584,0.000001318
663,3584,0.000000995
664,3584,0.000000994
665,3584,0.000001247
666,3584,0.000001189
667,3584,0.000001387
668,3584,0.000001183
669,3584,0.000001202
670,3584,0.000001217
671,3584,0.000000975
672,3584,0.000001023
673,3584,0.000001176
674,3584,0.000001206
675,3584,0.000001454
676,3584,0.000001255
677,3584,0.000001208
678,3584,0.000001336
679,3584,0.000000967
680,3584,0.000000977
681,3584,0.000001199
682,3584,0.000001215
683,3584,0.000001936
684,3584,0.000001221
685,3584,0.000001290
686,3584,0.000001216
687,3584,0.000000981
688,3584,0.000001041
689,3584,0.000001212
690,3584,0.000001174
691,3584,0.000001164
692,3584,0.000001257
693,3584,0.000001199
694,3584,0.000001287
695,3584,0.000000983
696,3584,0.000001053
697,3584,0.000001172
698,3584,0.000001207
699,3584,0.000001300
700,3584,0.000001179
701,3584,0.000001272
702,3584,0.000001205
703,3584,0.000000981
704,3584,0.000000978
705,3584,0.000001354
706,3584,0.000001271
707,3584,0.000001236
708,3584,0.000001195
709,3584,0.000001203
710,3584,0.000001258
711,3584,0.000000974
712,3584,0.000001004
713,3584,0.000002084
714,3584,0.000001231
715,3584,0.000001244
716,3584,0.000001157
717,3584,0.000001219
718,3584,0.000001277
719,3584,0.000000976
720,3584,0.000001066
721,3584,0.000001193
722,3584,0.000001154
723,3584,0.000001169
724,3584,0.000001222
725,3584,0.000001211
726,3584,0.000001351
727,3584,0.000000979
728,3584,0.000000988
729,3584,0.000001394
730,3584,0.000001219
731,3584,0.000001466
732,3584,0.000001183
733,3584,0.000001223
734,3584,0.000001226
735,3584,0.000000980
736,3584,0.000001018
737,3584,0.000001169
738,3584,0.000001255
739,3584,0.000001165
740,3584,0.000001442
741,3584,0.000001220
742,3584,0.000001976
743,3584,0.000001012
744,3584,0.000001011
745,3584,0.000001242
746,3584,0.000001193
747,3584,0.000001275
748,3584,0.000001184
749,3584,0.000001523
750,3584,0.000001303
751,3584,0.000000974
752,3584,0.000001444
753,3584,0.000001366
754,3584,0.000001249
755,3584,0.000001184
756,3584,0.000001209
757,3584,0.000001189
758,3584,0.000001253
759,3584,0.000000989
760,3584,0.000001006
761,3584,0.000001279
762,3584,0.000001215
763,3584,0.000014143
764,3584,0.000001339
765,3584,0.000001561
766,3584,0.000001272
767,3584,0.000000999
768,3584,0.000001129
769,3584,0.000001247
770,3584,0.000001308
771,3584,0.000002129
772,3584,0.000001530
773,3584,0.000001225
774,3584,0.000001238
775,3584,0.000000986
776,3584,0.000000998
777,3584,0.000001298
778,3584,0.000013922
779,3584,0.000001381
780,3584,0.000001200
781,3584,0.000001278
782,3584,0.000001568
783,3584,0.000000969
784,3584,0.000000988
785,3584,0.000001217
786,3584,0.000001369
787,3584,0.000001179
788,3584,0.000001163
789,3584,0.000001169
790,3584,0.000001431
791,3584,0.000000977
792,3584,0.000001014
793,3584,0.000001213
794,3584,0.000001263
795,3584,0.000001382
796,3584,0.000001185
797,3584,0.000001341
798,3584,0.000001233
799,3584,0.000000975
800,3584,0.000001145
801,3584,0.000002035
802,3584,0.000001561
803,3584,0.000001159
804,3584,0.000001208
805,3584,0.000001187
806,3584,0.000001372
807,3584,0.000000978
808,3584,0.000000992
809,3584,0.000001233
810,3584,0.000001175
811,3584,0.000001216
812,3584,0.000001322
813,3584,0.000001307
814,3584,0.000001236
815,3584,0.000000972
816,3584,0.000001017
817,3584,0.000001170
818,3584,0.000001157
819,3584,0.000001151
820,3584,0.000001258
821,3584,0.000001177
822,3584,0.000001275
823,3584,0.000000964
824,3584,0.000001002
825,3584,0.000001248
826,3584,0.000001195
827,3584,0.000001152
828,3584,0.000001169
829,3584,0.000001215
830,3584,0.000001935
831,3584,0.000001256
832,3584,0.000001123
833,3584,0.000001240
834,3584,0.000001204
835,3584,0.000001201
836,3584,0.000001260
837,3584,0.000001210
838,3584,0.000001254
839,3584,0.000000970
840,3584,0.000000984
841,3584,0.000001179
842,3584,0.000001243
843,3584,0.000001178
844,3584,0.000001156
845,3584,0.000001489
846,3584,0.000001238
847,3584,0.000000974
848,3584,0.000001051
849,3584,0.000001176
850,3584,0.000001159
851,3584,0.000001187
852,3584,0.000001182
853,3584,0.000001219
854,3584,0.000001234
855,3584,0.000001015
856,3584,0.000001080
857,3584,0.000001227
858,3584,0.000001189
859,3584,0.000001260
860,3584,0.000001187
861,3584,0.000001963
862,3584,0.000001274
863,3584,0.000000981
864,3584,0.000001018
865,3584,0.000001208
866,3584,0.000001192
867,3584,0.000001176
868,3584,0.000001172
869,3584,0.000001259
870,3584,0.000001239
871,3584,0.000000975
872,3584,0.000000979
873,3584,0.000001166
874,3584,0.000001293
875,3584,0.000001263
876,3584,0.000001186
877,3584,0.000001269
878,3584,0.000001283
879,3584,0.000000981
880,3584,0.000000991
881,3584,0.000001171
882,3584,0.000001271
883,3584,0.000001170
884,3584,0.000001158
885,3584,0.000001184
886,3584,0.000001200
887,3584,0.000000985
888,3584,0.000000975
889,3584,0.000001260
890,3584,0.000001180
891,3584,0.000001253
892,3584,0.000001912
893,3584,0.000001332
894,3584,0.000001243
895,3584,0.000000967
896,3584,0.000001049
897,3584,0.000001159
898,3584,0.000001182
899,3584,0.000001247
900,3584,0.000001208
901,3584,0.000001174
902,3584,0.000001370
903,3584,0.000000967
904,3584,0.000000987
905,3584,0.000008360
906,3584,0.000001621
907,3584,0.000001250
908,3584,0.000001193
909,3584,0.000001235
910,3584,0.000001241
911,3584,0.000000993
912,3584,0.000001090
913,3584,0.000001204
914,3584,0.000001389
915,3584,0.000001261
916,3584,0.000001243
917,3584,0.000001295
918,3584,0.000001253
919,3584,0.000000984
920,3584,0.000001074
921,3584,0.000001254
922,3584,0.000002183
923,3584,0.000001229
924,3584,0.000001248
925,3584,0.000001219
926,3584,0.000001583
927,3584,0.000000990
928,3584,0.000001042
929,3584,0.000004391
930,3584,0.000002511
931,3584,0.000002343
932,3584,0.000002409
933,3584,0.000002671
934,3584,0.000002593
935,3584,0.000001040
936,3584,0.000002163
937,3584,0.000002399
938,3584,0.000002305
939,3584,0.000003706
940,3584,0.000003382
941,3584,0.000005003
942,3584,0.000002405
943,3584,0.000001029
944,3584,0.000002060
945,3584,0.000002317
946,3584,0.000002419
947,3584,0.000002325
948,3584,0.000002423
949,3584,0.000002359
950,3584,0.000003024
951,3584,0.000001043
952,3584,0.000002212
953,3584,0.000002385
954,3584,0.000003187
955,3584,0.000002405
956,3584,0.000002322
957,3584,0.000002299
958,3584,0.000002374
959,3584,0.000001025
960,3584,0.000002056
961,3584,0.000002296
962,3584,0.000002336
963,3584,0.000002552
964,3584,0.000002467
965,3584,0.000002426
966,3584,0.000002470
967,3584,0.000001021
968,3584,0.000002253
969,3584,0.000002469
970,3584,0.000003203
971,3584,0.000002419
972,3584,0.000002337
973,3584,0.000002333
974,3584,0.000002410
975,3584,0.000001030
976,3584,0.000001990
977,3584,0.000004674
978,3584,0.000002267
979,3584,0.000002314
980,3584,0.000002374
981,3584,0.000002738
982,3584,0.000002454
983,3584,0.000001019
984,3584,0.000004582
985,3584,0.000003217
986,3584,0.000002382
987,3584,0.000002358
988,3584,0.000002322
989,3584,0.000002461
990,3584,0.000002386
991,3584,0.000001026
992,3584,0.000002154
993,3584,0.000002383
994,3584,0.000002412
995,3584,0.000002326
996,3584,0.000002359
997,3584,0.000002347
998,3584,0.000002420
999,3584,0.000001012
0,3840,0.000002806
1,3840,0.000001312
2,3840,0.000001352
3,3840,0.000001188
4,3840,0.000001180
5,3840,0.000001169
6,3840,0.000001271
7,3840,0.000001233
8,3840,0.000001261
9,3840,0.000001211
10,3840,0.000001263
11,3840,0.000001215
12,3840,0.000001330
13,3840,0.000001340
14,3840,0.000001585
15,3840,0.000001557
16,3840,0.000001540
17,3840,0.000001808
18,3840,0.000001835
19,3840,0.000002326
20,3840,0.000001808
21,3840,0.000001748
22,3840,0.000001785
23,3840,0.000001767
24,3840,0.000001857
25,3840,0.000001794
26,3840,0.000002008
27,3840,0.000001663
28,3840,0.000001678
29,3840,0.000001791
30,3840,0.000001916
31,3840,0.000001352
32,3840,0.000001407
33,3840,0.000001675
34,3840,0.000001682
35,3840,0.000001964
36,3840,0.000003598
37,3840,0.000002052
38,3840,0.000001748
39,3840,0.000001691
40,3840,0.000001775
41,3840,0.000001826
42,3840,0.000002028
43,3840,0.000003072
44,3840,0.000001789
45,3840,0.000001843
46,3840,0.000002073
47,3840,0.000001536
48,3840,0.000001479
49,3840,0.000001713
50,3840,0.000001868
51,3840,0.000002952
52,3840,0.000001852
53,3840,0.000001861
54,3840,0.000001725
55,3840,0.000001941
56,3840,0.000001476
57,3840,0.000001264
58,3840,0.000001197
59,3840,0.000001292
60,3840,0.000002194
61,3840,0.000001216
62,3840,0.000001219
63,3840,0.000000988
64,3840,0.000001073
65,3840,0.000001238
66,3840,0.000001243
67,3840,0.000001218
68,3840,0.000001231
69,3840,0.000001244
70,3840,0.000001196
71,3840,0.000001482
72,3840,0.000001967
73,3840,0.000001242
74,3840,0.000001198
75,3840,0.000001212
76,3840,0.000001225
77,3840,0.000001213
78,3840,0.000001212
79,3840,0.000000980
80,3840,0.000001056
81,3840,0.000001174
82,3840,0.000001263
83,3840,0.000001196
84,3840,0.000001908
85,3840,0.000001197
86,3840,0.000001566
87,3840,0.000001206
88,3840,0.000001209
89,3840,0.000001257
90,3840,0.000001271
91,3840,0.000001198
92,3840,0.000001254
93,3840,0.000001174
94,3840,0.000001247
95,3840,0.000001705
96,3840,0.000001019
97,3840,0.000001245
98,3840,0.000001175
99,3840,0.000001490
100,3840,0.000001171
101,3840,0.000001192
102,3840,0.000001180
103,3840,0.000001206
104,3840,0.000001166
105,3840,0.000001208
106,3840,0.000001214
107,3840,0.000001965
108,3840,0.000001264
109,3840,0.000001261
110,3840,0.000001171
111,3840,0.000000977
112,3840,0.000000987
113,3840,0.000001183
114,3840,0.000001162
115,3840,0.000001192
116,3840,0.000001204
117,3840,0.000001242
118,3840,0.000001179
119,3840,0.000001948
120,3840,0.000001197
121,3840,0.000001196
122,3840,0.000001184
123,3840,0.000001212
124,3840,0.000001230
125,3840,0.000001210
126,3840,0.000001165
127,3840,0.000000978
128,3840,0.000001071
129,3840,0.000001191
130,3840,0.000001249
131,3840,0.000001908
132,3840,0.000001283
133,3840,0.000001218
134,3840,0.000001215
135,3840,0.000001245
136,3840,0.000001192
137,3840,0.000001224
138,3840,0.000001194
139,3840,0.000001259
140,3840,0.000001225
141,3840,0.000001203
142,3840,0.000001505
143,3840,0.000001725
144,3840,0.000001124
145,3840,0.000001215
146,3840,0.000001266
147,3840,0.000001178
148,3840,0.000001192
149,3840,0.000001181
150,3840,0.000001213
151,3840,0.000001191
152,3840,0.000001210
153,3840,0.000001222
154,3840,0.000001277
155,3840,0.000001931
156,3840,0.000001248
157,3840,0.000001232
158,3840,0.000001195
159,3840,0.000000986
160,3840,0.000000985
161,3840,0.000001254
162,3840,0.000001210
163,3840,0.000001222
164,3840,0.000001165
165,3840,0.000001256
166,3840,0.000001213
167,3840,0.000001938
168,3840,0.000001226
169,3840,0.000001225
170,3840,0.000001217
171,3840,0.000001270
172,3840,0.000001258
173,3840,0.000001171
174,3840,0.000001199
175,3840,0.000000980
176,3840,0.000000985
177,3840,0.000001511
178,3840,0.000001239
179,3840,0.000002011
180,3840,0.000001220
181,3840,0.000001199
182,3840,0.000001166
183,3840,0.000001296
184,3840,0.000001195
185,3840,0.000001227
186,3840,0.000001189
187,3840,0.000001304
188,3840,0.000001215
189,3840,0.000001225
190,3840,0.000001984
191,3840,0.000001005
192,3840,0.000001019
193,3840,0.000001182
194,3840,0.000001199
195,3840,0.000001282
196,3840,0.000001216
197,3840,0.000001171
198,3840,0.000001234
199,3840,0.000001192
200,3840,0.000001197
201,3840,0.000001183
202,3840,0.000001203
203,3840,0.000001915
204,3840,0.000001309
205,3840,0.000001194
206,3840,0.000001192
207,3840,0.000000975
208,3840,0.000000974
209,3840,0.000001259
210,3840,0.000001169
211,3840,0.000001211
212,3840,0.000001155
213,3840,0.000001183
214,3840,0.000001185
215,3840,0.000001890
216,3840,0.000001211
217,3840,0.000001346
218,3840,0.000001217
219,3840,0.000001260
220,3840,0.000001243
221,3840,0.000001173
222,3840,0.000001207
223,3840,0.000000984
224,3840,0.000001052
225,3840,0.000001180
226,3840,0.000001218
227,3840,0.000001989
228,3840,0.000001202
229,3840,0.000001237
230,3840,0.000001156
231,3840,0.000001166
232,3840,0.000001172
233,3840,0.000001230
234,3840,0.000001216
235,3840,0.000001202
236,3840,0.000001208
237,3840,0.000001329
238,3840,0.000001171
239,3840,0.000001708
240,3840,0.000001042
241,3840,0.000001190
242,3840,0.000001208
243,3840,0.000001198
244,3840,0.000001499
245,3840,0.000001181
246,3840,0.000001193
247,3840,0.000001192
248,3840,0.000001181
249,3840,0.000001182
250,3840,0.000001235
251,3840,0.000001936
252,3840,0.000001249
253,3840,0.000001168
254,3840,0.000001210
255,3840,0.000000975
256,3840,0.000000985
257,3840,0.000001192
258,3840,0.000001181
259,3840,0.000001191
260,3840,0.000001174
261,3840,0.000001230
262,3840,0.000001195
263,3840,0.000001905
264,3840,0.000001197
265,3840,0.000001569
266,3840,0.000001190
267,3840,0.000001197
268,3840,0.000001445
269,3840,0.000001201
270,3840,0.000001168
271,3840,0.000000979
272,3840,0.000000989
273,3840,0.000001264
274,3840,0.000001189
275,3840,0.000001921
276,3840,0.000001208
277,3840,0.000001187
278,3840,0.000001164
279,3840,0.000001190
280,3840,0.000001155
281,3840,0.000001188
282,3840,0.000001178
283,3840,0.000001244
284,3840,0.000001217
285,3840,0.000001572
286,3840,0.000001930
287,3840,0.000001009
288,3840,0.000001041
289,3840,0.000001174
290,3840,0.000001250
291,3840,0.000001169
292,3840,0.000001223
293,3840,0.000001186
294,3840,0.000001203
295,3840,0.000001163
296,3840,0.000001203
297,3840,0.000001239
298,3840,0.000001192
299,3840,0.000002112
300,3840,0.000001273
301,3840,0.000001235
302,3840,0.000001206
303,3840,0.000000995
304,3840,0.000000994
305,3840,0.000001166
306,3840,0.000001156
307,3840,0.000001168
308,3840,0.000001170
309,3840,0.000001164
310,3840,0.000001226
311,3840,0.000001944
312,3840,0.000001216
313,3840,0.000001216
314,3840,0.000001199
315,3840,0.000001205
316,3840,0.000001247
317,3840,0.000001178
318,3840,0.000001214
319,3840,0.000000999
320,3840,0.000000995
321,3840,0.000001239
322,3840,0.000001403
323,3840,0.000001920
324,3840,0.000001186
325,3840,0.000001259
326,3840,0.000001199
327,3840,0.000001201
328,3840,0.000001218
329,3840,0.000001238
330,3840,0.000001183
331,3840,0.000001258
332,3840,0.000001231
333,3840,0.000001318
334,3840,0.000001997
335,3840,0.000001001
336,3840,0.000000997
337,3840,0.000001270
338,3840,0.000001212
339,3840,0.000001347
340,3840,0.000001178
341,3840,0.000001191
342,3840,0.000001173
343,3840,0.000001184
344,3840,0.000001171
345,3840,0.000001242
346,3840,0.000001940
347,3840,0.000001609
348,3840,0.000001220
349,3840,0.000001218
350,3840,0.000001229
351,3840,0.000000976
352,3840,0.000001018
353,3840,0.000001174
354,3840,0.000001202
355,3840,0.000001164
356,3840,0.000001180
357,3840,0.000001179
358,3840,0.000001163
359,3840,0.000016738
360,3840,0.000001356
361,3840,0.000001244
362,3840,0.000001227
363,3840,0.000001256
364,3840,0.000001260
365,3840,0.000001224
366,3840,0.000001209
367,3840,0.000001003
368,3840,0.000001021
369,3840,0.000001193
370,3840,0.000001245
371,3840,0.000001193
372,3840,0.000001190
373,3840,0.000001216
374,3840,0.000001204
375,3840,0.000013788
376,3840,0.000001502
377,3840,0.000001185
378,3840,0.000001230
379,3840,0.000001211
380,3840,0.000001226
381,3840,0.000001301
382,3840,0.000001228
383,3840,0.000000967
384,3840,0.000000975
385,3840,0.000001189
386,3840,0.000001168
387,3840,0.000001236
388,3840,0.000001188
389,3840,0.000002082
390,3840,0.000001207
391,3840,0.000001182
392,3840,0.000001258
393,3840,0.000001209
394,3840,0.000001192
395,3840,0.000001200
396,3840,0.000001304
397,3840,0.000001282
398,3840,0.000001232
399,3840,0.000001003
400,3840,0.000001040
401,3840,0.000001172
402,3840,0.000001161
403,3840,0.000001213
404,3840,0.000001173
405,3840,0.000001296
406,3840,0.000001167
407,3840,0.000001250
408,3840,0.000001165
409,3840,0.000001433
410,3840,0.000001173
411,3840,0.000001224
412,3840,0.000001236
413,3840,0.000001374
414,3840,0.000001181
415,3840,0.000000989
416,3840,0.000001024
417,3840,0.000001856
418,3840,0.000002197
419,3840,0.000001371
420,3840,0.000001280
421,3840,0.000001204
422,3840,0.000001176
423,3840,0.000001199
424,3840,0.000001206
425,3840,0.000001205
426,3840,0.000001303
427,3840,0.000001291
428,3840,0.000001319
429,3840,0.000001173
430,3840,0.000001283
431,3840,0.000000985
432,3840,0.000001011
433,3840,0.000001331
434,3840,0.000001225
435,3840,0.000001291
436,3840,0.000001184
437,3840,0.000002013
438,3840,0.000001210
439,3840,0.000001191
440,3840,0.000001206
441,3840,0.000001301
442,3840,0.000001232
443,3840,0.000001194
444,3840,0.000001378
445,3840,0.000001232
446,3840,0.000001197
447,3840,0.000000980
448,3840,0.000001040
449,3840,0.000001229
450,3840,0.000002006
451,3840,0.000001316
452,3840,0.000001282
453,3840,0.000001173
454,3840,0.000001268
455,3840,0.000001174
456,3840,0.000001220
457,3840,0.000001182
458,3840,0.000001279
459,3840,0.000001202
460,3840,0.000001225
461,3840,0.000001204
462,3840,0.000001956
463,3840,0.000001019
464,3840,0.000001003
465,3840,0.000001232
466,3840,0.000001211
467,3840,0.000001183
468,3840,0.000001234
469,3840,0.000001185
470,3840,0.000001259
471,3840,0.000001191
472,3840,0.000001192
473,3840,0.000001233
474,3840,0.000001970
475,3840,0.000001231
476,3840,0.000001261
477,3840,0.000001211
478,3840,0.000001276
479,3840,0.000000990
480,3840,0.000001012
481,3840,0.000001189
482,3840,0.000001184
483,3840,0.000001184
484,3840,0.000001499
485,3840,0.000001918
486,3840,0.000001203
487,3840,0.000001223
488,3840,0.000001267
489,3840,0.000001193
490,3840,0.000001245
491,3840,0.000001236
492,3840,0.000001237
493,3840,0.000001227
494,3840,0.000001302
495,3840,0.000001020
496,3840,0.000001253
497,3840,0.000001944
498,3840,0.000001215
499,3840,0.000001172
500,3840,0.000001171
501,3840,0.000001173
502,3840,0.000001178
503,3840,0.000001248
504,3840,0.000001240
505,3840,0.000001223
506,3840,0.000001191
507,3840,0.000001283
508,3840,0.000001228
509,3840,0.000002065
510,3840,0.000001247
511,3840,0.000000982
512,3840,0.000001049
513,3840,0.000001183
514,3840,0.000001201
515,3840,0.000001191
516,3840,0.000001194
517,3840,0.000001194
518,3840,0.000001190
519,3840,0.000001211
520,3840,0.000001689
521,3840,0.000001908
522,3840,0.000001251
523,3840,0.000001197
524,3840,0.000001227
525,3840,0.000001251
526,3840,0.000001177
527,3840,0.000000972
528,3840,0.000000986
529,3840,0.000001437
530,3840,0.000001178
531,3840,0.000001170
532,3840,0.000001195
533,3840,0.000001918
534,3840,0.000001289
535,3840,0.000001176
536,3840,0.000001181
537,3840,0.000001263
538,3840,0.000001292
539,3840,0.000001204
540,3840,0.000001342
541,3840,0.000001325
542,3840,0.000001222
543,3840,0.000000977
544,3840,0.000001784
545,3840,0.000001262
546,3840,0.000001232
547,3840,0.000001179
548,3840,0.000001217
549,3840,0.000001183
550,3840,0.000001174
551,3840,0.000001252
552,3840,0.000001186
553,3840,0.000001197
554,3840,0.000001204
555,3840,0.000001215
556,3840,0.000001960
557,3840,0.000001205
558,3840,0.000001193
559,3840,0.000001072
560,3840,0.000001008
561,3840,0.000001256
562,3840,0.000001195
563,3840,0.000001272
564,3840,0.000001178
565,3840,0.000001194
566,3840,0.000001188
567,3840,0.000001440
568,3840,0.000001898
569,3840,0.000001228
570,3840,0.000001236
571,3840,0.000001292
572,3840,0.000001226
573,3840,0.000001229
574,3840,0.000001286
575,3840,0.000000983
576,3840,0.000001088
577,3840,0.000001234
578,3840,0.000001252
579,3840,0.000001184
580,3840,0.000002027
581,3840,0.000001434
582,3840,0.000001209
583,3840,0.000001184
584,3840,0.000001176
585,3840,0.000001185
586,3840,0.000001187
587,3840,0.000001201
588,3840,0.000001401
589,3840,0.000001194
590,3840,0.000001200
591,3840,0.000001055
592,3840,0.000001727
593,3840,0.000001261
594,3840,0.000001171
595,3840,0.000001184
596,3840,0.000001175
597,3840,0.000001242
598,3840,0.000001179
599,3840,0.000001213
600,3840,0.000001189
601,3840,0.000001206
602,3840,0.000001268
603,3840,0.000001220
604,3840,0.000001933
605,3840,0.000001214
606,3840,0.000001198
607,3840,0.000000988
608,3840,0.000000990
609,3840,0.000001183
610,3840,0.000001251
611,3840,0.000001189
612,3840,0.000001214
613,3840,0.000001191
614,3840,0.000001255
615,3840,0.000001211
616,3840,0.000001929
617,3840,0.000001208
618,3840,0.000001225
619,3840,0.000001222
620,3840,0.000001277
621,3840,0.000001419
622,3840,0.000001247
623,3840,0.000000997
624,3840,0.000000988
625,3840,0.000001182
626,3840,0.000001166
627,3840,0.000001229
628,3840,0.000001959
629,3840,0.000001245
630,3840,0.000001174
631,3840,0.000001210
632,3840,0.000001221
633,3840,0.000001228
634,3840,0.000001190
635,3840,0.000001217
636,3840,0.000001237
637,3840,0.000001228
638,3840,0.000001185
639,3840,0.000001011
640,3840,0.000001812
641,3840,0.000001203
642,3840,0.000001184
643,3840,0.000001207
644,3840,0.000001176
645,3840,0.000001171
646,3840,0.000001332
647,3840,0.000001172
648,3840,0.000001247
649,3840,0.000001194
650,3840,0.000001219
651,3840,0.000001215
652,3840,0.000002069
653,3840,0.000001225
654,3840,0.000001198
655,3840,0.000000991
656,3840,0.000000991
657,3840,0.000001192
658,3840,0.000001281
659,3840,0.000001297
660,3840,0.000001165
661,3840,0.000001202
662,3840,0.000001175
663,3840,0.000001271
664,3840,0.000001923
665,3840,0.000001380
666,3840,0.000001202
667,3840,0.000001281
668,3840,0.000001217
669,3840,0.000001218
670,3840,0.000001169
671,3840,0.000000992
672,3840,0.000001010
673,3840,0.000001194
674,3840,0.000001197
675,3840,0.000001195
676,3840,0.000001910
677,3840,0.000001195
678,3840,0.000001237
679,3840,0.000001179
680,3840,0.000001235
681,3840,0.000001184
682,3840,0.000001533
683,3840,0.000001213
684,3840,0.000001235
685,3840,0.000001184
686,3840,0.000001181
687,3840,0.000001729
688,3840,0.000001025
689,3840,0.000001211
690,3840,0.000001182
691,3840,0.000001248
692,3840,0.000001179
693,3840,0.000001218
694,3840,0.000001202
695,3840,0.000001184
696,3840,0.000001183
697,3840,0.000001247
698,3840,0.000001187
699,3840,0.000001979
700,3840,0.000001687
701,3840,0.000001413
702,3840,0.000001344
703,3840,0.000001121
704,3840,0.000001376
705,3840,0.000001328
706,3840,0.000001312
707,3840,0.000001369
708,3840,0.000001361
709,3840,0.000001364
710,3840,0.000002037
711,3840,0.000001233
712,3840,0.000001240
713,3840,0.000001225
714,3840,0.000001258
715,3840,0.000001232
716,3840,0.000001264
717,3840,0.000001208
718,3840,0.000001200
719,3840,0.000000984
720,3840,0.000001018
721,3840,0.000001220
722,3840,0.000001913
723,3840,0.000001215
724,3840,0.000001162
725,3840,0.000001211
726,3840,0.000001235
727,3840,0.000001201
728,3840,0.000001236
729,3840,0.000001331
730,3840,0.000001389
731,3840,0.000001224
732,3840,0.000001323
733,3840,0.000001983
734,3840,0.000001225
735,3840,0.000000990
736,3840,0.000000992
737,3840,0.000001177
738,3840,0.000001263
739,3840,0.000001204
740,3840,0.000001180
741,3840,0.000001190
742,3840,0.000001350
743,3840,0.000001170
744,3840,0.000001254
745,3840,0.000001893
746,3840,0.000001357
747,3840,0.000001202
748,3840,0.000001225
749,3840,0.000001252
750,3840,0.000001180
751,3840,0.000000981
752,3840,0.000001014
753,3840,0.000001221
754,3840,0.000001215
755,3840,0.000001187
756,3840,0.000001178
757,3840,0.000001954
758,3840,0.000001353
759,3840,0.000001289
760,3840,0.000001183
761,3840,0.000001217
762,3840,0.000001203
763,3840,0.000001195
764,3840,0.000001332
765,3840,0.000001247
766,3840,0.000001183
767,3840,0.000000984
768,3840,0.000001036
769,3840,0.000001914
770,3840,0.000001256
771,3840,0.000001173
772,3840,0.000001169
773,3840,0.000001164
774,3840,0.000001174
775,3840,0.000001161
776,3840,0.000001175
777,3840,0.000001229
778,3840,0.000001215
779,3840,0.000001236
780,3840,0.000001260
781,3840,0.000001921
782,3840,0.000001235
783,3840,0.000000977
784,3840,0.000000995
785,3840,0.000001203
786,3840,0.000001178
787,3840,0.000001198
788,3840,0.000001175
789,3840,0.000001201
790,3840,0.000001178
791,3840,0.000001186
792,3840,0.000001193
793,3840,0.000001909
794,3840,0.000001242
795,3840,0.000001185
796,3840,0.000001263
797,3840,0.000001177
798,3840,0.000001287
799,3840,0.000001014
800,3840,0.000001016
801,3840,0.000001184
802,3840,0.000001231
803,3840,0.000001184
804,3840,0.000001254
805,3840,0.000001928
806,3840,0.000001252
807,3840,0.000001202
808,3840,0.000001202
809,3840,0.000001191
810,3840,0.000001214
811,3840,0.000001198
812,3840,0.000001268
813,3840,0.000001174
814,3840,0.000001183
815,3840,0.000000975
816,3840,0.000001010
817,3840,0.000001226
818,3840,0.000001921
819,3840,0.000001263
820,3840,0.000001162
821,3840,0.000001184
822,3840,0.000001160
823,3840,0.000001205
824,3840,0.000001167
825,3840,0.000001210
826,3840,0.000001186
827,3840,0.000001272
828,3840,0.000001224
829,3840,0.000002030
830,3840,0.000001220
831,3840,0.000000989
832,3840,0.000000993
833,3840,0.000001171
834,3840,0.000001277
835,3840,0.000001183
836,3840,0.000001204
837,3840,0.000001170
838,3840,0.000001189
839,3840,0.000001167
840,3840,0.000001252
841,3840,0.000001181
842,3840,0.000002015
843,3840,0.000001242
844,3840,0.000001234
845,3840,0.000001200
846,3840,0.000001197
847,3840,0.000000982
848,3840,0.000000989
849,3840,0.000001213
850,3840,0.000001201
851,3840,0.000001264
852,3840,0.000001174
853,3840,0.000001301
854,3840,0.000001915
855,3840,0.000001275
856,3840,0.000001209
857,3840,0.000001528
858,3840,0.000001276
859,3840,0.000001232
860,3840,0.000001371
861,3840,0.000001180
862,3840,0.000001237
863,3840,0.000001001
864,3840,0.000001036
865,3840,0.000001955
866,3840,0.000001212
867,3840,0.000001179
868,3840,0.000001270
869,3840,0.000001177
870,3840,0.000001309
871,3840,0.000001182
872,3840,0.000001322
873,3840,0.000001198
874,3840,0.000001243
875,3840,0.000001278
876,3840,0.000001461
877,3840,0.000001933
878,3840,0.000001254
879,3840,0.000000983
880,3840,0.000000993
881,3840,0.000001270
882,3840,0.000001207
883,3840,0.000001250
884,3840,0.000001420
885,3840,0.000001175
886,3840,0.000001173
887,3840,0.000001269
888,3840,0.000001208
889,3840,0.000001984
890,3840,0.000001248
891,3840,0.000001237
892,3840,0.000001236
893,3840,0.000001209
894,3840,0.000001231
895,3840,0.000000980
896,3840,0.000001347
897,3840,0.000001176
898,3840,0.000001303
899,3840,0.000001241
900,3840,0.000001977
901,3840,0.000001230
902,3840,0.000001198
903,3840,0.000001450
904,3840,0.000001271
905,3840,0.000001243
906,3840,0.000001301
907,3840,0.000001305
908,3840,0.000001261
909,3840,0.000001262
910,3840,0.000001254
911,3840,0.000001718
912,3840,0.000001023
913,3840,0.000001262
914,3840,0.000001231
915,3840,0.000001354
916,3840,0.000001219
917,3840,0.000001261
918,3840,0.000001180
919,3840,0.000001233
920,3840,0.000001173
921,3840,0.000001585
922,3840,0.000001222
923,3840,0.000002004
924,3840,0.000001257
925,3840,0.000001219
926,3840,0.000001349
927,3840,0.000000983
928,3840,0.000001356
929,3840,0.000001224
930,3840,0.000001351
931,3840,0.000001529
932,3840,0.000001327
933,3840,0.000004762
934,3840,0.000003554
935,3840,0.000002770
936,3840,0.000002428
937,3840,0.000002442
938,3840,0.000005019
939,3840,0.000003304
940,3840,0.000002458
941,3840,0.000002425
942,3840,0.000002348
943,3840,0.000001847
944,3840,0.000002136
945,3840,0.000002372
946,3840,0.000002417
947,3840,0.000002498
948,3840,0.000002388
949,3840,0.000002669
950,3840,0.000003153
951,3840,0.000002534
952,3840,0.000002429
953,3840,0.000003936
954,3840,0.000002540
955,3840,0.000003964
956,3840,0.000002824
957,3840,0.000002347
958,3840,0.000002460
959,3840,0.000001032
960,3840,0.000002087
961,3840,0.000003140
962,3840,0.000002387
963,3840,0.000002300
964,3840,0.000002353
965,3840,0.000002387
966,3840,0.000002307
967,3840,0.000002404
968,3840,0.000003272
969,3840,0.000002416
970,3840,0.000002517
971,3840,0.000004715
972,3840,0.000002386
973,3840,0.000003251
974,3840,0.000002743
975,3840,0.000001044
976,3840,0.000002148
977,3840,0.000002260
978,3840,0.000002272
979,3840,0.000003201
980,3840,0.000002371
981,3840,0.000002390
982,3840,0.000002287
983,3840,0.000002284
984,3840,0.000002289
985,3840,0.000003376
986,3840,0.000002460
987,3840,0.000002375
988,3840,0.000002403
989,3840,0.000002352
990,3840,0.000002698
991,3840,0.000001823
992,3840,0.000002185
993,3840,0.000002283
994,3840,0.000002238
995,3840,0.000003540
996,3840,0.000002365
997,3840,0.000002412
998,3840,0.000003144
999,3840,0.000002352
0,4096,0.000003328
1,4096,0.000001293
2,4096,0.000001163
3,4096,0.000001005
4,4096,0.000001018
5,4096,0.000001016
6,4096,0.000001086
7,4096,0.000001018
8,4096,0.000001033
9,4096,0.000001036
10,4096,0.000001121
11,4096,0.000001001
12,4096,0.000001286
13,4096,0.000001541
14,4096,0.000001599
15,4096,0.000001520
16,4096,0.000002456
17,4096,0.000001658
18,4096,0.000001456
19,4096,0.000001518
20,4096,0.000001466
21,4096,0.000001691
22,4096,0.000001385
23,4096,0.000001578
24,4096,0.000001343
25,4096,0.000001424
26,4096,0.000001573
27,4096,0.000001567
28,4096,0.000001681
29,4096,0.000001425
30,4096,0.000001400
31,4096,0.000001595
32,4096,0.000001324
33,4096,0.000001582
34,4096,0.000001503
35,4096,0.000003438
36,4096,0.000001565
37,4096,0.000001461
38,4096,0.000001557
39,4096,0.000001426
40,4096,0.000001526
41,4096,0.000001445
42,4096,0.000001429
43,4096,0.000001399
44,4096,0.000001437
45,4096,0.000002539
46,4096,0.000001435
47,4096,0.000001935
48,4096,0.000001414
49,4096,0.000001367
50,4096,0.000001333
51,4096,0.000001585
52,4096,0.000001418
53,4096,0.000001407
54,4096,0.000002574
55,4096,0.000001780
56,4096,0.000001408
57,4096,0.000001347
58,4096,0.000001409
59,4096,0.000001365
60,4096,0.000001383
61,4096,0.000001354
62,4096,0.000001490
63,4096,0.000001520
64,4096,0.000002439
65,4096,0.000001490
66,4096,0.000001390
67,4096,0.000001398
68,4096,0.000001648
69,4096,0.000001454
70,4096,0.000001395
71,4096,0.000001424
72,4096,0.000001343
73,4096,0.000001538
74,4096,0.000002657
75,4096,0.000001502
76,4096,0.000001449
77,4096,0.000001348
78,4096,0.000001513
79,4096,0.000001419
80,4096,0.000001508
81,4096,0.000001471
82,4096,0.000001413
83,4096,0.000003087
84,4096,0.000001751
85,4096,0.000001343
86,4096,0.000001333
87,4096,0.000001692
88,4096,0.000001381
89,4096,0.000001468
90,4096,0.000001470
91,4096,0.000001741
92,4096,0.000001811
93,4096,0.000001495
94,4096,0.000001530
95,4096,0.000001492
96,4096,0.000001535
97,4096,0.000001527
98,4096,0.000001538
99,4096,0.000001860
100,4096,0.000001483
101,4096,0.000001617
102,4096,0.000001546
103,4096,0.000001532
104,4096,0.000001470
105,4096,0.000001530
106,4096,0.000001500
107,4096,0.000001475
108,4096,0.000001548
109,4096,0.000001476
110,4096,0.000001496
111,4096,0.000001441
112,4096,0.000001455
113,4096,0.000001479
114,4096,0.000001467
115,4096,0.000001461
116,4096,0.000001473
117,4096,0.000001507
118,4096,0.000001481
119,4096,0.000001446
120,4096,0.000001587
121,4096,0.000001460
122,4096,0.000001589
123,4096,0.000001485
124,4096,0.000001516
125,4096,0.000001607
126,4096,0.000001464
127,4096,0.000001627
128,4096,0.000001455
129,4096,0.000001536
130,4096,0.000001464
131,4096,0.000001569
132,4096,0.000001464
133,4096,0.000001500
134,4096,0.000001476
135,4096,0.000001631
136,4096,0.000001476
137,4096,0.000001548
138,4096,0.000001458
139,4096,0.000001484
140,4096,0.000001446
141,4096,0.000001504
142,4096,0.000001554
143,4096,0.000001506
144,4096,0.000001460
145,4096,0.000001515
146,4096,0.000001436
147,4096,0.000001533
148,4096,0.000001495
149,4096,0.000001466
150,4096,0.000001428
151,4096,0.000001512
152,4096,0.000001472
153,4096,0.000001499
154,4096,0.000001456
155,4096,0.000001607
156,4096,0.000001461
157,4096,0.000001476
158,4096,0.000001467
159,4096,0.000001463
160,4096,0.000001480
161,4096,0.000001522
162,4096,0.000003263
163,4096,0.000001518
164,4096,0.000001554
165,4096,0.000001472
166,4096,0.000001471
167,4096,0.000001454
168,4096,0.000001555
169,4096,0.000001460
170,4096,0.000001450
171,4096,0.000001460
172,4096,0.000002626
173,4096,0.000001756
174,4096,0.000001523
175,4096,0.000001459
176,4096,0.000001527
177,4096,0.000001454
178,4096,0.000001494
179,4096,0.000001488
180,4096,0.000001527
181,4096,0.000002473
182,4096,0.000001560
183,4096,0.000001485
184,4096,0.000001503
185,4096,0.000001472
186,4096,0.000001472
187,4096,0.000001485
188,4096,0.000001551
189,4096,0.000001460
190,4096,0.000001490
191,4096,0.000002433
192,4096,0.000001548
193,4096,0.000001453
194,4096,0.000001491
195,4096,0.000001460
196,4096,0.000001641
197,4096,0.000001471
198,4096,0.000001557
199,4096,0.000001445
200,4096,0.000002458
201,4096,0.000001632
202,4096,0.000001493
203,4096,0.000001554
204,4096,0.000002128
205,4096,0.000001453
206,4096,0.000001059
207,4096,0.000000985
208,4096,0.000000996
209,4096,0.000000979
210,4096,0.000001133
211,4096,0.000001978
212,4096,0.000001053
213,4096,0.000001409
214,4096,0.000001064
215,4096,0.000001042
216,4096,0.000001011
217,4096,0.000001048
218,4096,0.000001110
219,4096,0.000001014
220,4096,0.000001020
221,4096,0.000000985
222,4096,0.000000988
223,4096,0.000001129
224,4096,0.000001740
225,4096,0.000001024
226,4096,0.000001024
227,4096,0.000001054
228,4096,0.000001023
229,4096,0.000001064
230,4096,0.000000993
231,4096,0.000001002
232,4096,0.000000995
233,4096,0.000000991
234,4096,0.000000992
235,4096,0.000001006
236,4096,0.000000991
237,4096,0.000000996
238,4096,0.000001767
239,4096,0.000001068
240,4096,0.000001030
241,4096,0.000000996
242,4096,0.000000997
243,4096,0.000001006
244,4096,0.000001011
245,4096,0.000001126
246,4096,0.000001004
247,4096,0.000001140
248,4096,0.000001003
249,4096,0.000001021
250,4096,0.000001391
251,4096,0.000001700
252,4096,0.000001024
253,4096,0.000000990
254,4096,0.000000986
255,4096,0.000001008
256,4096,0.000001072
257,4096,0.000000988
258,4096,0.000001068
259,4096,0.000001004
260,4096,0.000001058
261,4096,0.000000994
262,4096,0.000001037
263,4096,0.000000973
264,4096,0.000001005
265,4096,0.000001703
266,4096,0.000001125
267,4096,0.000001002
268,4096,0.000001021
269,4096,0.000000982
270,4096,0.000001045
271,4096,0.000000981
272,4096,0.000001104
273,4096,0.000000983
274,4096,0.000001064
275,4096,0.000000994
276,4096,0.000001011
277,4096,0.000000980
278,4096,0.000001024
279,4096,0.000001796
280,4096,0.000001022
281,4096,0.000001114
282,4096,0.000001001
283,4096,0.000001039
284,4096,0.000001012
285,4096,0.000001006
286,4096,0.000000987
287,4096,0.000001029
288,4096,0.000000980
289,4096,0.000001152
290,4096,0.000000986
291,4096,0.000001073
292,4096,0.000000993
293,4096,0.000001731
294,4096,0.000001513
295,4096,0.000001167
296,4096,0.000001129
297,4096,0.000001210
298,4096,0.000001148
299,4096,0.000001129
300,4096,0.000001115
301,4096,0.000001217
302,4096,0.000001134
303,4096,0.000001107
304,4096,0.000001102
305,4096,0.000001866
306,4096,0.000001045
307,4096,0.000001043
308,4096,0.000001110
309,4096,0.000001072
310,4096,0.000001053
311,4096,0.000001038
312,4096,0.000001008
313,4096,0.000001256
314,4096,0.000001059
315,4096,0.000001017
316,4096,0.000001095
317,4096,0.000001036
318,4096,0.000001937
319,4096,0.000001015
320,4096,0.000001100
321,4096,0.000001005
322,4096,0.000001069
323,4096,0.000000988
324,4096,0.000001063
325,4096,0.000001045
326,4096,0.000001119
327,4096,0.000000989
328,4096,0.000001042
329,4096,0.000001004
330,4096,0.000001077
331,4096,0.000001094
332,4096,0.000001723
333,4096,0.000001036
334,4096,0.000001006
335,4096,0.000001059
336,4096,0.000000988
337,4096,0.000001039
338,4096,0.000000996
339,4096,0.000001003
340,4096,0.000000991
341,4096,0.000001013
342,4096,0.000001012
343,4096,0.000000994
344,4096,0.000000983
345,4096,0.000001001
346,4096,0.000001735
347,4096,0.000001051
348,4096,0.000000998
349,4096,0.000001006
350,4096,0.000000992
351,4096,0.000001092
352,4096,0.000001028
353,4096,0.000001013
354,4096,0.000001000
355,4096,0.000001046
356,4096,0.000001012
357,4096,0.000001391
358,4096,0.000001016
359,4096,0.000001045
360,4096,0.000001728
361,4096,0.000001035
362,4096,0.000001006
363,4096,0.000001081
364,4096,0.000000996
365,4096,0.000001018
366,4096,0.000000995
367,4096,0.000001063
368,4096,0.000001023
369,4096,0.000000990
370,4096,0.000000993
371,4096,0.000001091
372,4096,0.000000991
373,4096,0.000001169
374,4096,0.000001725
375,4096,0.000001063
376,4096,0.000000986
377,4096,0.000001086
378,4096,0.000001050
379,4096,0.000000988
380,4096,0.000001128
381,4096,0.000000984
382,4096,0.000001052
383,4096,0.000000980
384,4096,0.000001200
385,4096,0.000000983
386,4096,0.000001020
387,4096,0.000001723
388,4096,0.000001184
389,4096,0.000000986
390,4096,0.000001052
391,4096,0.000000992
392,4096,0.000001005
393,4096,0.000001120
394,4096,0.000001097
395,4096,0.000000996
396,4096,0.000001026
397,4096,0.000001014
398,4096,0.000001002
399,4096,0.000000977
400,4096,0.000001079
401,4096,0.000001732
402,4096,0.000001126
403,4096,0.000000977
404,4096,0.000001111
405,4096,0.000001002
406,4096,0.000001087
407,4096,0.000001010
408,4096,0.000001074
409,4096,0.000000981
410,4096,0.000001079
411,4096,0.000000983
412,4096,0.000001057
413,4096,0.000001023
414,4096,0.000001196
415,4096,0.000001767
416,4096,0.000001146
417,4096,0.000001046
418,4096,0.000001073
419,4096,0.000000987
420,4096,0.000001042
421,4096,0.000000994
422,4096,0.000001061
423,4096,0.000000999
424,4096,0.000001066
425,4096,0.000000982
426,4096,0.000001027
427,4096,0.000001003
428,4096,0.000001752
429,4096,0.000001015
430,4096,0.000001082
431,4096,0.000001086
432,4096,0.000001071
433,4096,0.000001038
434,4096,0.000001004
435,4096,0.000000979
436,4096,0.000001034
437,4096,0.000001001
438,4096,0.000001079
439,4096,0.000001040
440,4096,0.000000988
441,4096,0.000000994
442,4096,0.000001729
443,4096,0.000001032
444,4096,0.000001008
445,4096,0.000001055
446,4096,0.000001092
447,4096,0.000001019
448,4096,0.000001011
449,4096,0.000001080
450,4096,0.000001041
451,4096,0.000000981
452,4096,0.000001000
453,4096,0.000000986
454,4096,0.000001014
455,4096,0.000000997
456,4096,0.000001817
457,4096,0.000001001
458,4096,0.000001068
459,4096,0.000000991
460,4096,0.000001054
461,4096,0.000001010
462,4096,0.000001050
463,4096,0.000000990
464,4096,0.000001114
465,4096,0.000001013
466,4096,0.000001046
467,4096,0.000000987
468,4096,0.000001009
469,4096,0.000000975
470,4096,0.000001724
471,4096,0.000001085
472,4096,0.000001068
473,4096,0.000000991
474,4096,0.000000989
475,4096,0.000000974
476,4096,0.000001014
477,4096,0.000000985
478,4096,0.000001070
479,4096,0.000000983
480,4096,0.000001022
481,4096,0.000000987
482,4096,0.000001026
483,4096,0.000001023
484,4096,0.000011721
485,4096,0.000001243
486,4096,0.000001067
487,4096,0.000001012
488,4096,0.000001120
489,4096,0.000001028
490,4096,0.000001027
491,4096,0.000001010
492,4096,0.000001127
493,4096,0.000001007
494,4096,0.000001002
495,4096,0.000001002
496,4096,0.000001104
497,4096,0.000001028
498,4096,0.000001004
499,4096,0.000000996
500,4096,0.000001074
501,4096,0.000001166
502,4096,0.000000994
503,4096,0.000001139
504,4096,0.000000996
505,4096,0.000001037
506,4096,0.000001012
507,4096,0.000001061
508,4096,0.000001132
509,4096,0.000001016
510,4096,0.000001141
511,4096,0.000001013
512,4096,0.000001208
513,4096,0.000001028
514,4096,0.000001059
515,4096,0.000001006
516,4096,0.000001023
517,4096,0.000001021
518,4096,0.000001061
519,4096,0.000001015
520,4096,0.000001008
521,4096,0.000001013
522,4096,0.000002275
523,4096,0.000001067
524,4096,0.000001053
525,4096,0.000001039
526,4096,0.000001033
527,4096,0.000001024
528,4096,0.000001013
529,4096,0.000001012
530,4096,0.000001159
531,4096,0.000001029
532,4096,0.000001321
533,4096,0.000001020
534,4096,0.000001078
535,4096,0.000001020
536,4096,0.000001058
537,4096,0.000001034
538,4096,0.000001006
539,4096,0.000001077
540,4096,0.000001157
541,4096,0.000001034
542,4096,0.000015957
543,4096,0.000001010
544,4096,0.000001123
545,4096,0.000001003
546,4096,0.000001026
547,4096,0.000001000
548,4096,0.000001042
549,4096,0.000000996
550,4096,0.000001291
551,4096,0.000001006
552,4096,0.000001461
553,4096,0.000001007
554,4096,0.000001026
555,4096,0.000001003
556,4096,0.000001937
557,4096,0.000001044
558,4096,0.000001022
559,4096,0.000001024
560,4096,0.000001088
561,4096,0.000001048
562,4096,0.000001186
563,4096,0.000001045
564,4096,0.000001070
565,4096,0.000001101
566,4096,0.000001029
567,4096,0.000001024
568,4096,0.000001028
569,4096,0.000001017
570,4096,0.000001085
571,4096,0.000001018
572,4096,0.000001083
573,4096,0.000001019
574,4096,0.000001108
575,4096,0.000009409
576,4096,0.000001844
577,4096,0.000001035
578,4096,0.000001015
579,4096,0.000001001
580,4096,0.000001090
581,4096,0.000001039
582,4096,0.000001117
583,4096,0.000001045
584,4096,0.000001077
585,4096,0.000000998
586,4096,0.000001133
587,4096,0.000001027
588,4096,0.000002407
589,4096,0.000001053
590,4096,0.000001043
591,4096,0.000001168
592,4096,0.000001045
593,4096,0.000001012
594,4096,0.000001042
595,4096,0.000000998
596,4096,0.000001103
597,4096,0.000001033
598,4096,0.000001118
599,4096,0.000001019
600,4096,0.000001093
601,4096,0.000001004
602,4096,0.000001056
603,4096,0.000001782
604,4096,0.000001053
605,4096,0.000001007
606,4096,0.000001089
607,4096,0.000001091
608,4096,0.000001058
609,4096,0.000001093
610,4096,0.000000981
611,4096,0.000001011
612,4096,0.000001168
613,4096,0.000000994
614,4096,0.000001072
615,4096,0.000000989
616,4096,0.000001824
617,4096,0.000001043
618,4096,0.000001098
619,4096,0.000001002
620,4096,0.000001020
621,4096,0.000001006
622,4096,0.000001072
623,4096,0.000001011
624,4096,0.000001322
625,4096,0.000001038
626,4096,0.000001110
627,4096,0.000000997
628,4096,0.000001007
629,4096,0.000001104
630,4096,0.000001757
631,4096,0.000001055
632,4096,0.000001003
633,4096,0.000001011
634,4096,0.000001041
635,4096,0.000001030
636,4096,0.000001066
637,4096,0.000001006
638,4096,0.000001089
639,4096,0.000001029
640,4096,0.000001433
641,4096,0.000001005
642,4096,0.000001048
643,4096,0.000001717
644,4096,0.000001031
645,4096,0.000000995
646,4096,0.000001181
647,4096,0.000001563
648,4096,0.000001545
649,4096,0.000001565
650,4096,0.000001461
651,4096,0.000001471
652,4096,0.000002360
653,4096,0.000002619
654,4096,0.000001682
655,4096,0.000001461
656,4096,0.000001650
657,4096,0.000001582
658,4096,0.000001444
659,4096,0.000001578
660,4096,0.000002370
661,4096,0.000001602
662,4096,0.000003284
663,4096,0.000001557
664,4096,0.000001634
665,4096,0.000001589
666,4096,0.000001603
667,4096,0.000001480
668,4096,0.000001657
669,4096,0.000001498
670,4096,0.000002684
671,4096,0.000001559
672,4096,0.000001482
673,4096,0.000001479
674,4096,0.000001473
675,4096,0.000001449
676,4096,0.000001485
677,4096,0.000001478
678,4096,0.000001508
679,4096,0.000001498
680,4096,0.000002566
681,4096,0.000001536
682,4096,0.000001511
683,4096,0.000001475
684,4096,0.000001505
685,4096,0.000001719
686,4096,0.000001498
687,4096,0.000001556
688,4096,0.000001578
689,4096,0.000002475
690,4096,0.000001496
691,4096,0.000001487
692,4096,0.000001529
693,4096,0.000001507
694,4096,0.000001684
695,4096,0.000001446
696,4096,0.000001607
697,4096,0.000001444
698,4096,0.000002608
699,4096,0.000001504
700,4096,0.000001581
701,4096,0.000001513
702,4096,0.000001463
703,4096,0.000001507
704,4096,0.000001545
705,4096,0.000001444
706,4096,0.000001494
707,4096,0.000002421
708,4096,0.000001532
709,4096,0.000001479
710,4096,0.000001603
711,4096,0.000001474
712,4096,0.000001494
713,4096,0.000001533
714,4096,0.000001500
715,4096,0.000001452
716,4096,0.000001510
717,4096,0.000002503
718,4096,0.000001622
719,4096,0.000001620
720,4096,0.000001443
721,4096,0.000001014
722,4096,0.000001149
723,4096,0.000000996
724,4096,0.000001009
725,4096,0.000000986
726,4096,0.000001027
727,4096,0.000001000
728,4096,0.000001944
729,4096,0.000001038
730,4096,0.000001119
731,4096,0.000000991
732,4096,0.000001014
733,4096,0.000000991
734,4096,0.000001012
735,4096,0.000001014
736,4096,0.000001054
737,4096,0.000000987
738,4096,0.000000995
739,4096,0.000000987
740,4096,0.000001052
741,4096,0.000001028
742,4096,0.000001943
743,4096,0.000001035
744,4096,0.000001032
745,4096,0.000001027
746,4096,0.000000993
747,4096,0.000001012
748,4096,0.000000986
749,4096,0.000001099
750,4096,0.000001004
751,4096,0.000001001
752,4096,0.000001157
753,4096,0.000000992
754,4096,0.000001109
755,4096,0.000001727
756,4096,0.000001117
757,4096,0.000001025
758,4096,0.000001011
759,4096,0.000001011
760,4096,0.000000994
761,4096,0.000000991
762,4096,0.000001035
763,4096,0.000001041
764,4096,0.000001010
765,4096,0.000000996
766,4096,0.000001005
767,4096,0.000001001
768,4096,0.000001385
769,4096,0.000001776
770,4096,0.000001183
771,4096,0.000000989
772,4096,0.000000998
773,4096,0.000000987
774,4096,0.000001100
775,4096,0.000000995
776,4096,0.000001047
777,4096,0.000000991
778,4096,0.000001014
779,4096,0.000001040
780,4096,0.000000992
781,4096,0.000001084
782,4096,0.000001161
783,4096,0.000001731
784,4096,0.000001040
785,4096,0.000001000
786,4096,0.000001135
787,4096,0.000001021
788,4096,0.000001058
789,4096,0.000001051
790,4096,0.000001055
791,4096,0.000001048
792,4096,0.000001083
793,4096,0.000001053
794,4096,0.000000984
795,4096,0.000001033
796,4096,0.000001755
797,4096,0.000001056
798,4096,0.000001108
799,4096,0.000001006
800,4096,0.000001084
801,4096,0.000001116
802,4096,0.000000980
803,4096,0.000001060
804,4096,0.000001053
805,4096,0.000001113
806,4096,0.000001008
807,4096,0.000001160
808,4096,0.000000975
809,4096,0.000001351
810,4096,0.000001769
811,4096,0.000001050
812,4096,0.000001002
813,4096,0.000001021
814,4096,0.000001091
815,4096,0.000001023
816,4096,0.000001077
817,4096,0.000001007
818,4096,0.000001083
819,4096,0.000000997
820,4096,0.000001060
821,4096,0.000001064
822,4096,0.000001292
823,4096,0.000001802
824,4096,0.000001127
825,4096,0.000000991
826,4096,0.000001076
827,4096,0.000001003
828,4096,0.000001109
829,4096,0.000000994
830,4096,0.000001065
831,4096,0.000000992
832,4096,0.000001059
833,4096,0.000000994
834,4096,0.000001057
835,4096,0.000001006
836,4096,0.000001096
837,4096,0.000001724
838,4096,0.000001073
839,4096,0.000001061
840,4096,0.000001123
841,4096,0.000001000
842,4096,0.000001389
843,4096,0.000001027
844,4096,0.000001065
845,4096,0.000001019
846,4096,0.000001002
847,4096,0.000001004
848,4096,0.000001098
849,4096,0.000001062
850,4096,0.000001822
851,4096,0.000001026
852,4096,0.000000995
853,4096,0.000000985
854,4096,0.000001043
855,4096,0.000000983
856,4096,0.000001068
857,4096,0.000000989
858,4096,0.000001148
859,4096,0.000001017
860,4096,0.000001054
861,4096,0.000000989
862,4096,0.000001000
863,4096,0.000001046
864,4096,0.000001765
865,4096,0.000001039
866,4096,0.000001034
867,4096,0.000001300
868,4096,0.000001011
869,4096,0.000000990
870,4096,0.000001017
871,4096,0.000001054
872,4096,0.000001069
873,4096,0.000001090
874,4096,0.000001117
875,4096,0.000001124
876,4096,0.000001066
877,4096,0.000001769
878,4096,0.000001087
879,4096,0.000001132
880,4096,0.000001146
881,4096,0.000001083
882,4096,0.000001115
883,4096,0.000001145
884,4096,0.000001101
885,4096,0.000001045
886,4096,0.000001015
887,4096,0.000001216
888,4096,0.000001163
889,4096,0.000001064
890,4096,0.000001773
891,4096,0.000001058
892,4096,0.000001546
893,4096,0.000002084
894,4096,0.000001719
895,4096,0.000001633
896,4096,0.000002431
897,4096,0.000001648
898,4096,0.000001751
899,4096,0.000003095
900,4096,0.000001534
901,4096,0.000001569
902,4096,0.000001610
903,4096,0.000001775
904,4096,0.000001434
905,4096,0.000001520
906,4096,0.000001353
907,4096,0.000001888
908,4096,0.000002876
909,4096,0.000001631
910,4096,0.000001574
911,4096,0.000001430
912,4096,0.000001504
913,4096,0.000001304
914,4096,0.000001509
915,4096,0.000001408
916,4096,0.000001390
917,4096,0.000002706
918,4096,0.000001750
919,4096,0.000001327
920,4096,0.000001442
921,4096,0.000001405
922,4096,0.000001512
923,4096,0.000001777
924,4096,0.000001444
925,4096,0.000001795
926,4096,0.000002923
927,4096,0.000001925
928,4096,0.000001661
929,4096,0.000002119
930,4096,0.000001556
931,4096,0.000001416
932,4096,0.000001516
933,4096,0.000001523
934,4096,0.000002546
935,4096,0.000001434
936,4096,0.000001715
937,4096,0.000001306
938,4096,0.000006678
939,4096,0.000004444
940,4096,0.000003321
941,4096,0.000003048
942,4096,0.000002862
943,4096,0.000003333
944,4096,0.000002910
945,4096,0.000003011
946,4096,0.000002994
947,4096,0.000003247
948,4096,0.000003051
949,4096,0.000003061
950,4096,0.000003065
951,4096,0.000003142
952,4096,0.000003025
953,4096,0.000003403
954,4096,0.000002900
955,4096,0.000002913
956,4096,0.000003202
957,4096,0.000003601
958,4096,0.000003141
959,4096,0.000003459
960,4096,0.000003840
961,4096,0.000003347
962,4096,0.000003235
963,4096,0.000003077
964,4096,0.000003235
965,4096,0.000003251
966,4096,0.000002980
967,4096,0.000005261
968,4096,0.000007162
969,4096,0.000003170
970,4096,0.000003604
971,4096,0.000003075
972,4096,0.000003374
973,4096,0.000003158
974,4096,0.000003519
975,4096,0.000003238
976,4096,0.000003113
977,4096,0.000003118
978,4096,0.000003179
979,4096,0.000003428
980,4096,0.000003064
981,4096,0.000002915
982,4096,0.000003101
983,4096,0.000003172
984,4096,0.000003264
985,4096,0.000003445
986,4096,0.000003141
987,4096,0.000003030
988,4096,0.000003208
989,4096,0.000003138
990,4096,0.000003198
991,4096,0.000003136
992,4096,0.000013694
993,4096,0.000003577
994,4096,0.000006009
995,4096,0.000003443
996,4096,0.000003271
997,4096,0.000003710
998,4096,0.000003528
999,4096,0.000007108
0,4352,0.000005312
1,4352,0.000002125
2,4352,0.000001818
3,4352,0.000002044
4,4352,0.000002103
5,4352,0.000002312
6,4352,0.000001755
7,4352,0.000001720
8,4352,0.000001932
9,4352,0.000001836
10,4352,0.000001870
11,4352,0.000001935
12,4352,0.000002093
13,4352,0.000001780
14,4352,0.000001819
15,4352,0.000001765
16,4352,0.000002108
17,4352,0.000001770
18,4352,0.000001802
19,4352,0.000003678
20,4352,0.000001858
21,4352,0.000001854
22,4352,0.000001752
23,4352,0.000001974
24,4352,0.000001780
25,4352,0.000001878
26,4352,0.000001729
27,4352,0.000003529
28,4352,0.000001942
29,4352,0.000001862
30,4352,0.000001747
31,4352,0.000002111
32,4352,0.000002135
33,4352,0.000001867
34,4352,0.000003189
35,4352,0.000002423
36,4352,0.000002209
37,4352,0.000002111
38,4352,0.000002511
39,4352,0.000001969
40,4352,0.000002307
41,4352,0.000003212
42,4352,0.000001910
43,4352,0.000001789
44,4352,0.000001930
45,4352,0.000001816
46,4352,0.000002090
47,4352,0.000001879
48,4352,0.000002887
49,4352,0.000001810
50,4352,0.000001867
51,4352,0.000001810
52,4352,0.000001880
53,4352,0.000001798
54,4352,0.000001838
55,4352,0.000002839
56,4352,0.000001982
57,4352,0.000001880
58,4352,0.000002245
59,4352,0.000001976
60,4352,0.000001789
61,4352,0.000001918
62,4352,0.000002685
63,4352,0.000001449
64,4352,0.000001266
65,4352,0.000001270
66,4352,0.000001357
67,4352,0.000001433
68,4352,0.000001282
69,4352,0.000001306
70,4352,0.000001344
71,4352,0.000001222
72,4352,0.000001345
73,4352,0.000001953
74,4352,0.000001237
75,4352,0.000001228
76,4352,0.000001417
77,4352,0.000001227
78,4352,0.000001497
79,4352,0.000001287
80,4352,0.000001386
81,4352,0.000001239
82,4352,0.000001290
83,4352,0.000001326
84,4352,0.000001951
85,4352,0.000001303
86,4352,0.000001261
87,4352,0.000001357
88,4352,0.000001213
89,4352,0.000001303
90,4352,0.000001236
91,4352,0.000001470
92,4352,0.000001202
93,4352,0.000001363
94,4352,0.000001273
95,4352,0.000002103
96,4352,0.000001620
97,4352,0.000001236
98,4352,0.000001394
99,4352,0.000001273
100,4352,0.000001299
101,4352,0.000001337
102,4352,0.000001240
103,4352,0.000001657
104,4352,0.000001248
105,4352,0.000001938
106,4352,0.000001283
107,4352,0.000001256
108,4352,0.000001231
109,4352,0.000001299
110,4352,0.000001247
111,4352,0.000001360
112,4352,0.000001497
113,4352,0.000001256
114,4352,0.000001631
115,4352,0.000001246
116,4352,0.000002122
117,4352,0.000001410
118,4352,0.000001225
119,4352,0.000001621
120,4352,0.000001272
121,4352,0.000001325
122,4352,0.000001278
123,4352,0.000001334
124,4352,0.000001243
125,4352,0.000001321
126,4352,0.000001306
127,4352,0.000002080
128,4352,0.000001412
129,4352,0.000001232
130,4352,0.000001274
131,4352,0.000001212
132,4352,0.000001299
133,4352,0.000001302
134,4352,0.000001372
135,4352,0.000001229
136,4352,0.000001674
137,4352,0.000001273
138,4352,0.000001968
139,4352,0.000001319
140,4352,0.000001332
141,4352,0.000001278
142,4352,0.000001300
143,4352,0.000001288
144,4352,0.000001411
145,4352,0.000001444
146,4352,0.000001258
147,4352,0.000001335
148,4352,0.000001280
149,4352,0.000002054
150,4352,0.000001261
151,4352,0.000001523
152,4352,0.000001208
153,4352,0.000001268
154,4352,0.000001331
155,4352,0.000001207
156,4352,0.000001299
157,4352,0.000001250
158,4352,0.000001728
159,4352,0.000002014
160,4352,0.000001288
161,4352,0.000001414
162,4352,0.000001259
163,4352,0.000001372
164,4352,0.000001260
165,4352,0.000001305
166,4352,0.000001237
167,4352,0.000001271
168,4352,0.000001299
169,4352,0.000001318
170,4352,0.000001904
171,4352,0.000001436
172,4352,0.000001241
173,4352,0.000001326
174,4352,0.000001240
175,4352,0.000001402
176,4352,0.000001452
177,4352,0.000001251
178,4352,0.000001331
179,4352,0.000001184
180,4352,0.000001405
181,4352,0.000001944
182,4352,0.000001402
183,4352,0.000001246
184,4352,0.000001328
185,4352,0.000001252
186,4352,0.000001344
187,4352,0.000001206
188,4352,0.000001349
189,4352,0.000001304
190,4352,0.000001312
191,4352,0.000001239
192,4352,0.000002196
193,4352,0.000001403
194,4352,0.000001191
195,4352,0.000001391
196,4352,0.000001332
197,4352,0.000001359
198,4352,0.000001222
199,4352,0.000001318
200,4352,0.000001286
201,4352,0.000001470
202,4352,0.000001281
203,4352,0.000002038
204,4352,0.000001276
205,4352,0.000001359
206,4352,0.000001257
207,4352,0.000001397
208,4352,0.000001265
209,4352,0.000001383
210,4352,0.000001256
211,4352,0.000001368
212,4352,0.000001262
213,4352,0.000001337
214,4352,0.000001969
215,4352,0.000001343
216,4352,0.000001212
217,4352,0.000001327
218,4352,0.000001223
219,4352,0.000001245
220,4352,0.000001204
221,4352,0.000001349
222,4352,0.000001193
223,4352,0.000001317
224,4352,0.000001319
225,4352,0.000001969
226,4352,0.000001341
227,4352,0.000001246
228,4352,0.000001315
229,4352,0.000001225
230,4352,0.000001291
231,4352,0.000001217
232,4352,0.000001406
233,4352,0.000001233
234,4352,0.000001317
235,4352,0.000001358
236,4352,0.000001948
237,4352,0.000001466
238,4352,0.000001263
239,4352,0.000001268
240,4352,0.000001376
241,4352,0.000001212
242,4352,0.000001291
243,4352,0.000001236
244,4352,0.000001261
245,4352,0.000001226
246,4352,0.000001239
247,4352,0.000001231
248,4352,0.000001994
249,4352,0.000001233
250,4352,0.000001463
251,4352,0.000001273
252,4352,0.000001237
253,4352,0.000001224
254,4352,0.000001305
255,4352,0.000001230
256,4352,0.000001334
257,4352,0.000001296
258,4352,0.000001290
259,4352,0.000002019
260,4352,0.000001272
261,4352,0.000001264
262,4352,0.000001330
263,4352,0.000001286
264,4352,0.000001386
265,4352,0.000001278
266,4352,0.000001317
267,4352,0.000001219
268,4352,0.000001319
269,4352,0.000001222
270,4352,0.000001989
271,4352,0.000001390
272,4352,0.000001327
273,4352,0.000001296
274,4352,0.000001246
275,4352,0.000001362
276,4352,0.000001245
277,4352,0.000001258
278,4352,0.000001212
279,4352,0.000001465
280,4352,0.000001288
281,4352,0.000001967
282,4352,0.000001253
283,4352,0.000001270
284,4352,0.000001255
285,4352,0.000001283
286,4352,0.000001214
287,4352,0.000001353
288,4352,0.000001360
289,4352,0.000001294
290,4352,0.000001531
291,4352,0.000001285
292,4352,0.000001985
293,4352,0.000001310
294,4352,0.000001491
295,4352,0.000001707
296,4352,0.000001297
297,4352,0.000001373
298,4352,0.000001222
299,4352,0.000001752
300,4352,0.000001277
301,4352,0.000001381
302,4352,0.000001975
303,4352,0.000001386
304,4352,0.000001306
305,4352,0.000001307
306,4352,0.000001314
307,4352,0.000001232
308,4352,0.000001302
309,4352,0.000001298
310,4352,0.000001493
311,4352,0.000001223
312,4352,0.000001324
313,4352,0.000001932
314,4352,0.000001336
315,4352,0.000001362
316,4352,0.000001201
317,4352,0.000001294
318,4352,0.000001325
319,4352,0.000001254
320,4352,0.000001451
321,4352,0.000001576
322,4352,0.000001345
323,4352,0.000001284
324,4352,0.000002003
325,4352,0.000001364
326,4352,0.000001374
327,4352,0.000001317
328,4352,0.000001275
329,4352,0.000001232
330,4352,0.000001315
331,4352,0.000001260
332,4352,0.000001579
333,4352,0.000001272
334,4352,0.000001407
335,4352,0.000001950
336,4352,0.000001629
337,4352,0.000001401
338,4352,0.000001226
339,4352,0.000001315
340,4352,0.000001256
341,4352,0.000001323
342,4352,0.000001248
343,4352,0.000001677
344,4352,0.000001212
345,4352,0.000002288
346,4352,0.000001401
347,4352,0.000001330
348,4352,0.000001352
349,4352,0.000001337
350,4352,0.000001219
351,4352,0.000001366
352,4352,0.000001556
353,4352,0.000001330
354,4352,0.000001229
355,4352,0.000001351
356,4352,0.000002014
357,4352,0.000001386
358,4352,0.000001233
359,4352,0.000001311
360,4352,0.000001193
361,4352,0.000001326
362,4352,0.000001186
363,4352,0.000001362
364,4352,0.000001248
365,4352,0.000001381
366,4352,0.000001254
367,4352,0.000002002
368,4352,0.000001366
369,4352,0.000001352
370,4352,0.000001369
371,4352,0.000001259
372,4352,0.000001314
373,4352,0.000001245
374,4352,0.000001239
375,4352,0.000001280
376,4352,0.000001440
377,4352,0.000001297
378,4352,0.000002086
379,4352,0.000001310
380,4352,0.000001332
381,4352,0.000001282
382,4352,0.000001410
383,4352,0.000001334
384,4352,0.000001711
385,4352,0.000001660
386,4352,0.000001234
387,4352,0.000001269
388,4352,0.000002009
389,4352,0.000001469
390,4352,0.000001253
391,4352,0.000001446
392,4352,0.000001209
393,4352,0.000001385
394,4352,0.000001239
395,4352,0.000001301
396,4352,0.000001431
397,4352,0.000001304
398,4352,0.000001266
399,4352,0.000002076
400,4352,0.000001311
401,4352,0.000001227
402,4352,0.000001324
403,4352,0.000001211
404,4352,0.000001371
405,4352,0.000001319
406,4352,0.000001345
407,4352,0.000001204
408,4352,0.000001216
409,4352,0.000001197
410,4352,0.000002063
411,4352,0.000001330
412,4352,0.000001428
413,4352,0.000001318
414,4352,0.000001217
415,4352,0.000001317
416,4352,0.000001283
417,4352,0.000001249
418,4352,0.000001358
419,4352,0.000001255
420,4352,0.000001617
421,4352,0.000002027
422,4352,0.000001330
423,4352,0.000001304
424,4352,0.000001299
425,4352,0.000001644
426,4352,0.000001284
427,4352,0.000001333
428,4352,0.000001293
429,4352,0.000001328
430,4352,0.000001259
431,4352,0.000002079
432,4352,0.000001364
433,4352,0.000001274
434,4352,0.000001337
435,4352,0.000001244
436,4352,0.000001377
437,4352,0.000001258
438,4352,0.000001374
439,4352,0.000001246
440,4352,0.000001322
441,4352,0.000001287
442,4352,0.000002107
443,4352,0.000001230
444,4352,0.000001331
445,4352,0.000001289
446,4352,0.000001357
447,4352,0.000001232
448,4352,0.000001500
449,4352,0.000001329
450,4352,0.000001217
451,4352,0.000001435
452,4352,0.000001253
453,4352,0.000001936
454,4352,0.000001275
455,4352,0.000001297
456,4352,0.000001255
457,4352,0.000001247
458,4352,0.000012229
459,4352,0.000001511
460,4352,0.000001231
461,4352,0.000001336
462,4352,0.000001191
463,4352,0.000001356
464,4352,0.000001246
465,4352,0.000001217
466,4352,0.000001293
467,4352,0.000001264
468,4352,0.000001297
469,4352,0.000001226
470,4352,0.000001351
471,4352,0.000001400
472,4352,0.000001258
473,4352,0.000001395
474,4352,0.000001288
475,4352,0.000001760
476,4352,0.000002316
477,4352,0.000001794
478,4352,0.000001728
479,4352,0.000001270
480,4352,0.000001391
481,4352,0.000001510
482,4352,0.000001246
483,4352,0.000001430
484,4352,0.000001255
485,4352,0.000001581
486,4352,0.000001540
487,4352,0.000001305
488,4352,0.000001294
489,4352,0.000001485
490,4352,0.000001226
491,4352,0.000001305
492,4352,0.000001239
493,4352,0.000001370
494,4352,0.000001264
495,4352,0.000001294
496,4352,0.000001300
497,4352,0.000001291
498,4352,0.000001427
499,4352,0.000001265
500,4352,0.000001427
501,4352,0.000001277
502,4352,0.000002074
503,4352,0.000001348
504,4352,0.000001360
505,4352,0.000001235
506,4352,0.000001304
507,4352,0.000001250
508,4352,0.000001375
509,4352,0.000001315
510,4352,0.000001395
511,4352,0.000001263
512,4352,0.000001404
513,4352,0.000001297
514,4352,0.000001247
515,4352,0.000001239
516,4352,0.000001254
517,4352,0.000001447
518,4352,0.000001229
519,4352,0.000001668
520,4352,0.000001513
521,4352,0.000001316
522,4352,0.000001252
523,4352,0.000001297
524,4352,0.000001212
525,4352,0.000001340
526,4352,0.000001257
527,4352,0.000001476
528,4352,0.000002078
529,4352,0.000001331
530,4352,0.000001254
531,4352,0.000001301
532,4352,0.000001277
533,4352,0.000001235
534,4352,0.000001593
535,4352,0.000001265
536,4352,0.000001412
537,4352,0.000001208
538,4352,0.000001383
539,4352,0.000001311
540,4352,0.000001420
541,4352,0.000001518
542,4352,0.000001531
543,4352,0.000001205
544,4352,0.000001483
545,4352,0.000001615
546,4352,0.000001275
547,4352,0.000001243
548,4352,0.000001251
549,4352,0.000001340
550,4352,0.000001287
551,4352,0.000001282
552,4352,0.000001260
553,4352,0.000001286
554,4352,0.000001953
555,4352,0.000001333
556,4352,0.000001250
557,4352,0.000001299
558,4352,0.000001273
559,4352,0.000001326
560,4352,0.000001306
561,4352,0.000001269
562,4352,0.000001356
563,4352,0.000001219
564,4352,0.000001341
565,4352,0.000001231
566,4352,0.000001248
567,4352,0.000001254
568,4352,0.000001330
569,4352,0.000001251
570,4352,0.000001421
571,4352,0.000001232
572,4352,0.000001365
573,4352,0.000001310
574,4352,0.000001440
575,4352,0.000001237
576,4352,0.000001478
577,4352,0.000001311
578,4352,0.000001317
579,4352,0.000001390
580,4352,0.000001369
581,4352,0.000002079
582,4352,0.000001230
583,4352,0.000001304
584,4352,0.000001224
585,4352,0.000001347
586,4352,0.000001245
587,4352,0.000001365
588,4352,0.000001319
589,4352,0.000001343
590,4352,0.000001257
591,4352,0.000001344
592,4352,0.000001333
593,4352,0.000001277
594,4352,0.000001252
595,4352,0.000001230
596,4352,0.000001355
597,4352,0.000001245
598,4352,0.000001349
599,4352,0.000001210
600,4352,0.000001408
601,4352,0.000001270
602,4352,0.000001541
603,4352,0.000001237
604,4352,0.000001579
605,4352,0.000001309
606,4352,0.000001343
607,4352,0.000001980
608,4352,0.000001527
609,4352,0.000001323
610,4352,0.000001253
611,4352,0.000001412
612,4352,0.000001259
613,4352,0.000001319
614,4352,0.000001239
615,4352,0.000001605
616,4352,0.000001257
617,4352,0.000001306
618,4352,0.000001271
619,4352,0.000001618
620,4352,0.000001252
621,4352,0.000001440
622,4352,0.000001263
623,4352,0.000001350
624,4352,0.000001289
625,4352,0.000001280
626,4352,0.000001330
627,4352,0.000001264
628,4352,0.000001283
629,4352,0.000001256
630,4352,0.000001369
631,4352,0.000001216
632,4352,0.000001368
633,4352,0.000001274
634,4352,0.000002050
635,4352,0.000001305
636,4352,0.000001600
637,4352,0.000001230
638,4352,0.000001321
639,4352,0.000001224
640,4352,0.000001415
641,4352,0.000001374
642,4352,0.000001234
643,4352,0.000001669
644,4352,0.000001794
645,4352,0.000001298
646,4352,0.000001354
647,4352,0.000001413
648,4352,0.000001315
649,4352,0.000001256
650,4352,0.000001305
651,4352,0.000001311
652,4352,0.000001270
653,4352,0.000001333
654,4352,0.000001261
655,4352,0.000015459
656,4352,0.000002122
657,4352,0.000001961
658,4352,0.000003392
659,4352,0.000001988
660,4352,0.000002129
661,4352,0.000001931
662,4352,0.000002137
663,4352,0.000001767
664,4352,0.000014167
665,4352,0.000001266
666,4352,0.000001352
667,4352,0.000002191
668,4352,0.000001455
669,4352,0.000001454
670,4352,0.000001715
671,4352,0.000001191
672,4352,0.000001454
673,4352,0.000001500
674,4352,0.000001216
675,4352,0.000001342
676,4352,0.000001242
677,4352,0.000001253
678,4352,0.000002388
679,4352,0.000001457
680,4352,0.000001229
681,4352,0.000001315
682,4352,0.000001240
683,4352,0.000001399
684,4352,0.000001299
685,4352,0.000001349
686,4352,0.000001363
687,4352,0.000001355
688,4352,0.000002203
689,4352,0.000001270
690,4352,0.000001367
691,4352,0.000001245
692,4352,0.000001267
693,4352,0.000001292
694,4352,0.000001228
695,4352,0.000001194
696,4352,0.000001339
697,4352,0.000001214
698,4352,0.000001322
699,4352,0.000001953
700,4352,0.000001272
701,4352,0.000001275
702,4352,0.000001260
703,4352,0.000001376
704,4352,0.000001397
705,4352,0.000001378
706,4352,0.000001434
707,4352,0.000001425
708,4352,0.000001308
709,4352,0.000001418
710,4352,0.000002016
711,4352,0.000001706
712,4352,0.000001285
713,4352,0.000001296
714,4352,0.000001253
715,4352,0.000001231
716,4352,0.000001314
717,4352,0.000001265
718,4352,0.000001300
719,4352,0.000001310
720,4352,0.000001428
721,4352,0.000002014
722,4352,0.000001373
723,4352,0.000001359
724,4352,0.000001354
725,4352,0.000001226
726,4352,0.000001302
727,4352,0.000001204
728,4352,0.000001371
729,4352,0.000001208
730,4352,0.000001251
731,4352,0.000001460
732,4352,0.000002004
733,4352,0.000001343
734,4352,0.000001391
735,4352,0.000001260
736,4352,0.000001750
737,4352,0.000001558
738,4352,0.000001230
739,4352,0.000001350
740,4352,0.000001251
741,4352,0.000001351
742,4352,0.000001967
743,4352,0.000001432
744,4352,0.000001254
745,4352,0.000001346
746,4352,0.000001270
747,4352,0.000001285
748,4352,0.000001247
749,4352,0.000001335
750,4352,0.000001313
751,4352,0.000001403
752,4352,0.000001369
753,4352,0.000002097
754,4352,0.000001651
755,4352,0.000001559
756,4352,0.000001428
757,4352,0.000001503
758,4352,0.000001345
759,4352,0.000001500
760,4352,0.000001490
761,4352,0.000001446
762,4352,0.000001406
763,4352,0.000002106
764,4352,0.000001325
765,4352,0.000001375
766,4352,0.000001401
767,4352,0.000001306
768,4352,0.000001403
769,4352,0.000001377
770,4352,0.000001230
771,4352,0.000001369
772,4352,0.000001300
773,4352,0.000001797
774,4352,0.000002276
775,4352,0.000001359
776,4352,0.000001246
777,4352,0.000001424
778,4352,0.000001222
779,4352,0.000001333
780,4352,0.000001271
781,4352,0.000001778
782,4352,0.000001227
783,4352,0.000001444
784,4352,0.000002133
785,4352,0.000001329
786,4352,0.000001528
787,4352,0.000001223
788,4352,0.000001259
789,4352,0.000001300
790,4352,0.000001733
791,4352,0.000001248
792,4352,0.000001363
793,4352,0.000001283
794,4352,0.000002226
795,4352,0.000001451
796,4352,0.000001261
797,4352,0.000001276
798,4352,0.000001542
799,4352,0.000001279
800,4352,0.000001418
801,4352,0.000001264
802,4352,0.000001232
803,4352,0.000001254
804,4352,0.000001945
805,4352,0.000001342
806,4352,0.000001549
807,4352,0.000001434
808,4352,0.000001235
809,4352,0.000001342
810,4352,0.000001196
811,4352,0.000001249
812,4352,0.000001194
813,4352,0.000001433
814,4352,0.000001250
815,4352,0.000002004
816,4352,0.000001390
817,4352,0.000001356
818,4352,0.000001355
819,4352,0.000001286
820,4352,0.000001367
821,4352,0.000001225
822,4352,0.000001342
823,4352,0.000001543
824,4352,0.000001298
825,4352,0.000001294
826,4352,0.000002140
827,4352,0.000001384
828,4352,0.000001242
829,4352,0.000001334
830,4352,0.000001332
831,4352,0.000001478
832,4352,0.000001340
833,4352,0.000001317
834,4352,0.000001488
835,4352,0.000001445
836,4352,0.000001324
837,4352,0.000002030
838,4352,0.000001299
839,4352,0.000001435
840,4352,0.000001365
841,4352,0.000001340
842,4352,0.000001359
843,4352,0.000001602
844,4352,0.000001617
845,4352,0.000001359
846,4352,0.000001454
847,4352,0.000002029
848,4352,0.000001427
849,4352,0.000001276
850,4352,0.000001269
851,4352,0.000001371
852,4352,0.000001304
853,4352,0.000001352
854,4352,0.000001205
855,4352,0.000001285
856,4352,0.000001342
857,4352,0.000001239
858,4352,0.000001965
859,4352,0.000001315
860,4352,0.000001241
861,4352,0.000001320
862,4352,0.000001321
863,4352,0.000001300
864,4352,0.000001357
865,4352,0.000001341
866,4352,0.000001642
867,4352,0.000001269
868,4352,0.000001331
869,4352,0.000001964
870,4352,0.000001372
871,4352,0.000001252
872,4352,0.000001241
873,4352,0.000001393
874,4352,0.000001374
875,4352,0.000001376
876,4352,0.000001260
877,4352,0.000001638
878,4352,0.000001323
879,4352,0.000002080
880,4352,0.000001436
881,4352,0.000001294
882,4352,0.000001276
883,4352,0.000001303
884,4352,0.000001290
885,4352,0.000001597
886,4352,0.000001266
887,4352,0.000001225
888,4352,0.000001389
889,4352,0.000001203
890,4352,0.000002022
891,4352,0.000001428
892,4352,0.000001363
893,4352,0.000001400
894,4352,0.000001262
895,4352,0.000001476
896,4352,0.000001477
897,4352,0.000001374
898,4352,0.000001365
899,4352,0.000001516
900,4352,0.000001536
901,4352,0.000002117
902,4352,0.000001721
903,4352,0.000001297
904,4352,0.000001399
905,4352,0.000001359
906,4352,0.000001300
907,4352,0.000001370
908,4352,0.000001309
909,4352,0.000001439
910,4352,0.000001383
911,4352,0.000002403
912,4352,0.000001683
913,4352,0.000001236
914,4352,0.000001273
915,4352,0.000001580
916,4352,0.000001268
917,4352,0.000001361
918,4352,0.000001398
919,4352,0.000001218
920,4352,0.000002181
921,4352,0.000001332
922,4352,0.000001390
923,4352,0.000001352
924,4352,0.000001655
925,4352,0.000001245
926,4352,0.000001371
927,4352,0.000001344
928,4352,0.000001331
929,4352,0.000001250
930,4352,0.000001308
931,4352,0.000002073
932,4352,0.000001584
933,4352,0.000001307
934,4352,0.000001317
935,4352,0.000001449
936,4352,0.000001282
937,4352,0.000001229
938,4352,0.000001509
939,4352,0.000001244
940,4352,0.000001336
941,4352,0.000005896
942,4352,0.000004719
943,4352,0.000002374
944,4352,0.000003434
945,4352,0.000003391
946,4352,0.000002488
947,4352,0.000002365
948,4352,0.000002454
949,4352,0.000002399
950,4352,0.000002569
951,4352,0.000003230
952,4352,0.000002366
953,4352,0.000002350
954,4352,0.000002446
955,4352,0.000002272
956,4352,0.000002320
957,4352,0.000003092
958,4352,0.000002287
959,4352,0.000002298
960,4352,0.000003537
961,4352,0.000002586
962,4352,0.000003430
963,4352,0.000006874
964,4352,0.000002496
965,4352,0.000002405
966,4352,0.000003342
967,4352,0.000002351
968,4352,0.000002391
969,4352,0.000002364
970,4352,0.000002285
971,4352,0.000002286
972,4352,0.000003207
973,4352,0.000002361
974,4352,0.000002342
975,4352,0.000002430
976,4352,0.000003514
977,4352,0.000002639
978,4352,0.000004688
979,4352,0.000002608
980,4352,0.000002605
981,4352,0.000002378
982,4352,0.000002429
983,4352,0.000003371
984,4352,0.000002432
985,4352,0.000002380
986,4352,0.000002331
987,4352,0.000002400
988,4352,0.000002508
989,4352,0.000003315
990,4352,0.000002388
991,4352,0.000002363
992,4352,0.000005846
993,4352,0.000002438
994,4352,0.000003364
995,4352,0.000002491
996,4352,0.000002470
997,4352,0.000002368
998,4352,0.000002357
999,4352,0.000002367
0,4608,0.000005026
1,4608,0.000002517
2,4608,0.000001953
3,4608,0.000002014
4,4608,0.000001668
5,4608,0.000001686
6,4608,0.000001917
7,4608,0.000001680
8,4608,0.000003486
9,4608,0.000002305
10,4608,0.000001750
11,4608,0.000001719
12,4608,0.000001731
13,4608,0.000001726
14,4608,0.000001792
15,4608,0.000002239
16,4608,0.000001930
17,4608,0.000001880
18,4608,0.000001604
19,4608,0.000001749
20,4608,0.000001744
21,4608,0.000001727
22,4608,0.000001803
23,4608,0.000001691
24,4608,0.000001666
25,4608,0.000002032
26,4608,0.000001692
27,4608,0.000001699
28,4608,0.000001584
29,4608,0.000001814
30,4608,0.000001756
31,4608,0.000001718
32,4608,0.000001625
33,4608,0.000003842
34,4608,0.000002016
35,4608,0.000001779
36,4608,0.000001745
37,4608,0.000001621
38,4608,0.000002034
39,4608,0.000001611
40,4608,0.000002872
41,4608,0.000001875
42,4608,0.000001646
43,4608,0.000001867
44,4608,0.000002026
45,4608,0.000001635
46,4608,0.000002090
47,4608,0.000001716
48,4608,0.000003046
49,4608,0.000001818
50,4608,0.000001757
51,4608,0.000001936
52,4608,0.000001613
53,4608,0.000001785
54,4608,0.000001819
55,4608,0.000001835
56,4608,0.000003151
57,4608,0.000001868
58,4608,0.000001653
59,4608,0.000001890
60,4608,0.000001675
61,4608,0.000001722
62,4608,0.000001715
63,4608,0.000001956
64,4608,0.000003087
65,4608,0.000001935
66,4608,0.000002238
67,4608,0.000001778
68,4608,0.000002006
69,4608,0.000001946
70,4608,0.000001575
71,4608,0.000002692
72,4608,0.000001989
73,4608,0.000001973
74,4608,0.000001809
75,4608,0.000002052
76,4608,0.000001706
77,4608,0.000001612
78,4608,0.000001688
79,4608,0.000003320
80,4608,0.000001823
81,4608,0.000001650
82,4608,0.000002355
83,4608,0.000001538
84,4608,0.000001707
85,4608,0.000001551
86,4608,0.000002963
87,4608,0.000001644
88,4608,0.000001727
89,4608,0.000001965
90,4608,0.000001807
91,4608,0.000001821
92,4608,0.000001591
93,4608,0.000001845
94,4608,0.000002997
95,4608,0.000002010
96,4608,0.000001805
97,4608,0.000001878
98,4608,0.000001700
99,4608,0.000001700
100,4608,0.000001779
101,4608,0.000001678
102,4608,0.000002820
103,4608,0.000001828
104,4608,0.000001892
105,4608,0.000001728
106,4608,0.000002235
107,4608,0.000001710
108,4608,0.000001903
109,4608,0.000001840
110,4608,0.000003247
111,4608,0.000002029
112,4608,0.000002046
113,4608,0.000001841
114,4608,0.000001871
115,4608,0.000001796
116,4608,0.000001698
117,4608,0.000002619
118,4608,0.000001896
119,4608,0.000001792
120,4608,0.000001991
121,4608,0.000001905
122,4608,0.000002217
123,4608,0.000001857
124,4608,0.000001822
125,4608,0.000003087
126,4608,0.000002033
127,4608,0.000002123
128,4608,0.000001984
129,4608,0.000001623
130,4608,0.000001662
131,4608,0.000001789
132,4608,0.000002802
133,4608,0.000001721
134,4608,0.000001957
135,4608,0.000001649
136,4608,0.000001876
137,4608,0.000002810
138,4608,0.000001886
139,4608,0.000003322
140,4608,0.000001828
141,4608,0.000002022
142,4608,0.000001864
143,4608,0.000001948
144,4608,0.000001892
145,4608,0.000002128
146,4608,0.000002830
147,4608,0.000001717
148,4608,0.000001634
149,4608,0.000002142
150,4608,0.000001627
151,4608,0.000001757
152,4608,0.000001845
153,4608,0.000001750
154,4608,0.000002817
155,4608,0.000001912
156,4608,0.000001933
157,4608,0.000001791
158,4608,0.000001802
159,4608,0.000001950
160,4608,0.000002273
161,4608,0.000003305
162,4608,0.000002069
163,4608,0.000001641
164,4608,0.000001665
165,4608,0.000001844
166,4608,0.000001591
167,4608,0.000002051
168,4608,0.000001816
169,4608,0.000002830
170,4608,0.000001963
171,4608,0.000001838
172,4608,0.000001844
173,4608,0.000002555
174,4608,0.000001930
175,4608,0.000001923
176,4608,0.000003176
177,4608,0.000002335
178,4608,0.000001969
179,4608,0.000001972
180,4608,0.000001832
181,4608,0.000002060
182,4608,0.000001788
183,4608,0.000003147
184,4608,0.000001906
185,4608,0.000001782
186,4608,0.000001880
187,4608,0.000001790
188,4608,0.000001869
189,4608,0.000001923
190,4608,0.000002860
191,4608,0.000001851
192,4608,0.000001907
193,4608,0.000001913
194,4608,0.000001773
195,4608,0.000001925
196,4608,0.000001795
197,4608,0.000001794
198,4608,0.000002815
199,4608,0.000001832
200,4608,0.000001889
201,4608,0.000001867
202,4608,0.000001778
203,4608,0.000001887
204,4608,0.000001760
205,4608,0.000001847
206,4608,0.000002762
207,4608,0.000001863
208,4608,0.000002121
209,4608,0.000001745
210,4608,0.000002246
211,4608,0.000002038
212,4608,0.000001890
213,4608,0.000002728
214,4608,0.000001876
215,4608,0.000001827
216,4608,0.000001860
217,4608,0.000001883
218,4608,0.000001766
219,4608,0.000001910
220,4608,0.000001784
221,4608,0.000002836
222,4608,0.000001931
223,4608,0.000001783
224,4608,0.000001983
225,4608,0.000001835
226,4608,0.000001829
227,4608,0.000001925
228,4608,0.000002710
229,4608,0.000001891
230,4608,0.000001792
231,4608,0.000001802
232,4608,0.000001830
233,4608,0.000001808
234,4608,0.000001862
235,4608,0.000001781
236,4608,0.000002940
237,4608,0.000001864
238,4608,0.000001838
239,4608,0.000001745
240,4608,0.000001924
241,4608,0.000001878
242,4608,0.000001840
243,4608,0.000001865
244,4608,0.000002759
245,4608,0.000001857
246,4608,0.000001758
247,4608,0.000001783
248,4608,0.000001981
249,4608,0.000001994
250,4608,0.000001854
251,4608,0.000003063
252,4608,0.000001787
253,4608,0.000001868
254,4608,0.000001773
255,4608,0.000001796
256,4608,0.000002011
257,4608,0.000001748
258,4608,0.000001871
259,4608,0.000002897
260,4608,0.000001948
261,4608,0.000001950
262,4608,0.000001902
263,4608,0.000001242
264,4608,0.000001404
265,4608,0.000001265
266,4608,0.000001254
267,4608,0.000001425
268,4608,0.000002195
269,4608,0.000001289
270,4608,0.000001194
271,4608,0.000001342
272,4608,0.000001417
273,4608,0.000001305
274,4608,0.000001345
275,4608,0.000001272
276,4608,0.000001247
277,4608,0.000001245
278,4608,0.000001365
279,4608,0.000002307
280,4608,0.000001478
281,4608,0.000001254
282,4608,0.000001428
283,4608,0.000001218
284,4608,0.000001417
285,4608,0.000001547
286,4608,0.000015199
287,4608,0.000001321
288,4608,0.000001351
289,4608,0.000001322
290,4608,0.000001246
291,4608,0.000001299
292,4608,0.000001427
293,4608,0.000001306
294,4608,0.000001232
295,4608,0.000001352
296,4608,0.000001350
297,4608,0.000001367
298,4608,0.000001246
299,4608,0.000001297
300,4608,0.000001299
301,4608,0.000001281
302,4608,0.000001490
303,4608,0.000001332
304,4608,0.000001399
305,4608,0.000001308
306,4608,0.000001300
307,4608,0.000001226
308,4608,0.000001449
309,4608,0.000001295
310,4608,0.000001286
311,4608,0.000001217
312,4608,0.000001340
313,4608,0.000001381
314,4608,0.000001248
315,4608,0.000001437
316,4608,0.000002259
317,4608,0.000001427
318,4608,0.000001248
319,4608,0.000001345
320,4608,0.000001339
321,4608,0.000001258
322,4608,0.000001336
323,4608,0.000001251
324,4608,0.000001373
325,4608,0.000001203
326,4608,0.000001570
327,4608,0.000001255
328,4608,0.000001349
329,4608,0.000001374
330,4608,0.000001252
331,4608,0.000001377
332,4608,0.000001266
333,4608,0.000001567
334,4608,0.000001360
335,4608,0.000001231
336,4608,0.000001380
337,4608,0.000001344
338,4608,0.000001253
339,4608,0.000001293
340,4608,0.000001204
341,4608,0.000001324
342,4608,0.000001204
343,4608,0.000001371
344,4608,0.000001431
345,4608,0.000001990
346,4608,0.000001292
347,4608,0.000001251
348,4608,0.000001295
349,4608,0.000001337
350,4608,0.000001605
351,4608,0.000001285
352,4608,0.000001397
353,4608,0.000001280
354,4608,0.000001323
355,4608,0.000001427
356,4608,0.000001290
357,4608,0.000001357
358,4608,0.000010071
359,4608,0.000002369
360,4608,0.000001496
361,4608,0.000001258
362,4608,0.000018975
363,4608,0.000001334
364,4608,0.000001476
365,4608,0.000001232
366,4608,0.000001320
367,4608,0.000001303
368,4608,0.000001556
369,4608,0.000001438
370,4608,0.000001326
371,4608,0.000002627
372,4608,0.000001305
373,4608,0.000001662
374,4608,0.000001369
375,4608,0.000001420
376,4608,0.000001363
377,4608,0.000001226
378,4608,0.000013964
379,4608,0.000001609
380,4608,0.000001360
381,4608,0.000001187
382,4608,0.000001515
383,4608,0.000001353
384,4608,0.000001388
385,4608,0.000001252
386,4608,0.000001248
387,4608,0.000001387
388,4608,0.000001263
389,4608,0.000001572
390,4608,0.000001302
391,4608,0.000001232
392,4608,0.000001462
393,4608,0.000001253
394,4608,0.000001264
395,4608,0.000001340
396,4608,0.000001285
397,4608,0.000002429
398,4608,0.000001397
399,4608,0.000001741
400,4608,0.000001391
401,4608,0.000001311
402,4608,0.000001278
403,4608,0.000001310
404,4608,0.000001240
405,4608,0.000001362
406,4608,0.000001218
407,4608,0.000001357
408,4608,0.000001357
409,4608,0.000001277
410,4608,0.000001313
411,4608,0.000001237
412,4608,0.000001358
413,4608,0.000001224
414,4608,0.000001595
415,4608,0.000001210
416,4608,0.000001410
417,4608,0.000001363
418,4608,0.000001245
419,4608,0.000001269
420,4608,0.000001254
421,4608,0.000001330
422,4608,0.000001228
423,4608,0.000002133
424,4608,0.000001446
425,4608,0.000001222
426,4608,0.000001366
427,4608,0.000001237
428,4608,0.000001313
429,4608,0.000001247
430,4608,0.000001302
431,4608,0.000001282
432,4608,0.000001257
433,4608,0.000001369
434,4608,0.000001238
435,4608,0.000001332
436,4608,0.000001186
437,4608,0.000001334
438,4608,0.000001185
439,4608,0.000001259
440,4608,0.000001291
441,4608,0.000001265
442,4608,0.000001296
443,4608,0.000001206
444,4608,0.000001382
445,4608,0.000001393
446,4608,0.000001590
447,4608,0.000001385
448,4608,0.000001437
449,4608,0.000002079
450,4608,0.000001394
451,4608,0.000001332
452,4608,0.000001216
453,4608,0.000001313
454,4608,0.000001278
455,4608,0.000001551
456,4608,0.000001385
457,4608,0.000001263
458,4608,0.000001385
459,4608,0.000001242
460,4608,0.000001276
461,4608,0.000001294
462,4608,0.000001289
463,4608,0.000001278
464,4608,0.000001505
465,4608,0.000001579
466,4608,0.000001263
467,4608,0.000001235
468,4608,0.000001573
469,4608,0.000001258
470,4608,0.000001295
471,4608,0.000001365
472,4608,0.000001355
473,4608,0.000001247
474,4608,0.000001368
475,4608,0.000001246
476,4608,0.000002284
477,4608,0.000001256
478,4608,0.000001274
479,4608,0.000001234
480,4608,0.000001735
481,4608,0.000001335
482,4608,0.000001248
483,4608,0.000001620
484,4608,0.000001261
485,4608,0.000001308
486,4608,0.000001220
487,4608,0.000001246
488,4608,0.000001443
489,4608,0.000001227
490,4608,0.000001518
491,4608,0.000001223
492,4608,0.000001281
493,4608,0.000001237
494,4608,0.000001253
495,4608,0.000001191
496,4608,0.000001345
497,4608,0.000001398
498,4608,0.000001242
499,4608,0.000001291
500,4608,0.000001250
501,4608,0.000001236
502,4608,0.000002046
503,4608,0.000001302
504,4608,0.000001322
505,4608,0.000001271
506,4608,0.000001412
507,4608,0.000001261
508,4608,0.000001332
509,4608,0.000001272
510,4608,0.000001293
511,4608,0.000001341
512,4608,0.000001532
513,4608,0.000001264
514,4608,0.000001296
515,4608,0.000001307
516,4608,0.000001308
517,4608,0.000001322
518,4608,0.000001308
519,4608,0.000001304
520,4608,0.000001370
521,4608,0.000001250
522,4608,0.000001329
523,4608,0.000001223
524,4608,0.000001296
525,4608,0.000001280
526,4608,0.000001355
527,4608,0.000001308
528,4608,0.000001352
529,4608,0.000002039
530,4608,0.000001288
531,4608,0.000001328
532,4608,0.000001201
533,4608,0.000001491
534,4608,0.000001180
535,4608,0.000001311
536,4608,0.000001522
537,4608,0.000001231
538,4608,0.000001363
539,4608,0.000001221
540,4608,0.000001344
541,4608,0.000001292
542,4608,0.000001294
543,4608,0.000001204
544,4608,0.000001473
545,4608,0.000001298
546,4608,0.000001602
547,4608,0.000001389
548,4608,0.000001316
549,4608,0.000001294
550,4608,0.000001183
551,4608,0.000001262
552,4608,0.000001394
553,4608,0.000002050
554,4608,0.000001579
555,4608,0.000001276
556,4608,0.000001311
557,4608,0.000001184
558,4608,0.000001295
559,4608,0.000001258
560,4608,0.000001316
561,4608,0.000001227
562,4608,0.000001262
563,4608,0.000001334
564,4608,0.000001243
565,4608,0.000023368
566,4608,0.000001341
567,4608,0.000001428
568,4608,0.000001893
569,4608,0.000001267
570,4608,0.000001361
571,4608,0.000001339
572,4608,0.000001361
573,4608,0.000001334
574,4608,0.000001395
575,4608,0.000001260
576,4608,0.000001393
577,4608,0.000001370
578,4608,0.000002051
579,4608,0.000001494
580,4608,0.000001435
581,4608,0.000001452
582,4608,0.000001254
583,4608,0.000001359
584,4608,0.000001750
585,4608,0.000001302
586,4608,0.000014044
587,4608,0.000001540
588,4608,0.000001323
589,4608,0.000001205
590,4608,0.000001376
591,4608,0.000002141
592,4608,0.000001428
593,4608,0.000001273
594,4608,0.000001490
595,4608,0.000001352
596,4608,0.000001205
597,4608,0.000001352
598,4608,0.000001246
599,4608,0.000001295
600,4608,0.000001286
601,4608,0.000001227
602,4608,0.000002026
603,4608,0.000001219
604,4608,0.000001306
605,4608,0.000001283
606,4608,0.000001364
607,4608,0.000001238
608,4608,0.000001659
609,4608,0.000001290
610,4608,0.000001363
611,4608,0.000001399
612,4608,0.000002019
613,4608,0.000001254
614,4608,0.000001272
615,4608,0.000001325
616,4608,0.000001350
617,4608,0.000001260
618,4608,0.000001343
619,4608,0.000001428
620,4608,0.000001328
621,4608,0.000001229
622,4608,0.000001336
623,4608,0.000002063
624,4608,0.000001395
625,4608,0.000001259
626,4608,0.000001308
627,4608,0.000001591
628,4608,0.000001222
629,4608,0.000001355
630,4608,0.000001181
631,4608,0.000001413
632,4608,0.000001491
633,4608,0.000001212
634,4608,0.000002079
635,4608,0.000001658
636,4608,0.000001337
637,4608,0.000001192
638,4608,0.000001433
639,4608,0.000001218
640,4608,0.000001388
641,4608,0.000001409
642,4608,0.000001251
643,4608,0.000001263
644,4608,0.000001202
645,4608,0.000002072
646,4608,0.000001657
647,4608,0.000001341
648,4608,0.000001365
649,4608,0.000001252
650,4608,0.000001323
651,4608,0.000001230
652,4608,0.000001333
653,4608,0.000001236
654,4608,0.000001250
655,4608,0.000001234
656,4608,0.000002021
657,4608,0.000001327
658,4608,0.000001258
659,4608,0.000001327
660,4608,0.000001604
661,4608,0.000001190
662,4608,0.000001275
663,4608,0.000001511
664,4608,0.000001393
665,4608,0.000001341
666,4608,0.000002093
667,4608,0.000001330
668,4608,0.000001473
669,4608,0.000001280
670,4608,0.000001387
671,4608,0.000001281
672,4608,0.000001424
673,4608,0.000001347
674,4608,0.000001248
675,4608,0.000001380
676,4608,0.000001195
677,4608,0.000001966
678,4608,0.000001258
679,4608,0.000001347
680,4608,0.000001423
681,4608,0.000001226
682,4608,0.000001359
683,4608,0.000001363
684,4608,0.000001309
685,4608,0.000001241
686,4608,0.000001291
687,4608,0.000001217
688,4608,0.000002140
689,4608,0.000001204
690,4608,0.000001318
691,4608,0.000001277
692,4608,0.000001308
693,4608,0.000001331
694,4608,0.000001219
695,4608,0.000001293
696,4608,0.000001321
697,4608,0.000001212
698,4608,0.000001375
699,4608,0.000001954
700,4608,0.000001344
701,4608,0.000001279
702,4608,0.000001361
703,4608,0.000001260
704,4608,0.000001445
705,4608,0.000001278
706,4608,0.000001278
707,4608,0.000001352
708,4608,0.000001281
709,4608,0.000001320
710,4608,0.000001930
711,4608,0.000001317
712,4608,0.000001414
713,4608,0.000001352
714,4608,0.000001344
715,4608,0.000001354
716,4608,0.000001211
717,4608,0.000001368
718,4608,0.000001193
719,4608,0.000001351
720,4608,0.000001390
721,4608,0.000001963
722,4608,0.000001268
723,4608,0.000001358
724,4608,0.000001242
725,4608,0.000001372
726,4608,0.000001236
727,4608,0.000001366
728,4608,0.000001339
729,4608,0.000001318
730,4608,0.000001507
731,4608,0.000001334
732,4608,0.000002017
733,4608,0.000001335
734,4608,0.000001392
735,4608,0.000001230
736,4608,0.000001387
737,4608,0.000001367
738,4608,0.000001243
739,4608,0.000001520
740,4608,0.000001249
741,4608,0.000001291
742,4608,0.000001274
743,4608,0.000002098
744,4608,0.000001569
745,4608,0.000001278
746,4608,0.000001367
747,4608,0.000001247
748,4608,0.000001318
749,4608,0.000001238
750,4608,0.000001314
751,4608,0.000001231
752,4608,0.000001354
753,4608,0.000002050
754,4608,0.000001277
755,4608,0.000001262
756,4608,0.000001260
757,4608,0.000001277
758,4608,0.000001182
759,4608,0.000001268
760,4608,0.000001282
761,4608,0.000001229
762,4608,0.000001374
763,4608,0.000001647
764,4608,0.000003149
765,4608,0.000001974
766,4608,0.000001840
767,4608,0.000001737
768,4608,0.000002688
769,4608,0.000001802
770,4608,0.000002066
771,4608,0.000003355
772,4608,0.000002154
773,4608,0.000002271
774,4608,0.000002015
775,4608,0.000002079
776,4608,0.000002111
777,4608,0.000001981
778,4608,0.000002969
779,4608,0.000001722
780,4608,0.000001826
781,4608,0.000001905
782,4608,0.000001798
783,4608,0.000001735
784,4608,0.000001991
785,4608,0.000002009
786,4608,0.000003258
787,4608,0.000002123
788,4608,0.000001988
789,4608,0.000001916
790,4608,0.000001741
791,4608,0.000001822
792,4608,0.000002260
793,4608,0.000002186
794,4608,0.000001987
795,4608,0.000001989
796,4608,0.000002067
797,4608,0.000002598
798,4608,0.000001935
799,4608,0.000001945
800,4608,0.000002001
801,4608,0.000001884
802,4608,0.000001985
803,4608,0.000002235
804,4608,0.000003542
805,4608,0.000001887
806,4608,0.000001971
807,4608,0.000001899
808,4608,0.000002188
809,4608,0.000002106
810,4608,0.000002380
811,4608,0.000001942
812,4608,0.000001797
813,4608,0.000001878
814,4608,0.000001909
815,4608,0.000002309
816,4608,0.000003462
817,4608,0.000002008
818,4608,0.000001814
819,4608,0.000001813
820,4608,0.000001840
821,4608,0.000001783
822,4608,0.000001841
823,4608,0.000001808
824,4608,0.000001774
825,4608,0.000001893
826,4608,0.000001905
827,4608,0.000002013
828,4608,0.000002993
829,4608,0.000002004
830,4608,0.000001924
831,4608,0.000002295
832,4608,0.000002514
833,4608,0.000002107
834,4608,0.000002241
835,4608,0.000001764
836,4608,0.000001871
837,4608,0.000001799
838,4608,0.000001774
839,4608,0.000001884
840,4608,0.000001820
841,4608,0.000001979
842,4608,0.000003574
843,4608,0.000002123
844,4608,0.000001757
845,4608,0.000001932
846,4608,0.000001764
847,4608,0.000001837
848,4608,0.000002164
849,4608,0.000001970
850,4608,0.000003605
851,4608,0.000001892
852,4608,0.000001905
853,4608,0.000001992
854,4608,0.000002385
855,4608,0.000001895
856,4608,0.000002080
857,4608,0.000001793
858,4608,0.000001865
859,4608,0.000001898
860,4608,0.000002246
861,4608,0.000001885
862,4608,0.000001955
863,4608,0.000001801
864,4608,0.000002020
865,4608,0.000002349
866,4608,0.000001815
867,4608,0.000001934
868,4608,0.000001781
869,4608,0.000001829
870,4608,0.000001811
871,4608,0.000001849
872,4608,0.000001876
873,4608,0.000001786
874,4608,0.000001903
875,4608,0.000001870
876,4608,0.000001835
877,4608,0.000001895
878,4608,0.000001749
879,4608,0.000001870
880,4608,0.000001981
881,4608,0.000001902
882,4608,0.000001975
883,4608,0.000001814
884,4608,0.000001895
885,4608,0.000001773
886,4608,0.000002111
887,4608,0.000001761
888,4608,0.000001952
889,4608,0.000002023
890,4608,0.000001759
891,4608,0.000001919
892,4608,0.000001779
893,4608,0.000001794
894,4608,0.000001903
895,4608,0.000001796
896,4608,0.000002016
897,4608,0.000001778
898,4608,0.000002146
899,4608,0.000001783
900,4608,0.000002156
901,4608,0.000001792
902,4608,0.000001853
903,4608,0.000001936
904,4608,0.000015353
905,4608,0.000002161
906,4608,0.000001276
907,4608,0.000001468
908,4608,0.000001222
909,4608,0.000001585
910,4608,0.000001290
911,4608,0.000001395
912,4608,0.000001405
913,4608,0.000001290
914,4608,0.000001429
915,4608,0.000001237
916,4608,0.000001330
917,4608,0.000001223
918,4608,0.000001291
919,4608,0.000001287
920,4608,0.000001555
921,4608,0.000001375
922,4608,0.000001437
923,4608,0.000001400
924,4608,0.000001392
925,4608,0.000001405
926,4608,0.000001456
927,4608,0.000001356
928,4608,0.000001437
929,4608,0.000001390
930,4608,0.000001452
931,4608,0.000001250
932,4608,0.000001258
933,4608,0.000001223
934,4608,0.000001349
935,4608,0.000001248
936,4608,0.000001351
937,4608,0.000001383
938,4608,0.000001255
939,4608,0.000001356
940,4608,0.000001238
941,4608,0.000001354
942,4608,0.000001252
943,4608,0.000001379
944,4608,0.000006046
945,4608,0.000004582
946,4608,0.000002888
947,4608,0.000002610
948,4608,0.000002547
949,4608,0.000002312
950,4608,0.000002395
951,4608,0.000003307
952,4608,0.000003665
953,4608,0.000002401
954,4608,0.000004720
955,4608,0.000002831
956,4608,0.000003355
957,4608,0.000002484
958,4608,0.000002379
959,4608,0.000002331
960,4608,0.000006921
961,4608,0.000003443
962,4608,0.000002451
963,4608,0.000002392
964,4608,0.000002536
965,4608,0.000002562
966,4608,0.000003211
967,4608,0.000002985
968,4608,0.000003456
969,4608,0.000002397
970,4608,0.000002527
971,4608,0.000003425
972,4608,0.000002602
973,4608,0.000002367
974,4608,0.000002360
975,4608,0.000002507
976,4608,0.000003483
977,4608,0.000003384
978,4608,0.000002563
979,4608,0.000002329
980,4608,0.000002366
981,4608,0.000002358
982,4608,0.000002285
983,4608,0.000017093
984,4608,0.000003401
985,4608,0.000002443
986,4608,0.000002520
987,4608,0.000003144
988,4608,0.000004828
989,4608,0.000015952
990,4608,0.000002713
991,4608,0.000002273
992,4608,0.000003462
993,4608,0.000002404
994,4608,0.000002433
995,4608,0.000002378
996,4608,0.000002303
997,4608,0.000002433
998,4608,0.000002323
999,4608,0.000002450
0,4864,0.000003240
1,4864,0.000001534
2,4864,0.000001410
3,4864,0.000001340
4,4864,0.000001398
5,4864,0.000001730
6,4864,0.000001284
7,4864,0.000001745
8,4864,0.000001412
9,4864,0.000001405
10,4864,0.000001645
11,4864,0.000001281
12,4864,0.000001370
13,4864,0.000001771
14,4864,0.000001967
15,4864,0.000002085
16,4864,0.000002012
17,4864,0.000002604
18,4864,0.000001850
19,4864,0.000001928
20,4864,0.000001871
21,4864,0.000002451
22,4864,0.000001834
23,4864,0.000001723
24,4864,0.000002018
25,4864,0.000001605
26,4864,0.000001881
27,4864,0.000001817
28,4864,0.000001988
29,4864,0.000002402
30,4864,0.000018010
31,4864,0.000002155
32,4864,0.000001875
33,4864,0.000001752
34,4864,0.000001777
35,4864,0.000001635
36,4864,0.000001896
37,4864,0.000002248
38,4864,0.000001997
39,4864,0.000002174
40,4864,0.000002607
41,4864,0.000003319
42,4864,0.000002419
43,4864,0.000002063
44,4864,0.000002326
45,4864,0.000001873
46,4864,0.000001885
47,4864,0.000001891
48,4864,0.000003886
49,4864,0.000001910
50,4864,0.000001968
51,4864,0.000001847
52,4864,0.000001909
53,4864,0.000002285
54,4864,0.000003108
55,4864,0.000001805
56,4864,0.000002037
57,4864,0.000001757
58,4864,0.000002162
59,4864,0.000001848
60,4864,0.000001872
61,4864,0.000002826
62,4864,0.000001896
63,4864,0.000001888
64,4864,0.000001989
65,4864,0.000001786
66,4864,0.000001780
67,4864,0.000001766
68,4864,0.000001993
69,4864,0.000003709
70,4864,0.000002068
71,4864,0.000001904
72,4864,0.000001288
73,4864,0.000001282
74,4864,0.000001939
75,4864,0.000001184
76,4864,0.000001377
77,4864,0.000002145
78,4864,0.000001435
79,4864,0.000001204
80,4864,0.000001330
81,4864,0.000001363
82,4864,0.000001278
83,4864,0.000001310
84,4864,0.000001296
85,4864,0.000001719
86,4864,0.000001300
87,4864,0.000001253
88,4864,0.000002057
89,4864,0.000001295
90,4864,0.000001540
91,4864,0.000001251
92,4864,0.000001375
93,4864,0.000001256
94,4864,0.000001596
95,4864,0.000001234
96,4864,0.000001284
97,4864,0.000001303
98,4864,0.000001981
99,4864,0.000001393
100,4864,0.000001235
101,4864,0.000001917
102,4864,0.000001434
103,4864,0.000001231
104,4864,0.000001442
105,4864,0.000001375
106,4864,0.000001766
107,4864,0.000001632
108,4864,0.000002157
109,4864,0.000001281
110,4864,0.000001313
111,4864,0.000001247
112,4864,0.000001383
113,4864,0.000001343
114,4864,0.000001251
115,4864,0.000001493
116,4864,0.000001224
117,4864,0.000001547
118,4864,0.000001301
119,4864,0.000002045
120,4864,0.000001431
121,4864,0.000001262
122,4864,0.000001609
123,4864,0.000001260
124,4864,0.000001306
125,4864,0.000001300
126,4864,0.000001210
127,4864,0.000001352
128,4864,0.000001321
129,4864,0.000002026
130,4864,0.000001446
131,4864,0.000001215
132,4864,0.000001330
133,4864,0.000001640
134,4864,0.000001251
135,4864,0.000001304
136,4864,0.000001243
137,4864,0.000001300
138,4864,0.000001661
139,4864,0.000001312
140,4864,0.000001995
141,4864,0.000001392
142,4864,0.000001251
143,4864,0.000001315
144,4864,0.000001437
145,4864,0.000001227
146,4864,0.000001577
147,4864,0.000001251
148,4864,0.000001324
149,4864,0.000001539
150,4864,0.000002006
151,4864,0.000001370
152,4864,0.000001198
153,4864,0.000001422
154,4864,0.000001576
155,4864,0.000001238
156,4864,0.000001434
157,4864,0.000001258
158,4864,0.000001758
159,4864,0.000001300
160,4864,0.000001346
161,4864,0.000002088
162,4864,0.000001231
163,4864,0.000001605
164,4864,0.000001272
165,4864,0.000001576
166,4864,0.000001417
167,4864,0.000001234
168,4864,0.000001307
169,4864,0.000001261
170,4864,0.000001509
171,4864,0.000002345
172,4864,0.000001268
173,4864,0.000001345
174,4864,0.000001197
175,4864,0.000001334
176,4864,0.000001415
177,4864,0.000001206
178,4864,0.000001365
179,4864,0.000001275
180,4864,0.000001300
181,4864,0.000001551
182,4864,0.000002043
183,4864,0.000001549
184,4864,0.000001263
185,4864,0.000001378
186,4864,0.000001622
187,4864,0.000001753
188,4864,0.000001308
189,4864,0.000001335
190,4864,0.000001263
191,4864,0.000001361
192,4864,0.000002089
193,4864,0.000001263
194,4864,0.000001338
195,4864,0.000001594
196,4864,0.000001320
197,4864,0.000001630
198,4864,0.000001222
199,4864,0.000001283
200,4864,0.000001247
201,4864,0.000001283
202,4864,0.000001750
203,4864,0.000001951
204,4864,0.000001588
205,4864,0.000001250
206,4864,0.000001308
207,4864,0.000001317
208,4864,0.000001724
209,4864,0.000001329
210,4864,0.000001404
211,4864,0.000001258
212,4864,0.000001524
213,4864,0.000002308
214,4864,0.000001253
215,4864,0.000001347
216,4864,0.000001217
217,4864,0.000001340
218,4864,0.000001497
219,4864,0.000001236
220,4864,0.000001280
221,4864,0.000001200
222,4864,0.000001334
223,4864,0.000001942
224,4864,0.000001881
225,4864,0.000001610
226,4864,0.000001232
227,4864,0.000001329
228,4864,0.000001212
229,4864,0.000001607
230,4864,0.000001322
231,4864,0.000001244
232,4864,0.000001627
233,4864,0.000001933
234,4864,0.000001626
235,4864,0.000001240
236,4864,0.000001404
237,4864,0.000001494
238,4864,0.000001382
239,4864,0.000001284
240,4864,0.000001347
241,4864,0.000001282
242,4864,0.000001363
243,4864,0.000001382
244,4864,0.000001952
245,4864,0.000001555
246,4864,0.000001310
247,4864,0.000001221
248,4864,0.000001496
249,4864,0.000001204
250,4864,0.000001555
251,4864,0.000001238
252,4864,0.000001251
253,4864,0.000001377
254,4864,0.000001972
255,4864,0.000001326
256,4864,0.000001384
257,4864,0.000001193
258,4864,0.000001356
259,4864,0.000001332
260,4864,0.000001362
261,4864,0.000001630
262,4864,0.000001206
263,4864,0.000001487
264,4864,0.000001449
265,4864,0.000002035
266,4864,0.000001715
267,4864,0.000001459
268,4864,0.000001257
269,4864,0.000001408
270,4864,0.000001234
271,4864,0.000001282
272,4864,0.000001612
273,4864,0.000001239
274,4864,0.000001301
275,4864,0.000001953
276,4864,0.000001384
277,4864,0.000001937
278,4864,0.000001241
279,4864,0.000001265
280,4864,0.000001339
281,4864,0.000001293
282,4864,0.000001516
283,4864,0.000001276
284,4864,0.000001290
285,4864,0.000001346
286,4864,0.000001977
287,4864,0.000001344
288,4864,0.000001446
289,4864,0.000001284
290,4864,0.000001284
291,4864,0.000001217
292,4864,0.000001371
293,4864,0.000011680
294,4864,0.000002368
295,4864,0.000001347
296,4864,0.000001247
297,4864,0.000001636
298,4864,0.000001821
299,4864,0.000002015
300,4864,0.000001412
301,4864,0.000001275
302,4864,0.000001324
303,4864,0.000001245
304,4864,0.000001362
305,4864,0.000001380
306,4864,0.000001229
307,4864,0.000001358
308,4864,0.000001209
309,4864,0.000001664
310,4864,0.000001293
311,4864,0.000001274
312,4864,0.000001454
313,4864,0.000001225
314,4864,0.000001644
315,4864,0.000001390
316,4864,0.000001405
317,4864,0.000001984
318,4864,0.000001664
319,4864,0.000001204
320,4864,0.000001411
321,4864,0.000001289
322,4864,0.000001229
323,4864,0.000001326
324,4864,0.000001227
325,4864,0.000001539
326,4864,0.000001392
327,4864,0.000001237
328,4864,0.000002051
329,4864,0.000001285
330,4864,0.000001663
331,4864,0.000001380
332,4864,0.000001352
333,4864,0.000001374
334,4864,0.000001308
335,4864,0.000001304
336,4864,0.000001607
337,4864,0.000001381
338,4864,0.000002111
339,4864,0.000001324
340,4864,0.000001365
341,4864,0.000001599
342,4864,0.000001248
343,4864,0.000001307
344,4864,0.000001309
345,4864,0.000001617
346,4864,0.000001485
347,4864,0.000001273
348,4864,0.000001433
349,4864,0.000001986
350,4864,0.000001340
351,4864,0.000001274
352,4864,0.000001416
353,4864,0.000001318
354,4864,0.000001250
355,4864,0.000001325
356,4864,0.000001237
357,4864,0.000001769
358,4864,0.000001272
359,4864,0.000001963
360,4864,0.000001392
361,4864,0.000001220
362,4864,0.000001692
363,4864,0.000001384
364,4864,0.000001310
365,4864,0.000001276
366,4864,0.000001215
367,4864,0.000001409
368,4864,0.000001521
369,4864,0.000001450
370,4864,0.000001953
371,4864,0.000001283
372,4864,0.000001252
373,4864,0.000001623
374,4864,0.000001713
375,4864,0.000001254
376,4864,0.000001408
377,4864,0.000001308
378,4864,0.000001652
379,4864,0.000001302
380,4864,0.000002011
381,4864,0.000001263
382,4864,0.000001347
383,4864,0.000001295
384,4864,0.000001658
385,4864,0.000001375
386,4864,0.000001258
387,4864,0.000001385
388,4864,0.000001262
389,4864,0.000001590
390,4864,0.000001535
391,4864,0.000002044
392,4864,0.000001394
393,4864,0.000001236
394,4864,0.000001600
395,4864,0.000001567
396,4864,0.000001294
397,4864,0.000001284
398,4864,0.000001280
399,4864,0.000001409
400,4864,0.000001495
401,4864,0.000002066
402,4864,0.000001384
403,4864,0.000001208
404,4864,0.000001422
405,4864,0.000001543
406,4864,0.000001256
407,4864,0.000001568
408,4864,0.000001286
409,4864,0.000001278
410,4864,0.000001597
411,4864,0.000001978
412,4864,0.000001576
413,4864,0.000001208
414,4864,0.000001330
415,4864,0.000001260
416,4864,0.000001284
417,4864,0.000001299
418,4864,0.000001262
419,4864,0.000001247
420,4864,0.000001221
421,4864,0.000001942
422,4864,0.000002042
423,4864,0.000001422
424,4864,0.000001299
425,4864,0.000001393
426,4864,0.000001592
427,4864,0.000001394
428,4864,0.000001256
429,4864,0.000001269
430,4864,0.000001330
431,4864,0.000001844
432,4864,0.000002232
433,4864,0.000001248
434,4864,0.000001430
435,4864,0.000001265
436,4864,0.000001272
437,4864,0.000001843
438,4864,0.000001211
439,4864,0.000001255
440,4864,0.000001218
441,4864,0.000001459
442,4864,0.000002250
443,4864,0.000001278
444,4864,0.000001319
445,4864,0.000001294
446,4864,0.000001425
447,4864,0.000001269
448,4864,0.000001392
449,4864,0.000001386
450,4864,0.000001251
451,4864,0.000001430
452,4864,0.000001962
453,4864,0.000001911
454,4864,0.000001357
455,4864,0.000001309
456,4864,0.000001356
457,4864,0.000001267
458,4864,0.000001546
459,4864,0.000001300
460,4864,0.000001248
461,4864,0.000001301
462,4864,0.000001222
463,4864,0.000001984
464,4864,0.000001692
465,4864,0.000001538
466,4864,0.000001301
467,4864,0.000001247
468,4864,0.000001322
469,4864,0.000001807
470,4864,0.000001253
471,4864,0.000001443
472,4864,0.000001344
473,4864,0.000002009
474,4864,0.000001574
475,4864,0.000001327
476,4864,0.000001320
477,4864,0.000001204
478,4864,0.000001329
479,4864,0.000001279
480,4864,0.000001550
481,4864,0.000001344
482,4864,0.000001284
483,4864,0.000001360
484,4864,0.000002003
485,4864,0.000002027
486,4864,0.000001279
487,4864,0.000001245
488,4864,0.000001334
489,4864,0.000001316
490,4864,0.000001887
491,4864,0.000001342
492,4864,0.000001308
493,4864,0.000001327
494,4864,0.000001995
495,4864,0.000001366
496,4864,0.000001326
497,4864,0.000001247
498,4864,0.000001467
499,4864,0.000001292
500,4864,0.000001317
501,4864,0.000001530
502,4864,0.000001238
503,4864,0.000001347
504,4864,0.000001258
505,4864,0.000002057
506,4864,0.000001469
507,4864,0.000001250
508,4864,0.000001310
509,4864,0.000001241
510,4864,0.000001358
511,4864,0.000001326
512,4864,0.000001538
513,4864,0.000001383
514,4864,0.000001246
515,4864,0.000002294
516,4864,0.000001378
517,4864,0.000001702
518,4864,0.000001306
519,4864,0.000001411
520,4864,0.000001327
521,4864,0.000001181
522,4864,0.000001552
523,4864,0.000001342
524,4864,0.000001267
525,4864,0.000001247
526,4864,0.000002083
527,4864,0.000001373
528,4864,0.000001354
529,4864,0.000001294
530,4864,0.000001237
531,4864,0.000001247
532,4864,0.000001344
533,4864,0.000001879
534,4864,0.000001234
535,4864,0.000001369
536,4864,0.000001959
537,4864,0.000001829
538,4864,0.000002015
539,4864,0.000001407
540,4864,0.000001472
541,4864,0.000001433
542,4864,0.000001466
543,4864,0.000001466
544,4864,0.000001464
545,4864,0.000001458
546,4864,0.000002135
547,4864,0.000001399
548,4864,0.000001262
549,4864,0.000001592
550,4864,0.000001483
551,4864,0.000001244
552,4864,0.000001297
553,4864,0.000001304
554,4864,0.000001650
555,4864,0.000001422
556,4864,0.000002005
557,4864,0.000001369
558,4864,0.000001223
559,4864,0.000001329
560,4864,0.000001399
561,4864,0.000001249
562,4864,0.000001274
563,4864,0.000001303
564,4864,0.000001367
565,4864,0.000001597
566,4864,0.000001268
567,4864,0.000002030
568,4864,0.000001265
569,4864,0.000001499
570,4864,0.000001572
571,4864,0.000001210
572,4864,0.000001344
573,4864,0.000001324
574,4864,0.000001362
575,4864,0.000001263
576,4864,0.000001702
577,4864,0.000002056
578,4864,0.000001643
579,4864,0.000001472
580,4864,0.000001333
581,4864,0.000001547
582,4864,0.000001462
583,4864,0.000001240
584,4864,0.000001323
585,4864,0.000001270
586,4864,0.000001656
587,4864,0.000002454
588,4864,0.000001591
589,4864,0.000001362
590,4864,0.000001244
591,4864,0.000001401
592,4864,0.000001378
593,4864,0.000001236
594,4864,0.000001373
595,4864,0.000001205
596,4864,0.000001379
597,4864,0.000001641
598,4864,0.000002018
599,4864,0.000001371
600,4864,0.000001206
601,4864,0.000001224
602,4864,0.000001728
603,4864,0.000001212
604,4864,0.000001396
605,4864,0.000001220
606,4864,0.000001286
607,4864,0.000001343
608,4864,0.000002362
609,4864,0.000001330
610,4864,0.000001239
611,4864,0.000001313
612,4864,0.000001415
613,4864,0.000001645
614,4864,0.000001339
615,4864,0.000001524
616,4864,0.000001345
617,4864,0.000001204
618,4864,0.000002367
619,4864,0.000001299
620,4864,0.000001248
621,4864,0.000001289
622,4864,0.000001208
623,4864,0.000001201
624,4864,0.000001476
625,4864,0.000001300
626,4864,0.000001408
627,4864,0.000001280
628,4864,0.000001231
629,4864,0.000002392
630,4864,0.000001397
631,4864,0.000001501
632,4864,0.000001266
633,4864,0.000001419
634,4864,0.000001698
635,4864,0.000001290
636,4864,0.000001382
637,4864,0.000001304
638,4864,0.000001369
639,4864,0.000001264
640,4864,0.000001254
641,4864,0.000001303
642,4864,0.000001238
643,4864,0.000001322
644,4864,0.000001234
645,4864,0.000002380
646,4864,0.000001446
647,4864,0.000001290
648,4864,0.000001290
649,4864,0.000001248
650,4864,0.000001468
651,4864,0.000001460
652,4864,0.000001259
653,4864,0.000001433
654,4864,0.000001288
655,4864,0.000001311
656,4864,0.000001385
657,4864,0.000001307
658,4864,0.000002327
659,4864,0.000001304
660,4864,0.000001290
661,4864,0.000001603
662,4864,0.000001240
663,4864,0.000001365
664,4864,0.000001252
665,4864,0.000001594
666,4864,0.000001585
667,4864,0.000001286
668,4864,0.000001245
669,4864,0.000001979
670,4864,0.000001503
671,4864,0.000001312
672,4864,0.000001368
673,4864,0.000001303
674,4864,0.000001398
675,4864,0.000001444
676,4864,0.000001388
677,4864,0.000001698
678,4864,0.000001240
679,4864,0.000002126
680,4864,0.000001254
681,4864,0.000001373
682,4864,0.000001952
683,4864,0.000001194
684,4864,0.000001258
685,4864,0.000001352
686,4864,0.000001239
687,4864,0.000001383
688,4864,0.000001360
689,4864,0.000001250
690,4864,0.000002042
691,4864,0.000001315
692,4864,0.000001483
693,4864,0.000001634
694,4864,0.000001260
695,4864,0.000001408
696,4864,0.000001208
697,4864,0.000001362
698,4864,0.000001678
699,4864,0.000001264
700,4864,0.000002030
701,4864,0.000001505
702,4864,0.000001312
703,4864,0.000001327
704,4864,0.000001394
705,4864,0.000001282
706,4864,0.000001544
707,4864,0.000001329
708,4864,0.000001278
709,4864,0.000001669
710,4864,0.000002134
711,4864,0.000001251
712,4864,0.000001330
713,4864,0.000001208
714,4864,0.000001565
715,4864,0.000001641
716,4864,0.000001323
717,4864,0.000001274
718,4864,0.000001191
719,4864,0.000001288
720,4864,0.000001320
721,4864,0.000001979
722,4864,0.000001388
723,4864,0.000001301
724,4864,0.000016296
725,4864,0.000002914
726,4864,0.000001960
727,4864,0.000002125
728,4864,0.000001895
729,4864,0.000002587
730,4864,0.000002405
731,4864,0.000002037
732,4864,0.000003782
733,4864,0.000014679
734,4864,0.000001931
735,4864,0.000001987
736,4864,0.000002046
737,4864,0.000001666
738,4864,0.000001767
739,4864,0.000003228
740,4864,0.000001779
741,4864,0.000002051
742,4864,0.000001850
743,4864,0.000001661
744,4864,0.000001998
745,4864,0.000001907
746,4864,0.000002691
747,4864,0.000003131
748,4864,0.000001850
749,4864,0.000001671
750,4864,0.000001679
751,4864,0.000001941
752,4864,0.000001804
753,4864,0.000002051
754,4864,0.000003068
755,4864,0.000001716
756,4864,0.000001904
757,4864,0.000002215
758,4864,0.000001820
759,4864,0.000001831
760,4864,0.000001658
761,4864,0.000002827
762,4864,0.000002156
763,4864,0.000001774
764,4864,0.000001604
765,4864,0.000001587
766,4864,0.000002053
767,4864,0.000001765
768,4864,0.000001691
769,4864,0.000002788
770,4864,0.000001725
771,4864,0.000001743
772,4864,0.000001727
773,4864,0.000002121
774,4864,0.000001786
775,4864,0.000001872
776,4864,0.000001933
777,4864,0.000003472
778,4864,0.000002191
779,4864,0.000001844
780,4864,0.000001993
781,4864,0.000001853
782,4864,0.000002462
783,4864,0.000001965
784,4864,0.000003119
785,4864,0.000002064
786,4864,0.000001715
787,4864,0.000001687
788,4864,0.000001681
789,4864,0.000002178
790,4864,0.000001808
791,4864,0.000003113
792,4864,0.000001835
793,4864,0.000001696
794,4864,0.000001871
795,4864,0.000001638
796,4864,0.000001920
797,4864,0.000001923
798,4864,0.000001831
799,4864,0.000003282
800,4864,0.000002217
801,4864,0.000001738
802,4864,0.000001801
803,4864,0.000001945
804,4864,0.000001950
805,4864,0.000002243
806,4864,0.000002974
807,4864,0.000002131
808,4864,0.000001839
809,4864,0.000001740
810,4864,0.000002363
811,4864,0.000001770
812,4864,0.000001916
813,4864,0.000003019
814,4864,0.000001896
815,4864,0.000002172
816,4864,0.000002313
817,4864,0.000001767
818,4864,0.000001724
819,4864,0.000001648
820,4864,0.000003031
821,4864,0.000002390
822,4864,0.000001808
823,4864,0.000001772
824,4864,0.000001947
825,4864,0.000001679
826,4864,0.000002400
827,4864,0.000001668
828,4864,0.000002918
829,4864,0.000001859
830,4864,0.000001742
831,4864,0.000001779
832,4864,0.000001724
833,4864,0.000002195
834,4864,0.000001936
835,4864,0.000003532
836,4864,0.000002078
837,4864,0.000002221
838,4864,0.000001782
839,4864,0.000002080
840,4864,0.000001809
841,4864,0.000002104
842,4864,0.000003850
843,4864,0.000001900
844,4864,0.000002037
845,4864,0.000001792
846,4864,0.000001858
847,4864,0.000001823
848,4864,0.000001903
849,4864,0.000002949
850,4864,0.000001845
851,4864,0.000002188
852,4864,0.000001848
853,4864,0.000002340
854,4864,0.000002056
855,4864,0.000002526
856,4864,0.000002430
857,4864,0.000001228
858,4864,0.000001661
859,4864,0.000001359
860,4864,0.000001252
861,4864,0.000001321
862,4864,0.000001279
863,4864,0.000001359
864,4864,0.000001382
865,4864,0.000001279
866,4864,0.000002082
867,4864,0.000001237
868,4864,0.000001485
869,4864,0.000001472
870,4864,0.000001243
871,4864,0.000001356
872,4864,0.000001215
873,4864,0.000001320
874,4864,0.000001842
875,4864,0.000001392
876,4864,0.000002115
877,4864,0.000001742
878,4864,0.000001312
879,4864,0.000001295
880,4864,0.000001542
881,4864,0.000001362
882,4864,0.000001306
883,4864,0.000001298
884,4864,0.000001245
885,4864,0.000012052
886,4864,0.000002562
887,4864,0.000001319
888,4864,0.000001487
889,4864,0.000001233
890,4864,0.000001566
891,4864,0.000001369
892,4864,0.000001249
893,4864,0.000001350
894,4864,0.000001263
895,4864,0.000001980
896,4864,0.000001346
897,4864,0.000001411
898,4864,0.000001257
899,4864,0.000001353
900,4864,0.000001269
901,4864,0.000001600
902,4864,0.000001479
903,4864,0.000001244
904,4864,0.000001228
905,4864,0.000001955
906,4864,0.000001624
907,4864,0.000001367
908,4864,0.000001247
909,4864,0.000001369
910,4864,0.000001236
911,4864,0.000001347
912,4864,0.000001429
913,4864,0.000001264
914,4864,0.000001669
915,4864,0.000001273
916,4864,0.000002079
917,4864,0.000001632
918,4864,0.000001247
919,4864,0.000001385
920,4864,0.000001227
921,4864,0.000001245
922,4864,0.000001590
923,4864,0.000001230
924,4864,0.000001391
925,4864,0.000001213
926,4864,0.000001507
927,4864,0.000002000
928,4864,0.000001333
929,4864,0.000001350
930,4864,0.000001231
931,4864,0.000001300
932,4864,0.000001207
933,4864,0.000001555
934,4864,0.000001439
935,4864,0.000001298
936,4864,0.000001359
937,4864,0.000001960
938,4864,0.000001677
939,4864,0.000001718
940,4864,0.000001242
941,4864,0.000001333
942,4864,0.000001240
943,4864,0.000001324
944,4864,0.000001342
945,4864,0.000001263
946,4864,0.000001700
947,4864,0.000006252
948,4864,0.000003433
949,4864,0.000003675
950,4864,0.000002550
951,4864,0.000003312
952,4864,0.000002446
953,4864,0.000002776
954,4864,0.000003714
955,4864,0.000002931
956,4864,0.000003315
957,4864,0.000002390
958,4864,0.000005313
959,4864,0.000002362
960,4864,0.000003396
961,4864,0.000003564
962,4864,0.000002445
963,4864,0.000002365
964,4864,0.000002387
965,4864,0.000005786
966,4864,0.000003281
967,4864,0.000002485
968,4864,0.000002313
969,4864,0.000002343
970,4864,0.000004702
971,4864,0.000003263
972,4864,0.000002400
973,4864,0.000002332
974,4864,0.000002469
975,4864,0.000002255
976,4864,0.000004279
977,4864,0.000002520
978,4864,0.000002374
979,4864,0.000002372
980,4864,0.000002347
981,4864,0.000003585
982,4864,0.000003408
983,4864,0.000002426
984,4864,0.000004738
985,4864,0.000002292
986,4864,0.000004427
987,4864,0.000002512
988,4864,0.000002458
989,4864,0.000002369
990,4864,0.000002406
991,4864,0.000002326
992,4864,0.000004344
993,4864,0.000002439
994,4864,0.000002414
995,4864,0.000002365
996,4864,0.000002343
997,4864,0.000004411
998,4864,0.000003275
999,4864,0.000002461
0,5120,0.000004190
1,5120,0.000001660
2,5120,0.000001419
3,5120,0.000001422
4,5120,0.000001482
5,5120,0.000001446
6,5120,0.000001422
7,5120,0.000001920
8,5120,0.000002154
9,5120,0.000002517
10,5120,0.000002120
11,5120,0.000001777
12,5120,0.000001954
13,5120,0.000002173
14,5120,0.000001752
15,5120,0.000001965
16,5120,0.000001778
17,5120,0.000002097
18,5120,0.000002241
19,5120,0.000016224
20,5120,0.000002044
21,5120,0.000001895
22,5120,0.000002048
23,5120,0.000002031
24,5120,0.000001817
25,5120,0.000002110
26,5120,0.000002060
27,5120,0.000001726
28,5120,0.000002276
29,5120,0.000014523
30,5120,0.000001770
31,5120,0.000001840
32,5120,0.000004093
33,5120,0.000001811
34,5120,0.000001675
35,5120,0.000001729
36,5120,0.000001869
37,5120,0.000002088
38,5120,0.000001956
39,5120,0.000001857
40,5120,0.000002028
41,5120,0.000001880
42,5120,0.000001717
43,5120,0.000002055
44,5120,0.000001769
45,5120,0.000001848
46,5120,0.000002264
47,5120,0.000001686
48,5120,0.000002266
49,5120,0.000001942
50,5120,0.000003441
51,5120,0.000002128
52,5120,0.000002153
53,5120,0.000001985
54,5120,0.000001592
55,5120,0.000001866
56,5120,0.000001762
57,5120,0.000001763
58,5120,0.000001684
59,5120,0.000001704
60,5120,0.000001805
61,5120,0.000001873
62,5120,0.000001680
63,5120,0.000001907
64,5120,0.000002343
65,5120,0.000001824
66,5120,0.000002037
67,5120,0.000001830
68,5120,0.000003832
69,5120,0.000002005
70,5120,0.000001978
71,5120,0.000001948
72,5120,0.000002108
73,5120,0.000001881
74,5120,0.000002026
75,5120,0.000001827
76,5120,0.000002026
77,5120,0.000001940
78,5120,0.000001946
79,5120,0.000001998
80,5120,0.000001999
81,5120,0.000001903
82,5120,0.000001965
83,5120,0.000001865
84,5120,0.000002072
85,5120,0.000001854
86,5120,0.000003123
87,5120,0.000001950
88,5120,0.000002011
89,5120,0.000002023
90,5120,0.000001875
91,5120,0.000001774
92,5120,0.000002067
93,5120,0.000001834
94,5120,0.000002145
95,5120,0.000002024
96,5120,0.000002166
97,5120,0.000002140
98,5120,0.000001922
99,5120,0.000002252
100,5120,0.000002119
101,5120,0.000002086
102,5120,0.000001974
103,5120,0.000003212
104,5120,0.000002063
105,5120,0.000002029
106,5120,0.000002081
107,5120,0.000002015
108,5120,0.000002061
109,5120,0.000002353
110,5120,0.000001909
111,5120,0.000001981
112,5120,0.000001952
113,5120,0.000002162
114,5120,0.000002088
115,5120,0.000001985
116,5120,0.000002105
117,5120,0.000002050
118,5120,0.000002001
119,5120,0.000001952
120,5120,0.000002187
121,5120,0.000003069
122,5120,0.000002107
123,5120,0.000001945
124,5120,0.000002305
125,5120,0.000001923
126,5120,0.000001903
127,5120,0.000001951
128,5120,0.000001987
129,5120,0.000002640
130,5120,0.000013624
131,5120,0.000002564
132,5120,0.000002104
133,5120,0.000001949
134,5120,0.000002161
135,5120,0.000002090
136,5120,0.000001943
137,5120,0.000003635
138,5120,0.000002171
139,5120,0.000002080
140,5120,0.000002397
141,5120,0.000001951
142,5120,0.000001977
143,5120,0.000002011
144,5120,0.000002108
145,5120,0.000002167
146,5120,0.000001937
147,5120,0.000002023
148,5120,0.000002235
149,5120,0.000001955
150,5120,0.000002340
151,5120,0.000002042
152,5120,0.000001987
153,5120,0.000002227
154,5120,0.000003150
155,5120,0.000002149
156,5120,0.000002320
157,5120,0.000002063
158,5120,0.000002055
159,5120,0.000002011
160,5120,0.000002020
161,5120,0.000002008
162,5120,0.000001877
163,5120,0.000002191
164,5120,0.000002205
165,5120,0.000002023
166,5120,0.000002286
167,5120,0.000002315
168,5120,0.000002143
169,5120,0.000002187
170,5120,0.000013173
171,5120,0.000002275
172,5120,0.000002204
173,5120,0.000002352
174,5120,0.000002056
175,5120,0.000001962
176,5120,0.000002053
177,5120,0.000002302
178,5120,0.000025205
179,5120,0.000001952
180,5120,0.000002453
181,5120,0.000002268
182,5120,0.000002142
183,5120,0.000002165
184,5120,0.000002081
185,5120,0.000002239
186,5120,0.000003509
187,5120,0.000002071
188,5120,0.000014774
189,5120,0.000002093
190,5120,0.000001964
191,5120,0.000001977
192,5120,0.000002274
193,5120,0.000001759
194,5120,0.000001915
195,5120,0.000001882
196,5120,0.000002032
197,5120,0.000001968
198,5120,0.000001744
199,5120,0.000001791
200,5120,0.000002025
201,5120,0.000002037
202,5120,0.000001903
203,5120,0.000002677
204,5120,0.000003635
205,5120,0.000001917
206,5120,0.000002268
207,5120,0.000001775
208,5120,0.000001842
209,5120,0.000001758
210,5120,0.000001722
211,5120,0.000001718
212,5120,0.000001893
213,5120,0.000001774
214,5120,0.000001790
215,5120,0.000001595
216,5120,0.000002040
217,5120,0.000001897
218,5120,0.000001721
219,5120,0.000001938
220,5120,0.000002317
221,5120,0.000001822
222,5120,0.000001825
223,5120,0.000001772
224,5120,0.000002064
225,5120,0.000002188
226,5120,0.000002448
227,5120,0.000001989
228,5120,0.000002084
229,5120,0.000001787
230,5120,0.000003693
231,5120,0.000002307
232,5120,0.000002225
233,5120,0.000002450
234,5120,0.000001960
235,5120,0.000001839
236,5120,0.000001810
237,5120,0.000001847
238,5120,0.000001799
239,5120,0.000002250
240,5120,0.000002088
241,5120,0.000001863
242,5120,0.000001875
243,5120,0.000001839
244,5120,0.000001941
245,5120,0.000001982
246,5120,0.000001835
247,5120,0.000001904
248,5120,0.000001962
249,5120,0.000001877
250,5120,0.000003782
251,5120,0.000002079
252,5120,0.000001958
253,5120,0.000001804
254,5120,0.000002014
255,5120,0.000001809
256,5120,0.000001943
257,5120,0.000001835
258,5120,0.000001874
259,5120,0.000001924
260,5120,0.000001880
261,5120,0.000001809
262,5120,0.000001843
263,5120,0.000001902
264,5120,0.000001935
265,5120,0.000001965
266,5120,0.000001801
267,5120,0.000002192
268,5120,0.000002951
269,5120,0.000002119
270,5120,0.000001893
271,5120,0.000001834
272,5120,0.000001865
273,5120,0.000001819
274,5120,0.000001922
275,5120,0.000001865
276,5120,0.000001899
277,5120,0.000001894
278,5120,0.000001879
279,5120,0.000001918
280,5120,0.000001905
281,5120,0.000001825
282,5120,0.000001949
283,5120,0.000001767
284,5120,0.000001905
285,5120,0.000001967
286,5120,0.000002839
287,5120,0.000001926
288,5120,0.000001915
289,5120,0.000001810
290,5120,0.000001929
291,5120,0.000001824
292,5120,0.000001937
293,5120,0.000002055
294,5120,0.000001798
295,5120,0.000001881
296,5120,0.000002019
297,5120,0.000001796
298,5120,0.000001939
299,5120,0.000001794
300,5120,0.000002200
301,5120,0.000001860
302,5120,0.000002124
303,5120,0.000001769
304,5120,0.000002877
305,5120,0.000001963
306,5120,0.000001783
307,5120,0.000001872
308,5120,0.000001964
309,5120,0.000001835
310,5120,0.000001949
311,5120,0.000001785
312,5120,0.000001869
313,5120,0.000001852
314,5120,0.000001873
315,5120,0.000001906
316,5120,0.000001904
317,5120,0.000001810
318,5120,0.000001896
319,5120,0.000001841
320,5120,0.000002047
321,5120,0.000002014
322,5120,0.000001996
323,5120,0.000003549
324,5120,0.000001596
325,5120,0.000001257
326,5120,0.000001367
327,5120,0.000001264
328,5120,0.000001661
329,5120,0.000001289
330,5120,0.000001280
331,5120,0.000001482
332,5120,0.000001469
333,5120,0.000001317
334,5120,0.000001378
335,5120,0.000001256
336,5120,0.000001434
337,5120,0.000001325
338,5120,0.000001230
339,5120,0.000001353
340,5120,0.000001358
341,5120,0.000001246
342,5120,0.000001358
343,5120,0.000001221
344,5120,0.000001674
345,5120,0.000001692
346,5120,0.000001259
347,5120,0.000002167
348,5120,0.000001445
349,5120,0.000001258
350,5120,0.000001536
351,5120,0.000001366
352,5120,0.000001304
353,5120,0.000001253
354,5120,0.000001241
355,5120,0.000001270
356,5120,0.000001399
357,5120,0.000001417
358,5120,0.000001298
359,5120,0.000001324
360,5120,0.000001364
361,5120,0.000001303
362,5120,0.000001301
363,5120,0.000001622
364,5120,0.000001470
365,5120,0.000001252
366,5120,0.000001379
367,5120,0.000001258
368,5120,0.000001385
369,5120,0.000001316
370,5120,0.000001261
371,5120,0.000001604
372,5120,0.000001425
373,5120,0.000002104
374,5120,0.000001396
375,5120,0.000001321
376,5120,0.000001537
377,5120,0.000001327
378,5120,0.000001279
379,5120,0.000001383
380,5120,0.000001677
381,5120,0.000001315
382,5120,0.000001352
383,5120,0.000001236
384,5120,0.000001454
385,5120,0.000001566
386,5120,0.000001258
387,5120,0.000001662
388,5120,0.000001318
389,5120,0.000001246
390,5120,0.000001354
391,5120,0.000001248
392,5120,0.000001371
393,5120,0.000001375
394,5120,0.000001468
395,5120,0.000001321
396,5120,0.000001303
397,5120,0.000001255
398,5120,0.000002037
399,5120,0.000001262
400,5120,0.000001579
401,5120,0.000001323
402,5120,0.000001463
403,5120,0.000001308
404,5120,0.000001480
405,5120,0.000001371
406,5120,0.000001405
407,5120,0.000001274
408,5120,0.000001461
409,5120,0.000001435
410,5120,0.000001256
411,5120,0.000001402
412,5120,0.000001432
413,5120,0.000001320
414,5120,0.000001318
415,5120,0.000001314
416,5120,0.000001338
417,5120,0.000001273
418,5120,0.000001212
419,5120,0.000001430
420,5120,0.000001274
421,5120,0.000001271
422,5120,0.000001446
423,5120,0.000001345
424,5120,0.000002530
425,5120,0.000001406
426,5120,0.000001256
427,5120,0.000001366
428,5120,0.000001401
429,5120,0.000001239
430,5120,0.000001294
431,5120,0.000001292
432,5120,0.000001466
433,5120,0.000001334
434,5120,0.000001277
435,5120,0.000001321
436,5120,0.000001341
437,5120,0.000001247
438,5120,0.000001291
439,5120,0.000001200
440,5120,0.000001489
441,5120,0.000001766
442,5120,0.000001252
443,5120,0.000001300
444,5120,0.000001326
445,5120,0.000001244
446,5120,0.000001329
447,5120,0.000001228
448,5120,0.000001395
449,5120,0.000001322
450,5120,0.000002049
451,5120,0.000001329
452,5120,0.000001486
453,5120,0.000001256
454,5120,0.000001358
455,5120,0.000001267
456,5120,0.000001422
457,5120,0.000001384
458,5120,0.000001293
459,5120,0.000001386
460,5120,0.000001469
461,5120,0.000001261
462,5120,0.000001263
463,5120,0.000001245
464,5120,0.000001507
465,5120,0.000001357
466,5120,0.000001309
467,5120,0.000001311
468,5120,0.000001366
469,5120,0.000001310
470,5120,0.000001341
471,5120,0.000001239
472,5120,0.000001447
473,5120,0.000001774
474,5120,0.000001299
475,5120,0.000001572
476,5120,0.000002074
477,5120,0.000001277
478,5120,0.000001271
479,5120,0.000001223
480,5120,0.000001317
481,5120,0.000001294
482,5120,0.000001227
483,5120,0.000001319
484,5120,0.000001384
485,5120,0.000001242
486,5120,0.000001418
487,5120,0.000001310
488,5120,0.000001415
489,5120,0.000001398
490,5120,0.000001329
491,5120,0.000001366
492,5120,0.000001536
493,5120,0.000001336
494,5120,0.000001314
495,5120,0.000001184
496,5120,0.000001346
497,5120,0.000001376
498,5120,0.000001240
499,5120,0.000001369
500,5120,0.000001449
501,5120,0.000001485
502,5120,0.000001428
503,5120,0.000002070
504,5120,0.000001373
505,5120,0.000001271
506,5120,0.000001209
507,5120,0.000001378
508,5120,0.000001355
509,5120,0.000001257
510,5120,0.000001302
511,5120,0.000001273
512,5120,0.000001605
513,5120,0.000001617
514,5120,0.000001308
515,5120,0.000001349
516,5120,0.000001664
517,5120,0.000001453
518,5120,0.000001299
519,5120,0.000001259
520,5120,0.000001602
521,5120,0.000001322
522,5120,0.000001212
523,5120,0.000001387
524,5120,0.000001295
525,5120,0.000001312
526,5120,0.000001370
527,5120,0.000001260
528,5120,0.000001449
529,5120,0.000002132
530,5120,0.000001279
531,5120,0.000001309
532,5120,0.000001578
533,5120,0.000001245
534,5120,0.000001257
535,5120,0.000001243
536,5120,0.000001370
537,5120,0.000001396
538,5120,0.000001253
539,5120,0.000001284
540,5120,0.000001409
541,5120,0.000001243
542,5120,0.000001335
543,5120,0.000001228
544,5120,0.000001401
545,5120,0.000001648
546,5120,0.000001284
547,5120,0.000001387
548,5120,0.000001764
549,5120,0.000001357
550,5120,0.000001413
551,5120,0.000001306
552,5120,0.000001431
553,5120,0.000001681
554,5120,0.000002004
555,5120,0.000001380
556,5120,0.000001400
557,5120,0.000001261
558,5120,0.000001533
559,5120,0.000001274
560,5120,0.000001493
561,5120,0.000001372
562,5120,0.000001239
563,5120,0.000001384
564,5120,0.000001404
565,5120,0.000001257
566,5120,0.000001443
567,5120,0.000001207
568,5120,0.000001393
569,5120,0.000001399
570,5120,0.000001202
571,5120,0.000001354
572,5120,0.000001459
573,5120,0.000001270
574,5120,0.000001354
575,5120,0.000001223
576,5120,0.000001389
577,5120,0.000001431
578,5120,0.000001229
579,5120,0.000001371
580,5120,0.000002163
581,5120,0.000001352
582,5120,0.000001332
583,5120,0.000001256
584,5120,0.000001354
585,5120,0.000002111
586,5120,0.000001247
587,5120,0.000001399
588,5120,0.000001332
589,5120,0.000001347
590,5120,0.000001305
591,5120,0.000001261
592,5120,0.000001612
593,5120,0.000001424
594,5120,0.000001293
595,5120,0.000001281
596,5120,0.000001672
597,5120,0.000001349
598,5120,0.000001256
599,5120,0.000014296
600,5120,0.000001357
601,5120,0.000001445
602,5120,0.000001256
603,5120,0.000001407
604,5120,0.000001429
605,5120,0.000001361
606,5120,0.000002223
607,5120,0.000001389
608,5120,0.000001266
609,5120,0.000001296
610,5120,0.000001496
611,5120,0.000001385
612,5120,0.000001445
613,5120,0.000001257
614,5120,0.000001441
615,5120,0.000001309
616,5120,0.000001338
617,5120,0.000001274
618,5120,0.000001221
619,5120,0.000001454
620,5120,0.000001351
621,5120,0.000001251
622,5120,0.000001290
623,5120,0.000001322
624,5120,0.000001461
625,5120,0.000001392
626,5120,0.000001212
627,5120,0.000001505
628,5120,0.000001372
629,5120,0.000001260
630,5120,0.000001343
631,5120,0.000001313
632,5120,0.000002176
633,5120,0.000001366
634,5120,0.000001321
635,5120,0.000001510
636,5120,0.000001339
637,5120,0.000001301
638,5120,0.000001315
639,5120,0.000001232
640,5120,0.000001518
641,5120,0.000001264
642,5120,0.000001430
643,5120,0.000001319
644,5120,0.000001418
645,5120,0.000001415
646,5120,0.000001228
647,5120,0.000001401
648,5120,0.000001441
649,5120,0.000001252
650,5120,0.000001245
651,5120,0.000001368
652,5120,0.000001554
653,5120,0.000001603
654,5120,0.000001354
655,5120,0.000001227
656,5120,0.000001649
657,5120,0.000002251
658,5120,0.000001333
659,5120,0.000001367
660,5120,0.000001459
661,5120,0.000001317
662,5120,0.000001336
663,5120,0.000001282
664,5120,0.000001344
665,5120,0.000001449
666,5120,0.000001274
667,5120,0.000001372
668,5120,0.000001418
669,5120,0.000001258
670,5120,0.000001244
671,5120,0.000001282
672,5120,0.000001608
673,5120,0.000001348
674,5120,0.000001240
675,5120,0.000001426
676,5120,0.000001324
677,5120,0.000001324
678,5120,0.000001425
679,5120,0.000001290
680,5120,0.000001374
681,5120,0.000001315
682,5120,0.000001179
683,5120,0.000001271
684,5120,0.000001285
685,5120,0.000001367
686,5120,0.000001352
687,5120,0.000001268
688,5120,0.000001358
689,5120,0.000001319
690,5120,0.000001192
691,5120,0.000001993
692,5120,0.000001418
693,5120,0.000001276
694,5120,0.000001204
695,5120,0.000001387
696,5120,0.000001358
697,5120,0.000001400
698,5120,0.000001281
699,5120,0.000002204
700,5120,0.000001467
701,5120,0.000001331
702,5120,0.000001326
703,5120,0.000001374
704,5120,0.000001338
705,5120,0.000001378
706,5120,0.000001355
707,5120,0.000011367
708,5120,0.000001620
709,5120,0.000001544
710,5120,0.000001422
711,5120,0.000001347
712,5120,0.000001405
713,5120,0.000001396
714,5120,0.000001344
715,5120,0.000001376
716,5120,0.000001740
717,5120,0.000001339
718,5120,0.000001291
719,5120,0.000002368
720,5120,0.000001386
721,5120,0.000001386
722,5120,0.000001207
723,5120,0.000001282
724,5120,0.000001428
725,5120,0.000001376
726,5120,0.000001219
727,5120,0.000001278
728,5120,0.000001319
729,5120,0.000001262
730,5120,0.000001232
731,5120,0.000001233
732,5120,0.000001338
733,5120,0.000001264
734,5120,0.000001329
735,5120,0.000001216
736,5120,0.000001441
737,5120,0.000001261
738,5120,0.000001273
739,5120,0.000001238
740,5120,0.000001577
741,5120,0.000001256
742,5120,0.000001203
743,5120,0.000001316
744,5120,0.000001370
745,5120,0.000001308
746,5120,0.000002001
747,5120,0.000001382
748,5120,0.000001509
749,5120,0.000001324
750,5120,0.000001304
751,5120,0.000001273
752,5120,0.000001444
753,5120,0.000001319
754,5120,0.000001230
755,5120,0.000001290
756,5120,0.000001376
757,5120,0.000001409
758,5120,0.000001342
759,5120,0.000001388
760,5120,0.000001415
761,5120,0.000001398
762,5120,0.000001355
763,5120,0.000001394
764,5120,0.000001334
765,5120,0.000001411
766,5120,0.000001367
767,5120,0.000001449
768,5120,0.000001504
769,5120,0.000001327
770,5120,0.000001301
771,5120,0.000001524
772,5120,0.000002155
773,5120,0.000001433
774,5120,0.000001664
775,5120,0.000001295
776,5120,0.000001432
777,5120,0.000001336
778,5120,0.000001601
779,5120,0.000001331
780,5120,0.000001486
781,5120,0.000001273
782,5120,0.000001583
783,5120,0.000001325
784,5120,0.000001457
785,5120,0.000001396
786,5120,0.000001216
787,5120,0.000001384
788,5120,0.000001400
789,5120,0.000001401
790,5120,0.000001229
791,5120,0.000001268
792,5120,0.000001386
793,5120,0.000001377
794,5120,0.000001384
795,5120,0.000001285
796,5120,0.000001401
797,5120,0.000002284
798,5120,0.000001251
799,5120,0.000001394
800,5120,0.000001480
801,5120,0.000001503
802,5120,0.000001406
803,5120,0.000001254
804,5120,0.000001470
805,5120,0.000001268
806,5120,0.000001249
807,5120,0.000001374
808,5120,0.000001311
809,5120,0.000001314
810,5120,0.000001368
811,5120,0.000001220
812,5120,0.000001369
813,5120,0.000001351
814,5120,0.000001243
815,5120,0.000001483
816,5120,0.000001395
817,5120,0.000001269
818,5120,0.000001289
819,5120,0.000001292
820,5120,0.000001355
821,5120,0.000001740
822,5120,0.000001259
823,5120,0.000002085
824,5120,0.000001367
825,5120,0.000001259
826,5120,0.000001270
827,5120,0.000001429
828,5120,0.000001539
829,5120,0.000001335
830,5120,0.000001722
831,5120,0.000001367
832,5120,0.000001566
833,5120,0.000001445
834,5120,0.000001325
835,5120,0.000001307
836,5120,0.000001414
837,5120,0.000001377
838,5120,0.000001270
839,5120,0.000001327
840,5120,0.000001375
841,5120,0.000001265
842,5120,0.000001330
843,5120,0.000001270
844,5120,0.000001331
845,5120,0.000001312
846,5120,0.000001333
847,5120,0.000001635
848,5120,0.000001812
849,5120,0.000002076
850,5120,0.000001749
851,5120,0.000001304
852,5120,0.000001408
853,5120,0.000001283
854,5120,0.000001245
855,5120,0.000001288
856,5120,0.000001364
857,5120,0.000001590
858,5120,0.000001260
859,5120,0.000001267
860,5120,0.000001402
861,5120,0.000001274
862,5120,0.000001353
863,5120,0.000001272
864,5120,0.000001629
865,5120,0.000001354
866,5120,0.000001277
867,5120,0.000001419
868,5120,0.000001369
869,5120,0.000001275
870,5120,0.000001293
871,5120,0.000001274
872,5120,0.000001368
873,5120,0.000001384
874,5120,0.000002007
875,5120,0.000001290
876,5120,0.000001366
877,5120,0.000001272
878,5120,0.000001330
879,5120,0.000001256
880,5120,0.000001392
881,5120,0.000001319
882,5120,0.000001232
883,5120,0.000001402
884,5120,0.000001307
885,5120,0.000001275
886,5120,0.000001269
887,5120,0.000001282
888,5120,0.000001283
889,5120,0.000001415
890,5120,0.000001240
891,5120,0.000001412
892,5120,0.000001333
893,5120,0.000001270
894,5120,0.000001481
895,5120,0.000001346
896,5120,0.000001371
897,5120,0.000001418
898,5120,0.000001257
899,5120,0.000001619
900,5120,0.000002187
901,5120,0.000001365
902,5120,0.000001197
903,5120,0.000001332
904,5120,0.000001465
905,5120,0.000001269
906,5120,0.000001288
907,5120,0.000001235
908,5120,0.000001358
909,5120,0.000001321
910,5120,0.000001242
911,5120,0.000001413
912,5120,0.000001437
913,5120,0.000001288
914,5120,0.000001389
915,5120,0.000001252
916,5120,0.000001785
917,5120,0.000001453
918,5120,0.000001330
919,5120,0.000001418
920,5120,0.000001409
921,5120,0.000001344
922,5120,0.000001495
923,5120,0.000001273
924,5120,0.000001287
925,5120,0.000002170
926,5120,0.000001540
927,5120,0.000001380
928,5120,0.000001420
929,5120,0.000001274
930,5120,0.000001402
931,5120,0.000001207
932,5120,0.000001463
933,5120,0.000001329
934,5120,0.000001247
935,5120,0.000001477
936,5120,0.000001667
937,5120,0.000001265
938,5120,0.000001363
939,5120,0.000001241
940,5120,0.000001389
941,5120,0.000001431
942,5120,0.000001282
943,5120,0.000001310
944,5120,0.000001392
945,5120,0.000001260
946,5120,0.000001342
947,5120,0.000001216
948,5120,0.000001304
949,5120,0.000001328
950,5120,0.000005588
951,5120,0.000003440
952,5120,0.000003411
953,5120,0.000003044
954,5120,0.000002367
955,5120,0.000002616
956,5120,0.000006258
957,5120,0.000002528
958,5120,0.000002568
959,5120,0.000002275
960,5120,0.000003622
961,5120,0.000003399
962,5120,0.000002428
963,5120,0.000002271
964,5120,0.000003473
965,5120,0.000002447
966,5120,0.000002350
967,5120,0.000002261
968,5120,0.000003379
969,5120,0.000002374
970,5120,0.000002308
971,5120,0.000002330
972,5120,0.000004671
973,5120,0.000002501
974,5120,0.000003226
975,5120,0.000002347
976,5120,0.000005264
977,5120,0.000002494
978,5120,0.000002309
979,5120,0.000002419
980,5120,0.000005748
981,5120,0.000002420
982,5120,0.000002411
983,5120,0.000002336
984,5120,0.000003400
985,5120,0.000002422
986,5120,0.000003216
987,5120,0.000002361
988,5120,0.000003391
989,5120,0.000002412
990,5120,0.000002347
991,5120,0.000002270
992,5120,0.000003826
993,5120,0.000002502
994,5120,0.000002331
995,5120,0.000002282
996,5120,0.000003405
997,5120,0.000002445
998,5120,0.000002677
999,5120,0.000003177
0,5376,0.000003363
1,5376,0.000001401
2,5376,0.000001347
3,5376,0.000001971
4,5376,0.000001342
5,5376,0.000001411
6,5376,0.000001625
7,5376,0.000001475
8,5376,0.000001431
9,5376,0.000001651
10,5376,0.000001222
11,5376,0.000001586
12,5376,0.000001649
13,5376,0.000001244
14,5376,0.000001377
15,5376,0.000001275
16,5376,0.000001284
17,5376,0.000001279
18,5376,0.000001242
19,5376,0.000001677
20,5376,0.000001249
21,5376,0.000001196
22,5376,0.000001582
23,5376,0.000001244
24,5376,0.000001263
25,5376,0.000001539
26,5376,0.000001356
27,5376,0.000001281
28,5376,0.000001643
29,5376,0.000001325
30,5376,0.000001284
31,5376,0.000001233
32,5376,0.000001292
33,5376,0.000002291
34,5376,0.000001533
35,5376,0.000001991
36,5376,0.000001950
37,5376,0.000002222
38,5376,0.000002314
39,5376,0.000001957
40,5376,0.000002434
41,5376,0.000002245
42,5376,0.000001831
43,5376,0.000001898
44,5376,0.000002365
45,5376,0.000001948
46,5376,0.000002346
47,5376,0.000001764
48,5376,0.000001784
49,5376,0.000001903
50,5376,0.000002187
51,5376,0.000004208
52,5376,0.000002062
53,5376,0.000001687
54,5376,0.000002477
55,5376,0.000001709
56,5376,0.000001789
57,5376,0.000002349
58,5376,0.000001847
59,5376,0.000001729
60,5376,0.000002175
61,5376,0.000002002
62,5376,0.000001715
63,5376,0.000002030
64,5376,0.000002011
65,5376,0.000002069
66,5376,0.000001876
67,5376,0.000002549
68,5376,0.000003532
69,5376,0.000002325
70,5376,0.000002783
71,5376,0.000001926
72,5376,0.000001869
73,5376,0.000002262
74,5376,0.000001818
75,5376,0.000001855
76,5376,0.000002200
77,5376,0.000002244
78,5376,0.000001839
79,5376,0.000001981
80,5376,0.000001945
81,5376,0.000001793
82,5376,0.000002201
83,5376,0.000002226
84,5376,0.000003029
85,5376,0.000001913
86,5376,0.000002156
87,5376,0.000002024
88,5376,0.000001885
89,5376,0.000002110
90,5376,0.000001820
91,5376,0.000002043
92,5376,0.000002445
93,5376,0.000001823
94,5376,0.000002021
95,5376,0.000001890
96,5376,0.000001875
97,5376,0.000001912
98,5376,0.000014674
99,5376,0.000002361
100,5376,0.000001865
101,5376,0.000002246
102,5376,0.000003659
103,5376,0.000002027
104,5376,0.000002068
105,5376,0.000002397
106,5376,0.000001375
107,5376,0.000014037
108,5376,0.000001828
109,5376,0.000001275
110,5376,0.000001351
111,5376,0.000001245
112,5376,0.000001359
113,5376,0.000001656
114,5376,0.000001209
115,5376,0.000001568
116,5376,0.000001317
117,5376,0.000001276
118,5376,0.000001729
119,5376,0.000001352
120,5376,0.000001309
121,5376,0.000001854
122,5376,0.000001355
123,5376,0.000010749
124,5376,0.000001737
125,5376,0.000001468
126,5376,0.000001279
127,5376,0.000001293
128,5376,0.000001413
129,5376,0.000001360
130,5376,0.000001221
131,5376,0.000001670
132,5376,0.000001517
133,5376,0.000001258
134,5376,0.000001603
135,5376,0.000001316
136,5376,0.000001309
137,5376,0.000001572
138,5376,0.000001402
139,5376,0.000001665
140,5376,0.000002251
141,5376,0.000002156
142,5376,0.000003937
143,5376,0.000002115
144,5376,0.000001875
145,5376,0.000001873
146,5376,0.000002062
147,5376,0.000002109
148,5376,0.000001981
149,5376,0.000001862
150,5376,0.000002374
151,5376,0.000001709
152,5376,0.000001595
153,5376,0.000002078
154,5376,0.000001791
155,5376,0.000002130
156,5376,0.000002155
157,5376,0.000001706
158,5376,0.000001749
159,5376,0.000001827
160,5376,0.000001905
161,5376,0.000003764
162,5376,0.000001997
163,5376,0.000002133
164,5376,0.000001703
165,5376,0.000001672
166,5376,0.000002059
167,5376,0.000001899
168,5376,0.000001790
169,5376,0.000002317
170,5376,0.000001774
171,5376,0.000001850
172,5376,0.000002210
173,5376,0.000001734
174,5376,0.000001746
175,5376,0.000001763
176,5376,0.000002105
177,5376,0.000001807
178,5376,0.000001704
179,5376,0.000004361
180,5376,0.000002109
181,5376,0.000002252
182,5376,0.000002307
183,5376,0.000001841
184,5376,0.000001789
185,5376,0.000002811
186,5376,0.000001989
187,5376,0.000001909
188,5376,0.000002268
189,5376,0.000001883
190,5376,0.000002400
191,5376,0.000002036
192,5376,0.000002231
193,5376,0.000001907
194,5376,0.000001854
195,5376,0.000002188
196,5376,0.000001850
197,5376,0.000001766
198,5376,0.000003856
199,5376,0.000001930
200,5376,0.000001830
201,5376,0.000002180
202,5376,0.000001907
203,5376,0.000001845
204,5376,0.000002166
205,5376,0.000001904
206,5376,0.000001812
207,5376,0.000001903
208,5376,0.000001991
209,5376,0.000001847
210,5376,0.000001929
211,5376,0.000002068
212,5376,0.000001949
213,5376,0.000001839
214,5376,0.000002188
215,5376,0.000003103
216,5376,0.000001862
217,5376,0.000002180
218,5376,0.000001805
219,5376,0.000001936
220,5376,0.000002224
221,5376,0.000001916
222,5376,0.000001780
223,5376,0.000001850
224,5376,0.000001827
225,5376,0.000001774
226,5376,0.000001788
227,5376,0.000002095
228,5376,0.000001804
229,5376,0.000002115
230,5376,0.000002088
231,5376,0.000001818
232,5376,0.000001899
233,5376,0.000003227
234,5376,0.000001881
235,5376,0.000002002
236,5376,0.000002536
237,5376,0.000001871
238,5376,0.000001923
239,5376,0.000002062
240,5376,0.000001890
241,5376,0.000001813
242,5376,0.000002036
243,5376,0.000002184
244,5376,0.000001856
245,5376,0.000001916
246,5376,0.000002101
247,5376,0.000001821
248,5376,0.000001919
249,5376,0.000002166
250,5376,0.000002872
251,5376,0.000001902
252,5376,0.000002109
253,5376,0.000001780
254,5376,0.000002087
255,5376,0.000001896
256,5376,0.000001833
257,5376,0.000001852
258,5376,0.000001798
259,5376,0.000002322
260,5376,0.000001820
261,5376,0.000001915
262,5376,0.000002213
263,5376,0.000001790
264,5376,0.000001881
265,5376,0.000002237
266,5376,0.000001778
267,5376,0.000001884
268,5376,0.000003392
269,5376,0.000002112
270,5376,0.000002068
271,5376,0.000001998
272,5376,0.000001610
273,5376,0.000001364
274,5376,0.000001288
275,5376,0.000001619
276,5376,0.000001336
277,5376,0.000001254
278,5376,0.000001620
279,5376,0.000001339
280,5376,0.000001258
281,5376,0.000001540
282,5376,0.000001357
283,5376,0.000001215
284,5376,0.000001613
285,5376,0.000001373
286,5376,0.000001272
287,5376,0.000001315
288,5376,0.000001288
289,5376,0.000001271
290,5376,0.000001336
291,5376,0.000002544
292,5376,0.000001567
293,5376,0.000001192
294,5376,0.000001522
295,5376,0.000001348
296,5376,0.000001216
297,5376,0.000001543
298,5376,0.000001296
299,5376,0.000001353
300,5376,0.000001664
301,5376,0.000001322
302,5376,0.000001315
303,5376,0.000001316
304,5376,0.000001516
305,5376,0.000001300
306,5376,0.000001407
307,5376,0.000001650
308,5376,0.000001286
309,5376,0.000001406
310,5376,0.000001575
311,5376,0.000001222
312,5376,0.000001393
313,5376,0.000001561
314,5376,0.000001285
315,5376,0.000001434
316,5376,0.000002599
317,5376,0.000001319
318,5376,0.000001296
319,5376,0.000001339
320,5376,0.000001423
321,5376,0.000001303
322,5376,0.000001248
323,5376,0.000001557
324,5376,0.000001469
325,5376,0.000001248
326,5376,0.000001570
327,5376,0.000001346
328,5376,0.000001277
329,5376,0.000001639
330,5376,0.000001299
331,5376,0.000001227
332,5376,0.000001652
333,5376,0.000001372
334,5376,0.000001295
335,5376,0.000001225
336,5376,0.000001308
337,5376,0.000001268
338,5376,0.000001252
339,5376,0.000001873
340,5376,0.000001449
341,5376,0.000002103
342,5376,0.000001684
343,5376,0.000001254
344,5376,0.000001532
345,5376,0.000001953
346,5376,0.000001248
347,5376,0.000001417
348,5376,0.000001601
349,5376,0.000001272
350,5376,0.000001380
351,5376,0.000001274
352,5376,0.000001514
353,5376,0.000001333
354,5376,0.000001263
355,5376,0.000001727
356,5376,0.000001354
357,5376,0.000001305
358,5376,0.000001732
359,5376,0.000001292
360,5376,0.000001338
361,5376,0.000001914
362,5376,0.000001338
363,5376,0.000001326
364,5376,0.000001584
365,5376,0.000002193
366,5376,0.000001268
367,5376,0.000001324
368,5376,0.000001363
369,5376,0.000001254
370,5376,0.000001286
371,5376,0.000001510
372,5376,0.000001295
373,5376,0.000001310
374,5376,0.000001566
375,5376,0.000001260
376,5376,0.000001290
377,5376,0.000001556
378,5376,0.000001265
379,5376,0.000001303
380,5376,0.000001611
381,5376,0.000001743
382,5376,0.000001282
383,5376,0.000001416
384,5376,0.000001468
385,5376,0.000001314
386,5376,0.000001354
387,5376,0.000001668
388,5376,0.000001299
389,5376,0.000001531
390,5376,0.000002062
391,5376,0.000002160
392,5376,0.000001339
393,5376,0.000001888
394,5376,0.000001355
395,5376,0.000001305
396,5376,0.000001571
397,5376,0.000001235
398,5376,0.000001221
399,5376,0.000001367
400,5376,0.000001316
401,5376,0.000001263
402,5376,0.000001274
403,5376,0.000001641
404,5376,0.000001339
405,5376,0.000001300
406,5376,0.000001788
407,5376,0.000001646
408,5376,0.000001325
409,5376,0.000001523
410,5376,0.000001241
411,5376,0.000001374
412,5376,0.000001633
413,5376,0.000001274
414,5376,0.000001333
415,5376,0.000001970
416,5376,0.000001386
417,5376,0.000001379
418,5376,0.000001199
419,5376,0.000001660
420,5376,0.000001434
421,5376,0.000001232
422,5376,0.000001574
423,5376,0.000001613
424,5376,0.000001206
425,5376,0.000001589
426,5376,0.000001336
427,5376,0.000001278
428,5376,0.000001494
429,5376,0.000001224
430,5376,0.000001308
431,5376,0.000001326
432,5376,0.000001360
433,5376,0.000001303
434,5376,0.000001357
435,5376,0.000001630
436,5376,0.000001318
437,5376,0.000001732
438,5376,0.000001707
439,5376,0.000001978
440,5376,0.000001289
441,5376,0.000001526
442,5376,0.000001326
443,5376,0.000001385
444,5376,0.000001954
445,5376,0.000001298
446,5376,0.000001244
447,5376,0.000001273
448,5376,0.000001288
449,5376,0.000001245
450,5376,0.000001303
451,5376,0.000001653
452,5376,0.000001356
453,5376,0.000001234
454,5376,0.000001610
455,5376,0.000001282
456,5376,0.000001219
457,5376,0.000001562
458,5376,0.000001221
459,5376,0.000001260
460,5376,0.000001532
461,5376,0.000001499
462,5376,0.000001238
463,5376,0.000001423
464,5376,0.000001417
465,5376,0.000002024
466,5376,0.000001409
467,5376,0.000001862
468,5376,0.000001308
469,5376,0.000001314
470,5376,0.000001738
471,5376,0.000001206
472,5376,0.000001242
473,5376,0.000001646
474,5376,0.000001225
475,5376,0.000001273
476,5376,0.000001647
477,5376,0.000001236
478,5376,0.000001372
479,5376,0.000001297
480,5376,0.000001405
481,5376,0.000001360
482,5376,0.000001248
483,5376,0.000001666
484,5376,0.000001398
485,5376,0.000001235
486,5376,0.000001889
487,5376,0.000001541
488,5376,0.000001207
489,5376,0.000001662
490,5376,0.000002104
491,5376,0.000001343
492,5376,0.000001555
493,5376,0.000001266
494,5376,0.000001255
495,5376,0.000001300
496,5376,0.000001338
497,5376,0.000001234
498,5376,0.000001583
499,5376,0.000001533
500,5376,0.000001329
501,5376,0.000001368
502,5376,0.000001642
503,5376,0.000001268
504,5376,0.000001275
505,5376,0.000001545
506,5376,0.000001267
507,5376,0.000001325
508,5376,0.000001552
509,5376,0.000001211
510,5376,0.000001375
511,5376,0.000001206
512,5376,0.000001494
513,5376,0.000001544
514,5376,0.000001269
515,5376,0.000002303
516,5376,0.000001428
517,5376,0.000001230
518,5376,0.000001723
519,5376,0.000001351
520,5376,0.000001274
521,5376,0.000001891
522,5376,0.000001269
523,5376,0.000001326
524,5376,0.000001656
525,5376,0.000001284
526,5376,0.000001511
527,5376,0.000001394
528,5376,0.000001361
529,5376,0.000001298
530,5376,0.000001599
531,5376,0.000001809
532,5376,0.000001248
533,5376,0.000001382
534,5376,0.000001711
535,5376,0.000001518
536,5376,0.000001252
537,5376,0.000001665
538,5376,0.000001270
539,5376,0.000002065
540,5376,0.000001525
541,5376,0.000001329
542,5376,0.000001429
543,5376,0.000001214
544,5376,0.000001687
545,5376,0.000001388
546,5376,0.000001212
547,5376,0.000001562
548,5376,0.000001304
549,5376,0.000001321
550,5376,0.000001666
551,5376,0.000001329
552,5376,0.000001199
553,5376,0.000001688
554,5376,0.000001310
555,5376,0.000001306
556,5376,0.000001489
557,5376,0.000001424
558,5376,0.000001233
559,5376,0.000001541
560,5376,0.000001386
561,5376,0.000001261
562,5376,0.000001226
563,5376,0.000001513
564,5376,0.000002013
565,5376,0.000001387
566,5376,0.000001510
567,5376,0.000001320
568,5376,0.000001233
569,5376,0.000001578
570,5376,0.000001351
571,5376,0.000001617
572,5376,0.000001611
573,5376,0.000001266
574,5376,0.000001397
575,5376,0.000001276
576,5376,0.000001435
577,5376,0.000001364
578,5376,0.000001231
579,5376,0.000001505
580,5376,0.000001331
581,5376,0.000001226
582,5376,0.000001845
583,5376,0.000001728
584,5376,0.000001307
585,5376,0.000001724
586,5376,0.000001341
587,5376,0.000001344
588,5376,0.000001508
589,5376,0.000002210
590,5376,0.000001273
591,5376,0.000001315
592,5376,0.000001297
593,5376,0.000001246
594,5376,0.000001430
595,5376,0.000001541
596,5376,0.000001260
597,5376,0.000001279
598,5376,0.000001565
599,5376,0.000001268
600,5376,0.000001343
601,5376,0.000001702
602,5376,0.000001269
603,5376,0.000001364
604,5376,0.000001572
605,5376,0.000001241
606,5376,0.000001300
607,5376,0.000001317
608,5376,0.000001320
609,5376,0.000001331
610,5376,0.000001593
611,5376,0.000001649
612,5376,0.000001322
613,5376,0.000001378
614,5376,0.000001714
615,5376,0.000001294
616,5376,0.000002191
617,5376,0.000001999
618,5376,0.000001201
619,5376,0.000001214
620,5376,0.000001598
621,5376,0.000001360
622,5376,0.000001231
623,5376,0.000001373
624,5376,0.000001339
625,5376,0.000001272
626,5376,0.000001484
627,5376,0.000001557
628,5376,0.000001318
629,5376,0.000001379
630,5376,0.000001597
631,5376,0.000001256
632,5376,0.000001333
633,5376,0.000001585
634,5376,0.000001241
635,5376,0.000001469
636,5376,0.000001685
637,5376,0.000001217
638,5376,0.000001265
639,5376,0.000001255
640,5376,0.000001332
641,5376,0.000002073
642,5376,0.000001309
643,5376,0.000001627
644,5376,0.000001278
645,5376,0.000001208
646,5376,0.000001634
647,5376,0.000001364
648,5376,0.000001208
649,5376,0.000001450
650,5376,0.000001284
651,5376,0.000001212
652,5376,0.000001521
653,5376,0.000001405
654,5376,0.000001254
655,5376,0.000001388
656,5376,0.000001266
657,5376,0.000001242
658,5376,0.000001419
659,5376,0.000001557
660,5376,0.000001256
661,5376,0.000001231
662,5376,0.000001651
663,5376,0.000001255
664,5376,0.000001405
665,5376,0.000002002
666,5376,0.000002047
667,5376,0.000001330
668,5376,0.000001649
669,5376,0.000001346
670,5376,0.000001257
671,5376,0.000001281
672,5376,0.000001431
673,5376,0.000001304
674,5376,0.000001281
675,5376,0.000001612
676,5376,0.000001456
677,5376,0.000001232
678,5376,0.000001568
679,5376,0.000001360
680,5376,0.000001331
681,5376,0.000001785
682,5376,0.000001675
683,5376,0.000001314
684,5376,0.000001612
685,5376,0.000001271
686,5376,0.000001518
687,5376,0.000001345
688,5376,0.000001261
689,5376,0.000001332
690,5376,0.000001277
691,5376,0.000001864
692,5376,0.000002183
693,5376,0.000001347
694,5376,0.000001459
695,5376,0.000001246
696,5376,0.000001242
697,5376,0.000001574
698,5376,0.000001263
699,5376,0.000001396
700,5376,0.000001509
701,5376,0.000001366
702,5376,0.000001265
703,5376,0.000001293
704,5376,0.000001321
705,5376,0.000001533
706,5376,0.000001217
707,5376,0.000001502
708,5376,0.000001381
709,5376,0.000001414
710,5376,0.000001540
711,5376,0.000001275
712,5376,0.000001344
713,5376,0.000001591
714,5376,0.000001283
715,5376,0.000001257
716,5376,0.000001703
717,5376,0.000002041
718,5376,0.000001280
719,5376,0.000001278
720,5376,0.000001243
721,5376,0.000001376
722,5376,0.000001354
723,5376,0.000001674
724,5376,0.000033093
725,5376,0.000004511
726,5376,0.000001906
727,5376,0.000001329
728,5376,0.000001480
729,5376,0.000001693
730,5376,0.000001430
731,5376,0.000001444
732,5376,0.000001791
733,5376,0.000016198
734,5376,0.000001414
735,5376,0.000001394
736,5376,0.000001790
737,5376,0.000001366
738,5376,0.000001324
739,5376,0.000001677
740,5376,0.000001350
741,5376,0.000001313
742,5376,0.000002504
743,5376,0.000001571
744,5376,0.000001259
745,5376,0.000014411
746,5376,0.000001499
747,5376,0.000001223
748,5376,0.000001541
749,5376,0.000001370
750,5376,0.000001322
751,5376,0.000001270
752,5376,0.000001457
753,5376,0.000002066
754,5376,0.000001387
755,5376,0.000001522
756,5376,0.000001395
757,5376,0.000001270
758,5376,0.000001558
759,5376,0.000001537
760,5376,0.000001212
761,5376,0.000001643
762,5376,0.000001433
763,5376,0.000002011
764,5376,0.000001668
765,5376,0.000001336
766,5376,0.000001373
767,5376,0.000001269
768,5376,0.000001408
769,5376,0.000001256
770,5376,0.000001440
771,5376,0.000001635
772,5376,0.000001262
773,5376,0.000001980
774,5376,0.000001602
775,5376,0.000001208
776,5376,0.000001741
777,5376,0.000001555
778,5376,0.000001219
779,5376,0.000001293
780,5376,0.000001671
781,5376,0.000001229
782,5376,0.000001360
783,5376,0.000001974
784,5376,0.000001341
785,5376,0.000001325
786,5376,0.000001218
787,5376,0.000001530
788,5376,0.000001602
789,5376,0.000001250
790,5376,0.000001674
791,5376,0.000001345
792,5376,0.000001390
793,5376,0.000002086
794,5376,0.000002047
795,5376,0.000001505
796,5376,0.000001680
797,5376,0.000001346
798,5376,0.000001258
799,5376,0.000001357
800,5376,0.000001358
801,5376,0.000001238
802,5376,0.000001352
803,5376,0.000001885
804,5376,0.000002012
805,5376,0.000001373
806,5376,0.000001553
807,5376,0.000001279
808,5376,0.000001402
809,5376,0.000001566
810,5376,0.000001296
811,5376,0.000001244
812,5376,0.000001615
813,5376,0.000001233
814,5376,0.000001977
815,5376,0.000001356
816,5376,0.000001724
817,5376,0.000001236
818,5376,0.000001233
819,5376,0.000001693
820,5376,0.000001260
821,5376,0.000001354
822,5376,0.000001618
823,5376,0.000001254
824,5376,0.000002200
825,5376,0.000001744
826,5376,0.000001288
827,5376,0.000001330
828,5376,0.000001605
829,5376,0.000001268
830,5376,0.000001378
831,5376,0.000001233
832,5376,0.000001395
833,5376,0.000001254
834,5376,0.000002195
835,5376,0.000001902
836,5376,0.000001377
837,5376,0.000001212
838,5376,0.000001691
839,5376,0.000001293
840,5376,0.000001219
841,5376,0.000001602
842,5376,0.000001240
843,5376,0.000001217
844,5376,0.000002218
845,5376,0.000001370
846,5376,0.000001236
847,5376,0.000001598
848,5376,0.000001492
849,5376,0.000001294
850,5376,0.000001348
851,5376,0.000001651
852,5376,0.000001322
853,5376,0.000001333
854,5376,0.000001998
855,5376,0.000002027
856,5376,0.000001621
857,5376,0.000001808
858,5376,0.000001270
859,5376,0.000001200
860,5376,0.000001629
861,5376,0.000001429
862,5376,0.000001268
863,5376,0.000001304
864,5376,0.000001322
865,5376,0.000002007
866,5376,0.000001300
867,5376,0.000001663
868,5376,0.000001273
869,5376,0.000001416
870,5376,0.000001647
871,5376,0.000001217
872,5376,0.000001429
873,5376,0.000001727
874,5376,0.000001974
875,5376,0.000001453
876,5376,0.000001991
877,5376,0.000001641
878,5376,0.000001406
879,5376,0.000001308
880,5376,0.000001336
881,5376,0.000001373
882,5376,0.000001258
883,5376,0.000001589
884,5376,0.000002077
885,5376,0.000001506
886,5376,0.000001766
887,5376,0.000001317
888,5376,0.000001308
889,5376,0.000001536
890,5376,0.000001340
891,5376,0.000001236
892,5376,0.000001608
893,5376,0.000001330
894,5376,0.000001990
895,5376,0.000001320
896,5376,0.000001431
897,5376,0.000001265
898,5376,0.000001242
899,5376,0.000001495
900,5376,0.000001260
901,5376,0.000001278
902,5376,0.000001515
903,5376,0.000001208
904,5376,0.000001335
905,5376,0.000002289
906,5376,0.000001612
907,5376,0.000001239
908,5376,0.000001587
909,5376,0.000001301
910,5376,0.000001252
911,5376,0.000001413
912,5376,0.000001400
913,5376,0.000001281
914,5376,0.000001394
915,5376,0.000002621
916,5376,0.000001320
917,5376,0.000001269
918,5376,0.000001650
919,5376,0.000001231
920,5376,0.000001424
921,5376,0.000001573
922,5376,0.000001227
923,5376,0.000001230
924,5376,0.000001517
925,5376,0.000001986
926,5376,0.000001476
927,5376,0.000001244
928,5376,0.000001615
929,5376,0.000001407
930,5376,0.000001249
931,5376,0.000001556
932,5376,0.000001647
933,5376,0.000001246
934,5376,0.000001586
935,5376,0.000002029
936,5376,0.000001258
937,5376,0.000001708
938,5376,0.000001250
939,5376,0.000001219
940,5376,0.000001465
941,5376,0.000001351
942,5376,0.000001263
943,5376,0.000001348
944,5376,0.000001427
945,5376,0.000001281
946,5376,0.000002090
947,5376,0.000001596
948,5376,0.000001269
949,5376,0.000001497
950,5376,0.000001855
951,5376,0.000001256
952,5376,0.000005593
953,5376,0.000007250
954,5376,0.000002849
955,5376,0.000004093
956,5376,0.000003755
957,5376,0.000003287
958,5376,0.000002380
959,5376,0.000002288
960,5376,0.000003417
961,5376,0.000002445
962,5376,0.000003212
963,5376,0.000003847
964,5376,0.000002535
965,5376,0.000002359
966,5376,0.000003610
967,5376,0.000003167
968,5376,0.000002380
969,5376,0.000003730
970,5376,0.000002427
971,5376,0.000002356
972,5376,0.000004592
973,5376,0.000002512
974,5376,0.000002324
975,5376,0.000002966
976,5376,0.000003842
977,5376,0.000005755
978,5376,0.000002357
979,5376,0.000003621
980,5376,0.000002526
981,5376,0.000003266
982,5376,0.000003599
983,5376,0.000002381
984,5376,0.000002339
985,5376,0.000004393
986,5376,0.000003443
987,5376,0.000002408
988,5376,0.000003810
989,5376,0.000002378
990,5376,0.000002396
991,5376,0.000003147
992,5376,0.000003621
993,5376,0.000002400
994,5376,0.000002363
995,5376,0.000003549
996,5376,0.000003222
997,5376,0.000002647
998,5376,0.000003989
999,5376,0.000002395
0,5632,0.000003462
1,5632,0.000001522
2,5632,0.000001807
3,5632,0.000001542
4,5632,0.000001443
5,5632,0.000001842
6,5632,0.000001612
7,5632,0.000001530
8,5632,0.000001840
9,5632,0.000001355
10,5632,0.000001779
11,5632,0.000001463
12,5632,0.000001595
13,5632,0.000001655
14,5632,0.000001366
15,5632,0.000001473
16,5632,0.000001499
17,5632,0.000001362
18,5632,0.000001762
19,5632,0.000001371
20,5632,0.000001277
21,5632,0.000001912
22,5632,0.000013940
23,5632,0.000001394
24,5632,0.000001533
25,5632,0.000001389
26,5632,0.000001611
27,5632,0.000001428
28,5632,0.000001440
29,5632,0.000002241
30,5632,0.000002055
31,5632,0.000001961
32,5632,0.000002738
33,5632,0.000001809
34,5632,0.000002568
35,5632,0.000002487
36,5632,0.000002021
37,5632,0.000002213
38,5632,0.000001856
39,5632,0.000001911
40,5632,0.000001863
41,5632,0.000003627
42,5632,0.000002535
43,5632,0.000001863
44,5632,0.000001814
45,5632,0.000002089
46,5632,0.000001911
47,5632,0.000001905
48,5632,0.000002152
49,5632,0.000001631
50,5632,0.000001977
51,5632,0.000001905
52,5632,0.000001713
53,5632,0.000002139
54,5632,0.000001772
55,5632,0.000001651
56,5632,0.000001948
57,5632,0.000001905
58,5632,0.000003760
59,5632,0.000001834
60,5632,0.000001976
61,5632,0.000002741
62,5632,0.000002183
63,5632,0.000002408
64,5632,0.000002004
65,5632,0.000001785
66,5632,0.000002570
67,5632,0.000001970
68,5632,0.000001943
69,5632,0.000002188
70,5632,0.000002422
71,5632,0.000001994
72,5632,0.000001982
73,5632,0.000014222
74,5632,0.000004689
75,5632,0.000001873
76,5632,0.000001923
77,5632,0.000002125
78,5632,0.000001918
79,5632,0.000001832
80,5632,0.000002069
81,5632,0.000001900
82,5632,0.000002122
83,5632,0.000001761
84,5632,0.000001900
85,5632,0.000002449
86,5632,0.000002237
87,5632,0.000001561
88,5632,0.000001478
89,5632,0.000001297
90,5632,0.000002896
91,5632,0.000001410
92,5632,0.000001385
93,5632,0.000001987
94,5632,0.000001420
95,5632,0.000001325
96,5632,0.000001481
97,5632,0.000001276
98,5632,0.000001628
99,5632,0.000001461
100,5632,0.000001235
101,5632,0.000001657
102,5632,0.000001365
103,5632,0.000001231
104,5632,0.000001416
105,5632,0.000001375
106,5632,0.000001580
107,5632,0.000001342
108,5632,0.000001362
109,5632,0.000002007
110,5632,0.000001308
111,5632,0.000001415
112,5632,0.000001492
113,5632,0.000001328
114,5632,0.000002906
115,5632,0.000012533
116,5632,0.000001543
117,5632,0.000001716
118,5632,0.000001394
119,5632,0.000001657
120,5632,0.000001386
121,5632,0.000001310
122,5632,0.000001736
123,5632,0.000001366
124,5632,0.000001241
125,5632,0.000001743
126,5632,0.000001432
127,5632,0.000001310
128,5632,0.000015273
129,5632,0.000001392
130,5632,0.000001647
131,5632,0.000001295
132,5632,0.000001772
133,5632,0.000001610
134,5632,0.000001262
135,5632,0.000001430
136,5632,0.000001789
137,5632,0.000001327
138,5632,0.000002442
139,5632,0.000001425
140,5632,0.000001203
141,5632,0.000001649
142,5632,0.000001341
143,5632,0.000001273
144,5632,0.000001391
145,5632,0.000001366
146,5632,0.000001557
147,5632,0.000001242
148,5632,0.000001479
149,5632,0.000002362
150,5632,0.000001324
151,5632,0.000001335
152,5632,0.000001406
153,5632,0.000001241
154,5632,0.000001629
155,5632,0.000001390
156,5632,0.000001270
157,5632,0.000001622
158,5632,0.000001468
159,5632,0.000002003
160,5632,0.000001527
161,5632,0.000001406
162,5632,0.000001665
163,5632,0.000001428
164,5632,0.000001309
165,5632,0.000001530
166,5632,0.000001333
167,5632,0.000001247
168,5632,0.000001497
169,5632,0.000002055
170,5632,0.000001851
171,5632,0.000001253
172,5632,0.000001330
173,5632,0.000001585
174,5632,0.000001264
175,5632,0.000001326
176,5632,0.000001333
177,5632,0.000001265
178,5632,0.000001653
179,5632,0.000002449
180,5632,0.000001335
181,5632,0.000001734
182,5632,0.000001308
183,5632,0.000001480
184,5632,0.000001341
185,5632,0.000001323
186,5632,0.000001667
187,5632,0.000001324
188,5632,0.000001243
189,5632,0.000002224
190,5632,0.000001357
191,5632,0.000001213
192,5632,0.000001656
193,5632,0.000001375
194,5632,0.000001636
195,5632,0.000001291
196,5632,0.000001357
197,5632,0.000001914
198,5632,0.000001390
199,5632,0.000002414
200,5632,0.000001444
201,5632,0.000001247
202,5632,0.000001631
203,5632,0.000001418
204,5632,0.000001417
205,5632,0.000001622
206,5632,0.000001281
207,5632,0.000001346
208,5632,0.000001845
209,5632,0.000001998
210,5632,0.000001560
211,5632,0.000001365
212,5632,0.000001253
213,5632,0.000001564
214,5632,0.000001282
215,5632,0.000001236
216,5632,0.000001488
217,5632,0.000001327
218,5632,0.000001599
219,5632,0.000001996
220,5632,0.000001314
221,5632,0.000001581
222,5632,0.000001269
223,5632,0.000001435
224,5632,0.000001461
225,5632,0.000001408
226,5632,0.000001571
227,5632,0.000001393
228,5632,0.000002161
229,5632,0.000001728
230,5632,0.000001298
231,5632,0.000001407
232,5632,0.000001486
233,5632,0.000001269
234,5632,0.000001608
235,5632,0.000001317
236,5632,0.000001331
237,5632,0.000001564
238,5632,0.000002071
239,5632,0.000001380
240,5632,0.000001367
241,5632,0.000001347
242,5632,0.000001509
243,5632,0.000001359
244,5632,0.000001230
245,5632,0.000001570
246,5632,0.000001462
247,5632,0.000001215
248,5632,0.000001434
249,5632,0.000002091
250,5632,0.000001673
251,5632,0.000001250
252,5632,0.000001405
253,5632,0.000001692
254,5632,0.000001333
255,5632,0.000001373
256,5632,0.000001515
257,5632,0.000001284
258,5632,0.000001816
259,5632,0.000002351
260,5632,0.000001317
261,5632,0.000001577
262,5632,0.000001353
263,5632,0.000001269
264,5632,0.000001327
265,5632,0.000001383
266,5632,0.000001538
267,5632,0.000001579
268,5632,0.000001351
269,5632,0.000002326
270,5632,0.000001295
271,5632,0.000001516
272,5632,0.000001393
273,5632,0.000001368
274,5632,0.000001573
275,5632,0.000001223
276,5632,0.000001347
277,5632,0.000001700
278,5632,0.000001977
279,5632,0.000001498
280,5632,0.000001354
281,5632,0.000001279
282,5632,0.000001633
283,5632,0.000001322
284,5632,0.000001259
285,5632,0.000001801
286,5632,0.000001831
287,5632,0.000001339
288,5632,0.000002280
289,5632,0.000001310
290,5632,0.000001690
291,5632,0.000001283
292,5632,0.000001392
293,5632,0.000001635
294,5632,0.000001286
295,5632,0.000001430
296,5632,0.000001376
297,5632,0.000001310
298,5632,0.000002376
299,5632,0.000001375
300,5632,0.000001287
301,5632,0.000001992
302,5632,0.000001399
303,5632,0.000001283
304,5632,0.000001422
305,5632,0.000001465
306,5632,0.000001598
307,5632,0.000002162
308,5632,0.000001619
309,5632,0.000001559
310,5632,0.000001266
311,5632,0.000001277
312,5632,0.000001627
313,5632,0.000001318
314,5632,0.000001606
315,5632,0.000001353
316,5632,0.000001232
317,5632,0.000002412
318,5632,0.000001929
319,5632,0.000001318
320,5632,0.000001293
321,5632,0.000001248
322,5632,0.000001499
323,5632,0.000001360
324,5632,0.000001250
325,5632,0.000001821
326,5632,0.000001390
327,5632,0.000002033
328,5632,0.000001478
329,5632,0.000001311
330,5632,0.000001578
331,5632,0.000001411
332,5632,0.000001261
333,5632,0.000001644
334,5632,0.000001373
335,5632,0.000001307
336,5632,0.000001362
337,5632,0.000002128
338,5632,0.000001641
339,5632,0.000001309
340,5632,0.000001338
341,5632,0.000001670
342,5632,0.000001261
343,5632,0.000001292
344,5632,0.000001454
345,5632,0.000001228
346,5632,0.000001672
347,5632,0.000002102
348,5632,0.000001275
349,5632,0.000001899
350,5632,0.000001369
351,5632,0.000001331
352,5632,0.000001413
353,5632,0.000001336
354,5632,0.000001898
355,5632,0.000001268
356,5632,0.000001346
357,5632,0.000002270
358,5632,0.000001316
359,5632,0.000001268
360,5632,0.000001324
361,5632,0.000001271
362,5632,0.000001467
363,5632,0.000001385
364,5632,0.000001382
365,5632,0.000001644
366,5632,0.000001325
367,5632,0.000001436
368,5632,0.000002158
369,5632,0.000001447
370,5632,0.000001609
371,5632,0.000001248
372,5632,0.000001675
373,5632,0.000001603
374,5632,0.000001268
375,5632,0.000001442
376,5632,0.000001442
377,5632,0.000001407
378,5632,0.000002339
379,5632,0.000001322
380,5632,0.000001247
381,5632,0.000001705
382,5632,0.000001312
383,5632,0.000001253
384,5632,0.000001380
385,5632,0.000001390
386,5632,0.000001654
387,5632,0.000001289
388,5632,0.000002088
389,5632,0.000001758
390,5632,0.000001285
391,5632,0.000001303
392,5632,0.000001409
393,5632,0.000001313
394,5632,0.000001792
395,5632,0.000001383
396,5632,0.000001212
397,5632,0.000001541
398,5632,0.000002048
399,5632,0.000001260
400,5632,0.000001406
401,5632,0.000001430
402,5632,0.000001611
403,5632,0.000001440
404,5632,0.000001628
405,5632,0.000001574
406,5632,0.000001266
407,5632,0.000001454
408,5632,0.000002153
409,5632,0.000001578
410,5632,0.000001662
411,5632,0.000001329
412,5632,0.000001211
413,5632,0.000001633
414,5632,0.000001589
415,5632,0.000001324
416,5632,0.000001449
417,5632,0.000001398
418,5632,0.000002473
419,5632,0.000001268
420,5632,0.000001274
421,5632,0.000001551
422,5632,0.000001366
423,5632,0.000001634
424,5632,0.000001433
425,5632,0.000001284
426,5632,0.000001617
427,5632,0.000002119
428,5632,0.000001323
429,5632,0.000001683
430,5632,0.000001790
431,5632,0.000001272
432,5632,0.000001357
433,5632,0.000001321
434,5632,0.000001533
435,5632,0.000001231
436,5632,0.000001340
437,5632,0.000001530
438,5632,0.000002049
439,5632,0.000001352
440,5632,0.000001430
441,5632,0.000001251
442,5632,0.000001890
443,5632,0.000001619
444,5632,0.000001235
445,5632,0.000001694
446,5632,0.000001389
447,5632,0.000001305
448,5632,0.000002627
449,5632,0.000001373
450,5632,0.000001449
451,5632,0.000001258
452,5632,0.000001332
453,5632,0.000001666
454,5632,0.000001349
455,5632,0.000001353
456,5632,0.000001476
457,5632,0.000002022
458,5632,0.000001613
459,5632,0.000001262
460,5632,0.000001243
461,5632,0.000001610
462,5632,0.000001528
463,5632,0.000001248
464,5632,0.000001405
465,5632,0.000001507
466,5632,0.000001556
467,5632,0.000002184
468,5632,0.000001771
469,5632,0.000001752
470,5632,0.000001256
471,5632,0.000001387
472,5632,0.000001378
473,5632,0.000001246
474,5632,0.000001546
475,5632,0.000001358
476,5632,0.000001248
477,5632,0.000002263
478,5632,0.000001448
479,5632,0.000001264
480,5632,0.000001482
481,5632,0.000001342
482,5632,0.000001525
483,5632,0.000001264
484,5632,0.000001469
485,5632,0.000001812
486,5632,0.000001308
487,5632,0.000002456
488,5632,0.000001373
489,5632,0.000001270
490,5632,0.000001494
491,5632,0.000001750
492,5632,0.000001217
493,5632,0.000001573
494,5632,0.000001346
495,5632,0.000001327
496,5632,0.000001397
497,5632,0.000002156
498,5632,0.000001800
499,5632,0.000001325
500,5632,0.000001420
501,5632,0.000001758
502,5632,0.000001253
503,5632,0.000001357
504,5632,0.000001378
505,5632,0.000001296
506,5632,0.000001964
507,5632,0.000002563
508,5632,0.000001304
509,5632,0.000001640
510,5632,0.000001381
511,5632,0.000001238
512,5632,0.000001615
513,5632,0.000001378
514,5632,0.000001579
515,5632,0.000001198
516,5632,0.000001752
517,5632,0.000002455
518,5632,0.000001302
519,5632,0.000001352
520,5632,0.000001513
521,5632,0.000001232
522,5632,0.000001570
523,5632,0.000001242
524,5632,0.000001329
525,5632,0.000002214
526,5632,0.000002575
527,5632,0.000001467
528,5632,0.000001596
529,5632,0.000001569
530,5632,0.000001729
531,5632,0.000001410
532,5632,0.000001506
533,5632,0.000001701
534,5632,0.000002195
535,5632,0.000001404
536,5632,0.000001625
537,5632,0.000001236
538,5632,0.000001592
539,5632,0.000001433
540,5632,0.000001289
541,5632,0.000001789
542,5632,0.000001261
543,5632,0.000001315
544,5632,0.000001570
545,5632,0.000002165
546,5632,0.000001694
547,5632,0.000001300
548,5632,0.000001366
549,5632,0.000001648
550,5632,0.000001316
551,5632,0.000001374
552,5632,0.000001259
553,5632,0.000001286
554,5632,0.000001568
555,5632,0.000002152
556,5632,0.000001251
557,5632,0.000001664
558,5632,0.000001459
559,5632,0.000001309
560,5632,0.000001284
561,5632,0.000001249
562,5632,0.000001693
563,5632,0.000001534
564,5632,0.000002063
565,5632,0.000001557
566,5632,0.000001333
567,5632,0.000001412
568,5632,0.000001430
569,5632,0.000001235
570,5632,0.000001541
571,5632,0.000001372
572,5632,0.000001274
573,5632,0.000001985
574,5632,0.000002152
575,5632,0.000001315
576,5632,0.000001445
577,5632,0.000001295
578,5632,0.000001642
579,5632,0.000001291
580,5632,0.000001338
581,5632,0.000001533
582,5632,0.000001708
583,5632,0.000001245
584,5632,0.000002137
585,5632,0.000001448
586,5632,0.000001672
587,5632,0.000001256
588,5632,0.000001428
589,5632,0.000001632
590,5632,0.000001296
591,5632,0.000001233
592,5632,0.000001376
593,5632,0.000001376
594,5632,0.000002355
595,5632,0.000001312
596,5632,0.000001367
597,5632,0.000001802
598,5632,0.000001310
599,5632,0.000001369
600,5632,0.000001513
601,5632,0.000001248
602,5632,0.000001614
603,5632,0.000001338
604,5632,0.000001963
605,5632,0.000001776
606,5632,0.000001463
607,5632,0.000001273
608,5632,0.000001381
609,5632,0.000001257
610,5632,0.000001589
611,5632,0.000001280
612,5632,0.000001273
613,5632,0.000001568
614,5632,0.000001268
615,5632,0.000001291
616,5632,0.000001430
617,5632,0.000002011
618,5632,0.000001874
619,5632,0.000001292
620,5632,0.000001329
621,5632,0.000001448
622,5632,0.000001320
623,5632,0.000001210
624,5632,0.000001417
625,5632,0.000001378
626,5632,0.000001788
627,5632,0.000001220
628,5632,0.000001398
629,5632,0.000001626
630,5632,0.000001272
631,5632,0.000001225
632,5632,0.000001444
633,5632,0.000001277
634,5632,0.000001576
635,5632,0.000001510
636,5632,0.000001399
637,5632,0.000001731
638,5632,0.000001390
639,5632,0.000001348
640,5632,0.000001333
641,5632,0.000001420
642,5632,0.000001666
643,5632,0.000002193
644,5632,0.000001352
645,5632,0.000001835
646,5632,0.000001331
647,5632,0.000001378
648,5632,0.000001421
649,5632,0.000001342
650,5632,0.000001690
651,5632,0.000001501
652,5632,0.000001519
653,5632,0.000001737
654,5632,0.000001334
655,5632,0.000001259
656,5632,0.000001418
657,5632,0.000001289
658,5632,0.000001583
659,5632,0.000001373
660,5632,0.000001237
661,5632,0.000001903
662,5632,0.000001265
663,5632,0.000001228
664,5632,0.000001246
665,5632,0.000001298
666,5632,0.000001531
667,5632,0.000001357
668,5632,0.000001993
669,5632,0.000001939
670,5632,0.000001276
671,5632,0.000001320
672,5632,0.000001382
673,5632,0.000001280
674,5632,0.000001478
675,5632,0.000010084
676,5632,0.000001832
677,5632,0.000001574
678,5632,0.000001272
679,5632,0.000001491
680,5632,0.000001751
681,5632,0.000001305
682,5632,0.000001592
683,5632,0.000001314
684,5632,0.000001350
685,5632,0.000001522
686,5632,0.000001277
687,5632,0.000001244
688,5632,0.000001479
689,5632,0.000001371
690,5632,0.000001627
691,5632,0.000002415
692,5632,0.000001351
693,5632,0.000001652
694,5632,0.000001342
695,5632,0.000001476
696,5632,0.000001484
697,5632,0.000001303
698,5632,0.000001926
699,5632,0.000001312
700,5632,0.000001464
701,5632,0.000003179
702,5632,0.000002164
703,5632,0.000001994
704,5632,0.000002506
705,5632,0.000002263
706,5632,0.000002501
707,5632,0.000002123
708,5632,0.000002118
709,5632,0.000002469
710,5632,0.000003666
711,5632,0.000002137
712,5632,0.000002067
713,5632,0.000001973
714,5632,0.000002162
715,5632,0.000001759
716,5632,0.000001717
717,5632,0.000002082
718,5632,0.000001575
719,5632,0.000002134
720,5632,0.000002014
721,5632,0.000001905
722,5632,0.000002076
723,5632,0.000001860
724,5632,0.000001650
725,5632,0.000002158
726,5632,0.000001801
727,5632,0.000001647
728,5632,0.000003549
729,5632,0.000001922
730,5632,0.000002236
731,5632,0.000001778
732,5632,0.000001651
733,5632,0.000002148
734,5632,0.000001948
735,5632,0.000001792
736,5632,0.000001767
737,5632,0.000001598
738,5632,0.000002031
739,5632,0.000001875
740,5632,0.000001592
741,5632,0.000002231
742,5632,0.000001821
743,5632,0.000001868
744,5632,0.000001821
745,5632,0.000001719
746,5632,0.000003479
747,5632,0.000001849
748,5632,0.000001681
749,5632,0.000002094
750,5632,0.000001792
751,5632,0.000001788
752,5632,0.000002022
753,5632,0.000001925
754,5632,0.000002664
755,5632,0.000001923
756,5632,0.000001785
757,5632,0.000002259
758,5632,0.000002228
759,5632,0.000001928
760,5632,0.000002246
761,5632,0.000001915
762,5632,0.000002182
763,5632,0.000003572
764,5632,0.000002008
765,5632,0.000002111
766,5632,0.000001734
767,5632,0.000001801
768,5632,0.000002124
769,5632,0.000001710
770,5632,0.000002337
771,5632,0.000001835
772,5632,0.000001776
773,5632,0.000001955
774,5632,0.000001741
775,5632,0.000002055
776,5632,0.000001785
777,5632,0.000001857
778,5632,0.000001973
779,5632,0.000001781
780,5632,0.000001804
781,5632,0.000003585
782,5632,0.000002066
783,5632,0.000001729
784,5632,0.000001779
785,5632,0.000016547
786,5632,0.000002121
787,5632,0.000001840
788,5632,0.000001908
789,5632,0.000002110
790,5632,0.000001703
791,5632,0.000002358
792,5632,0.000001959
793,5632,0.000001935
794,5632,0.000003532
795,5632,0.000014846
796,5632,0.000001617
797,5632,0.000002020
798,5632,0.000001789
799,5632,0.000001619
800,5632,0.000001916
801,5632,0.000001755
802,5632,0.000003625
803,5632,0.000001780
804,5632,0.000002206
805,5632,0.000001970
806,5632,0.000001713
807,5632,0.000002216
808,5632,0.000001835
809,5632,0.000002952
810,5632,0.000002238
811,5632,0.000001861
812,5632,0.000001670
813,5632,0.000002415
814,5632,0.000002102
815,5632,0.000002016
816,5632,0.000003894
817,5632,0.000002100
818,5632,0.000002373
819,5632,0.000001859
820,5632,0.000001790
821,5632,0.000002544
822,5632,0.000003533
823,5632,0.000001927
824,5632,0.000001959
825,5632,0.000001952
826,5632,0.000002462
827,5632,0.000001839
828,5632,0.000001992
829,5632,0.000003543
830,5632,0.000002146
831,5632,0.000001902
832,5632,0.000002208
833,5632,0.000001877
834,5632,0.000002904
835,5632,0.000001890
836,5632,0.000002291
837,5632,0.000002057
838,5632,0.000001365
839,5632,0.000001399
840,5632,0.000001429
841,5632,0.000001435
842,5632,0.000001632
843,5632,0.000001240
844,5632,0.000001612
845,5632,0.000002410
846,5632,0.000001363
847,5632,0.000001386
848,5632,0.000001380
849,5632,0.000001251
850,5632,0.000001592
851,5632,0.000001590
852,5632,0.000001266
853,5632,0.000001528
854,5632,0.000001532
855,5632,0.000002003
856,5632,0.000001388
857,5632,0.000001330
858,5632,0.000001566
859,5632,0.000001223
860,5632,0.000001508
861,5632,0.000001552
862,5632,0.000001313
863,5632,0.000001352
864,5632,0.000001437
865,5632,0.000002038
866,5632,0.000001532
867,5632,0.000001285
868,5632,0.000001306
869,5632,0.000001639
870,5632,0.000001316
871,5632,0.000001263
872,5632,0.000001519
873,5632,0.000001269
874,5632,0.000001714
875,5632,0.000001989
876,5632,0.000001264
877,5632,0.000001717
878,5632,0.000001394
879,5632,0.000001267
880,5632,0.000001453
881,5632,0.000001253
882,5632,0.000001826
883,5632,0.000001301
884,5632,0.000001558
885,5632,0.000002305
886,5632,0.000001298
887,5632,0.000001447
888,5632,0.000001701
889,5632,0.000001312
890,5632,0.000001651
891,5632,0.000001390
892,5632,0.000001239
893,5632,0.000001674
894,5632,0.000002418
895,5632,0.000001446
896,5632,0.000001338
897,5632,0.000001301
898,5632,0.000001811
899,5632,0.000001246
900,5632,0.000001432
901,5632,0.000001658
902,5632,0.000001269
903,5632,0.000001415
904,5632,0.000002356
905,5632,0.000001312
906,5632,0.000001778
907,5632,0.000001401
908,5632,0.000001335
909,5632,0.000001650
910,5632,0.000001271
911,5632,0.000001590
912,5632,0.000001438
913,5632,0.000001742
914,5632,0.000002364
915,5632,0.000001702
916,5632,0.000001268
917,5632,0.000001624
918,5632,0.000001348
919,5632,0.000001245
920,5632,0.000001395
921,5632,0.000001294
922,5632,0.000001688
923,5632,0.000001977
924,5632,0.000001425
925,5632,0.000001713
926,5632,0.000001354
927,5632,0.000001335
928,5632,0.000001403
929,5632,0.000001280
930,5632,0.000001711
931,5632,0.000001401
932,5632,0.000001234
933,5632,0.000002349
934,5632,0.000001400
935,5632,0.000001290
936,5632,0.000001421
937,5632,0.000001301
938,5632,0.000001652
939,5632,0.000001282
940,5632,0.000001282
941,5632,0.000001796
942,5632,0.000001346
943,5632,0.000002313
944,5632,0.000001519
945,5632,0.000001331
946,5632,0.000001619
947,5632,0.000001404
948,5632,0.000001320
949,5632,0.000001686
950,5632,0.000001338
951,5632,0.000001251
952,5632,0.000001577
953,5632,0.000001976
954,5632,0.000007117
955,5632,0.000002552
956,5632,0.000002357
957,5632,0.000003625
958,5632,0.000003383
959,5632,0.000002335
960,5632,0.000003546
961,5632,0.000002414
962,5632,0.000003814
963,5632,0.000003477
964,5632,0.000002417
965,5632,0.000005873
966,5632,0.000002437
967,5632,0.000003264
968,5632,0.000003393
969,5632,0.000002352
970,5632,0.000003962
971,5632,0.000002583
972,5632,0.000003189
973,5632,0.000003543
974,5632,0.000005345
975,5632,0.000002509
976,5632,0.000004300
977,5632,0.000003008
978,5632,0.000003636
979,5632,0.000002433
980,5632,0.000002378
981,5632,0.000004451
982,5632,0.000002426
983,5632,0.000002223
984,5632,0.000003410
985,5632,0.000002380
986,5632,0.000004488
987,5632,0.000002435
988,5632,0.000002457
989,5632,0.000003765
990,5632,0.000003224
991,5632,0.000002572
992,5632,0.000004218
993,5632,0.000006956
994,5632,0.000004648
995,5632,0.000002439
996,5632,0.000002360
997,5632,0.000006503
998,5632,0.000003272
999,5632,0.000002337
0,5888,0.000004188
1,5888,0.000002467
2,5888,0.000002420
3,5888,0.000002010
4,5888,0.000002357
5,5888,0.000002084
6,5888,0.000003943
7,5888,0.000002383
8,5888,0.000002348
9,5888,0.000002169
10,5888,0.000002056
11,5888,0.000002026
12,5888,0.000001923
13,5888,0.000002324
14,5888,0.000001756
15,5888,0.000001777
16,5888,0.000002032
17,5888,0.000002087
18,5888,0.000002215
19,5888,0.000001789
20,5888,0.000002225
21,5888,0.000001760
22,5888,0.000002467
23,5888,0.000001776
24,5888,0.000001761
25,5888,0.000002517
26,5888,0.000001707
27,5888,0.000002108
28,5888,0.000001861
29,5888,0.000002371
30,5888,0.000001630
31,5888,0.000002038
32,5888,0.000002151
33,5888,0.000001997
34,5888,0.000004263
35,5888,0.000001880
36,5888,0.000002141
37,5888,0.000001919
38,5888,0.000002254
39,5888,0.000001694
40,5888,0.000001760
41,5888,0.000002173
42,5888,0.000001887
43,5888,0.000002680
44,5888,0.000001927
45,5888,0.000002576
46,5888,0.000002117
47,5888,0.000001898
48,5888,0.000001906
49,5888,0.000001911
50,5888,0.000002122
51,5888,0.000003412
52,5888,0.000002378
53,5888,0.000016553
54,5888,0.000002247
55,5888,0.000001865
56,5888,0.000001993
57,5888,0.000002312
58,5888,0.000001904
59,5888,0.000002704
60,5888,0.000002034
61,5888,0.000002673
62,5888,0.000015638
63,5888,0.000002604
64,5888,0.000002424
65,5888,0.000002207
66,5888,0.000002480
67,5888,0.000002291
68,5888,0.000003510
69,5888,0.000001917
70,5888,0.000002579
71,5888,0.000002347
72,5888,0.000002078
73,5888,0.000002881
74,5888,0.000003044
75,5888,0.000002266
76,5888,0.000002010
77,5888,0.000002374
78,5888,0.000002224
79,5888,0.000002030
80,5888,0.000003364
81,5888,0.000002003
82,5888,0.000002574
83,5888,0.000002185
84,5888,0.000002545
85,5888,0.000001993
86,5888,0.000002785
87,5888,0.000003188
88,5888,0.000002197
89,5888,0.000002601
90,5888,0.000001990
91,5888,0.000002423
92,5888,0.000002389
93,5888,0.000003533
94,5888,0.000002271
95,5888,0.000002251
96,5888,0.000002188
97,5888,0.000002104
98,5888,0.000002397
99,5888,0.000003640
100,5888,0.000002499
101,5888,0.000002036
102,5888,0.000002453
103,5888,0.000002072
104,5888,0.000002392
105,5888,0.000003499
106,5888,0.000002081
107,5888,0.000002777
108,5888,0.000002056
109,5888,0.000002695
110,5888,0.000002344
111,5888,0.000003134
112,5888,0.000002168
113,5888,0.000002302
114,5888,0.000002467
115,5888,0.000002129
116,5888,0.000002475
117,5888,0.000003124
118,5888,0.000002737
119,5888,0.000002291
120,5888,0.000002132
121,5888,0.000002472
122,5888,0.000002096
123,5888,0.000003541
124,5888,0.000002033
125,5888,0.000002498
126,5888,0.000002167
127,5888,0.000002488
128,5888,0.000002518
129,5888,0.000003555
130,5888,0.000002520
131,5888,0.000001869
132,5888,0.000002387
133,5888,0.000002190
134,5888,0.000002374
135,5888,0.000003244
136,5888,0.000002566
137,5888,0.000002515
138,5888,0.000002040
139,5888,0.000002312
140,5888,0.000002093
141,5888,0.000003759
142,5888,0.000002040
143,5888,0.000002125
144,5888,0.000001850
145,5888,0.000001784
146,5888,0.000002429
147,5888,0.000003038
148,5888,0.000002548
149,5888,0.000002129
150,5888,0.000002635
151,5888,0.000002326
152,5888,0.000002083
153,5888,0.000003757
154,5888,0.000002187
155,5888,0.000002551
156,5888,0.000002062
157,5888,0.000002338
158,5888,0.000002024
159,5888,0.000003223
160,5888,0.000002285
161,5888,0.000002061
162,5888,0.000002554
163,5888,0.000002547
164,5888,0.000002699
165,5888,0.000003391
166,5888,0.000002219
167,5888,0.000001787
168,5888,0.000001768
169,5888,0.000002171
170,5888,0.000001733
171,5888,0.000002236
172,5888,0.000003061
173,5888,0.000002489
174,5888,0.000002020
175,5888,0.000002281
176,5888,0.000001813
177,5888,0.000002248
178,5888,0.000002783
179,5888,0.000003248
180,5888,0.000002392
181,5888,0.000001885
182,5888,0.000002324
183,5888,0.000001802
184,5888,0.000001927
185,5888,0.000003491
186,5888,0.000002008
187,5888,0.000002165
188,5888,0.000001723
189,5888,0.000002281
190,5888,0.000002074
191,5888,0.000001793
192,5888,0.000002930
193,5888,0.000001758
194,5888,0.000002060
195,5888,0.000001831
196,5888,0.000002141
197,5888,0.000001778
198,5888,0.000002099
199,5888,0.000002955
200,5888,0.000001938
201,5888,0.000002260
202,5888,0.000002002
203,5888,0.000002248
204,5888,0.000001936
205,5888,0.000001979
206,5888,0.000002804
207,5888,0.000001835
208,5888,0.000002041
209,5888,0.000001715
210,5888,0.000001849
211,5888,0.000001703
212,5888,0.000002069
213,5888,0.000002198
214,5888,0.000003050
215,5888,0.000001699
216,5888,0.000001891
217,5888,0.000002126
218,5888,0.000001952
219,5888,0.000002228
220,5888,0.000001957
221,5888,0.000003452
222,5888,0.000002029
223,5888,0.000001910
224,5888,0.000001966
225,5888,0.000001959
226,5888,0.000002306
227,5888,0.000001874
228,5888,0.000003248
229,5888,0.000001964
230,5888,0.000002308
231,5888,0.000002231
232,5888,0.000001936
233,5888,0.000002395
234,5888,0.000002970
235,5888,0.000002307
236,5888,0.000001922
237,5888,0.000002320
238,5888,0.000001958
239,5888,0.000001891
240,5888,0.000002022
241,5888,0.000003311
242,5888,0.000002364
243,5888,0.000001885
244,5888,0.000002326
245,5888,0.000002005
246,5888,0.000002252
247,5888,0.000002323
248,5888,0.000003133
249,5888,0.000002343
250,5888,0.000001891
251,5888,0.000002507
252,5888,0.000001976
253,5888,0.000002340
254,5888,0.000002910
255,5888,0.000002070
256,5888,0.000001971
257,5888,0.000001868
258,5888,0.000002319
259,5888,0.000002073
260,5888,0.000002507
261,5888,0.000003318
262,5888,0.000002324
263,5888,0.000001817
264,5888,0.000001987
265,5888,0.000002300
266,5888,0.000001854
267,5888,0.000003339
268,5888,0.000002001
269,5888,0.000002326
270,5888,0.000001832
271,5888,0.000002191
272,5888,0.000001949
273,5888,0.000001961
274,5888,0.000003326
275,5888,0.000001950
276,5888,0.000002267
277,5888,0.000001949
278,5888,0.000002377
279,5888,0.000001961
280,5888,0.000002176
281,5888,0.000003288
282,5888,0.000002080
283,5888,0.000002367
284,5888,0.000001837
285,5888,0.000002619
286,5888,0.000001914
287,5888,0.000002911
288,5888,0.000002085
289,5888,0.000002054
290,5888,0.000002366
291,5888,0.000002052
292,5888,0.000002336
293,5888,0.000002036
294,5888,0.000003353
295,5888,0.000001861
296,5888,0.000001986
297,5888,0.000002190
298,5888,0.000001646
299,5888,0.000002271
300,5888,0.000003321
301,5888,0.000002635
302,5888,0.000001806
303,5888,0.000001940
304,5888,0.000002072
305,5888,0.000002047
306,5888,0.000002147
307,5888,0.000003211
308,5888,0.000002160
309,5888,0.000001993
310,5888,0.000002478
311,5888,0.000001883
312,5888,0.000001965
313,5888,0.000002298
314,5888,0.000003125
315,5888,0.000002682
316,5888,0.000001941
317,5888,0.000002351
318,5888,0.000002236
319,5888,0.000002387
320,5888,0.000003116
321,5888,0.000002056
322,5888,0.000002629
323,5888,0.000001807
324,5888,0.000002852
325,5888,0.000002147
326,5888,0.000003534
327,5888,0.000002100
328,5888,0.000001776
329,5888,0.000002454
330,5888,0.000001661
331,5888,0.000002080
332,5888,0.000015398
333,5888,0.000004598
334,5888,0.000001945
335,5888,0.000002108
336,5888,0.000001942
337,5888,0.000001800
338,5888,0.000002472
339,5888,0.000001854
340,5888,0.000002445
341,5888,0.000001865
342,5888,0.000002186
343,5888,0.000001806
344,5888,0.000001696
345,5888,0.000002009
346,5888,0.000001757
347,5888,0.000003743
348,5888,0.000002587
349,5888,0.000002554
350,5888,0.000001755
351,5888,0.000002025
352,5888,0.000002028
353,5888,0.000001998
354,5888,0.000002764
355,5888,0.000002098
356,5888,0.000002504
357,5888,0.000002103
358,5888,0.000002415
359,5888,0.000001850
360,5888,0.000002216
361,5888,0.000002379
362,5888,0.000001856
363,5888,0.000002218
364,5888,0.000002034
365,5888,0.000002375
366,5888,0.000003426
367,5888,0.000001938
368,5888,0.000002064
369,5888,0.000001835
370,5888,0.000002276
371,5888,0.000002047
372,5888,0.000002316
373,5888,0.000001847
374,5888,0.000002402
375,5888,0.000001935
376,5888,0.000002053
377,5888,0.000002328
378,5888,0.000001964
379,5888,0.000002256
380,5888,0.000001827
381,5888,0.000002151
382,5888,0.000003096
383,5888,0.000002158
384,5888,0.000002089
385,5888,0.000001954
386,5888,0.000002163
387,5888,0.000001872
388,5888,0.000002178
389,5888,0.000002028
390,5888,0.000002461
391,5888,0.000002028
392,5888,0.000001963
393,5888,0.000002266
394,5888,0.000001840
395,5888,0.000002292
396,5888,0.000001994
397,5888,0.000002248
398,5888,0.000001885
399,5888,0.000003033
400,5888,0.000002143
401,5888,0.000001790
402,5888,0.000002137
403,5888,0.000001902
404,5888,0.000002245
405,5888,0.000001869
406,5888,0.000002237
407,5888,0.000001877
408,5888,0.000001889
409,5888,0.000002204
410,5888,0.000001909
411,5888,0.000002551
412,5888,0.000001924
413,5888,0.000002422
414,5888,0.000001915
415,5888,0.000001860
416,5888,0.000002920
417,5888,0.000001939
418,5888,0.000002099
419,5888,0.000001819
420,5888,0.000002144
421,5888,0.000002237
422,5888,0.000002273
423,5888,0.000001849
424,5888,0.000001902
425,5888,0.000002267
426,5888,0.000001876
427,5888,0.000002329
428,5888,0.000002061
429,5888,0.000002279
430,5888,0.000001748
431,5888,0.000001855
432,5888,0.000001950
433,5888,0.000002834
434,5888,0.000002451
435,5888,0.000002013
436,5888,0.000002364
437,5888,0.000001966
438,5888,0.000002520
439,5888,0.000001267
440,5888,0.000001304
441,5888,0.000001613
442,5888,0.000001379
443,5888,0.000001869
444,5888,0.000001278
445,5888,0.000001855
446,5888,0.000001373
447,5888,0.000001313
448,5888,0.000001425
449,5888,0.000001395
450,5888,0.000001593
451,5888,0.000001249
452,5888,0.000001941
453,5888,0.000002355
454,5888,0.000001647
455,5888,0.000001364
456,5888,0.000001359
457,5888,0.000001669
458,5888,0.000001272
459,5888,0.000001703
460,5888,0.000001684
461,5888,0.000001857
462,5888,0.000001278
463,5888,0.000001426
464,5888,0.000001308
465,5888,0.000001613
466,5888,0.000001913
467,5888,0.000001481
468,5888,0.000001592
469,5888,0.000001289
470,5888,0.000001834
471,5888,0.000001343
472,5888,0.000001273
473,5888,0.000001701
474,5888,0.000001371
475,5888,0.000001758
476,5888,0.000002319
477,5888,0.000001708
478,5888,0.000001469
479,5888,0.000001308
480,5888,0.000001370
481,5888,0.000001401
482,5888,0.000001659
483,5888,0.000001298
484,5888,0.000001682
485,5888,0.000001430
486,5888,0.000001641
487,5888,0.000001307
488,5888,0.000001407
489,5888,0.000001616
490,5888,0.000001281
491,5888,0.000001593
492,5888,0.000001434
493,5888,0.000001592
494,5888,0.000001389
495,5888,0.000001366
496,5888,0.000001389
497,5888,0.000001310
498,5888,0.000002030
499,5888,0.000001399
500,5888,0.000002423
501,5888,0.000001385
502,5888,0.000001708
503,5888,0.000001466
504,5888,0.000001270
505,5888,0.000001710
506,5888,0.000001377
507,5888,0.000001639
508,5888,0.000001292
509,5888,0.000001696
510,5888,0.000001646
511,5888,0.000001295
512,5888,0.000001389
513,5888,0.000001237
514,5888,0.000001542
515,5888,0.000001268
516,5888,0.000001705
517,5888,0.000001280
518,5888,0.000001858
519,5888,0.000001368
520,5888,0.000001270
521,5888,0.000001799
522,5888,0.000001295
523,5888,0.000002037
524,5888,0.000002233
525,5888,0.000001700
526,5888,0.000001365
527,5888,0.000001399
528,5888,0.000001280
529,5888,0.000001392
530,5888,0.000001568
531,5888,0.000001397
532,5888,0.000001683
533,5888,0.000001306
534,5888,0.000001740
535,5888,0.000001354
536,5888,0.000001283
537,5888,0.000001487
538,5888,0.000001552
539,5888,0.000001601
540,5888,0.000001284
541,5888,0.000016309
542,5888,0.000001481
543,5888,0.000001315
544,5888,0.000001359
545,5888,0.000001358
546,5888,0.000002509
547,5888,0.000001354
548,5888,0.000001709
549,5888,0.000001477
550,5888,0.000014405
551,5888,0.000001433
552,5888,0.000001310
553,5888,0.000001547
554,5888,0.000001311
555,5888,0.000001580
556,5888,0.000002189
557,5888,0.000001694
558,5888,0.000001420
559,5888,0.000001338
560,5888,0.000001449
561,5888,0.000001441
562,5888,0.000001599
563,5888,0.000001343
564,5888,0.000001566
565,5888,0.000001296
566,5888,0.000002384
567,5888,0.000001453
568,5888,0.000001285
569,5888,0.000001635
570,5888,0.000001366
571,5888,0.000001818
572,5888,0.000001354
573,5888,0.000001655
574,5888,0.000001444
575,5888,0.000002060
576,5888,0.000001439
577,5888,0.000001450
578,5888,0.000001600
579,5888,0.000001331
580,5888,0.000001725
581,5888,0.000001353
582,5888,0.000001532
583,5888,0.000001288
584,5888,0.000001630
585,5888,0.000002375
586,5888,0.000001326
587,5888,0.000001665
588,5888,0.000001345
589,5888,0.000001727
590,5888,0.000001290
591,5888,0.000001547
592,5888,0.000001306
593,5888,0.000001223
594,5888,0.000001899
595,5888,0.000002057
596,5888,0.000002173
597,5888,0.000001469
598,5888,0.000001726
599,5888,0.000001436
600,5888,0.000001342
601,5888,0.000001812
602,5888,0.000001549
603,5888,0.000001673
604,5888,0.000002089
605,5888,0.000001951
606,5888,0.000001710
607,5888,0.000001288
608,5888,0.000001555
609,5888,0.000001336
610,5888,0.000001712
611,5888,0.000001726
612,5888,0.000001720
613,5888,0.000002106
614,5888,0.000001713
615,5888,0.000001307
616,5888,0.000001297
617,5888,0.000002026
618,5888,0.000001367
619,5888,0.000001620
620,5888,0.000001405
621,5888,0.000001730
622,5888,0.000002156
623,5888,0.000001554
624,5888,0.000001379
625,5888,0.000001653
626,5888,0.000001695
627,5888,0.000001342
628,5888,0.000001512
629,5888,0.000001283
630,5888,0.000001683
631,5888,0.000001263
632,5888,0.000002002
633,5888,0.000001647
634,5888,0.000001289
635,5888,0.000001526
636,5888,0.000001326
637,5888,0.000001552
638,5888,0.000001334
639,5888,0.000001233
640,5888,0.000001466
641,5888,0.000001294
642,5888,0.000001928
643,5888,0.000002160
644,5888,0.000001554
645,5888,0.000001265
646,5888,0.000002058
647,5888,0.000001293
648,5888,0.000001291
649,5888,0.000001565
650,5888,0.000001577
651,5888,0.000001643
652,5888,0.000002397
653,5888,0.000001581
654,5888,0.000001420
655,5888,0.000001306
656,5888,0.000001363
657,5888,0.000001260
658,5888,0.000001620
659,5888,0.000001377
660,5888,0.000001656
661,5888,0.000002255
662,5888,0.000001820
663,5888,0.000001676
664,5888,0.000001325
665,5888,0.000001748
666,5888,0.000001422
667,5888,0.000001595
668,5888,0.000001392
669,5888,0.000001632
670,5888,0.000001389
671,5888,0.000002050
672,5888,0.000001453
673,5888,0.000001390
674,5888,0.000001640
675,5888,0.000001269
676,5888,0.000001658
677,5888,0.000001337
678,5888,0.000001624
679,5888,0.000001258
680,5888,0.000001511
681,5888,0.000002329
682,5888,0.000001585
683,5888,0.000001595
684,5888,0.000001412
685,5888,0.000001709
686,5888,0.000001294
687,5888,0.000001265
688,5888,0.000001440
689,5888,0.000001306
690,5888,0.000002549
691,5888,0.000001336
692,5888,0.000001627
693,5888,0.000001449
694,5888,0.000001643
695,5888,0.000001390
696,5888,0.000001434
697,5888,0.000001736
698,5888,0.000001340
699,5888,0.000001824
700,5888,0.000002022
701,5888,0.000001612
702,5888,0.000001280
703,5888,0.000001324
704,5888,0.000001448
705,5888,0.000001237
706,5888,0.000001587
707,5888,0.000001363
708,5888,0.000001792
709,5888,0.000001441
710,5888,0.000002410
711,5888,0.000001313
712,5888,0.000001307
713,5888,0.000001607
714,5888,0.000001389
715,5888,0.000001522
716,5888,0.000001390
717,5888,0.000001548
718,5888,0.000001271
719,5888,0.000001329
720,5888,0.000002324
721,5888,0.000001352
722,5888,0.000002070
723,5888,0.000001442
724,5888,0.000001734
725,5888,0.000001383
726,5888,0.000001701
727,5888,0.000001335
728,5888,0.000001498
729,5888,0.000002261
730,5888,0.000001285
731,5888,0.000001617
732,5888,0.000001407
733,5888,0.000001824
734,5888,0.000001332
735,5888,0.000001405
736,5888,0.000001398
737,5888,0.000001300
738,5888,0.000001701
739,5888,0.000002329
740,5888,0.000001624
741,5888,0.000001376
742,5888,0.000001507
743,5888,0.000001436
744,5888,0.000001333
745,5888,0.000001625
746,5888,0.000001241
747,5888,0.000001567
748,5888,0.000001516
749,5888,0.000002301
750,5888,0.000001273
751,5888,0.000001379
752,5888,0.000001361
753,5888,0.000001293
754,5888,0.000001721
755,5888,0.000001432
756,5888,0.000001608
757,5888,0.000001293
758,5888,0.000002037
759,5888,0.000002066
760,5888,0.000001291
761,5888,0.000001573
762,5888,0.000001373
763,5888,0.000001632
764,5888,0.000001287
765,5888,0.000001633
766,5888,0.000001291
767,5888,0.000001256
768,5888,0.000001447
769,5888,0.000002123
770,5888,0.000001541
771,5888,0.000001327
772,5888,0.000001529
773,5888,0.000001611
774,5888,0.000001743
775,5888,0.000001239
776,5888,0.000001382
777,5888,0.000001649
778,5888,0.000002057
779,5888,0.000001692
780,5888,0.000001710
781,5888,0.000001989
782,5888,0.000001448
783,5888,0.000001277
784,5888,0.000001353
785,5888,0.000001596
786,5888,0.000001982
787,5888,0.000002014
788,5888,0.000001698
789,5888,0.000001372
790,5888,0.000001562
791,5888,0.000001300
792,5888,0.000001742
793,5888,0.000001796
794,5888,0.000001282
795,5888,0.000001575
796,5888,0.000001486
797,5888,0.000002463
798,5888,0.000001532
799,5888,0.000001482
800,5888,0.000001818
801,5888,0.000001428
802,5888,0.000001736
803,5888,0.000001379
804,5888,0.000001578
805,5888,0.000001230
806,5888,0.000002308
807,5888,0.000001784
808,5888,0.000001308
809,5888,0.000001630
810,5888,0.000001349
811,5888,0.000001620
812,5888,0.000001297
813,5888,0.000001637
814,5888,0.000001404
815,5888,0.000001332
816,5888,0.000002150
817,5888,0.000001403
818,5888,0.000001694
819,5888,0.000001278
820,5888,0.000001638
821,5888,0.000001375
822,5888,0.000001524
823,5888,0.000001248
824,5888,0.000001389
825,5888,0.000001825
826,5888,0.000002239
827,5888,0.000001740
828,5888,0.000001293
829,5888,0.000001603
830,5888,0.000001327
831,5888,0.000001261
832,5888,0.000001476
833,5888,0.000001241
834,5888,0.000001939
835,5888,0.000001997
836,5888,0.000001719
837,5888,0.000001342
838,5888,0.000002014
839,5888,0.000001268
840,5888,0.000001477
841,5888,0.000001652
842,5888,0.000001257
843,5888,0.000001509
844,5888,0.000001390
845,5888,0.000002429
846,5888,0.000001297
847,5888,0.000001305
848,5888,0.000001695
849,5888,0.000001275
850,5888,0.000001721
851,5888,0.000001443
852,5888,0.000001818
853,5888,0.000001249
854,5888,0.000001669
855,5888,0.000002070
856,5888,0.000001331
857,5888,0.000001556
858,5888,0.000001309
859,5888,0.000001644
860,5888,0.000001269
861,5888,0.000001616
862,5888,0.000001419
863,5888,0.000001243
864,5888,0.000001434
865,5888,0.000002121
866,5888,0.000001675
867,5888,0.000001339
868,5888,0.000001883
869,5888,0.000001360
870,5888,0.000001605
871,5888,0.000001374
872,5888,0.000001334
873,5888,0.000001977
874,5888,0.000001580
875,5888,0.000002586
876,5888,0.000001301
877,5888,0.000001836
878,5888,0.000001298
879,5888,0.000001246
880,5888,0.000001465
881,5888,0.000001387
882,5888,0.000001673
883,5888,0.000001357
884,5888,0.000001757
885,5888,0.000002133
886,5888,0.000001748
887,5888,0.000001221
888,5888,0.000001400
889,5888,0.000001627
890,5888,0.000001270
891,5888,0.000001658
892,5888,0.000001714
893,5888,0.000013907
894,5888,0.000001442
895,5888,0.000001411
896,5888,0.000001357
897,5888,0.000001297
898,5888,0.000001967
899,5888,0.000001356
900,5888,0.000001700
901,5888,0.000001337
902,5888,0.000002666
903,5888,0.000001404
904,5888,0.000001321
905,5888,0.000001630
906,5888,0.000001373
907,5888,0.000001666
908,5888,0.000001282
909,5888,0.000001526
910,5888,0.000001375
911,5888,0.000001273
912,5888,0.000002060
913,5888,0.000001380
914,5888,0.000001555
915,5888,0.000001447
916,5888,0.000001557
917,5888,0.000001297
918,5888,0.000001847
919,5888,0.000001559
920,5888,0.000001290
921,5888,0.000001648
922,5888,0.000002089
923,5888,0.000001621
924,5888,0.000001285
925,5888,0.000001783
926,5888,0.000001386
927,5888,0.000001248
928,5888,0.000001668
929,5888,0.000001427
930,5888,0.000001552
931,5888,0.000001354
932,5888,0.000002391
933,5888,0.000001482
934,5888,0.000001541
935,5888,0.000001407
936,5888,0.000001459
937,5888,0.000001674
938,5888,0.000001256
939,5888,0.000001553
940,5888,0.000001646
941,5888,0.000001527
942,5888,0.000001256
943,5888,0.000001422
944,5888,0.000001586
945,5888,0.000001356
946,5888,0.000001754
947,5888,0.000001347
948,5888,0.000001645
949,5888,0.000026367
950,5888,0.000002893
951,5888,0.000002655
952,5888,0.000001346
953,5888,0.000001604
954,5888,0.000001778
955,5888,0.000001790
956,5888,0.000006250
957,5888,0.000016599
958,5888,0.000002406
959,5888,0.000002297
960,5888,0.000003333
961,5888,0.000002300
962,5888,0.000003561
963,5888,0.000002428
964,5888,0.000003912
965,5888,0.000003494
966,5888,0.000003693
967,5888,0.000002394
968,5888,0.000002296
969,5888,0.000003523
970,5888,0.000002329
971,5888,0.000006793
972,5888,0.000002476
973,5888,0.000005883
974,5888,0.000002883
975,5888,0.000003159
976,5888,0.000003479
977,5888,0.000002364
978,5888,0.000003598
979,5888,0.000003232
980,5888,0.000003584
981,5888,0.000002303
982,5888,0.000003661
983,5888,0.000002401
984,5888,0.000002313
985,5888,0.000003974
986,5888,0.000002501
987,5888,0.000005053
988,5888,0.000002829
989,5888,0.000003615
990,5888,0.000002359
991,5888,0.000002305
992,5888,0.000003444
993,5888,0.000004832
994,5888,0.000003574
995,5888,0.000002516
996,5888,0.000003655
997,5888,0.000003233
998,5888,0.000003599
999,5888,0.000002405
0,6144,0.000017770
1,6144,0.000001725
2,6144,0.000001803
3,6144,0.000001412
4,6144,0.000001604
5,6144,0.000001348
6,6144,0.000001535
7,6144,0.000001676
8,6144,0.000001521
9,6144,0.000001290
10,6144,0.000001431
11,6144,0.000002328
12,6144,0.000002114
13,6144,0.000001961
14,6144,0.000002156
15,6144,0.000003460
16,6144,0.000003558
17,6144,0.000002053
18,6144,0.000002090
19,6144,0.000001996
20,6144,0.000002199
21,6144,0.000002243
22,6144,0.000003613
23,6144,0.000002075
24,6144,0.000002179
25,6144,0.000002296
26,6144,0.000001892
27,6144,0.000001783
28,6144,0.000003008
29,6144,0.000002120
30,6144,0.000001844
31,6144,0.000001865
32,6144,0.000001939
33,6144,0.000001805
34,6144,0.000001888
35,6144,0.000001914
36,6144,0.000003057
37,6144,0.000001873
38,6144,0.000001939
39,6144,0.000002343
40,6144,0.000002449
41,6144,0.000002035
42,6144,0.000003388
43,6144,0.000002233
44,6144,0.000002260
45,6144,0.000002141
46,6144,0.000001982
47,6144,0.000001865
48,6144,0.000001963
49,6144,0.000003134
50,6144,0.000001934
51,6144,0.000001980
52,6144,0.000001799
53,6144,0.000001867
54,6144,0.000002027
55,6144,0.000002021
56,6144,0.000003009
57,6144,0.000002000
58,6144,0.000002066
59,6144,0.000001946
60,6144,0.000001960
61,6144,0.000002111
62,6144,0.000001947
63,6144,0.000002913
64,6144,0.000001979
65,6144,0.000001839
66,6144,0.000001957
67,6144,0.000002003
68,6144,0.000001894
69,6144,0.000001875
70,6144,0.000002938
71,6144,0.000001821
72,6144,0.000001964
73,6144,0.000001968
74,6144,0.000001984
75,6144,0.000001816
76,6144,0.000001842
77,6144,0.000001936
78,6144,0.000002927
79,6144,0.000001878
80,6144,0.000002127
81,6144,0.000001904
82,6144,0.000002332
83,6144,0.000001972
84,6144,0.000002449
85,6144,0.000003455
86,6144,0.000002085
87,6144,0.000001336
88,6144,0.000001595
89,6144,0.000001294
90,6144,0.000001425
91,6144,0.000001752
92,6144,0.000001445
93,6144,0.000002145
94,6144,0.000001435
95,6144,0.000001450
96,6144,0.000001400
97,6144,0.000001254
98,6144,0.000001345
99,6144,0.000001392
100,6144,0.000001425
101,6144,0.000001300
102,6144,0.000001422
103,6144,0.000002228
104,6144,0.000001538
105,6144,0.000001337
106,6144,0.000001674
107,6144,0.000001404
108,6144,0.000001462
109,6144,0.000001393
110,6144,0.000001524
111,6144,0.000001295
112,6144,0.000001491
113,6144,0.000002114
114,6144,0.000001543
115,6144,0.000001457
116,6144,0.000001378
117,6144,0.000001351
118,6144,0.000001326
119,6144,0.000001540
120,6144,0.000001430
121,6144,0.000001448
122,6144,0.000001507
123,6144,0.000002018
124,6144,0.000001505
125,6144,0.000001400
126,6144,0.000001430
127,6144,0.000001278
128,6144,0.000001438
129,6144,0.000001381
130,6144,0.000001326
131,6144,0.000001275
132,6144,0.000001415
133,6144,0.000002110
134,6144,0.000001371
135,6144,0.000001244
136,6144,0.000001720
137,6144,0.000001364
138,6144,0.000001340
139,6144,0.000001309
140,6144,0.000001584
141,6144,0.000001385
142,6144,0.000001473
143,6144,0.000001348
144,6144,0.000002133
145,6144,0.000001465
146,6144,0.000001693
147,6144,0.000001303
148,6144,0.000001518
149,6144,0.000001265
150,6144,0.000001430
151,6144,0.000001269
152,6144,0.000001413
153,6144,0.000001271
154,6144,0.000002065
155,6144,0.000001425
156,6144,0.000001443
157,6144,0.000001264
158,6144,0.000001766
159,6144,0.000001511
160,6144,0.000001342
161,6144,0.000001275
162,6144,0.000001465
163,6144,0.000001357
164,6144,0.000002269
165,6144,0.000001286
166,6144,0.000001562
167,6144,0.000001325
168,6144,0.000001459
169,6144,0.000001358
170,6144,0.000001370
171,6144,0.000001356
172,6144,0.000001297
173,6144,0.000001301
174,6144,0.000001269
175,6144,0.000001961
176,6144,0.000001320
177,6144,0.000001358
178,6144,0.000001405
179,6144,0.000001234
180,6144,0.000001335
181,6144,0.000001344
182,6144,0.000001605
183,6144,0.000001296
184,6144,0.000001304
185,6144,0.000002056
186,6144,0.000001441
187,6144,0.000001419
188,6144,0.000001438
189,6144,0.000001272
190,6144,0.000001363
191,6144,0.000001292
192,6144,0.000001430
193,6144,0.000001238
194,6144,0.000001430
195,6144,0.000001444
196,6144,0.000002033
197,6144,0.000001280
198,6144,0.000001531
199,6144,0.000001439
200,6144,0.000001395
201,6144,0.000001266
202,6144,0.000001258
203,6144,0.000001345
204,6144,0.000001402
205,6144,0.000001277
206,6144,0.000001677
207,6144,0.000002173
208,6144,0.000001639
209,6144,0.000001465
210,6144,0.000001463
211,6144,0.000001271
212,6144,0.000001377
213,6144,0.000001409
214,6144,0.000001403
215,6144,0.000001352
216,6144,0.000001594
217,6144,0.000002071
218,6144,0.000001354
219,6144,0.000001341
220,6144,0.000001317
221,6144,0.000001416
222,6144,0.000001265
223,6144,0.000001411
224,6144,0.000001368
225,6144,0.000001344
226,6144,0.000001423
227,6144,0.000002090
228,6144,0.000001399
229,6144,0.000001288
230,6144,0.000001400
231,6144,0.000001410
232,6144,0.000001464
233,6144,0.000001256
234,6144,0.000001442
235,6144,0.000001389
236,6144,0.000001394
237,6144,0.000002385
238,6144,0.000001675
239,6144,0.000001401
240,6144,0.000001408
241,6144,0.000001285
242,6144,0.000001328
243,6144,0.000001377
244,6144,0.000001350
245,6144,0.000001266
246,6144,0.000001386
247,6144,0.000002095
248,6144,0.000001456
249,6144,0.000001303
250,6144,0.000001528
251,6144,0.000001261
252,6144,0.000001361
253,6144,0.000001386
254,6144,0.000001360
255,6144,0.000001280
256,6144,0.000001399
257,6144,0.000001416
258,6144,0.000002373
259,6144,0.000001291
260,6144,0.000001434
261,6144,0.000001343
262,6144,0.000001894
263,6144,0.000001292
264,6144,0.000001351
265,6144,0.000001341
266,6144,0.000001505
267,6144,0.000002049
268,6144,0.000001410
269,6144,0.000001482
270,6144,0.000001450
271,6144,0.000010885
272,6144,0.000002773
273,6144,0.000001567
274,6144,0.000001359
275,6144,0.000001293
276,6144,0.000001517
277,6144,0.000001463
278,6144,0.000001592
279,6144,0.000001329
280,6144,0.000001509
281,6144,0.000001380
282,6144,0.000001832
283,6144,0.000001513
284,6144,0.000001385
285,6144,0.000001863
286,6144,0.000002023
287,6144,0.000002089
288,6144,0.000002014
289,6144,0.000002078
290,6144,0.000002037
291,6144,0.000001854
292,6144,0.000002394
293,6144,0.000003249
294,6144,0.000002118
295,6144,0.000002215
296,6144,0.000002178
297,6144,0.000001763
298,6144,0.000001911
299,6144,0.000001826
300,6144,0.000003066
301,6144,0.000001978
302,6144,0.000002115
303,6144,0.000002129
304,6144,0.000002548
305,6144,0.000002002
306,6144,0.000001910
307,6144,0.000003701
308,6144,0.000002101
309,6144,0.000002056
310,6144,0.000001998
311,6144,0.000002246
312,6144,0.000002074
313,6144,0.000002090
314,6144,0.000003253
315,6144,0.000001889
316,6144,0.000001946
317,6144,0.000001930
318,6144,0.000001990
319,6144,0.000001855
320,6144,0.000002223
321,6144,0.000002913
322,6144,0.000001996
323,6144,0.000001826
324,6144,0.000001878
325,6144,0.000001870
326,6144,0.000001927
327,6144,0.000001783
328,6144,0.000002894
329,6144,0.000001851
330,6144,0.000001958
331,6144,0.000001900
332,6144,0.000001941
333,6144,0.000002285
334,6144,0.000002291
335,6144,0.000002261
336,6144,0.000002276
337,6144,0.000002647
338,6144,0.000002102
339,6144,0.000003586
340,6144,0.000001899
341,6144,0.000002591
342,6144,0.000002167
343,6144,0.000001730
344,6144,0.000002378
345,6144,0.000001878
346,6144,0.000003129
347,6144,0.000002119
348,6144,0.000001803
349,6144,0.000002077
350,6144,0.000001834
351,6144,0.000001830
352,6144,0.000002191
353,6144,0.000003157
354,6144,0.000001980
355,6144,0.000001742
356,6144,0.000002141
357,6144,0.000001920
358,6144,0.000001797
359,6144,0.000001752
360,6144,0.000002504
361,6144,0.000003112
362,6144,0.000002139
363,6144,0.000001886
364,6144,0.000001942
365,6144,0.000001976
366,6144,0.000001893
367,6144,0.000002309
368,6144,0.000003399
369,6144,0.000002069
370,6144,0.000001877
371,6144,0.000001983
372,6144,0.000002012
373,6144,0.000002146
374,6144,0.000002000
375,6144,0.000001988
376,6144,0.000002198
377,6144,0.000001761
378,6144,0.000001899
379,6144,0.000001989
380,6144,0.000002519
381,6144,0.000002039
382,6144,0.000002136
383,6144,0.000001824
384,6144,0.000002085
385,6144,0.000002226
386,6144,0.000002064
387,6144,0.000001907
388,6144,0.000002105
389,6144,0.000001961
390,6144,0.000001947
391,6144,0.000001935
392,6144,0.000001965
393,6144,0.000001953
394,6144,0.000002327
395,6144,0.000001926
396,6144,0.000001914
397,6144,0.000002123
398,6144,0.000001951
399,6144,0.000001813
400,6144,0.000001960
401,6144,0.000002039
402,6144,0.000001869
403,6144,0.000001830
404,6144,0.000001940
405,6144,0.000002316
406,6144,0.000001969
407,6144,0.000001835
408,6144,0.000002059
409,6144,0.000001971
410,6144,0.000002078
411,6144,0.000001897
412,6144,0.000001853
413,6144,0.000001843
414,6144,0.000001967
415,6144,0.000001861
416,6144,0.000002076
417,6144,0.000002031
418,6144,0.000001935
419,6144,0.000001897
420,6144,0.000001879
421,6144,0.000001826
422,6144,0.000001925
423,6144,0.000001823
424,6144,0.000001947
425,6144,0.000001890
426,6144,0.000002187
427,6144,0.000001992
428,6144,0.000002260
429,6144,0.000002347
430,6144,0.000001485
431,6144,0.000001309
432,6144,0.000001462
433,6144,0.000001627
434,6144,0.000001385
435,6144,0.000001274
436,6144,0.000001484
437,6144,0.000001548
438,6144,0.000001624
439,6144,0.000001273
440,6144,0.000001470
441,6144,0.000001621
442,6144,0.000001532
443,6144,0.000001270
444,6144,0.000001449
445,6144,0.000001310
446,6144,0.000001761
447,6144,0.000001250
448,6144,0.000001512
449,6144,0.000001374
450,6144,0.000001711
451,6144,0.000001226
452,6144,0.000001374
453,6144,0.000001386
454,6144,0.000001451
455,6144,0.000001291
456,6144,0.000001685
457,6144,0.000001315
458,6144,0.000001922
459,6144,0.000001329
460,6144,0.000001365
461,6144,0.000001470
462,6144,0.000003584
463,6144,0.000001335
464,6144,0.000001429
465,6144,0.000001449
466,6144,0.000001398
467,6144,0.000001395
468,6144,0.000001383
469,6144,0.000001354
470,6144,0.000001541
471,6144,0.000001277
472,6144,0.000001448
473,6144,0.000002203
474,6144,0.000001398
475,6144,0.000001340
476,6144,0.000001396
477,6144,0.000001365
478,6144,0.000001549
479,6144,0.000001499
480,6144,0.000001395
481,6144,0.000001471
482,6144,0.000001413
483,6144,0.000002054
484,6144,0.000001598
485,6144,0.000001387
486,6144,0.000001424
487,6144,0.000001331
488,6144,0.000001546
489,6144,0.000001669
490,6144,0.000001365
491,6144,0.000001307
492,6144,0.000001257
493,6144,0.000001361
494,6144,0.000002179
495,6144,0.000001392
496,6144,0.000001347
497,6144,0.000001413
498,6144,0.000001299
499,6144,0.000001372
500,6144,0.000001429
501,6144,0.000001685
502,6144,0.000001929
503,6144,0.000002123
504,6144,0.000001487
505,6144,0.000001415
506,6144,0.000001318
507,6144,0.000001321
508,6144,0.000001699
509,6144,0.000001472
510,6144,0.000001492
511,6144,0.000001338
512,6144,0.000001595
513,6144,0.000002337
514,6144,0.000001413
515,6144,0.000001251
516,6144,0.000001464
517,6144,0.000001618
518,6144,0.000001661
519,6144,0.000001295
520,6144,0.000001467
521,6144,0.000001347
522,6144,0.000001480
523,6144,0.000002050
524,6144,0.000001434
525,6144,0.000001456
526,6144,0.000001591
527,6144,0.000001328
528,6144,0.000001395
529,6144,0.000001405
530,6144,0.000001419
531,6144,0.000001343
532,6144,0.000001375
533,6144,0.000015931
534,6144,0.000001764
535,6144,0.000001464
536,6144,0.000001700
537,6144,0.000001359
538,6144,0.000001727
539,6144,0.000001369
540,6144,0.000001463
541,6144,0.000001313
542,6144,0.000001460
543,6144,0.000001387
544,6144,0.000001498
545,6144,0.000001356
546,6144,0.000001724
547,6144,0.000001383
548,6144,0.000001663
549,6144,0.000001523
550,6144,0.000002449
551,6144,0.000001399
552,6144,0.000001459
553,6144,0.000001679
554,6144,0.000001673
555,6144,0.000001360
556,6144,0.000001476
557,6144,0.000001416
558,6144,0.000001321
559,6144,0.000001387
560,6144,0.000001731
561,6144,0.000002227
562,6144,0.000001531
563,6144,0.000001301
564,6144,0.000001583
565,6144,0.000002688
566,6144,0.000002224
567,6144,0.000014698
568,6144,0.000002012
569,6144,0.000002044
570,6144,0.000002257
571,6144,0.000001399
572,6144,0.000001770
573,6144,0.000002409
574,6144,0.000001695
575,6144,0.000001266
576,6144,0.000001495
577,6144,0.000001389
578,6144,0.000001370
579,6144,0.000001409
580,6144,0.000001430
581,6144,0.000001323
582,6144,0.000001505
583,6144,0.000002414
584,6144,0.000001482
585,6144,0.000001316
586,6144,0.000001619
587,6144,0.000001374
588,6144,0.000001537
589,6144,0.000001323
590,6144,0.000001385
591,6144,0.000001332
592,6144,0.000001992
593,6144,0.000002151
594,6144,0.000001543
595,6144,0.000001663
596,6144,0.000001547
597,6144,0.000001495
598,6144,0.000001469
599,6144,0.000001715
600,6144,0.000001461
601,6144,0.000001311
602,6144,0.000002134
603,6144,0.000001347
604,6144,0.000001434
605,6144,0.000001277
606,6144,0.000001450
607,6144,0.000001247
608,6144,0.000001373
609,6144,0.000001250
610,6144,0.000001399
611,6144,0.000001290
612,6144,0.000002061
613,6144,0.000001611
614,6144,0.000001420
615,6144,0.000001305
616,6144,0.000001462
617,6144,0.000001298
618,6144,0.000001319
619,6144,0.000001411
620,6144,0.000001479
621,6144,0.000001322
622,6144,0.000002163
623,6144,0.000001440
624,6144,0.000001433
625,6144,0.000001416
626,6144,0.000001380
627,6144,0.000001455
628,6144,0.000001370
629,6144,0.000001254
630,6144,0.000001443
631,6144,0.000001420
632,6144,0.000001719
633,6144,0.000002074
634,6144,0.000001537
635,6144,0.000001402
636,6144,0.000001446
637,6144,0.000001500
638,6144,0.000001483
639,6144,0.000001540
640,6144,0.000001486
641,6144,0.000001441
642,6144,0.000001511
643,6144,0.000002158
644,6144,0.000001546
645,6144,0.000001364
646,6144,0.000001393
647,6144,0.000001335
648,6144,0.000001477
649,6144,0.000001349
650,6144,0.000001445
651,6144,0.000001281
652,6144,0.000002228
653,6144,0.000001394
654,6144,0.000001545
655,6144,0.000001323
656,6144,0.000001526
657,6144,0.000001326
658,6144,0.000001366
659,6144,0.000001306
660,6144,0.000001446
661,6144,0.000001417
662,6144,0.000002393
663,6144,0.000001447
664,6144,0.000001526
665,6144,0.000001280
666,6144,0.000001497
667,6144,0.000001576
668,6144,0.000001554
669,6144,0.000001336
670,6144,0.000001605
671,6144,0.000001366
672,6144,0.000002138
673,6144,0.000001313
674,6144,0.000001406
675,6144,0.000001392
676,6144,0.000001397
677,6144,0.000001287
678,6144,0.000001371
679,6144,0.000001430
680,6144,0.000001372
681,6144,0.000001331
682,6144,0.000001399
683,6144,0.000002130
684,6144,0.000001464
685,6144,0.000001455
686,6144,0.000001388
687,6144,0.000001363
688,6144,0.000001413
689,6144,0.000001282
690,6144,0.000001398
691,6144,0.000001444
692,6144,0.000001710
693,6144,0.000002126
694,6144,0.000001727
695,6144,0.000001520
696,6144,0.000001816
697,6144,0.000001378
698,6144,0.000001403
699,6144,0.000001345
700,6144,0.000001424
701,6144,0.000001278
702,6144,0.000002104
703,6144,0.000001386
704,6144,0.000001418
705,6144,0.000001375
706,6144,0.000001463
707,6144,0.000001395
708,6144,0.000001614
709,6144,0.000001387
710,6144,0.000001358
711,6144,0.000001345
712,6144,0.000001729
713,6144,0.000002065
714,6144,0.000001846
715,6144,0.000001241
716,6144,0.000001398
717,6144,0.000001453
718,6144,0.000001393
719,6144,0.000001274
720,6144,0.000001406
721,6144,0.000001372
722,6144,0.000001475
723,6144,0.000002005
724,6144,0.000001454
725,6144,0.000001410
726,6144,0.000001345
727,6144,0.000001361
728,6144,0.000001535
729,6144,0.000001340
730,6144,0.000001453
731,6144,0.000001284
732,6144,0.000001561
733,6144,0.000002130
734,6144,0.000001811
735,6144,0.000001436
736,6144,0.000001571
737,6144,0.000001463
738,6144,0.000001407
739,6144,0.000001392
740,6144,0.000001456
741,6144,0.000001532
742,6144,0.000002454
743,6144,0.000001504
744,6144,0.000001540
745,6144,0.000001546
746,6144,0.000001610
747,6144,0.000001463
748,6144,0.000001961
749,6144,0.000002022
750,6144,0.000002310
751,6144,0.000001399
752,6144,0.000001323
753,6144,0.000001372
754,6144,0.000001463
755,6144,0.000001458
756,6144,0.000001381
757,6144,0.000001301
758,6144,0.000001399
759,6144,0.000001403
760,6144,0.000001662
761,6144,0.000002092
762,6144,0.000001570
763,6144,0.000001439
764,6144,0.000001448
765,6144,0.000001287
766,6144,0.000001503
767,6144,0.000001479
768,6144,0.000001485
769,6144,0.000001682
770,6144,0.000002130
771,6144,0.000001398
772,6144,0.000001413
773,6144,0.000001287
774,6144,0.000001520
775,6144,0.000001428
776,6144,0.000001360
777,6144,0.000001333
778,6144,0.000001364
779,6144,0.000001423
780,6144,0.000002201
781,6144,0.000001347
782,6144,0.000001412
783,6144,0.000001388
784,6144,0.000001762
785,6144,0.000001291
786,6144,0.000001330
787,6144,0.000001368
788,6144,0.000001324
789,6144,0.000001249
790,6144,0.000002153
791,6144,0.000001595
792,6144,0.000001595
793,6144,0.000001359
794,6144,0.000001449
795,6144,0.000001290
796,6144,0.000001588
797,6144,0.000001399
798,6144,0.000001397
799,6144,0.000001404
800,6144,0.000002193
801,6144,0.000001340
802,6144,0.000001383
803,6144,0.000001285
804,6144,0.000001435
805,6144,0.000001429
806,6144,0.000001456
807,6144,0.000001291
808,6144,0.000001283
809,6144,0.000001641
810,6144,0.000001902
811,6144,0.000002005
812,6144,0.000001375
813,6144,0.000001472
814,6144,0.000001467
815,6144,0.000001353
816,6144,0.000001487
817,6144,0.000001387
818,6144,0.000001442
819,6144,0.000001265
820,6144,0.000001420
821,6144,0.000002104
822,6144,0.000001430
823,6144,0.000001309
824,6144,0.000001448
825,6144,0.000001415
826,6144,0.000001431
827,6144,0.000001246
828,6144,0.000001746
829,6144,0.000001419
830,6144,0.000013227
831,6144,0.000002532
832,6144,0.000001448
833,6144,0.000001359
834,6144,0.000001414
835,6144,0.000001416
836,6144,0.000001551
837,6144,0.000001289
838,6144,0.000001592
839,6144,0.000002368
840,6144,0.000001545
841,6144,0.000001560
842,6144,0.000001357
843,6144,0.000001421
844,6144,0.000001441
845,6144,0.000001453
846,6144,0.000001544
847,6144,0.000001401
848,6144,0.000001536
849,6144,0.000002111
850,6144,0.000001679
851,6144,0.000001477
852,6144,0.000001500
853,6144,0.000001355
854,6144,0.000001432
855,6144,0.000001360
856,6144,0.000001367
857,6144,0.000001313
858,6144,0.000001767
859,6144,0.000002159
860,6144,0.000001492
861,6144,0.000001587
862,6144,0.000001473
863,6144,0.000001429
864,6144,0.000001515
865,6144,0.000001672
866,6144,0.000001465
867,6144,0.000001397
868,6144,0.000001833
869,6144,0.000002035
870,6144,0.000001554
871,6144,0.000001385
872,6144,0.000001488
873,6144,0.000001303
874,6144,0.000001324
875,6144,0.000001609
876,6144,0.000001345
877,6144,0.000001399
878,6144,0.000001502
879,6144,0.000002019
880,6144,0.000001479
881,6144,0.000001435
882,6144,0.000001416
883,6144,0.000001256
884,6144,0.000001691
885,6144,0.000001408
886,6144,0.000001561
887,6144,0.000001332
888,6144,0.000002228
889,6144,0.000001521
890,6144,0.000001545
891,6144,0.000001287
892,6144,0.000001440
893,6144,0.000001460
894,6144,0.000001678
895,6144,0.000001333
896,6144,0.000001355
897,6144,0.000001524
898,6144,0.000002154
899,6144,0.000001338
900,6144,0.000001372
901,6144,0.000001333
902,6144,0.000001286
903,6144,0.000001280
904,6144,0.000001402
905,6144,0.000001422
906,6144,0.000001574
907,6144,0.000001295
908,6144,0.000001506
909,6144,0.000002382
910,6144,0.000001561
911,6144,0.000001350
912,6144,0.000001458
913,6144,0.000001368
914,6144,0.000001358
915,6144,0.000001278
916,6144,0.000001770
917,6144,0.000001635
918,6144,0.000002257
919,6144,0.000001554
920,6144,0.000001415
921,6144,0.000001307
922,6144,0.000001589
923,6144,0.000001542
924,6144,0.000001607
925,6144,0.000001289
926,6144,0.000001400
927,6144,0.000001461
928,6144,0.000002170
929,6144,0.000001642
930,6144,0.000001357
931,6144,0.000001506
932,6144,0.000001544
933,6144,0.000001355
934,6144,0.000001699
935,6144,0.000001442
936,6144,0.000001466
937,6144,0.000002055
938,6144,0.000001515
939,6144,0.000001361
940,6144,0.000001359
941,6144,0.000001290
942,6144,0.000001497
943,6144,0.000001390
944,6144,0.000001498
945,6144,0.000001314
946,6144,0.000001440
947,6144,0.000002117
948,6144,0.000001482
949,6144,0.000001276
950,6144,0.000001477
951,6144,0.000001328
952,6144,0.000001676
953,6144,0.000001286
954,6144,0.000001474
955,6144,0.000001433
956,6144,0.000001648
957,6144,0.000001275
958,6144,0.000007097
959,6144,0.000002527
960,6144,0.000004290
961,6144,0.000002360
962,6144,0.000003767
963,6144,0.000002593
964,6144,0.000003481
965,6144,0.000003190
966,6144,0.000003409
967,6144,0.000002298
968,6144,0.000003603
969,6144,0.000005860
970,6144,0.000004231
971,6144,0.000002330
972,6144,0.000003837
973,6144,0.000002573
974,6144,0.000004129
975,6144,0.000002349
976,6144,0.000003412
977,6144,0.000002304
978,6144,0.000003370
979,6144,0.000003104
980,6144,0.000003396
981,6144,0.000003190
982,6144,0.000005525
983,6144,0.000003141
984,6144,0.000003764
985,6144,0.000002363
986,6144,0.000003393
987,6144,0.000002586
988,6144,0.000004114
989,6144,0.000002437
990,6144,0.000005926
991,6144,0.000002428
992,6144,0.000004226
993,6144,0.000002307
994,6144,0.000003304
995,6144,0.000002260
996,6144,0.000003381
997,6144,0.000003171
998,6144,0.000003404
999,6144,0.000002388
0,6400,0.000007952
1,6400,0.000003246
2,6400,0.000002457
3,6400,0.000002893
4,6400,0.000002267
5,6400,0.000002561
6,6400,0.000002240
7,6400,0.000003398
8,6400,0.000003928
9,6400,0.000002014
10,6400,0.000002267
11,6400,0.000001903
12,6400,0.000002275
13,6400,0.000001907
14,6400,0.000002468
15,6400,0.000003227
16,6400,0.000002482
17,6400,0.000002265
18,6400,0.000002366
19,6400,0.000002031
20,6400,0.000001728
21,6400,0.000003419
22,6400,0.000002265
23,6400,0.000002591
24,6400,0.000002266
25,6400,0.000001753
26,6400,0.000002298
27,6400,0.000002030
28,6400,0.000003388
29,6400,0.000001709
30,6400,0.000002663
31,6400,0.000001941
32,6400,0.000001801
33,6400,0.000002186
34,6400,0.000001867
35,6400,0.000003258
36,6400,0.000002196
37,6400,0.000002168
38,6400,0.000001854
39,6400,0.000002132
40,6400,0.000002661
41,6400,0.000003920
42,6400,0.000002681
43,6400,0.000001913
44,6400,0.000002325
45,6400,0.000002392
46,6400,0.000002232
47,6400,0.000003474
48,6400,0.000002152
49,6400,0.000002311
50,6400,0.000001842
51,6400,0.000002393
52,6400,0.000002016
53,6400,0.000003269
54,6400,0.000002116
55,6400,0.000002334
56,6400,0.000002404
57,6400,0.000001851
58,6400,0.000002477
59,6400,0.000002980
60,6400,0.000002206
61,6400,0.000001874
62,6400,0.000002520
63,6400,0.000002094
64,6400,0.000001972
65,6400,0.000002472
66,6400,0.000002954
67,6400,0.000015736
68,6400,0.000002309
69,6400,0.000002301
70,6400,0.000002062
71,6400,0.000003600
72,6400,0.000002344
73,6400,0.000001830
74,6400,0.000002310
75,6400,0.000002022
76,6400,0.000002466
77,6400,0.000002145
78,6400,0.000003206
79,6400,0.000002392
80,6400,0.000002014
81,6400,0.000002354
82,6400,0.000001936
83,6400,0.000002277
84,6400,0.000002917
85,6400,0.000002420
86,6400,0.000002028
87,6400,0.000002307
88,6400,0.000002284
89,6400,0.000001839
90,6400,0.000002345
91,6400,0.000003028
92,6400,0.000002271
93,6400,0.000001852
94,6400,0.000002213
95,6400,0.000001990
96,6400,0.000002288
97,6400,0.000003283
98,6400,0.000001855
99,6400,0.000002398
100,6400,0.000002230
101,6400,0.000002293
102,6400,0.000001861
103,6400,0.000002469
104,6400,0.000003428
105,6400,0.000001825
106,6400,0.000002246
107,6400,0.000002110
108,6400,0.000002405
109,6400,0.000002025
110,6400,0.000003197
111,6400,0.000001440
112,6400,0.000001428
113,6400,0.000001695
114,6400,0.000001311
115,6400,0.000001614
116,6400,0.000001405
117,6400,0.000001788
118,6400,0.000001356
119,6400,0.000002594
120,6400,0.000002443
121,6400,0.000001548
122,6400,0.000001784
123,6400,0.000001391
124,6400,0.000001737
125,6400,0.000001493
126,6400,0.000001829
127,6400,0.000002117
128,6400,0.000001401
129,6400,0.000001612
130,6400,0.000001503
131,6400,0.000001655
132,6400,0.000001315
133,6400,0.000001631
134,6400,0.000001534
135,6400,0.000001894
136,6400,0.000001928
137,6400,0.000002065
138,6400,0.000001868
139,6400,0.000001427
140,6400,0.000001999
141,6400,0.000001352
142,6400,0.000001766
143,6400,0.000001336
144,6400,0.000001506
145,6400,0.000001771
146,6400,0.000002119
147,6400,0.000002015
148,6400,0.000001549
149,6400,0.000001561
150,6400,0.000001402
151,6400,0.000001662
152,6400,0.000001595
153,6400,0.000001303
154,6400,0.000001588
155,6400,0.000002113
156,6400,0.000001634
157,6400,0.000001345
158,6400,0.000001707
159,6400,0.000001556
160,6400,0.000001574
161,6400,0.000001537
162,6400,0.000001402
163,6400,0.000001723
164,6400,0.000002092
165,6400,0.000001633
166,6400,0.000001320
167,6400,0.000001548
168,6400,0.000001517
169,6400,0.000001271
170,6400,0.000002006
171,6400,0.000001396
172,6400,0.000001650
173,6400,0.000002038
174,6400,0.000001695
175,6400,0.000001421
176,6400,0.000001456
177,6400,0.000001508
178,6400,0.000001407
179,6400,0.000001789
180,6400,0.000001315
181,6400,0.000001838
182,6400,0.000001418
183,6400,0.000002371
184,6400,0.000001566
185,6400,0.000001257
186,6400,0.000001627
187,6400,0.000001401
188,6400,0.000001570
189,6400,0.000001295
190,6400,0.000001679
191,6400,0.000001380
192,6400,0.000002146
193,6400,0.000001575
194,6400,0.000001289
195,6400,0.000001613
196,6400,0.000001489
197,6400,0.000001656
198,6400,0.000001356
199,6400,0.000001764
200,6400,0.000002252
201,6400,0.000002057
202,6400,0.000001742
203,6400,0.000001525
204,6400,0.000001649
205,6400,0.000001334
206,6400,0.000001704
207,6400,0.000001354
208,6400,0.000001471
209,6400,0.000001892
210,6400,0.000001399
211,6400,0.000002389
212,6400,0.000001510
213,6400,0.000001657
214,6400,0.000001459
215,6400,0.000001608
216,6400,0.000001997
217,6400,0.000001325
218,6400,0.000001596
219,6400,0.000001390
220,6400,0.000001641
221,6400,0.000001554
222,6400,0.000001753
223,6400,0.000001417
224,6400,0.000001413
225,6400,0.000001686
226,6400,0.000002086
227,6400,0.000001690
228,6400,0.000001444
229,6400,0.000001687
230,6400,0.000001342
231,6400,0.000001845
232,6400,0.000001589
233,6400,0.000001442
234,6400,0.000001606
235,6400,0.000001302
236,6400,0.000002626
237,6400,0.000001554
238,6400,0.000001656
239,6400,0.000001361
240,6400,0.000001562
241,6400,0.000001622
242,6400,0.000001295
243,6400,0.000001628
244,6400,0.000001427
245,6400,0.000001897
246,6400,0.000002012
247,6400,0.000001639
248,6400,0.000002009
249,6400,0.000001406
250,6400,0.000001788
251,6400,0.000001385
252,6400,0.000001701
253,6400,0.000001467
254,6400,0.000001856
255,6400,0.000002114
256,6400,0.000001636
257,6400,0.000001766
258,6400,0.000001430
259,6400,0.000001668
260,6400,0.000001312
261,6400,0.000001609
262,6400,0.000001574
263,6400,0.000002318
264,6400,0.000001763
265,6400,0.000001371
266,6400,0.000001735
267,6400,0.000001439
268,6400,0.000001641
269,6400,0.000001381
270,6400,0.000001748
271,6400,0.000001421
272,6400,0.000001498
273,6400,0.000002368
274,6400,0.000001264
275,6400,0.000001610
276,6400,0.000001606
277,6400,0.000001602
278,6400,0.000001272
279,6400,0.000001760
280,6400,0.000001772
281,6400,0.000001276
282,6400,0.000002324
283,6400,0.000001446
284,6400,0.000002004
285,6400,0.000001292
286,6400,0.000001736
287,6400,0.000001424
288,6400,0.000001435
289,6400,0.000001914
290,6400,0.000001406
291,6400,0.000002438
292,6400,0.000001584
293,6400,0.000001663
294,6400,0.000001378
295,6400,0.000001649
296,6400,0.000001694
297,6400,0.000001294
298,6400,0.000002004
299,6400,0.000001444
300,6400,0.000002479
301,6400,0.000001639
302,6400,0.000001911
303,6400,0.000001469
304,6400,0.000001433
305,6400,0.000001670
306,6400,0.000001287
307,6400,0.000001681
308,6400,0.000001442
309,6400,0.000002354
310,6400,0.000001318
311,6400,0.000001739
312,6400,0.000001615
313,6400,0.000001405
314,6400,0.000001622
315,6400,0.000001295
316,6400,0.000001538
317,6400,0.000001596
318,6400,0.000001817
319,6400,0.000002051
320,6400,0.000001993
321,6400,0.000001846
322,6400,0.000001502
323,6400,0.000002076
324,6400,0.000001418
325,6400,0.000001721
326,6400,0.000001372
327,6400,0.000002374
328,6400,0.000001702
329,6400,0.000001269
330,6400,0.000002002
331,6400,0.000001724
332,6400,0.000001669
333,6400,0.000001337
334,6400,0.000001638
335,6400,0.000001487
336,6400,0.000002058
337,6400,0.000001625
338,6400,0.000001525
339,6400,0.000001676
340,6400,0.000001423
341,6400,0.000001651
342,6400,0.000001400
343,6400,0.000001941
344,6400,0.000001752
345,6400,0.000002144
346,6400,0.000001885
347,6400,0.000001347
348,6400,0.000001705
349,6400,0.000001331
350,6400,0.000001772
351,6400,0.000001294
352,6400,0.000001544
353,6400,0.000001707
354,6400,0.000001406
355,6400,0.000002329
356,6400,0.000001315
357,6400,0.000001597
358,6400,0.000001615
359,6400,0.000001786
360,6400,0.000001593
361,6400,0.000001340
362,6400,0.000001552
363,6400,0.000001480
364,6400,0.000002380
365,6400,0.000001408
366,6400,0.000001777
367,6400,0.000001407
368,6400,0.000001566
369,6400,0.000001497
370,6400,0.000001260
371,6400,0.000001617
372,6400,0.000001467
373,6400,0.000002368
374,6400,0.000001331
375,6400,0.000001640
376,6400,0.000001600
377,6400,0.000001355
378,6400,0.000001697
379,6400,0.000001356
380,6400,0.000001639
381,6400,0.000001430
382,6400,0.000001625
383,6400,0.000002035
384,6400,0.000001440
385,6400,0.000001518
386,6400,0.000001356
387,6400,0.000001724
388,6400,0.000001300
389,6400,0.000001756
390,6400,0.000001470
391,6400,0.000001658
392,6400,0.000001720
393,6400,0.000002053
394,6400,0.000001818
395,6400,0.000001523
396,6400,0.000001467
397,6400,0.000001307
398,6400,0.000001645
399,6400,0.000001435
400,6400,0.000001500
401,6400,0.000001573
402,6400,0.000002125
403,6400,0.000001794
404,6400,0.000001393
405,6400,0.000001602
406,6400,0.000001285
407,6400,0.000001619
408,6400,0.000001656
409,6400,0.000001598
410,6400,0.000001569
411,6400,0.000001338
412,6400,0.000002437
413,6400,0.000001482
414,6400,0.000001978
415,6400,0.000001298
416,6400,0.000001390
417,6400,0.000001602
418,6400,0.000001422
419,6400,0.000001649
420,6400,0.000001363
421,6400,0.000002496
422,6400,0.000001510
423,6400,0.000001634
424,6400,0.000001571
425,6400,0.000001273
426,6400,0.000002053
427,6400,0.000001344
428,6400,0.000001675
429,6400,0.000001278
430,6400,0.000001690
431,6400,0.000002208
432,6400,0.000001438
433,6400,0.000001811
434,6400,0.000001331
435,6400,0.000001705
436,6400,0.000001405
437,6400,0.000001883
438,6400,0.000001534
439,6400,0.000001855
440,6400,0.000002814
441,6400,0.000001388
442,6400,0.000001717
443,6400,0.000001318
444,6400,0.000001745
445,6400,0.000001422
446,6400,0.000001675
447,6400,0.000001412
448,6400,0.000002229
449,6400,0.000001678
450,6400,0.000001424
451,6400,0.000001706
452,6400,0.000001291
453,6400,0.000001643
454,6400,0.000001590
455,6400,0.000002024
456,6400,0.000001686
457,6400,0.000002100
458,6400,0.000001683
459,6400,0.000001412
460,6400,0.000001573
461,6400,0.000001371
462,6400,0.000001733
463,6400,0.000001397
464,6400,0.000001457
465,6400,0.000001655
466,6400,0.000001401
467,6400,0.000002270
468,6400,0.000001491
469,6400,0.000001589
470,6400,0.000001277
471,6400,0.000001622
472,6400,0.000001530
473,6400,0.000001346
474,6400,0.000001851
475,6400,0.000001352
476,6400,0.000001769
477,6400,0.000002023
478,6400,0.000001609
479,6400,0.000001435
480,6400,0.000001798
481,6400,0.000001759
482,6400,0.000001466
483,6400,0.000001678
484,6400,0.000001355
485,6400,0.000001672
486,6400,0.000002055
487,6400,0.000001664
488,6400,0.000001677
489,6400,0.000001598
490,6400,0.000001961
491,6400,0.000001458
492,6400,0.000001675
493,6400,0.000001270
494,6400,0.000002365
495,6400,0.000001521
496,6400,0.000001346
497,6400,0.000001774
498,6400,0.000001327
499,6400,0.000001705
500,6400,0.000001445
501,6400,0.000001514
502,6400,0.000001294
503,6400,0.000001697
504,6400,0.000002742
505,6400,0.000001480
506,6400,0.000001603
507,6400,0.000001335
508,6400,0.000001480
509,6400,0.000001717
510,6400,0.000001672
511,6400,0.000001269
512,6400,0.000001531
513,6400,0.000002484
514,6400,0.000016115
515,6400,0.000002222
516,6400,0.000001526
517,6400,0.000001528
518,6400,0.000001379
519,6400,0.000001640
520,6400,0.000001677
521,6400,0.000001311
522,6400,0.000001696
523,6400,0.000001368
524,6400,0.000002000
525,6400,0.000001530
526,6400,0.000015198
527,6400,0.000001727
528,6400,0.000001562
529,6400,0.000001611
530,6400,0.000001326
531,6400,0.000001569
532,6400,0.000001469
533,6400,0.000001648
534,6400,0.000001338
535,6400,0.000001622
536,6400,0.000002335
537,6400,0.000001375
538,6400,0.000001800
539,6400,0.000001306
540,6400,0.000001601
541,6400,0.000001345
542,6400,0.000001810
543,6400,0.000001551
544,6400,0.000001419
545,6400,0.000002293
546,6400,0.000001429
547,6400,0.000001574
548,6400,0.000001287
549,6400,0.000001717
550,6400,0.000001416
551,6400,0.000001582
552,6400,0.000001658
553,6400,0.000001278
554,6400,0.000001584
555,6400,0.000002028
556,6400,0.000001987
557,6400,0.000001369
558,6400,0.000001632
559,6400,0.000001402
560,6400,0.000001568
561,6400,0.000001737
562,6400,0.000001444
563,6400,0.000001669
564,6400,0.000002118
565,6400,0.000001628
566,6400,0.000001343
567,6400,0.000002135
568,6400,0.000001883
569,6400,0.000001348
570,6400,0.000001571
571,6400,0.000001355
572,6400,0.000001694
573,6400,0.000002241
574,6400,0.000001629
575,6400,0.000001438
576,6400,0.000001350
577,6400,0.000001522
578,6400,0.000001372
579,6400,0.000001592
580,6400,0.000001418
581,6400,0.000001545
582,6400,0.000001404
583,6400,0.000002250
584,6400,0.000001541
585,6400,0.000001369
586,6400,0.000001551
587,6400,0.000001448
588,6400,0.000001581
589,6400,0.000001348
590,6400,0.000001814
591,6400,0.000001282
592,6400,0.000001402
593,6400,0.000002259
594,6400,0.000001432
595,6400,0.000001623
596,6400,0.000001325
597,6400,0.000001658
598,6400,0.000001380
599,6400,0.000001630
600,6400,0.000001583
601,6400,0.000001375
602,6400,0.000001823
603,6400,0.000002078
604,6400,0.000001888
605,6400,0.000001429
606,6400,0.000001762
607,6400,0.000001370
608,6400,0.000001468
609,6400,0.000001630
610,6400,0.000001405
611,6400,0.000001987
612,6400,0.000002141
613,6400,0.000002126
614,6400,0.000001942
615,6400,0.000002144
616,6400,0.000002608
617,6400,0.000002057
618,6400,0.000002434
619,6400,0.000003812
620,6400,0.000002599
621,6400,0.000001948
622,6400,0.000002476
623,6400,0.000002037
624,6400,0.000003505
625,6400,0.000002701
626,6400,0.000001751
627,6400,0.000002271
628,6400,0.000002082
629,6400,0.000002253
630,6400,0.000002150
631,6400,0.000003219
632,6400,0.000015581
633,6400,0.000001978
634,6400,0.000002172
635,6400,0.000003303
636,6400,0.000002289
637,6400,0.000001658
638,6400,0.000002114
639,6400,0.000002003
640,6400,0.000002352
641,6400,0.000002471
642,6400,0.000003369
643,6400,0.000002415
644,6400,0.000001994
645,6400,0.000002317
646,6400,0.000001795
647,6400,0.000002274
648,6400,0.000003701
649,6400,0.000001993
650,6400,0.000002319
651,6400,0.000001755
652,6400,0.000002364
653,6400,0.000001886
654,6400,0.000002103
655,6400,0.000003196
656,6400,0.000001901
657,6400,0.000002360
658,6400,0.000001821
659,6400,0.000002376
660,6400,0.000001823
661,6400,0.000003529
662,6400,0.000002203
663,6400,0.000002218
664,6400,0.000002260
665,6400,0.000001963
666,6400,0.000002263
667,6400,0.000002169
668,6400,0.000014191
669,6400,0.000002387
670,6400,0.000019523
671,6400,0.000001993
672,6400,0.000002275
673,6400,0.000002261
674,6400,0.000002054
675,6400,0.000002142
676,6400,0.000001971
677,6400,0.000002856
678,6400,0.000001928
679,6400,0.000002550
680,6400,0.000002440
681,6400,0.000016291
682,6400,0.000002333
683,6400,0.000002333
684,6400,0.000002015
685,6400,0.000001784
686,6400,0.000002196
687,6400,0.000002057
688,6400,0.000001947
689,6400,0.000002406
690,6400,0.000001749
691,6400,0.000002073
692,6400,0.000002211
693,6400,0.000002342
694,6400,0.000001792
695,6400,0.000002132
696,6400,0.000002320
697,6400,0.000002084
698,6400,0.000003626
699,6400,0.000002273
700,6400,0.000002139
701,6400,0.000001931
702,6400,0.000002314
703,6400,0.000001719
704,6400,0.000001824
705,6400,0.000002105
706,6400,0.000001903
707,6400,0.000002298
708,6400,0.000001832
709,6400,0.000002065
710,6400,0.000001763
711,6400,0.000002336
712,6400,0.000002222
713,6400,0.000001963
714,6400,0.000002575
715,6400,0.000003291
716,6400,0.000002479
717,6400,0.000002127
718,6400,0.000002612
719,6400,0.000002040
720,6400,0.000002367
721,6400,0.000002384
722,6400,0.000001973
723,6400,0.000002713
724,6400,0.000001972
725,6400,0.000002257
726,6400,0.000002028
727,6400,0.000002389
728,6400,0.000003008
729,6400,0.000002020
730,6400,0.000004277
731,6400,0.000002087
732,6400,0.000002734
733,6400,0.000001870
734,6400,0.000002549
735,6400,0.000002027
736,6400,0.000002111
737,6400,0.000002437
738,6400,0.000001948
739,6400,0.000002332
740,6400,0.000002110
741,6400,0.000002213
742,6400,0.000001896
743,6400,0.000002377
744,6400,0.000002304
745,6400,0.000002969
746,6400,0.000002272
747,6400,0.000001953
748,6400,0.000002261
749,6400,0.000001990
750,6400,0.000002254
751,6400,0.000001853
752,6400,0.000001985
753,6400,0.000002250
754,6400,0.000002214
755,6400,0.000002242
756,6400,0.000001861
757,6400,0.000002197
758,6400,0.000001902
759,6400,0.000003342
760,6400,0.000002624
761,6400,0.000001895
762,6400,0.000002199
763,6400,0.000001943
764,6400,0.000002327
765,6400,0.000002597
766,6400,0.000003751
767,6400,0.000001596
768,6400,0.000001598
769,6400,0.000001635
770,6400,0.000001342
771,6400,0.000001691
772,6400,0.000001323
773,6400,0.000002051
774,6400,0.000002205
775,6400,0.000001617
776,6400,0.000001993
777,6400,0.000001286
778,6400,0.000001664
779,6400,0.000001349
780,6400,0.000001667
781,6400,0.000001337
782,6400,0.000002290
783,6400,0.000002242
784,6400,0.000001813
785,6400,0.000001686
786,6400,0.000001284
787,6400,0.000001706
788,6400,0.000001422
789,6400,0.000001704
790,6400,0.000001480
791,6400,0.000001650
792,6400,0.000002534
793,6400,0.000001592
794,6400,0.000001654
795,6400,0.000001284
796,6400,0.000001844
797,6400,0.000001446
798,6400,0.000001721
799,6400,0.000001308
800,6400,0.000002433
801,6400,0.000001654
802,6400,0.000001345
803,6400,0.000001678
804,6400,0.000001427
805,6400,0.000001941
806,6400,0.000001350
807,6400,0.000001650
808,6400,0.000001580
809,6400,0.000002114
810,6400,0.000001687
811,6400,0.000001304
812,6400,0.000001650
813,6400,0.000001387
814,6400,0.000001663
815,6400,0.000001391
816,6400,0.000001383
817,6400,0.000001647
818,6400,0.000001444
819,6400,0.000002665
820,6400,0.000001343
821,6400,0.000001644
822,6400,0.000001406
823,6400,0.000001594
824,6400,0.000001662
825,6400,0.000001553
826,6400,0.000001633
827,6400,0.000001379
828,6400,0.000002449
829,6400,0.000001367
830,6400,0.000001728
831,6400,0.000001418
832,6400,0.000001656
833,6400,0.000001849
834,6400,0.000001305
835,6400,0.000001723
836,6400,0.000001364
837,6400,0.000002387
838,6400,0.000001334
839,6400,0.000001612
840,6400,0.000001888
841,6400,0.000001323
842,6400,0.000001658
843,6400,0.000001388
844,6400,0.000001960
845,6400,0.000001361
846,6400,0.000001697
847,6400,0.000002127
848,6400,0.000001397
849,6400,0.000001693
850,6400,0.000001347
851,6400,0.000001702
852,6400,0.000001493
853,6400,0.000001635
854,6400,0.000001342
855,6400,0.000001702
856,6400,0.000002455
857,6400,0.000001454
858,6400,0.000001670
859,6400,0.000001325
860,6400,0.000001891
861,6400,0.000001464
862,6400,0.000001618
863,6400,0.000001260
864,6400,0.000001363
865,6400,0.000002266
866,6400,0.000001687
867,6400,0.000001836
868,6400,0.000001310
869,6400,0.000001665
870,6400,0.000001582
871,6400,0.000001565
872,6400,0.000001685
873,6400,0.000001293
874,6400,0.000002851
875,6400,0.000001758
876,6400,0.000001616
877,6400,0.000001294
878,6400,0.000001613
879,6400,0.000001435
880,6400,0.000001337
881,6400,0.000001669
882,6400,0.000001571
883,6400,0.000002342
884,6400,0.000001339
885,6400,0.000001628
886,6400,0.000001416
887,6400,0.000001722
888,6400,0.000001621
889,6400,0.000001278
890,6400,0.000001638
891,6400,0.000001605
892,6400,0.000001743
893,6400,0.000002069
894,6400,0.000001831
895,6400,0.000001495
896,6400,0.000001442
897,6400,0.000001649
898,6400,0.000001325
899,6400,0.000001907
900,6400,0.000001407
901,6400,0.000001705
902,6400,0.000002062
903,6400,0.000001675
904,6400,0.000001660
905,6400,0.000001374
906,6400,0.000001702
907,6400,0.000001312
908,6400,0.000001619
909,6400,0.000001419
910,6400,0.000001722
911,6400,0.000002071
912,6400,0.000001506
913,6400,0.000001585
914,6400,0.000001405
915,6400,0.000001619
916,6400,0.000001307
917,6400,0.000001989
918,6400,0.000001427
919,6400,0.000001639
920,6400,0.000002450
921,6400,0.000001653
922,6400,0.000001877
923,6400,0.000001352
924,6400,0.000001662
925,6400,0.000001342
926,6400,0.000001630
927,6400,0.000001324
928,6400,0.000001349
929,6400,0.000001869
930,6400,0.000002253
931,6400,0.000001649
932,6400,0.000001320
933,6400,0.000001889
934,6400,0.000001400
935,6400,0.000001658
936,6400,0.000001723
937,6400,0.000001347
938,6400,0.000001693
939,6400,0.000002279
940,6400,0.000001963
941,6400,0.000001296
942,6400,0.000001703
943,6400,0.000001439
944,6400,0.000001456
945,6400,0.000001725
946,6400,0.000001335
947,6400,0.000001930
948,6400,0.000002124
949,6400,0.000001640
950,6400,0.000001273
951,6400,0.000001582
952,6400,0.000001574
953,6400,0.000001463
954,6400,0.000001673
955,6400,0.000001252
956,6400,0.000001595
957,6400,0.000002173
958,6400,0.000001855
959,6400,0.000001276
960,6400,0.000007590
961,6400,0.000003910
962,6400,0.000003364
963,6400,0.000005876
964,6400,0.000002527
965,6400,0.000003850
966,6400,0.000006324
967,6400,0.000003918
968,6400,0.000004122
969,6400,0.000003353
970,6400,0.000003802
971,6400,0.000002406
972,6400,0.000003579
973,6400,0.000002366
974,6400,0.000004444
975,6400,0.000002379
976,6400,0.000003302
977,6400,0.000003617
978,6400,0.000003247
979,6400,0.000004259
980,6400,0.000002552
981,6400,0.000003612
982,6400,0.000002583
983,6400,0.000005158
984,6400,0.000003878
985,6400,0.000002434
986,6400,0.000006284
987,6400,0.000003353
988,6400,0.000004792
989,6400,0.000002430
990,6400,0.000003642
991,6400,0.000003180
992,6400,0.000003384
993,6400,0.000003640
994,6400,0.000002500
995,6400,0.000004491
996,6400,0.000002430
997,6400,0.000003552
998,6400,0.000002317
999,6400,0.000003632
0,6656,0.000007554
1,6656,0.000003805
2,6656,0.000002522
3,6656,0.000002656
4,6656,0.000002648
5,6656,0.000002128
6,6656,0.000002990
7,6656,0.000002054
8,6656,0.000003528
9,6656,0.000002608
10,6656,0.000002161
11,6656,0.000002407
12,6656,0.000002380
13,6656,0.000002243
14,6656,0.000003690
15,6656,0.000002163
16,6656,0.000002159
17,6656,0.000002401
18,6656,0.000002024
19,6656,0.000002475
20,6656,0.000002603
21,6656,0.000003330
22,6656,0.000002452
23,6656,0.000002443
24,6656,0.000002098
25,6656,0.000002432
26,6656,0.000003460
27,6656,0.000002455
28,6656,0.000002545
29,6656,0.000002294
30,6656,0.000002802
31,6656,0.000001977
32,6656,0.000003476
33,6656,0.000002567
34,6656,0.000002123
35,6656,0.000002681
36,6656,0.000002788
37,6656,0.000001987
38,6656,0.000002515
39,6656,0.000002399
40,6656,0.000002483
41,6656,0.000002459
42,6656,0.000003247
43,6656,0.000002524
44,6656,0.000002466
45,6656,0.000002279
46,6656,0.000002587
47,6656,0.000002075
48,6656,0.000002061
49,6656,0.000003773
50,6656,0.000002248
51,6656,0.000002799
52,6656,0.000002543
53,6656,0.000002180
54,6656,0.000003688
55,6656,0.000002075
56,6656,0.000002270
57,6656,0.000002430
58,6656,0.000002485
59,6656,0.000002571
60,6656,0.000003314
61,6656,0.000002108
62,6656,0.000002513
63,6656,0.000002093
64,6656,0.000002382
65,6656,0.000002483
66,6656,0.000002363
67,6656,0.000003773
68,6656,0.000002774
69,6656,0.000002164
70,6656,0.000002537
71,6656,0.000002307
72,6656,0.000003456
73,6656,0.000003051
74,6656,0.000002188
75,6656,0.000002454
76,6656,0.000002757
77,6656,0.000002713
78,6656,0.000004105
79,6656,0.000002299
80,6656,0.000002187
81,6656,0.000002841
82,6656,0.000002063
83,6656,0.000003591
84,6656,0.000002572
85,6656,0.000002190
86,6656,0.000002259
87,6656,0.000002126
88,6656,0.000001957
89,6656,0.000003220
90,6656,0.000001907
91,6656,0.000002285
92,6656,0.000002438
93,6656,0.000001969
94,6656,0.000002491
95,6656,0.000002650
96,6656,0.000003291
97,6656,0.000002803
98,6656,0.000001875
99,6656,0.000002292
100,6656,0.000002431
101,6656,0.000002079
102,6656,0.000003599
103,6656,0.000002095
104,6656,0.000001937
105,6656,0.000002335
106,6656,0.000001843
107,6656,0.000002558
108,6656,0.000003658
109,6656,0.000002263
110,6656,0.000002506
111,6656,0.000001981
112,6656,0.000002103
113,6656,0.000003024
114,6656,0.000003506
115,6656,0.000002749
116,6656,0.000002272
117,6656,0.000001743
118,6656,0.000002072
119,6656,0.000001966
120,6656,0.000003422
121,6656,0.000002577
122,6656,0.000002081
123,6656,0.000002209
124,6656,0.000002131
125,6656,0.000001907
126,6656,0.000003613
127,6656,0.000002281
128,6656,0.000002066
129,6656,0.000002172
130,6656,0.000001953
131,6656,0.000002638
132,6656,0.000002389
133,6656,0.000002180
134,6656,0.000002429
135,6656,0.000003507
136,6656,0.000002216
137,6656,0.000002943
138,6656,0.000002082
139,6656,0.000002327
140,6656,0.000002407
141,6656,0.000002979
142,6656,0.000002312
143,6656,0.000001968
144,6656,0.000001948
145,6656,0.000002283
146,6656,0.000001840
147,6656,0.000002193
148,6656,0.000003256
149,6656,0.000002004
150,6656,0.000002384
151,6656,0.000001925
152,6656,0.000002094
153,6656,0.000002448
154,6656,0.000002332
155,6656,0.000003357
156,6656,0.000002400
157,6656,0.000002007
158,6656,0.000002226
159,6656,0.000001849
160,6656,0.000001858
161,6656,0.000003135
162,6656,0.000001954
163,6656,0.000002222
164,6656,0.000002269
165,6656,0.000001833
166,6656,0.000002346
167,6656,0.000002216
168,6656,0.000003019
169,6656,0.000002348
170,6656,0.000002153
171,6656,0.000002338
172,6656,0.000002411
173,6656,0.000001989
174,6656,0.000003726
175,6656,0.000002504
176,6656,0.000001506
177,6656,0.000001552
178,6656,0.000001279
179,6656,0.000001983
180,6656,0.000001634
181,6656,0.000001397
182,6656,0.000002763
183,6656,0.000001366
184,6656,0.000001348
185,6656,0.000001619
186,6656,0.000001325
187,6656,0.000001606
188,6656,0.000001655
189,6656,0.000001331
190,6656,0.000001789
191,6656,0.000002206
192,6656,0.000001586
193,6656,0.000001777
194,6656,0.000001466
195,6656,0.000001831
196,6656,0.000001671
197,6656,0.000001315
198,6656,0.000001649
199,6656,0.000001387
200,6656,0.000002181
201,6656,0.000001725
202,6656,0.000001424
203,6656,0.000001619
204,6656,0.000001681
205,6656,0.000001398
206,6656,0.000001929
207,6656,0.000001441
208,6656,0.000001490
209,6656,0.000002688
210,6656,0.000001362
211,6656,0.000001991
212,6656,0.000001625
213,6656,0.000001433
214,6656,0.000001647
215,6656,0.000001289
216,6656,0.000001643
217,6656,0.000002005
218,6656,0.000002196
219,6656,0.000001997
220,6656,0.000001831
221,6656,0.000001287
222,6656,0.000001637
223,6656,0.000001348
224,6656,0.000001487
225,6656,0.000001608
226,6656,0.000001329
227,6656,0.000002625
228,6656,0.000001782
229,6656,0.000001382
230,6656,0.000001671
231,6656,0.000001399
232,6656,0.000001423
233,6656,0.000001684
234,6656,0.000001310
235,6656,0.000001756
236,6656,0.000002343
237,6656,0.000001423
238,6656,0.000001618
239,6656,0.000001280
240,6656,0.000001379
241,6656,0.000001688
242,6656,0.000001462
243,6656,0.000001652
244,6656,0.000001782
245,6656,0.000001372
246,6656,0.000002724
247,6656,0.000001430
248,6656,0.000001476
249,6656,0.000001650
250,6656,0.000001299
251,6656,0.000001614
252,6656,0.000001952
253,6656,0.000001555
254,6656,0.000002033
255,6656,0.000002052
256,6656,0.000001616
257,6656,0.000001625
258,6656,0.000001475
259,6656,0.000001610
260,6656,0.000001686
261,6656,0.000001273
262,6656,0.000001501
263,6656,0.000001425
264,6656,0.000002152
265,6656,0.000001678
266,6656,0.000001294
267,6656,0.000001563
268,6656,0.000001762
269,6656,0.000001450
270,6656,0.000001575
271,6656,0.000001367
272,6656,0.000001316
273,6656,0.000001644
274,6656,0.000002117
275,6656,0.000001850
276,6656,0.000001732
277,6656,0.000001326
278,6656,0.000001791
279,6656,0.000001734
280,6656,0.000001693
281,6656,0.000001849
282,6656,0.000002168
283,6656,0.000001698
284,6656,0.000001597
285,6656,0.000001480
286,6656,0.000001632
287,6656,0.000001366
288,6656,0.000001763
289,6656,0.000001665
290,6656,0.000001380
291,6656,0.000002442
292,6656,0.000001658
293,6656,0.000001378
294,6656,0.000001609
295,6656,0.000001696
296,6656,0.000001431
297,6656,0.000001963
298,6656,0.000001370
299,6656,0.000001715
300,6656,0.000016408
301,6656,0.000001485
302,6656,0.000002509
303,6656,0.000001371
304,6656,0.000001404
305,6656,0.000001668
306,6656,0.000001377
307,6656,0.000001963
308,6656,0.000001763
309,6656,0.000001437
310,6656,0.000001775
311,6656,0.000001371
312,6656,0.000014588
313,6656,0.000012750
314,6656,0.000002880
315,6656,0.000002126
316,6656,0.000001698
317,6656,0.000001417
318,6656,0.000001667
319,6656,0.000001337
320,6656,0.000001840
321,6656,0.000002345
322,6656,0.000001513
323,6656,0.000001625
324,6656,0.000001588
325,6656,0.000001331
326,6656,0.000001633
327,6656,0.000001412
328,6656,0.000001804
329,6656,0.000002144
330,6656,0.000002035
331,6656,0.000001679
332,6656,0.000001712
333,6656,0.000001449
334,6656,0.000001703
335,6656,0.000001306
336,6656,0.000001808
337,6656,0.000001617
338,6656,0.000001936
339,6656,0.000002438
340,6656,0.000001613
341,6656,0.000001290
342,6656,0.000001546
343,6656,0.000001370
344,6656,0.000001457
345,6656,0.000001810
346,6656,0.000001437
347,6656,0.000001630
348,6656,0.000002325
349,6656,0.000001429
350,6656,0.000001663
351,6656,0.000001333
352,6656,0.000001663
353,6656,0.000001622
354,6656,0.000001577
355,6656,0.000001485
356,6656,0.000001536
357,6656,0.000002177
358,6656,0.000001790
359,6656,0.000001371
360,6656,0.000001376
361,6656,0.000001620
362,6656,0.000001291
363,6656,0.000001583
364,6656,0.000002064
365,6656,0.000001684
366,6656,0.000002365
367,6656,0.000001352
368,6656,0.000001383
369,6656,0.000001581
370,6656,0.000001357
371,6656,0.000001546
372,6656,0.000001878
373,6656,0.000001310
374,6656,0.000001780
375,6656,0.000002234
376,6656,0.000001519
377,6656,0.000001631
378,6656,0.000001343
379,6656,0.000002107
380,6656,0.000001789
381,6656,0.000001588
382,6656,0.000001657
383,6656,0.000001311
384,6656,0.000002245
385,6656,0.000001649
386,6656,0.000001442
387,6656,0.000001633
388,6656,0.000001965
389,6656,0.000001285
390,6656,0.000001629
391,6656,0.000001426
392,6656,0.000001442
393,6656,0.000002056
394,6656,0.000002036
395,6656,0.000001720
396,6656,0.000001653
397,6656,0.000001473
398,6656,0.000001525
399,6656,0.000001294
400,6656,0.000001601
401,6656,0.000001544
402,6656,0.000001434
403,6656,0.000002346
404,6656,0.000001788
405,6656,0.000001330
406,6656,0.000001690
407,6656,0.000001406
408,6656,0.000001678
409,6656,0.000001936
410,6656,0.000001323
411,6656,0.000001604
412,6656,0.000002375
413,6656,0.000001441
414,6656,0.000001560
415,6656,0.000001309
416,6656,0.000001372
417,6656,0.000001612
418,6656,0.000001425
419,6656,0.000001762
420,6656,0.000002059
421,6656,0.000002290
422,6656,0.000001927
423,6656,0.000001583
424,6656,0.000001689
425,6656,0.000001717
426,6656,0.000001297
427,6656,0.000001657
428,6656,0.000001672
429,6656,0.000001533
430,6656,0.000002334
431,6656,0.000001435
432,6656,0.000001531
433,6656,0.000001616
434,6656,0.000001472
435,6656,0.000001660
436,6656,0.000001630
437,6656,0.000001323
438,6656,0.000001688
439,6656,0.000002085
440,6656,0.000001916
441,6656,0.000002065
442,6656,0.000001470
443,6656,0.000001776
444,6656,0.000001839
445,6656,0.000001534
446,6656,0.000001751
447,6656,0.000001699
448,6656,0.000002210
449,6656,0.000001706
450,6656,0.000001562
451,6656,0.000001700
452,6656,0.000001902
453,6656,0.000001351
454,6656,0.000001587
455,6656,0.000001344
456,6656,0.000001524
457,6656,0.000002261
458,6656,0.000001419
459,6656,0.000001596
460,6656,0.000001622
461,6656,0.000001432
462,6656,0.000001698
463,6656,0.000001325
464,6656,0.000001551
465,6656,0.000001712
466,6656,0.000002173
467,6656,0.000001607
468,6656,0.000001645
469,6656,0.000001286
470,6656,0.000002138
471,6656,0.000001743
472,6656,0.000001534
473,6656,0.000001653
474,6656,0.000001324
475,6656,0.000002346
476,6656,0.000001749
477,6656,0.000001375
478,6656,0.000001819
479,6656,0.000001346
480,6656,0.000001464
481,6656,0.000001530
482,6656,0.000001373
483,6656,0.000001616
484,6656,0.000002384
485,6656,0.000001362
486,6656,0.000001759
487,6656,0.000001435
488,6656,0.000001360
489,6656,0.000001667
490,6656,0.000001469
491,6656,0.000001531
492,6656,0.000001782
493,6656,0.000001342
494,6656,0.000002395
495,6656,0.000001591
496,6656,0.000001500
497,6656,0.000001590
498,6656,0.000001304
499,6656,0.000001599
500,6656,0.000001634
501,6656,0.000001279
502,6656,0.000001695
503,6656,0.000002158
504,6656,0.000001714
505,6656,0.000001792
506,6656,0.000001349
507,6656,0.000001667
508,6656,0.000001866
509,6656,0.000001397
510,6656,0.000001686
511,6656,0.000001300
512,6656,0.000002432
513,6656,0.000001821
514,6656,0.000001458
515,6656,0.000001534
516,6656,0.000001648
517,6656,0.000001301
518,6656,0.000001762
519,6656,0.000001378
520,6656,0.000001414
521,6656,0.000002431
522,6656,0.000001341
523,6656,0.000001640
524,6656,0.000001495
525,6656,0.000001312
526,6656,0.000001554
527,6656,0.000001275
528,6656,0.000001856
529,6656,0.000001650
530,6656,0.000001370
531,6656,0.000002708
532,6656,0.000001699
533,6656,0.000001267
534,6656,0.000001644
535,6656,0.000001417
536,6656,0.000001455
537,6656,0.000001659
538,6656,0.000001474
539,6656,0.000001687
540,6656,0.000002418
541,6656,0.000001385
542,6656,0.000001678
543,6656,0.000001399
544,6656,0.000001390
545,6656,0.000001753
546,6656,0.000001515
547,6656,0.000001683
548,6656,0.000001703
549,6656,0.000002133
550,6656,0.000001787
551,6656,0.000001476
552,6656,0.000001398
553,6656,0.000001721
554,6656,0.000001297
555,6656,0.000001616
556,6656,0.000001969
557,6656,0.000001680
558,6656,0.000002334
559,6656,0.000001376
560,6656,0.000001410
561,6656,0.000001555
562,6656,0.000001312
563,6656,0.000001842
564,6656,0.000001666
565,6656,0.000001246
566,6656,0.000001696
567,6656,0.000001318
568,6656,0.000002044
569,6656,0.000001618
570,6656,0.000001355
571,6656,0.000001598
572,6656,0.000001630
573,6656,0.000001333
574,6656,0.000002006
575,6656,0.000001409
576,6656,0.000001673
577,6656,0.000001930
578,6656,0.000001417
579,6656,0.000001721
580,6656,0.000001605
581,6656,0.000001308
582,6656,0.000001852
583,6656,0.000002134
584,6656,0.000001439
585,6656,0.000001996
586,6656,0.000001405
587,6656,0.000001710
588,6656,0.000001811
589,6656,0.000001442
590,6656,0.000001870
591,6656,0.000001414
592,6656,0.000001550
593,6656,0.000002556
594,6656,0.000001434
595,6656,0.000001707
596,6656,0.000001727
597,6656,0.000001313
598,6656,0.000001618
599,6656,0.000001354
600,6656,0.000001551
601,6656,0.000001638
602,6656,0.000002027
603,6656,0.000001756
604,6656,0.000001610
605,6656,0.000001359
606,6656,0.000001664
607,6656,0.000001363
608,6656,0.000001337
609,6656,0.000001684
610,6656,0.000001363
611,6656,0.000001879
612,6656,0.000002572
613,6656,0.000001522
614,6656,0.000001589
615,6656,0.000001305
616,6656,0.000001532
617,6656,0.000001727
618,6656,0.000001613
619,6656,0.000002012
620,6656,0.000001658
621,6656,0.000002033
622,6656,0.000001968
623,6656,0.000001346
624,6656,0.000001379
625,6656,0.000001546
626,6656,0.000001299
627,6656,0.000001661
628,6656,0.000001745
629,6656,0.000001356
630,6656,0.000002488
631,6656,0.000001305
632,6656,0.000001433
633,6656,0.000001591
634,6656,0.000001341
635,6656,0.000001610
636,6656,0.000001680
637,6656,0.000001340
638,6656,0.000001924
639,6656,0.000002157
640,6656,0.000001552
641,6656,0.000002010
642,6656,0.000001347
643,6656,0.000001623
644,6656,0.000001650
645,6656,0.000001380
646,6656,0.000001621
647,6656,0.000001282
648,6656,0.000001448
649,6656,0.000002215
650,6656,0.000001458
651,6656,0.000001672
652,6656,0.000001838
653,6656,0.000001582
654,6656,0.000001746
655,6656,0.000001281
656,6656,0.000001402
657,6656,0.000001599
658,6656,0.000002075
659,6656,0.000001704
660,6656,0.000001495
661,6656,0.000001304
662,6656,0.000001709
663,6656,0.000001375
664,6656,0.000001460
665,6656,0.000001585
666,6656,0.000001317
667,6656,0.000001652
668,6656,0.000002404
669,6656,0.000001433
670,6656,0.000001716
671,6656,0.000001332
672,6656,0.000001416
673,6656,0.000001543
674,6656,0.000001539
675,6656,0.000001598
676,6656,0.000001883
677,6656,0.000002041
678,6656,0.000001557
679,6656,0.000001370
680,6656,0.000001358
681,6656,0.000001531
682,6656,0.000001289
683,6656,0.000001542
684,6656,0.000001694
685,6656,0.000001391
686,6656,0.000001571
687,6656,0.000002285
688,6656,0.000001859
689,6656,0.000001664
690,6656,0.000001532
691,6656,0.000001881
692,6656,0.000001645
693,6656,0.000001263
694,6656,0.000001701
695,6656,0.000001411
696,6656,0.000002521
697,6656,0.000001660
698,6656,0.000001382
699,6656,0.000001596
700,6656,0.000001592
701,6656,0.000001304
702,6656,0.000001577
703,6656,0.000001376
704,6656,0.000001445
705,6656,0.000002370
706,6656,0.000001335
707,6656,0.000001757
708,6656,0.000002088
709,6656,0.000001656
710,6656,0.000001628
711,6656,0.000001292
712,6656,0.000001411
713,6656,0.000001592
714,6656,0.000002191
715,6656,0.000001767
716,6656,0.000001855
717,6656,0.000001358
718,6656,0.000001598
719,6656,0.000001399
720,6656,0.000001420
721,6656,0.000001586
722,6656,0.000001312
723,6656,0.000001646
724,6656,0.000002425
725,6656,0.000001405
726,6656,0.000001545
727,6656,0.000001252
728,6656,0.000001340
729,6656,0.000001655
730,6656,0.000001456
731,6656,0.000001650
732,6656,0.000001734
733,6656,0.000002136
734,6656,0.000001572
735,6656,0.000001338
736,6656,0.000001478
737,6656,0.000001551
738,6656,0.000001499
739,6656,0.000001852
740,6656,0.000001755
741,6656,0.000001282
742,6656,0.000001700
743,6656,0.000002153
744,6656,0.000001482
745,6656,0.000001534
746,6656,0.000001298
747,6656,0.000001792
748,6656,0.000001613
749,6656,0.000001368
750,6656,0.000001652
751,6656,0.000001381
752,6656,0.000001703
753,6656,0.000002409
754,6656,0.000001454
755,6656,0.000001514
756,6656,0.000001665
757,6656,0.000001307
758,6656,0.000001597
759,6656,0.000001349
760,6656,0.000001485
761,6656,0.000001673
762,6656,0.000001989
763,6656,0.000001686
764,6656,0.000001737
765,6656,0.000001598
766,6656,0.000001824
767,6656,0.000001408
768,6656,0.000001429
769,6656,0.000001694
770,6656,0.000001338
771,6656,0.000002577
772,6656,0.000001766
773,6656,0.000001395
774,6656,0.000001703
775,6656,0.000001337
776,6656,0.000001442
777,6656,0.000001626
778,6656,0.000001664
779,6656,0.000001659
780,6656,0.000002412
781,6656,0.000001381
782,6656,0.000001589
783,6656,0.000001415
784,6656,0.000001444
785,6656,0.000001580
786,6656,0.000001316
787,6656,0.000001640
788,6656,0.000001659
789,6656,0.000001330
790,6656,0.000002388
791,6656,0.000001315
792,6656,0.000001465
793,6656,0.000001599
794,6656,0.000001433
795,6656,0.000001483
796,6656,0.000001703
797,6656,0.000001366
798,6656,0.000001712
799,6656,0.000002096
800,6656,0.000001460
801,6656,0.000001742
802,6656,0.000001306
803,6656,0.000001655
804,6656,0.000001864
805,6656,0.000001404
806,6656,0.000001536
807,6656,0.000001280
808,6656,0.000001480
809,6656,0.000002521
810,6656,0.000001327
811,6656,0.000001616
812,6656,0.000001640
813,6656,0.000001370
814,6656,0.000001525
815,6656,0.000001261
816,6656,0.000001440
817,6656,0.000001685
818,6656,0.000002195
819,6656,0.000001684
820,6656,0.000001599
821,6656,0.000001302
822,6656,0.000001652
823,6656,0.000001387
824,6656,0.000001559
825,6656,0.000001935
826,6656,0.000001363
827,6656,0.000001918
828,6656,0.000002428
829,6656,0.000001400
830,6656,0.000001461
831,6656,0.000001324
832,6656,0.000001318
833,6656,0.000001488
834,6656,0.000001420
835,6656,0.000001825
836,6656,0.000001729
837,6656,0.000001990
838,6656,0.000001620
839,6656,0.000001435
840,6656,0.000001432
841,6656,0.000001640
842,6656,0.000001307
843,6656,0.000001666
844,6656,0.000001827
845,6656,0.000001389
846,6656,0.000002239
847,6656,0.000001414
848,6656,0.000001387
849,6656,0.000001582
850,6656,0.000001319
851,6656,0.000001555
852,6656,0.000001600
853,6656,0.000001414
854,6656,0.000001621
855,6656,0.000001318
856,6656,0.000002248
857,6656,0.000001876
858,6656,0.000001580
859,6656,0.000001760
860,6656,0.000001665
861,6656,0.000001333
862,6656,0.000001551
863,6656,0.000001361
864,6656,0.000001480
865,6656,0.000002357
866,6656,0.000001397
867,6656,0.000001600
868,6656,0.000001543
869,6656,0.000001372
870,6656,0.000001633
871,6656,0.000001320
872,6656,0.000001428
873,6656,0.000001724
874,6656,0.000001589
875,6656,0.000002455
876,6656,0.000001674
877,6656,0.000001269
878,6656,0.000001546
879,6656,0.000001384
880,6656,0.000001409
881,6656,0.000001625
882,6656,0.000001300
883,6656,0.000001623
884,6656,0.000001744
885,6656,0.000002018
886,6656,0.000001698
887,6656,0.000001342
888,6656,0.000001461
889,6656,0.000001588
890,6656,0.000001305
891,6656,0.000001666
892,6656,0.000015628
893,6656,0.000002833
894,6656,0.000001638
895,6656,0.000001357
896,6656,0.000001459
897,6656,0.000001661
898,6656,0.000001435
899,6656,0.000002446
900,6656,0.000001742
901,6656,0.000001327
902,6656,0.000001711
903,6656,0.000001425
904,6656,0.000001432
905,6656,0.000001597
906,6656,0.000001303
907,6656,0.000019904
908,6656,0.000001822
909,6656,0.000002464
910,6656,0.000001626
911,6656,0.000001323
912,6656,0.000001421
913,6656,0.000001654
914,6656,0.000001475
915,6656,0.000001606
916,6656,0.000001721
917,6656,0.000001590
918,6656,0.000002345
919,6656,0.000003288
920,6656,0.000002255
921,6656,0.000002512
922,6656,0.000002083
923,6656,0.000002835
924,6656,0.000002103
925,6656,0.000001892
926,6656,0.000001972
927,6656,0.000001318
928,6656,0.000002597
929,6656,0.000014162
930,6656,0.000001569
931,6656,0.000001618
932,6656,0.000001955
933,6656,0.000001255
934,6656,0.000001638
935,6656,0.000001419
936,6656,0.000001741
937,6656,0.000001815
938,6656,0.000002153
939,6656,0.000001589
940,6656,0.000001615
941,6656,0.000001390
942,6656,0.000001648
943,6656,0.000001287
944,6656,0.000001509
945,6656,0.000001838
946,6656,0.000001411
947,6656,0.000002308
948,6656,0.000001763
949,6656,0.000001302
950,6656,0.000001709
951,6656,0.000001339
952,6656,0.000001723
953,6656,0.000001865
954,6656,0.000001719
955,6656,0.000001807
956,6656,0.000002721
957,6656,0.000001497
958,6656,0.000001821
959,6656,0.000001355
960,6656,0.000001420
961,6656,0.000006895
962,6656,0.000003507
963,6656,0.000003636
964,6656,0.000006350
965,6656,0.000003339
966,6656,0.000003640
967,6656,0.000002591
968,6656,0.000003453
969,6656,0.000003855
970,6656,0.000003386
971,6656,0.000005627
972,6656,0.000003574
973,6656,0.000003056
974,6656,0.000004646
975,6656,0.000002660
976,6656,0.000003349
977,6656,0.000003566
978,6656,0.000003386
979,6656,0.000003539
980,6656,0.000003619
981,6656,0.000002314
982,6656,0.000003838
983,6656,0.000005712
984,6656,0.000003906
985,6656,0.000003586
986,6656,0.000003395
987,6656,0.000003494
988,6656,0.000003697
989,6656,0.000002358
990,6656,0.000003683
991,6656,0.000003180
992,6656,0.000003384
993,6656,0.000003582
994,6656,0.000002421
995,6656,0.000004474
996,6656,0.000004489
997,6656,0.000002424
998,6656,0.000003605
999,6656,0.000002381
0,6912,0.000003830
1,6912,0.000001924
2,6912,0.000002092
3,6912,0.000001435
4,6912,0.000001845
5,6912,0.000001986
6,6912,0.000001844
7,6912,0.000001899
8,6912,0.000001666
9,6912,0.000001329
10,6912,0.000001919
11,6912,0.000001789
12,6912,0.000001664
13,6912,0.000002273
14,6912,0.000002064
15,6912,0.000001411
16,6912,0.000001444
17,6912,0.000002700
18,6912,0.000001878
19,6912,0.000001531
20,6912,0.000002016
21,6912,0.000002387
22,6912,0.000002354
23,6912,0.000002381
24,6912,0.000002442
25,6912,0.000003821
26,6912,0.000002895
27,6912,0.000002931
28,6912,0.000002067
29,6912,0.000002638
30,6912,0.000003499
31,6912,0.000001925
32,6912,0.000001998
33,6912,0.000002594
34,6912,0.000002556
35,6912,0.000014607
36,6912,0.000002528
37,6912,0.000003750
38,6912,0.000002169
39,6912,0.000002288
40,6912,0.000002154
41,6912,0.000002037
42,6912,0.000002414
43,6912,0.000016122
44,6912,0.000002233
45,6912,0.000002385
46,6912,0.000002216
47,6912,0.000001907
48,6912,0.000002281
49,6912,0.000002882
50,6912,0.000002637
51,6912,0.000001984
52,6912,0.000002755
53,6912,0.000002869
54,6912,0.000002092
55,6912,0.000002384
56,6912,0.000002327
57,6912,0.000002079
58,6912,0.000014732
59,6912,0.000002503
60,6912,0.000002298
61,6912,0.000004242
62,6912,0.000002028
63,6912,0.000001289
64,6912,0.000001417
65,6912,0.000001663
66,6912,0.000001734
67,6912,0.000001398
68,6912,0.000002010
69,6912,0.000002538
70,6912,0.000001402
71,6912,0.000002111
72,6912,0.000001824
73,6912,0.000001519
74,6912,0.000001755
75,6912,0.000001788
76,6912,0.000001432
77,6912,0.000001679
78,6912,0.000002423
79,6912,0.000001320
80,6912,0.000001768
81,6912,0.000001655
82,6912,0.000001977
83,6912,0.000001427
84,6912,0.000001674
85,6912,0.000001661
86,6912,0.000002075
87,6912,0.000001747
88,6912,0.000001727
89,6912,0.000001405
90,6912,0.000001672
91,6912,0.000002091
92,6912,0.000001384
93,6912,0.000001671
94,6912,0.000001717
95,6912,0.000002195
96,6912,0.000001516
97,6912,0.000001649
98,6912,0.000001659
99,6912,0.000001416
100,6912,0.000001602
101,6912,0.000001742
102,6912,0.000001313
103,6912,0.000001620
104,6912,0.000002374
105,6912,0.000001397
106,6912,0.000001783
107,6912,0.000001649
108,6912,0.000001345
109,6912,0.000001716
110,6912,0.000001687
111,6912,0.000001495
112,6912,0.000001468
113,6912,0.000002473
114,6912,0.000001688
115,6912,0.000001294
116,6912,0.000002168
117,6912,0.000001729
118,6912,0.000001401
119,6912,0.000001514
120,6912,0.000001750
121,6912,0.000001290
122,6912,0.000002362
123,6912,0.000001627
124,6912,0.000001464
125,6912,0.000001690
126,6912,0.000001713
127,6912,0.000001369
128,6912,0.000001400
129,6912,0.000001836
130,6912,0.000001705
131,6912,0.000002420
132,6912,0.000002036
133,6912,0.000001730
134,6912,0.000001436
135,6912,0.000001652
136,6912,0.000001658
137,6912,0.000001319
138,6912,0.000001866
139,6912,0.000001735
140,6912,0.000002300
141,6912,0.000001932
142,6912,0.000001950
143,6912,0.000001546
144,6912,0.000001631
145,6912,0.000001652
146,6912,0.000001696
147,6912,0.000001415
148,6912,0.000001931
149,6912,0.000002513
150,6912,0.000001412
151,6912,0.000001722
152,6912,0.000001677
153,6912,0.000001513
154,6912,0.000001543
155,6912,0.000001527
156,6912,0.000001415
157,6912,0.000001716
158,6912,0.000001826
159,6912,0.000001312
160,6912,0.000001547
161,6912,0.000001743
162,6912,0.000002718
163,6912,0.000001495
164,6912,0.000001616
165,6912,0.000001692
166,6912,0.000001495
167,6912,0.000002008
168,6912,0.000001636
169,6912,0.000001375
170,6912,0.000001750
171,6912,0.000002325
172,6912,0.000001523
173,6912,0.000001686
174,6912,0.000001600
175,6912,0.000010969
176,6912,0.000002859
177,6912,0.000001619
178,6912,0.000001649
179,6912,0.000001290
180,6912,0.000001594
181,6912,0.000001650
182,6912,0.000001352
183,6912,0.000002781
184,6912,0.000001734
185,6912,0.000001502
186,6912,0.000001812
187,6912,0.000001695
188,6912,0.000001711
189,6912,0.000001676
190,6912,0.000001793
191,6912,0.000002082
192,6912,0.000001639
193,6912,0.000001636
194,6912,0.000001712
195,6912,0.000001363
196,6912,0.000001721
197,6912,0.000001717
198,6912,0.000001409
199,6912,0.000001603
200,6912,0.000001739
201,6912,0.000002113
202,6912,0.000001687
203,6912,0.000001669
204,6912,0.000001417
205,6912,0.000001731
206,6912,0.000002029
207,6912,0.000001356
208,6912,0.000026585
209,6912,0.000004072
210,6912,0.000001980
211,6912,0.000001471
212,6912,0.000001693
213,6912,0.000001701
214,6912,0.000001922
215,6912,0.000015014
216,6912,0.000002751
217,6912,0.000002164
218,6912,0.000002427
219,6912,0.000003346
220,6912,0.000002441
221,6912,0.000001740
222,6912,0.000001697
223,6912,0.000001377
224,6912,0.000001450
225,6912,0.000001631
226,6912,0.000001731
227,6912,0.000001549
228,6912,0.000001624
229,6912,0.000002458
230,6912,0.000001332
231,6912,0.000001670
232,6912,0.000001981
233,6912,0.000001464
234,6912,0.000001662
235,6912,0.000001609
236,6912,0.000001357
237,6912,0.000002465
238,6912,0.000001679
239,6912,0.000001490
240,6912,0.000001490
241,6912,0.000001724
242,6912,0.000001596
243,6912,0.000001334
244,6912,0.000001618
245,6912,0.000001744
246,6912,0.000002280
247,6912,0.000001726
248,6912,0.000001653
249,6912,0.000001349
250,6912,0.000001648
251,6912,0.000001607
252,6912,0.000001396
253,6912,0.000001612
254,6912,0.000001591
255,6912,0.000001374
256,6912,0.000002090
257,6912,0.000001581
258,6912,0.000001735
259,6912,0.000001483
260,6912,0.000001584
261,6912,0.000001830
262,6912,0.000001289
263,6912,0.000001640
264,6912,0.000001734
265,6912,0.000002122
266,6912,0.000001779
267,6912,0.000001651
268,6912,0.000001507
269,6912,0.000001718
270,6912,0.000001985
271,6912,0.000001851
272,6912,0.000001416
273,6912,0.000001711
274,6912,0.000002392
275,6912,0.000001339
276,6912,0.000001695
277,6912,0.000001672
278,6912,0.000001494
279,6912,0.000001918
280,6912,0.000001992
281,6912,0.000001506
282,6912,0.000002452
283,6912,0.000002024
284,6912,0.000001523
285,6912,0.000001608
286,6912,0.000001610
287,6912,0.000001316
288,6912,0.000001551
289,6912,0.000001693
290,6912,0.000001673
291,6912,0.000002157
292,6912,0.000001540
293,6912,0.000001670
294,6912,0.000001306
295,6912,0.000001545
296,6912,0.000001852
297,6912,0.000001326
298,6912,0.000001781
299,6912,0.000001772
300,6912,0.000002124
301,6912,0.000001731
302,6912,0.000001704
303,6912,0.000001585
304,6912,0.000001495
305,6912,0.000001685
306,6912,0.000001705
307,6912,0.000001341
308,6912,0.000001604
309,6912,0.000002374
310,6912,0.000001516
311,6912,0.000001574
312,6912,0.000001590
313,6912,0.000001361
314,6912,0.000001689
315,6912,0.000001648
316,6912,0.000001465
317,6912,0.000001775
318,6912,0.000001876
319,6912,0.000002088
320,6912,0.000001518
321,6912,0.000002054
322,6912,0.000001908
323,6912,0.000001578
324,6912,0.000001680
325,6912,0.000002025
326,6912,0.000001491
327,6912,0.000002464
328,6912,0.000001633
329,6912,0.000001372
330,6912,0.000001606
331,6912,0.000001668
332,6912,0.000001316
333,6912,0.000001941
334,6912,0.000001579
335,6912,0.000001393
336,6912,0.000002079
337,6912,0.000001689
338,6912,0.000001769
339,6912,0.000001350
340,6912,0.000001647
341,6912,0.000001796
342,6912,0.000001305
343,6912,0.000001582
344,6912,0.000001779
345,6912,0.000002086
346,6912,0.000001677
347,6912,0.000001577
348,6912,0.000001390
349,6912,0.000001648
350,6912,0.000001687
351,6912,0.000001424
352,6912,0.000001637
353,6912,0.000001978
354,6912,0.000002357
355,6912,0.000001458
356,6912,0.000001531
357,6912,0.000001896
358,6912,0.000001301
359,6912,0.000001630
360,6912,0.000001829
361,6912,0.000001526
362,6912,0.000001687
363,6912,0.000002365
364,6912,0.000001387
365,6912,0.000001843
366,6912,0.000001549
367,6912,0.000001342
368,6912,0.000001454
369,6912,0.000001652
370,6912,0.000001652
371,6912,0.000001296
372,6912,0.000001875
373,6912,0.000002316
374,6912,0.000001375
375,6912,0.000001633
376,6912,0.000001632
377,6912,0.000001305
378,6912,0.000001634
379,6912,0.000001877
380,6912,0.000001391
381,6912,0.000001725
382,6912,0.000002385
383,6912,0.000001308
384,6912,0.000001698
385,6912,0.000001843
386,6912,0.000001603
387,6912,0.000001426
388,6912,0.000001643
389,6912,0.000001714
390,6912,0.000002080
391,6912,0.000001905
392,6912,0.000001650
393,6912,0.000001463
394,6912,0.000002029
395,6912,0.000001760
396,6912,0.000001384
397,6912,0.000001856
398,6912,0.000001684
399,6912,0.000002075
400,6912,0.000001493
401,6912,0.000001638
402,6912,0.000001729
403,6912,0.000001440
404,6912,0.000001763
405,6912,0.000002148
406,6912,0.000001349
407,6912,0.000001975
408,6912,0.000002427
409,6912,0.000001773
410,6912,0.000001872
411,6912,0.000001792
412,6912,0.000001600
413,6912,0.000001826
414,6912,0.000001765
415,6912,0.000001470
416,6912,0.000002339
417,6912,0.000001800
418,6912,0.000001851
419,6912,0.000001563
420,6912,0.000001662
421,6912,0.000001990
422,6912,0.000001400
423,6912,0.000001894
424,6912,0.000002498
425,6912,0.000001856
426,6912,0.000001599
427,6912,0.000001760
428,6912,0.000001343
429,6912,0.000001651
430,6912,0.000001758
431,6912,0.000001380
432,6912,0.000001707
433,6912,0.000002384
434,6912,0.000001865
435,6912,0.000001300
436,6912,0.000001642
437,6912,0.000001611
438,6912,0.000001430
439,6912,0.000001646
440,6912,0.000001572
441,6912,0.000001415
442,6912,0.000002320
443,6912,0.000001706
444,6912,0.000001486
445,6912,0.000001603
446,6912,0.000001695
447,6912,0.000001667
448,6912,0.000001496
449,6912,0.000002008
450,6912,0.000002206
451,6912,0.000002111
452,6912,0.000001732
453,6912,0.000002037
454,6912,0.000001685
455,6912,0.000001727
456,6912,0.000001577
457,6912,0.000001403
458,6912,0.000001831
459,6912,0.000001589
460,6912,0.000001308
461,6912,0.000001671
462,6912,0.000001669
463,6912,0.000001404
464,6912,0.000002066
465,6912,0.000001540
466,6912,0.000002153
467,6912,0.000001349
468,6912,0.000001769
469,6912,0.000001728
470,6912,0.000001365
471,6912,0.000001598
472,6912,0.000001668
473,6912,0.000001524
474,6912,0.000002443
475,6912,0.000001871
476,6912,0.000001420
477,6912,0.000001697
478,6912,0.000001719
479,6912,0.000001412
480,6912,0.000001399
481,6912,0.000001529
482,6912,0.000001637
483,6912,0.000001426
484,6912,0.000002370
485,6912,0.000001724
486,6912,0.000001368
487,6912,0.000001781
488,6912,0.000001767
489,6912,0.000001599
490,6912,0.000001689
491,6912,0.000001875
492,6912,0.000002071
493,6912,0.000001779
494,6912,0.000001652
495,6912,0.000001424
496,6912,0.000001384
497,6912,0.000001631
498,6912,0.000001882
499,6912,0.000001339
500,6912,0.000001636
501,6912,0.000001882
502,6912,0.000002582
503,6912,0.000001895
504,6912,0.000001847
505,6912,0.000001242
506,6912,0.000001626
507,6912,0.000001571
508,6912,0.000001632
509,6912,0.000001889
510,6912,0.000002389
511,6912,0.000001380
512,6912,0.000001484
513,6912,0.000001579
514,6912,0.000001699
515,6912,0.000001391
516,6912,0.000001630
517,6912,0.000001700
518,6912,0.000001549
519,6912,0.000002437
520,6912,0.000001849
521,6912,0.000001377
522,6912,0.000001743
523,6912,0.000001735
524,6912,0.000001380
525,6912,0.000001833
526,6912,0.000001844
527,6912,0.000001566
528,6912,0.000002172
529,6912,0.000002000
530,6912,0.000002033
531,6912,0.000001418
532,6912,0.000001826
533,6912,0.000001849
534,6912,0.000001466
535,6912,0.000001563
536,6912,0.000002404
537,6912,0.000001445
538,6912,0.000001596
539,6912,0.000001677
540,6912,0.000001351
541,6912,0.000001580
542,6912,0.000001696
543,6912,0.000001310
544,6912,0.000001479
545,6912,0.000001709
546,6912,0.000002334
547,6912,0.000001343
548,6912,0.000001672
549,6912,0.000001539
550,6912,0.000001420
551,6912,0.000001679
552,6912,0.000001610
553,6912,0.000001330
554,6912,0.000001671
555,6912,0.000002374
556,6912,0.000001398
557,6912,0.000001828
558,6912,0.000001572
559,6912,0.000001292
560,6912,0.000001438
561,6912,0.000001731
562,6912,0.000001579
563,6912,0.000001471
564,6912,0.000002494
565,6912,0.000001810
566,6912,0.000001592
567,6912,0.000001861
568,6912,0.000002366
569,6912,0.000001427
570,6912,0.000001921
571,6912,0.000002025
572,6912,0.000002167
573,6912,0.000001701
574,6912,0.000001691
575,6912,0.000001309
576,6912,0.000001446
577,6912,0.000001630
578,6912,0.000001683
579,6912,0.000001733
580,6912,0.000002018
581,6912,0.000002467
582,6912,0.000001332
583,6912,0.000001964
584,6912,0.000001886
585,6912,0.000001297
586,6912,0.000001635
587,6912,0.000001735
588,6912,0.000001438
589,6912,0.000001854
590,6912,0.000002401
591,6912,0.000001357
592,6912,0.000001438
593,6912,0.000002062
594,6912,0.000001743
595,6912,0.000001417
596,6912,0.000001722
597,6912,0.000001741
598,6912,0.000001349
599,6912,0.000002358
600,6912,0.000001731
601,6912,0.000001344
602,6912,0.000001669
603,6912,0.000001739
604,6912,0.000001299
605,6912,0.000001838
606,6912,0.000001622
607,6912,0.000001503
608,6912,0.000002168
609,6912,0.000001820
610,6912,0.000001645
611,6912,0.000001285
612,6912,0.000001633
613,6912,0.000001710
614,6912,0.000001407
615,6912,0.000001981
616,6912,0.000002123
617,6912,0.000002363
618,6912,0.000001661
619,6912,0.000001879
620,6912,0.000001423
621,6912,0.000001994
622,6912,0.000001657
623,6912,0.000001311
624,6912,0.000001500
625,6912,0.000001594
626,6912,0.000002541
627,6912,0.000001439
628,6912,0.000001841
629,6912,0.000001939
630,6912,0.000001369
631,6912,0.000001615
632,6912,0.000001517
633,6912,0.000001305
634,6912,0.000002320
635,6912,0.000001727
636,6912,0.000001387
637,6912,0.000002007
638,6912,0.000001678
639,6912,0.000001293
640,6912,0.000001434
641,6912,0.000001620
642,6912,0.000001732
643,6912,0.000002215
644,6912,0.000001764
645,6912,0.000001638
646,6912,0.000001439
647,6912,0.000001652
648,6912,0.000001573
649,6912,0.000001400
650,6912,0.000001822
651,6912,0.000001962
652,6912,0.000002055
653,6912,0.000001635
654,6912,0.000001645
655,6912,0.000001378
656,6912,0.000001361
657,6912,0.000001553
658,6912,0.000001653
659,6912,0.000001346
660,6912,0.000001681
661,6912,0.000001770
662,6912,0.000002132
663,6912,0.000001697
664,6912,0.000001821
665,6912,0.000001365
666,6912,0.000002046
667,6912,0.000001504
668,6912,0.000001300
669,6912,0.000001710
670,6912,0.000001911
671,6912,0.000002248
672,6912,0.000001439
673,6912,0.000001572
674,6912,0.000001631
675,6912,0.000001548
676,6912,0.000001661
677,6912,0.000001629
678,6912,0.000001457
679,6912,0.000001724
680,6912,0.000002450
681,6912,0.000001461
682,6912,0.000001830
683,6912,0.000001712
684,6912,0.000001417
685,6912,0.000001921
686,6912,0.000001870
687,6912,0.000001315
688,6912,0.000002440
689,6912,0.000002108
690,6912,0.000001703
691,6912,0.000001354
692,6912,0.000001676
693,6912,0.000001676
694,6912,0.000001301
695,6912,0.000010681
696,6912,0.000001887
697,6912,0.000002543
698,6912,0.000001711
699,6912,0.000001551
700,6912,0.000001299
701,6912,0.000001569
702,6912,0.000001936
703,6912,0.000001413
704,6912,0.000001494
705,6912,0.000001676
706,6912,0.000002363
707,6912,0.000001408
708,6912,0.000001699
709,6912,0.000001694
710,6912,0.000001352
711,6912,0.000001727
712,6912,0.000001666
713,6912,0.000001369
714,6912,0.000001748
715,6912,0.000002361
716,6912,0.000001357
717,6912,0.000001942
718,6912,0.000001524
719,6912,0.000001450
720,6912,0.000001462
721,6912,0.000001632
722,6912,0.000001701
723,6912,0.000001377
724,6912,0.000002456
725,6912,0.000001857
726,6912,0.000001559
727,6912,0.000001786
728,6912,0.000001623
729,6912,0.000001313
730,6912,0.000001601
731,6912,0.000001753
732,6912,0.000001425
733,6912,0.000002471
734,6912,0.000001767
735,6912,0.000001311
736,6912,0.000001505
737,6912,0.000001661
738,6912,0.000001663
739,6912,0.000001435
740,6912,0.000001890
741,6912,0.000002066
742,6912,0.000002248
743,6912,0.000001968
744,6912,0.000001674
745,6912,0.000001475
746,6912,0.000001738
747,6912,0.000001690
748,6912,0.000001445
749,6912,0.000001619
750,6912,0.000001637
751,6912,0.000002066
752,6912,0.000001810
753,6912,0.000001860
754,6912,0.000001945
755,6912,0.000001384
756,6912,0.000001577
757,6912,0.000001795
758,6912,0.000001345
759,6912,0.000001845
760,6912,0.000003154
761,6912,0.000001458
762,6912,0.000001599
763,6912,0.000001607
764,6912,0.000001319
765,6912,0.000001657
766,6912,0.000001994
767,6912,0.000001463
768,6912,0.000002631
769,6912,0.000001624
770,6912,0.000001923
771,6912,0.000001329
772,6912,0.000001687
773,6912,0.000001786
774,6912,0.000001368
775,6912,0.000002142
776,6912,0.000002314
777,6912,0.000001319
778,6912,0.000001729
779,6912,0.000001933
780,6912,0.000001323
781,6912,0.000001738
782,6912,0.000001615
783,6912,0.000001339
784,6912,0.000001655
785,6912,0.000002303
786,6912,0.000001995
787,6912,0.000001334
788,6912,0.000001737
789,6912,0.000001672
790,6912,0.000001385
791,6912,0.000001717
792,6912,0.000001610
793,6912,0.000001595
794,6912,0.000002528
795,6912,0.000001857
796,6912,0.000001457
797,6912,0.000001917
798,6912,0.000001962
799,6912,0.000001292
800,6912,0.000001374
801,6912,0.000001568
802,6912,0.000001632
803,6912,0.000002127
804,6912,0.000001670
805,6912,0.000002066
806,6912,0.000001614
807,6912,0.000001568
808,6912,0.000001652
809,6912,0.000001343
810,6912,0.000001669
811,6912,0.000001617
812,6912,0.000002063
813,6912,0.000001653
814,6912,0.000001892
815,6912,0.000001298
816,6912,0.000001422
817,6912,0.000001588
818,6912,0.000001566
819,6912,0.000001432
820,6912,0.000001661
821,6912,0.000002533
822,6912,0.000001427
823,6912,0.000001711
824,6912,0.000001679
825,6912,0.000001410
826,6912,0.000001608
827,6912,0.000002201
828,6912,0.000001404
829,6912,0.000002026
830,6912,0.000003816
831,6912,0.000002514
832,6912,0.000002254
833,6912,0.000002435
834,6912,0.000002684
835,6912,0.000001666
836,6912,0.000001647
837,6912,0.000002064
838,6912,0.000001523
839,6912,0.000001772
840,6912,0.000002889
841,6912,0.000001549
842,6912,0.000001643
843,6912,0.000001610
844,6912,0.000001432
845,6912,0.000001832
846,6912,0.000001631
847,6912,0.000001293
848,6912,0.000001480
849,6912,0.000001729
850,6912,0.000002540
851,6912,0.000001409
852,6912,0.000001637
853,6912,0.000001692
854,6912,0.000001438
855,6912,0.000001686
856,6912,0.000001607
857,6912,0.000001295
858,6912,0.000001991
859,6912,0.000002517
860,6912,0.000001527
861,6912,0.000001779
862,6912,0.000001621
863,6912,0.000001307
864,6912,0.000001380
865,6912,0.000001628
866,6912,0.000001726
867,6912,0.000001517
868,6912,0.000002527
869,6912,0.000001675
870,6912,0.000001295
871,6912,0.000001612
872,6912,0.000001822
873,6912,0.000001419
874,6912,0.000001585
875,6912,0.000001746
876,6912,0.000002028
877,6912,0.000001722
878,6912,0.000001616
879,6912,0.000001570
880,6912,0.000001479
881,6912,0.000001581
882,6912,0.000001722
883,6912,0.000001292
884,6912,0.000001692
885,6912,0.000001660
886,6912,0.000002194
887,6912,0.000002118
888,6912,0.000001828
889,6912,0.000001332
890,6912,0.000001645
891,6912,0.000001749
892,6912,0.000001769
893,6912,0.000001828
894,6912,0.000002558
895,6912,0.000001441
896,6912,0.000001369
897,6912,0.000001936
898,6912,0.000001676
899,6912,0.000001418
900,6912,0.000001707
901,6912,0.000001647
902,6912,0.000001511
903,6912,0.000002616
904,6912,0.000001673
905,6912,0.000001426
906,6912,0.000001815
907,6912,0.000001743
908,6912,0.000001423
909,6912,0.000001650
910,6912,0.000001539
911,6912,0.000001448
912,6912,0.000002212
913,6912,0.000001797
914,6912,0.000001663
915,6912,0.000001501
916,6912,0.000001929
917,6912,0.000001859
918,6912,0.000001391
919,6912,0.000002152
920,6912,0.000002901
921,6912,0.000001620
922,6912,0.000002033
923,6912,0.000002072
924,6912,0.000001585
925,6912,0.000001991
926,6912,0.000001762
927,6912,0.000002358
928,6912,0.000001675
929,6912,0.000002144
930,6912,0.000001850
931,6912,0.000001433
932,6912,0.000001744
933,6912,0.000001890
934,6912,0.000001529
935,6912,0.000002758
936,6912,0.000001849
937,6912,0.000001595
938,6912,0.000001788
939,6912,0.000001614
940,6912,0.000001559
941,6912,0.000001774
942,6912,0.000001556
943,6912,0.000001307
944,6912,0.000002361
945,6912,0.000001633
946,6912,0.000001808
947,6912,0.000001438
948,6912,0.000001706
949,6912,0.000001564
950,6912,0.000001577
951,6912,0.000001893
952,6912,0.000001831
953,6912,0.000002323
954,6912,0.000001718
955,6912,0.000001666
956,6912,0.000001308
957,6912,0.000001550
958,6912,0.000001693
959,6912,0.000001670
960,6912,0.000001558
961,6912,0.000001723
962,6912,0.000008245
963,6912,0.000002682
964,6912,0.000003822
965,6912,0.000004867
966,6912,0.000002438
967,6912,0.000003824
968,6912,0.000003621
969,6912,0.000003300
970,6912,0.000003617
971,6912,0.000004131
972,6912,0.000002535
973,6912,0.000003596
974,6912,0.000004657
975,6912,0.000002413
976,6912,0.000003402
977,6912,0.000003947
978,6912,0.000027932
979,6912,0.000004479
980,6912,0.000007633
981,6912,0.000003824
982,6912,0.000002411
983,6912,0.000004401
984,6912,0.000003629
985,6912,0.000002351
986,6912,0.000004281
987,6912,0.000004578
988,6912,0.000002472
989,6912,0.000003620
990,6912,0.000003573
991,6912,0.000002469
992,6912,0.000004311
993,6912,0.000003649
994,6912,0.000003853
995,6912,0.000002560
996,6912,0.000004524
997,6912,0.000003788
998,6912,0.000002575
999,6912,0.000005965
0,7168,0.000008319
1,7168,0.000003454
2,7168,0.000002513
3,7168,0.000002108
4,7168,0.000002579
5,7168,0.000002498
6,7168,0.000002552
7,7168,0.000001993
8,7168,0.000002180
9,7168,0.000003663
10,7168,0.000002592
11,7168,0.000002191
12,7168,0.000002209
13,7168,0.000002435
14,7168,0.000002821
15,7168,0.000003297
16,7168,0.000002031
17,7168,0.000002031
18,7168,0.000002306
19,7168,0.000001787
20,7168,0.000002169
21,7168,0.000002499
22,7168,0.000003501
23,7168,0.000001834
24,7168,0.000001821
25,7168,0.000002105
26,7168,0.000002359
27,7168,0.000001878
28,7168,0.000003119
29,7168,0.000002371
30,7168,0.000002096
31,7168,0.000001996
32,7168,0.000002020
33,7168,0.000002164
34,7168,0.000002322
35,7168,0.000003151
36,7168,0.000002319
37,7168,0.000002311
38,7168,0.000002447
39,7168,0.000001899
40,7168,0.000002340
41,7168,0.000003716
42,7168,0.000002200
43,7168,0.000001780
44,7168,0.000002145
45,7168,0.000001981
46,7168,0.000002193
47,7168,0.000002001
48,7168,0.000003035
49,7168,0.000002115
50,7168,0.000002066
51,7168,0.000001811
52,7168,0.000001870
53,7168,0.000002349
54,7168,0.000002390
55,7168,0.000003109
56,7168,0.000002075
57,7168,0.000002282
58,7168,0.000002545
59,7168,0.000001722
60,7168,0.000002233
61,7168,0.000003208
62,7168,0.000002672
63,7168,0.000002063
64,7168,0.000001945
65,7168,0.000002060
66,7168,0.000002169
67,7168,0.000002009
68,7168,0.000003215
69,7168,0.000002446
70,7168,0.000002446
71,7168,0.000002079
72,7168,0.000002109
73,7168,0.000002721
74,7168,0.000003528
75,7168,0.000002084
76,7168,0.000002092
77,7168,0.000002238
78,7168,0.000002317
79,7168,0.000002358
80,7168,0.000003357
81,7168,0.000002314
82,7168,0.000002417
83,7168,0.000001824
84,7168,0.000001892
85,7168,0.000002274
86,7168,0.000002770
87,7168,0.000003525
88,7168,0.000002139
89,7168,0.000002547
90,7168,0.000002264
91,7168,0.000001774
92,7168,0.000002171
93,7168,0.000003563
94,7168,0.000016491
95,7168,0.000001898
96,7168,0.000002042
97,7168,0.000002080
98,7168,0.000002342
99,7168,0.000002414
100,7168,0.000002086
101,7168,0.000002233
102,7168,0.000002807
103,7168,0.000016351
104,7168,0.000002279
105,7168,0.000002202
106,7168,0.000002219
107,7168,0.000002090
108,7168,0.000002335
109,7168,0.000003464
110,7168,0.000002333
111,7168,0.000002082
112,7168,0.000002101
113,7168,0.000002204
114,7168,0.000002087
115,7168,0.000001966
116,7168,0.000003184
117,7168,0.000002443
118,7168,0.000002143
119,7168,0.000001715
120,7168,0.000001879
121,7168,0.000002529
122,7168,0.000003337
123,7168,0.000002248
124,7168,0.000002148
125,7168,0.000002094
126,7168,0.000002364
127,7168,0.000001934
128,7168,0.000002151
129,7168,0.000004130
130,7168,0.000002617
131,7168,0.000001971
132,7168,0.000002109
133,7168,0.000002314
134,7168,0.000003857
135,7168,0.000002425
136,7168,0.000002059
137,7168,0.000002359
138,7168,0.000002303
139,7168,0.000001980
140,7168,0.000002092
141,7168,0.000003515
142,7168,0.000002497
143,7168,0.000001953
144,7168,0.000002175
145,7168,0.000002376
146,7168,0.000002549
147,7168,0.000002980
148,7168,0.000001896
149,7168,0.000002181
150,7168,0.000002500
151,7168,0.000001900
152,7168,0.000002273
153,7168,0.000003273
154,7168,0.000002449
155,7168,0.000001993
156,7168,0.000001999
157,7168,0.000002340
158,7168,0.000002588
159,7168,0.000002354
160,7168,0.000003081
161,7168,0.000002555
162,7168,0.000002258
163,7168,0.000001860
164,7168,0.000002094
165,7168,0.000002228
166,7168,0.000003371
167,7168,0.000002057
168,7168,0.000001959
169,7168,0.000002315
170,7168,0.000002301
171,7168,0.000001873
172,7168,0.000001962
173,7168,0.000003114
174,7168,0.000002348
175,7168,0.000002053
176,7168,0.000002019
177,7168,0.000002580
178,7168,0.000002326
179,7168,0.000003042
180,7168,0.000002046
181,7168,0.000002402
182,7168,0.000002432
183,7168,0.000001834
184,7168,0.000001902
185,7168,0.000002184
186,7168,0.000003254
187,7168,0.000002045
188,7168,0.000002008
189,7168,0.000002356
190,7168,0.000002295
191,7168,0.000002001
192,7168,0.000002962
193,7168,0.000002415
194,7168,0.000002273
195,7168,0.000001915
196,7168,0.000001925
197,7168,0.000002544
198,7168,0.000002399
199,7168,0.000002917
200,7168,0.000001944
201,7168,0.000002350
202,7168,0.000002195
203,7168,0.000002185
204,7168,0.000002134
205,7168,0.000003740
206,7168,0.000002200
207,7168,0.000001473
208,7168,0.000001692
209,7168,0.000001625
210,7168,0.000001950
211,7168,0.000001308
212,7168,0.000001590
213,7168,0.000002847
214,7168,0.000001943
215,7168,0.000001349
216,7168,0.000001461
217,7168,0.000001643
218,7168,0.000001599
219,7168,0.000001507
220,7168,0.000001458
221,7168,0.000001744
222,7168,0.000002769
223,7168,0.000001747
224,7168,0.000002020
225,7168,0.000001809
226,7168,0.000002050
227,7168,0.000001529
228,7168,0.000001639
229,7168,0.000001820
230,7168,0.000002906
231,7168,0.000001393
232,7168,0.000001505
233,7168,0.000001701
234,7168,0.000001763
235,7168,0.000001417
236,7168,0.000001596
237,7168,0.000001914
238,7168,0.000002405
239,7168,0.000001564
240,7168,0.000001499
241,7168,0.000001632
242,7168,0.000001594
243,7168,0.000001335
244,7168,0.000001404
245,7168,0.000001594
246,7168,0.000001658
247,7168,0.000001334
248,7168,0.000002098
249,7168,0.000001801
250,7168,0.000001890
251,7168,0.000001307
252,7168,0.000001415
253,7168,0.000001521
254,7168,0.000001615
255,7168,0.000001491
256,7168,0.000001654
257,7168,0.000001699
258,7168,0.000001571
259,7168,0.000001437
260,7168,0.000001589
261,7168,0.000001655
262,7168,0.000002411
263,7168,0.000001339
264,7168,0.000001430
265,7168,0.000001668
266,7168,0.000001710
267,7168,0.000001431
268,7168,0.000001698
269,7168,0.000001605
270,7168,0.000001729
271,7168,0.000001322
272,7168,0.000002257
273,7168,0.000001687
274,7168,0.000001733
275,7168,0.000001484
276,7168,0.000001427
277,7168,0.000001658
278,7168,0.000001506
279,7168,0.000001309
280,7168,0.000001416
281,7168,0.000001672
282,7168,0.000002349
283,7168,0.000001461
284,7168,0.000001366
285,7168,0.000001654
286,7168,0.000001649
287,7168,0.000001486
288,7168,0.000001816
289,7168,0.000001849
290,7168,0.000002465
291,7168,0.000001479
292,7168,0.000001695
293,7168,0.000001774
294,7168,0.000001906
295,7168,0.000001345
296,7168,0.000001500
297,7168,0.000001620
298,7168,0.000001684
299,7168,0.000002207
300,7168,0.000001431
301,7168,0.000001591
302,7168,0.000001641
303,7168,0.000001397
304,7168,0.000001485
305,7168,0.000001883
306,7168,0.000001656
307,7168,0.000001484
308,7168,0.000002297
309,7168,0.000001976
310,7168,0.000001863
311,7168,0.000001373
312,7168,0.000001483
313,7168,0.000001602
314,7168,0.000001847
315,7168,0.000001490
316,7168,0.000001396
317,7168,0.000002332
318,7168,0.000001951
319,7168,0.000001308
320,7168,0.000001477
321,7168,0.000001706
322,7168,0.000001691
323,7168,0.000001538
324,7168,0.000001394
325,7168,0.000001650
326,7168,0.000002672
327,7168,0.000001419
328,7168,0.000001464
329,7168,0.000001814
330,7168,0.000001562
331,7168,0.000001421
332,7168,0.000001485
333,7168,0.000001666
334,7168,0.000001572
335,7168,0.000002125
336,7168,0.000001428
337,7168,0.000001652
338,7168,0.000001809
339,7168,0.000001648
340,7168,0.000001486
341,7168,0.000001662
342,7168,0.000001646
343,7168,0.000001306
344,7168,0.000001396
345,7168,0.000002271
346,7168,0.000001652
347,7168,0.000001516
348,7168,0.000001556
349,7168,0.000001592
350,7168,0.000001809
351,7168,0.000001375
352,7168,0.000001610
353,7168,0.000001596
354,7168,0.000002310
355,7168,0.000001480
356,7168,0.000001495
357,7168,0.000001672
358,7168,0.000001850
359,7168,0.000001641
360,7168,0.000001416
361,7168,0.000001524
362,7168,0.000001746
363,7168,0.000002176
364,7168,0.000001417
365,7168,0.000001821
366,7168,0.000001627
367,7168,0.000001367
368,7168,0.000001505
369,7168,0.000001635
370,7168,0.000001548
371,7168,0.000001422
372,7168,0.000002122
373,7168,0.000001694
374,7168,0.000001933
375,7168,0.000001392
376,7168,0.000001483
377,7168,0.000001707
378,7168,0.000001611
379,7168,0.000001447
380,7168,0.000002004
381,7168,0.000002303
382,7168,0.000001759
383,7168,0.000001308
384,7168,0.000001469
385,7168,0.000001533
386,7168,0.000001599
387,7168,0.000001455
388,7168,0.000001421
389,7168,0.000001742
390,7168,0.000001775
391,7168,0.000002302
392,7168,0.000001484
393,7168,0.000001809
394,7168,0.000001605
395,7168,0.000001628
396,7168,0.000001753
397,7168,0.000001740
398,7168,0.000001971
399,7168,0.000002114
400,7168,0.000001623
401,7168,0.000001816
402,7168,0.000001663
403,7168,0.000001494
404,7168,0.000001492
405,7168,0.000001692
406,7168,0.000001814
407,7168,0.000001406
408,7168,0.000002537
409,7168,0.000002052
410,7168,0.000001602
411,7168,0.000001347
412,7168,0.000001527
413,7168,0.000001630
414,7168,0.000001690
415,7168,0.000001396
416,7168,0.000002233
417,7168,0.000002332
418,7168,0.000001705
419,7168,0.000001370
420,7168,0.000001716
421,7168,0.000001632
422,7168,0.000001686
423,7168,0.000001341
424,7168,0.000001525
425,7168,0.000001612
426,7168,0.000014512
427,7168,0.000001483
428,7168,0.000001781
429,7168,0.000001872
430,7168,0.000001730
431,7168,0.000001364
432,7168,0.000001500
433,7168,0.000002504
434,7168,0.000001651
435,7168,0.000001392
436,7168,0.000001692
437,7168,0.000001718
438,7168,0.000002030
439,7168,0.000001391
440,7168,0.000001329
441,7168,0.000001738
442,7168,0.000002677
443,7168,0.000001474
444,7168,0.000001412
445,7168,0.000001743
446,7168,0.000001611
447,7168,0.000001521
448,7168,0.000001370
449,7168,0.000001644
450,7168,0.000001802
451,7168,0.000002251
452,7168,0.000001533
453,7168,0.000001645
454,7168,0.000001623
455,7168,0.000001397
456,7168,0.000001406
457,7168,0.000001787
458,7168,0.000001716
459,7168,0.000001477
460,7168,0.000002212
461,7168,0.000001739
462,7168,0.000002025
463,7168,0.000001753
464,7168,0.000001337
465,7168,0.000001634
466,7168,0.000001640
467,7168,0.000001447
468,7168,0.000001507
469,7168,0.000002553
470,7168,0.000001743
471,7168,0.000001431
472,7168,0.000001735
473,7168,0.000001682
474,7168,0.000001716
475,7168,0.000001518
476,7168,0.000001575
477,7168,0.000001922
478,7168,0.000002306
479,7168,0.000001379
480,7168,0.000001458
481,7168,0.000001931
482,7168,0.000001792
483,7168,0.000001444
484,7168,0.000001540
485,7168,0.000001711
486,7168,0.000001536
487,7168,0.000002080
488,7168,0.000001408
489,7168,0.000001604
490,7168,0.000001732
491,7168,0.000001469
492,7168,0.000001375
493,7168,0.000001733
494,7168,0.000001921
495,7168,0.000002067
496,7168,0.000001788
497,7168,0.000001646
498,7168,0.000001721
499,7168,0.000001432
500,7168,0.000001516
501,7168,0.000001794
502,7168,0.000001958
503,7168,0.000001359
504,7168,0.000002402
505,7168,0.000001679
506,7168,0.000001784
507,7168,0.000001531
508,7168,0.000001538
509,7168,0.000001732
510,7168,0.000001775
511,7168,0.000001518
512,7168,0.000001821
513,7168,0.000002452
514,7168,0.000001616
515,7168,0.000001598
516,7168,0.000001419
517,7168,0.000001601
518,7168,0.000001654
519,7168,0.000001364
520,7168,0.000001604
521,7168,0.000001555
522,7168,0.000002410
523,7168,0.000001397
524,7168,0.000001415
525,7168,0.000001642
526,7168,0.000001564
527,7168,0.000001334
528,7168,0.000001435
529,7168,0.000001568
530,7168,0.000001635
531,7168,0.000001499
532,7168,0.000002101
533,7168,0.000001854
534,7168,0.000001669
535,7168,0.000001502
536,7168,0.000001490
537,7168,0.000001821
538,7168,0.000001637
539,7168,0.000001325
540,7168,0.000001542
541,7168,0.000002474
542,7168,0.000001643
543,7168,0.000001635
544,7168,0.000001565
545,7168,0.000001773
546,7168,0.000001741
547,7168,0.000001502
548,7168,0.000001831
549,7168,0.000001907
550,7168,0.000002431
551,7168,0.000001420
552,7168,0.000001564
553,7168,0.000002042
554,7168,0.000001933
555,7168,0.000001505
556,7168,0.000001449
557,7168,0.000001737
558,7168,0.000001759
559,7168,0.000002112
560,7168,0.000001515
561,7168,0.000001679
562,7168,0.000001789
563,7168,0.000001614
564,7168,0.000001366
565,7168,0.000001631
566,7168,0.000001697
567,7168,0.000001477
568,7168,0.000002330
569,7168,0.000001766
570,7168,0.000001690
571,7168,0.000001414
572,7168,0.000001638
573,7168,0.000001724
574,7168,0.000001816
575,7168,0.000001331
576,7168,0.000002163
577,7168,0.000001724
578,7168,0.000001728
579,7168,0.000001387
580,7168,0.000001737
581,7168,0.000001588
582,7168,0.000001750
583,7168,0.000001518
584,7168,0.000001418
585,7168,0.000001728
586,7168,0.000002440
587,7168,0.000001357
588,7168,0.000001449
589,7168,0.000001569
590,7168,0.000001597
591,7168,0.000001458
592,7168,0.000001503
593,7168,0.000001804
594,7168,0.000002088
595,7168,0.000002330
596,7168,0.000002037
597,7168,0.000001889
598,7168,0.000001717
599,7168,0.000001384
600,7168,0.000001496
601,7168,0.000001666
602,7168,0.000001625
603,7168,0.000002133
604,7168,0.000001517
605,7168,0.000001685
606,7168,0.000001762
607,7168,0.000001740
608,7168,0.000001450
609,7168,0.000001630
610,7168,0.000001534
611,7168,0.000001425
612,7168,0.000002317
613,7168,0.000001568
614,7168,0.000002089
615,7168,0.000002213
616,7168,0.000002277
617,7168,0.000002847
618,7168,0.000003102
619,7168,0.000003935
620,7168,0.000002295
621,7168,0.000002573
622,7168,0.000002273
623,7168,0.000002236
624,7168,0.000003335
625,7168,0.000002220
626,7168,0.000002170
627,7168,0.000001831
628,7168,0.000001949
629,7168,0.000002544
630,7168,0.000002308
631,7168,0.000003093
632,7168,0.000001859
633,7168,0.000002383
634,7168,0.000002005
635,7168,0.000002093
636,7168,0.000002105
637,7168,0.000002305
638,7168,0.000003170
639,7168,0.000002258
640,7168,0.000001977
641,7168,0.000002555
642,7168,0.000002793
643,7168,0.000003049
644,7168,0.000002233
645,7168,0.000002660
646,7168,0.000002617
647,7168,0.000017695
648,7168,0.000002117
649,7168,0.000002173
650,7168,0.000002263
651,7168,0.000001958
652,7168,0.000002519
653,7168,0.000004000
654,7168,0.000002306
655,7168,0.000014602
656,7168,0.000002253
657,7168,0.000002230
658,7168,0.000002379
659,7168,0.000003223
660,7168,0.000002061
661,7168,0.000002377
662,7168,0.000002243
663,7168,0.000002171
664,7168,0.000002075
665,7168,0.000003442
666,7168,0.000002719
667,7168,0.000002027
668,7168,0.000002084
669,7168,0.000002349
670,7168,0.000002372
671,7168,0.000002161
672,7168,0.000003256
673,7168,0.000002333
674,7168,0.000002662
675,7168,0.000002173
676,7168,0.000002068
677,7168,0.000002349
678,7168,0.000004213
679,7168,0.000002065
680,7168,0.000002080
681,7168,0.000002371
682,7168,0.000002388
683,7168,0.000002376
684,7168,0.000003289
685,7168,0.000002697
686,7168,0.000002443
687,7168,0.000001967
688,7168,0.000002108
689,7168,0.000002691
690,7168,0.000003465
691,7168,0.000001885
692,7168,0.000001887
693,7168,0.000002367
694,7168,0.000002470
695,7168,0.000002106
696,7168,0.000003217
697,7168,0.000003020
698,7168,0.000002665
699,7168,0.000002265
700,7168,0.000002160
701,7168,0.000002562
702,7168,0.000003859
703,7168,0.000002394
704,7168,0.000002200
705,7168,0.000002487
706,7168,0.000002415
707,7168,0.000002294
708,7168,0.000003693
709,7168,0.000002592
710,7168,0.000002345
711,7168,0.000001674
712,7168,0.000002048
713,7168,0.000002699
714,7168,0.000003562
715,7168,0.000002246
716,7168,0.000002178
717,7168,0.000002514
718,7168,0.000002546
719,7168,0.000003464
720,7168,0.000002314
721,7168,0.000002521
722,7168,0.000002408
723,7168,0.000002064
724,7168,0.000002418
725,7168,0.000003631
726,7168,0.000002535
727,7168,0.000002349
728,7168,0.000002192
729,7168,0.000002493
730,7168,0.000002411
731,7168,0.000003171
732,7168,0.000002242
733,7168,0.000002809
734,7168,0.000002541
735,7168,0.000002101
736,7168,0.000002338
737,7168,0.000004029
738,7168,0.000002505
739,7168,0.000002185
740,7168,0.000002215
741,7168,0.000002567
742,7168,0.000002508
743,7168,0.000003334
744,7168,0.000002276
745,7168,0.000002664
746,7168,0.000002420
747,7168,0.000002123
748,7168,0.000002270
749,7168,0.000003524
750,7168,0.000002510
751,7168,0.000002106
752,7168,0.000002259
753,7168,0.000002528
754,7168,0.000002725
755,7168,0.000003256
756,7168,0.000002333
757,7168,0.000002501
758,7168,0.000002600
759,7168,0.000002174
760,7168,0.000002416
761,7168,0.000004015
762,7168,0.000002867
763,7168,0.000002259
764,7168,0.000002299
765,7168,0.000002649
766,7168,0.000003640
767,7168,0.000002091
768,7168,0.000002508
769,7168,0.000002824
770,7168,0.000002910
771,7168,0.000002260
772,7168,0.000002198
773,7168,0.000002474
774,7168,0.000002430
775,7168,0.000003298
776,7168,0.000001839
777,7168,0.000002801
778,7168,0.000002440
779,7168,0.000002208
780,7168,0.000002583
781,7168,0.000002570
782,7168,0.000003656
783,7168,0.000001875
784,7168,0.000002293
785,7168,0.000002601
786,7168,0.000002545
787,7168,0.000003034
788,7168,0.000001941
789,7168,0.000002336
790,7168,0.000002212
791,7168,0.000002085
792,7168,0.000002373
793,7168,0.000002496
794,7168,0.000003475
795,7168,0.000001895
796,7168,0.000001959
797,7168,0.000002078
798,7168,0.000002374
799,7168,0.000002039
800,7168,0.000002045
801,7168,0.000003296
802,7168,0.000002682
803,7168,0.000001944
804,7168,0.000002129
805,7168,0.000002288
806,7168,0.000002384
807,7168,0.000003163
808,7168,0.000002270
809,7168,0.000002351
810,7168,0.000002249
811,7168,0.000001797
812,7168,0.000002667
813,7168,0.000003419
814,7168,0.000002691
815,7168,0.000002448
816,7168,0.000001932
817,7168,0.000002102
818,7168,0.000002180
819,7168,0.000002951
820,7168,0.000002085
821,7168,0.000002473
822,7168,0.000002601
823,7168,0.000001935
824,7168,0.000002062
825,7168,0.000002480
826,7168,0.000003521
827,7168,0.000002097
828,7168,0.000002127
829,7168,0.000002441
830,7168,0.000002527
831,7168,0.000002007
832,7168,0.000003092
833,7168,0.000002264
834,7168,0.000002339
835,7168,0.000002429
836,7168,0.000001990
837,7168,0.000002423
838,7168,0.000003464
839,7168,0.000001979
840,7168,0.000001938
841,7168,0.000002507
842,7168,0.000002432
843,7168,0.000002358
844,7168,0.000002230
845,7168,0.000003338
846,7168,0.000002335
847,7168,0.000001933
848,7168,0.000002085
849,7168,0.000002346
850,7168,0.000002329
851,7168,0.000003087
852,7168,0.000002071
853,7168,0.000002427
854,7168,0.000002627
855,7168,0.000002321
856,7168,0.000002531
857,7168,0.000003570
858,7168,0.000002901
859,7168,0.000002809
860,7168,0.000002250
861,7168,0.000002635
862,7168,0.000003669
863,7168,0.000002224
864,7168,0.000013958
865,7168,0.000002835
866,7168,0.000002368
867,7168,0.000002152
868,7168,0.000003463
869,7168,0.000002411
870,7168,0.000002603
871,7168,0.000001924
872,7168,0.000002008
873,7168,0.000002350
874,7168,0.000003375
875,7168,0.000002152
876,7168,0.000002070
877,7168,0.000002254
878,7168,0.000002310
879,7168,0.000001953
880,7168,0.000002559
881,7168,0.000003435
882,7168,0.000002612
883,7168,0.000002080
884,7168,0.000002119
885,7168,0.000002747
886,7168,0.000002438
887,7168,0.000003028
888,7168,0.000002137
889,7168,0.000002746
890,7168,0.000002423
891,7168,0.000002024
892,7168,0.000002032
893,7168,0.000003338
894,7168,0.000002757
895,7168,0.000002593
896,7168,0.000002120
897,7168,0.000002173
898,7168,0.000002184
899,7168,0.000027061
900,7168,0.000003145
901,7168,0.000002560
902,7168,0.000002539
903,7168,0.000001981
904,7168,0.000002570
905,7168,0.000015189
906,7168,0.000002463
907,7168,0.000002085
908,7168,0.000002052
909,7168,0.000002061
910,7168,0.000004051
911,7168,0.000002511
912,7168,0.000002112
913,7168,0.000002891
914,7168,0.000002631
915,7168,0.000002240
916,7168,0.000002193
917,7168,0.000002193
918,7168,0.000002330
919,7168,0.000001974
920,7168,0.000001997
921,7168,0.000002548
922,7168,0.000002110
923,7168,0.000001970
924,7168,0.000003677
925,7168,0.000002487
926,7168,0.000002394
927,7168,0.000001957
928,7168,0.000002000
929,7168,0.000002432
930,7168,0.000002815
931,7168,0.000003880
932,7168,0.000002280
933,7168,0.000002154
934,7168,0.000002362
935,7168,0.000002057
936,7168,0.000002157
937,7168,0.000003293
938,7168,0.000002271
939,7168,0.000002025
940,7168,0.000001992
941,7168,0.000002328
942,7168,0.000002355
943,7168,0.000002791
944,7168,0.000002102
945,7168,0.000002507
946,7168,0.000002597
947,7168,0.000002253
948,7168,0.000002217
949,7168,0.000002300
950,7168,0.000002262
951,7168,0.000001896
952,7168,0.000002436
953,7168,0.000002442
954,7168,0.000002829
955,7168,0.000002496
956,7168,0.000003215
957,7168,0.000002181
958,7168,0.000002835
959,7168,0.000002066
960,7168,0.000001957
961,7168,0.000003006
962,7168,0.000003795
963,7168,0.000002236
964,7168,0.000010170
965,7168,0.000007245
966,7168,0.000005584
967,7168,0.000003451
968,7168,0.000006319
969,7168,0.000005102
970,7168,0.000005330
971,7168,0.000004536
972,7168,0.000005304
973,7168,0.000006026
974,7168,0.000007341
975,7168,0.000003447
976,7168,0.000006370
977,7168,0.000005067
978,7168,0.000008828
979,7168,0.000004691
980,7168,0.000004678
981,7168,0.000005028
982,7168,0.000006532
983,7168,0.000003488
984,7168,0.000005214
985,7168,0.000007934
986,7168,0.000006082
987,7168,0.000005064
988,7168,0.000005512
989,7168,0.000005122
990,7168,0.000005173
991,7168,0.000003366
992,7168,0.000004558
993,7168,0.000005047
994,7168,0.000005123
995,7168,0.000003405
996,7168,0.000008247
997,7168,0.000004972
998,7168,0.000005469
999,7168,0.000003346
0,7424,0.000003719
1,7424,0.000002035
2,7424,0.000001971
3,7424,0.000002012
4,7424,0.000014766
5,7424,0.000001597
6,7424,0.000002002
7,7424,0.000001798
8,7424,0.000001832
9,7424,0.000001930
10,7424,0.000001429
11,7424,0.000001661
12,7424,0.000001890
13,7424,0.000001869
14,7424,0.000001635
15,7424,0.000001347
16,7424,0.000001432
17,7424,0.000002144
18,7424,0.000002495
19,7424,0.000002495
20,7424,0.000002728
21,7424,0.000002583
22,7424,0.000002367
23,7424,0.000002324
24,7424,0.000002700
25,7424,0.000002508
26,7424,0.000002099
27,7424,0.000002249
28,7424,0.000002232
29,7424,0.000002304
30,7424,0.000002523
31,7424,0.000002513
32,7424,0.000002215
33,7424,0.000002555
34,7424,0.000002383
35,7424,0.000002750
36,7424,0.000002453
37,7424,0.000004246
38,7424,0.000002325
39,7424,0.000002320
40,7424,0.000002371
41,7424,0.000002531
42,7424,0.000002026
43,7424,0.000003435
44,7424,0.000002500
45,7424,0.000002417
46,7424,0.000002932
47,7424,0.000002573
48,7424,0.000002179
49,7424,0.000003889
50,7424,0.000002765
51,7424,0.000002399
52,7424,0.000002365
53,7424,0.000002036
54,7424,0.000003634
55,7424,0.000002382
56,7424,0.000002460
57,7424,0.000002337
58,7424,0.000001929
59,7424,0.000002321
60,7424,0.000003415
61,7424,0.000002494
62,7424,0.000002345
63,7424,0.000001941
64,7424,0.000002080
65,7424,0.000002687
66,7424,0.000002494
67,7424,0.000003466
68,7424,0.000002655
69,7424,0.000002206
70,7424,0.000002158
71,7424,0.000001825
72,7424,0.000002168
73,7424,0.000002670
74,7424,0.000001874
75,7424,0.000001871
76,7424,0.000001772
77,7424,0.000001771
78,7424,0.000002014
79,7424,0.000001431
80,7424,0.000001600
81,7424,0.000002846
82,7424,0.000001919
83,7424,0.000001749
84,7424,0.000002029
85,7424,0.000001589
86,7424,0.000001884
87,7424,0.000002458
88,7424,0.000002553
89,7424,0.000001794
90,7424,0.000001466
91,7424,0.000001597
92,7424,0.000001759
93,7424,0.000001584
94,7424,0.000001780
95,7424,0.000001325
96,7424,0.000001482
97,7424,0.000001696
98,7424,0.000013188
99,7424,0.000002840
100,7424,0.000001850
101,7424,0.000001372
102,7424,0.000001875
103,7424,0.000001801
104,7424,0.000001750
105,7424,0.000002668
106,7424,0.000001394
107,7424,0.000001689
108,7424,0.000001718
109,7424,0.000001775
110,7424,0.000001658
111,7424,0.000001411
112,7424,0.000001706
113,7424,0.000001743
114,7424,0.000002431
115,7424,0.000001785
116,7424,0.000001717
117,7424,0.000001463
118,7424,0.000001929
119,7424,0.000001692
120,7424,0.000001714
121,7424,0.000001805
122,7424,0.000002371
123,7424,0.000002034
124,7424,0.000001776
125,7424,0.000001945
126,7424,0.000001927
127,7424,0.000001599
128,7424,0.000001417
129,7424,0.000001654
130,7424,0.000002431
131,7424,0.000001675
132,7424,0.000001681
133,7424,0.000001380
134,7424,0.000001887
135,7424,0.000001735
136,7424,0.000002001
137,7424,0.000001836
138,7424,0.000001433
139,7424,0.000002526
140,7424,0.000001978
141,7424,0.000001764
142,7424,0.000001975
143,7424,0.000001380
144,7424,0.000001370
145,7424,0.000001660
146,7424,0.000001635
147,7424,0.000002452
148,7424,0.000001802
149,7424,0.000001448
150,7424,0.000001860
151,7424,0.000001994
152,7424,0.000001705
153,7424,0.000001863
154,7424,0.000001394
155,7424,0.000002008
156,7424,0.000002507
157,7424,0.000001742
158,7424,0.000001790
159,7424,0.000001453
160,7424,0.000001509
161,7424,0.000001754
162,7424,0.000001653
163,7424,0.000001731
164,7424,0.000002484
165,7424,0.000001359
166,7424,0.000001713
167,7424,0.000001654
168,7424,0.000001609
169,7424,0.000001812
170,7424,0.000001429
171,7424,0.000001715
172,7424,0.000001993
173,7424,0.000002541
174,7424,0.000001763
175,7424,0.000001560
176,7424,0.000001569
177,7424,0.000001890
178,7424,0.000001645
179,7424,0.000001750
180,7424,0.000001722
181,7424,0.000002365
182,7424,0.000001667
183,7424,0.000001716
184,7424,0.000001774
185,7424,0.000001736
186,7424,0.000001427
187,7424,0.000002050
188,7424,0.000001823
189,7424,0.000002446
190,7424,0.000001641
191,7424,0.000001519
192,7424,0.000001650
193,7424,0.000001816
194,7424,0.000001687
195,7424,0.000002110
196,7424,0.000001947
197,7424,0.000001347
198,7424,0.000002494
199,7424,0.000001714
200,7424,0.000001688
201,7424,0.000001714
202,7424,0.000001463
203,7424,0.000001703
204,7424,0.000001695
205,7424,0.000002125
206,7424,0.000002515
207,7424,0.000001492
208,7424,0.000001517
209,7424,0.000002002
210,7424,0.000001683
211,7424,0.000002062
212,7424,0.000001714
213,7424,0.000001411
214,7424,0.000002003
215,7424,0.000002445
216,7424,0.000001813
217,7424,0.000001715
218,7424,0.000001475
219,7424,0.000001688
220,7424,0.000001704
221,7424,0.000001894
222,7424,0.000001879
223,7424,0.000002149
224,7424,0.000001548
225,7424,0.000002076
226,7424,0.000001985
227,7424,0.000001688
228,7424,0.000002092
229,7424,0.000001556
230,7424,0.000002019
231,7424,0.000002423
232,7424,0.000001718
233,7424,0.000001864
234,7424,0.000001534
235,7424,0.000001660
236,7424,0.000001679
237,7424,0.000001687
238,7424,0.000001690
239,7424,0.000002251
240,7424,0.000001528
241,7424,0.000001850
242,7424,0.000001675
243,7424,0.000001668
244,7424,0.000001597
245,7424,0.000001477
246,7424,0.000001798
247,7424,0.000001744
248,7424,0.000002395
249,7424,0.000002076
250,7424,0.000001486
251,7424,0.000001796
252,7424,0.000001693
253,7424,0.000001705
254,7424,0.000001719
255,7424,0.000001394
256,7424,0.000002272
257,7424,0.000001823
258,7424,0.000001956
259,7424,0.000001847
260,7424,0.000001750
261,7424,0.000001552
262,7424,0.000001745
263,7424,0.000001727
264,7424,0.000002684
265,7424,0.000001720
266,7424,0.000001356
267,7424,0.000001724
268,7424,0.000001671
269,7424,0.000001626
270,7424,0.000001673
271,7424,0.000001721
272,7424,0.000001601
273,7424,0.000002415
274,7424,0.000001661
275,7424,0.000002021
276,7424,0.000001799
277,7424,0.000001484
278,7424,0.000001754
279,7424,0.000001740
280,7424,0.000001711
281,7424,0.000002533
282,7424,0.000001668
283,7424,0.000001764
284,7424,0.000001727
285,7424,0.000001712
286,7424,0.000001769
287,7424,0.000001659
288,7424,0.000001697
289,7424,0.000002051
290,7424,0.000002389
291,7424,0.000001677
292,7424,0.000001746
293,7424,0.000001733
294,7424,0.000001725
295,7424,0.000001699
296,7424,0.000001729
297,7424,0.000001741
298,7424,0.000002173
299,7424,0.000001841
300,7424,0.000001759
301,7424,0.000001709
302,7424,0.000001629
303,7424,0.000001671
304,7424,0.000001855
305,7424,0.000001693
306,7424,0.000001893
307,7424,0.000002424
308,7424,0.000001754
309,7424,0.000001421
310,7424,0.000001855
311,7424,0.000001651
312,7424,0.000001647
313,7424,0.000001771
314,7424,0.000001471
315,7424,0.000002542
316,7424,0.000001801
317,7424,0.000001942
318,7424,0.000001587
319,7424,0.000001321
320,7424,0.000001517
321,7424,0.000001723
322,7424,0.000001663
323,7424,0.000001841
324,7424,0.000002449
325,7424,0.000001551
326,7424,0.000001642
327,7424,0.000001756
328,7424,0.000001675
329,7424,0.000001718
330,7424,0.000001350
331,7424,0.000001676
332,7424,0.000001570
333,7424,0.000002328
334,7424,0.000001717
335,7424,0.000001535
336,7424,0.000001670
337,7424,0.000001661
338,7424,0.000001785
339,7424,0.000002195
340,7424,0.000002112
341,7424,0.000002105
342,7424,0.000001823
343,7424,0.000001700
344,7424,0.000002122
345,7424,0.000001920
346,7424,0.000001739
347,7424,0.000001806
348,7424,0.000002310
349,7424,0.000001898
350,7424,0.000001917
351,7424,0.000001546
352,7424,0.000001471
353,7424,0.000001898
354,7424,0.000001658
355,7424,0.000001687
356,7424,0.000001748
357,7424,0.000002129
358,7424,0.000001729
359,7424,0.000001614
360,7424,0.000001758
361,7424,0.000001750
362,7424,0.000001412
363,7424,0.000002045
364,7424,0.000001761
365,7424,0.000002494
366,7424,0.000001932
367,7424,0.000001525
368,7424,0.000001406
369,7424,0.000001773
370,7424,0.000001677
371,7424,0.000001685
372,7424,0.000001680
373,7424,0.000001372
374,7424,0.000002687
375,7424,0.000001769
376,7424,0.000001934
377,7424,0.000002172
378,7424,0.000001394
379,7424,0.000001854
380,7424,0.000001678
381,7424,0.000001964
382,7424,0.000002527
383,7424,0.000001378
384,7424,0.000001524
385,7424,0.000001667
386,7424,0.000001684
387,7424,0.000001747
388,7424,0.000001692
389,7424,0.000001505
390,7424,0.000001788
391,7424,0.000002475
392,7424,0.000001663
393,7424,0.000001765
394,7424,0.000001402
395,7424,0.000001735
396,7424,0.000001667
397,7424,0.000001647
398,7424,0.000001723
399,7424,0.000001461
400,7424,0.000002239
401,7424,0.000002085
402,7424,0.000001627
403,7424,0.000001948
404,7424,0.000001721
405,7424,0.000001372
406,7424,0.000001745
407,7424,0.000001690
408,7424,0.000002426
409,7424,0.000001758
410,7424,0.000001354
411,7424,0.000001627
412,7424,0.000001867
413,7424,0.000001833
414,7424,0.000001806
415,7424,0.000001391
416,7424,0.000001691
417,7424,0.000002567
418,7424,0.000001767
419,7424,0.000001616
420,7424,0.000001658
421,7424,0.000001535
422,7424,0.000001704
423,7424,0.000001798
424,7424,0.000001907
425,7424,0.000016497
426,7424,0.000001545
427,7424,0.000002786
428,7424,0.000001670
429,7424,0.000001721
430,7424,0.000001739
431,7424,0.000001431
432,7424,0.000001513
433,7424,0.000001817
434,7424,0.000001973
435,7424,0.000002014
436,7424,0.000014545
437,7424,0.000001533
438,7424,0.000001577
439,7424,0.000001977
440,7424,0.000001610
441,7424,0.000001762
442,7424,0.000001318
443,7424,0.000001820
444,7424,0.000001861
445,7424,0.000001813
446,7424,0.000001661
447,7424,0.000001431
448,7424,0.000001439
449,7424,0.000001647
450,7424,0.000002512
451,7424,0.000001705
452,7424,0.000001725
453,7424,0.000001551
454,7424,0.000001717
455,7424,0.000001732
456,7424,0.000001676
457,7424,0.000001740
458,7424,0.000001604
459,7424,0.000002120
460,7424,0.000001715
461,7424,0.000001642
462,7424,0.000002004
463,7424,0.000001472
464,7424,0.000001448
465,7424,0.000001706
466,7424,0.000001715
467,7424,0.000001655
468,7424,0.000001706
469,7424,0.000001232
470,7424,0.000001577
471,7424,0.000002532
472,7424,0.000001602
473,7424,0.000001692
474,7424,0.000001443
475,7424,0.000001675
476,7424,0.000001718
477,7424,0.000001989
478,7424,0.000001691
479,7424,0.000001488
480,7424,0.000001566
481,7424,0.000001651
482,7424,0.000001807
483,7424,0.000001958
484,7424,0.000001790
485,7424,0.000001525
486,7424,0.000001851
487,7424,0.000001761
488,7424,0.000001997
489,7424,0.000001963
490,7424,0.000001435
491,7424,0.000002521
492,7424,0.000001842
493,7424,0.000002120
494,7424,0.000001888
495,7424,0.000001360
496,7424,0.000001602
497,7424,0.000001669
498,7424,0.000001595
499,7424,0.000001695
500,7424,0.000001676
501,7424,0.000001349
502,7424,0.000001743
503,7424,0.000001553
504,7424,0.000001670
505,7424,0.000001729
506,7424,0.000001463
507,7424,0.000001626
508,7424,0.000001575
509,7424,0.000001548
510,7424,0.000001666
511,7424,0.000001359
512,7424,0.000001457
513,7424,0.000002650
514,7424,0.000001678
515,7424,0.000001946
516,7424,0.000001818
517,7424,0.000001494
518,7424,0.000001651
519,7424,0.000001762
520,7424,0.000001626
521,7424,0.000001684
522,7424,0.000001445
523,7424,0.000001758
524,7424,0.000001939
525,7424,0.000002070
526,7424,0.000001983
527,7424,0.000001355
528,7424,0.000001653
529,7424,0.000001937
530,7424,0.000001789
531,7424,0.000001716
532,7424,0.000001674
533,7424,0.000002211
534,7424,0.000001713
535,7424,0.000001698
536,7424,0.000001639
537,7424,0.000001769
538,7424,0.000001506
539,7424,0.000001738
540,7424,0.000001750
541,7424,0.000001723
542,7424,0.000001796
543,7424,0.000001470
544,7424,0.000001532
545,7424,0.000001547
546,7424,0.000001675
547,7424,0.000001760
548,7424,0.000001674
549,7424,0.000001325
550,7424,0.000001770
551,7424,0.000001937
552,7424,0.000001820
553,7424,0.000002073
554,7424,0.000001406
555,7424,0.000002656
556,7424,0.000001700
557,7424,0.000001581
558,7424,0.000001688
559,7424,0.000001372
560,7424,0.000001476
561,7424,0.000001844
562,7424,0.000001892
563,7424,0.000001988
564,7424,0.000001719
565,7424,0.000001632
566,7424,0.000001940
567,7424,0.000001696
568,7424,0.000001602
569,7424,0.000001619
570,7424,0.000001385
571,7424,0.000001852
572,7424,0.000002153
573,7424,0.000001800
574,7424,0.000002158
575,7424,0.000002208
576,7424,0.000001609
577,7424,0.000001826
578,7424,0.000001715
579,7424,0.000001697
580,7424,0.000001802
581,7424,0.000001340
582,7424,0.000001624
583,7424,0.000001773
584,7424,0.000002381
585,7424,0.000001810
586,7424,0.000001450
587,7424,0.000001671
588,7424,0.000001724
589,7424,0.000001762
590,7424,0.000001602
591,7424,0.000001455
592,7424,0.000001377
593,7424,0.000002557
594,7424,0.000001912
595,7424,0.000001692
596,7424,0.000001670
597,7424,0.000001442
598,7424,0.000002057
599,7424,0.000001738
600,7424,0.000002019
601,7424,0.000002475
602,7424,0.000001451
603,7424,0.000001748
604,7424,0.000001627
605,7424,0.000001912
606,7424,0.000001852
607,7424,0.000001343
608,7424,0.000001436
609,7424,0.000001698
610,7424,0.000002296
611,7424,0.000001800
612,7424,0.000001638
613,7424,0.000001436
614,7424,0.000002192
615,7424,0.000001704
616,7424,0.000001827
617,7424,0.000002084
618,7424,0.000002068
619,7424,0.000001882
620,7424,0.000002362
621,7424,0.000001590
622,7424,0.000001914
623,7424,0.000001401
624,7424,0.000001553
625,7424,0.000001675
626,7424,0.000001823
627,7424,0.000002636
628,7424,0.000001749
629,7424,0.000001376
630,7424,0.000010422
631,7424,0.000002341
632,7424,0.000001769
633,7424,0.000002089
634,7424,0.000001451
635,7424,0.000002784
636,7424,0.000001738
637,7424,0.000001977
638,7424,0.000001694
639,7424,0.000001405
640,7424,0.000001520
641,7424,0.000001790
642,7424,0.000001704
643,7424,0.000002586
644,7424,0.000001778
645,7424,0.000001457
646,7424,0.000001720
647,7424,0.000001777
648,7424,0.000001660
649,7424,0.000001722
650,7424,0.000001564
651,7424,0.000001660
652,7424,0.000002694
653,7424,0.000001887
654,7424,0.000002059
655,7424,0.000001684
656,7424,0.000001681
657,7424,0.000001792
658,7424,0.000001772
659,7424,0.000001918
660,7424,0.000002680
661,7424,0.000001457
662,7424,0.000001822
663,7424,0.000001715
664,7424,0.000001600
665,7424,0.000001709
666,7424,0.000001470
667,7424,0.000001744
668,7424,0.000002336
669,7424,0.000001675
670,7424,0.000001780
671,7424,0.000001342
672,7424,0.000001431
673,7424,0.000001746
674,7424,0.000001718
675,7424,0.000001696
676,7424,0.000001698
677,7424,0.000002172
678,7424,0.000001856
679,7424,0.000001629
680,7424,0.000002078
681,7424,0.000001752
682,7424,0.000001338
683,7424,0.000001725
684,7424,0.000001829
685,7424,0.000001640
686,7424,0.000002513
687,7424,0.000001480
688,7424,0.000001449
689,7424,0.000001581
690,7424,0.000001641
691,7424,0.000001723
692,7424,0.000001738
693,7424,0.000001478
694,7424,0.000001872
695,7424,0.000002443
696,7424,0.000001706
697,7424,0.000001684
698,7424,0.000001332
699,7424,0.000001715
700,7424,0.000001680
701,7424,0.000001641
702,7424,0.000001718
703,7424,0.000001412
704,7424,0.000002273
705,7424,0.000001664
706,7424,0.000001723
707,7424,0.000001657
708,7424,0.000001740
709,7424,0.000001325
710,7424,0.000001768
711,7424,0.000001791
712,7424,0.000002513
713,7424,0.000001796
714,7424,0.000001512
715,7424,0.000001752
716,7424,0.000001664
717,7424,0.000001679
718,7424,0.000001760
719,7424,0.000001349
720,7424,0.000001543
721,7424,0.000002722
722,7424,0.000001623
723,7424,0.000001603
724,7424,0.000001641
725,7424,0.000001378
726,7424,0.000001652
727,7424,0.000001912
728,7424,0.000001772
729,7424,0.000002066
730,7424,0.000002129
731,7424,0.000001679
732,7424,0.000001915
733,7424,0.000001773
734,7424,0.000001965
735,7424,0.000001297
736,7424,0.000001573
737,7424,0.000001700
738,7424,0.000002470
739,7424,0.000001815
740,7424,0.000001715
741,7424,0.000001428
742,7424,0.000001738
743,7424,0.000001672
744,7424,0.000001506
745,7424,0.000001616
746,7424,0.000001327
747,7424,0.000002287
748,7424,0.000001716
749,7424,0.000001661
750,7424,0.000001855
751,7424,0.000001373
752,7424,0.000001731
753,7424,0.000001860
754,7424,0.000001730
755,7424,0.000002458
756,7424,0.000002025
757,7424,0.000001367
758,7424,0.000001782
759,7424,0.000001610
760,7424,0.000001652
761,7424,0.000001636
762,7424,0.000001305
763,7424,0.000001706
764,7424,0.000002677
765,7424,0.000001801
766,7424,0.000001723
767,7424,0.000001442
768,7424,0.000001501
769,7424,0.000001676
770,7424,0.000001779
771,7424,0.000001788
772,7424,0.000001702
773,7424,0.000002097
774,7424,0.000001956
775,7424,0.000001659
776,7424,0.000001871
777,7424,0.000001668
778,7424,0.000001363
779,7424,0.000001694
780,7424,0.000001719
781,7424,0.000001988
782,7424,0.000002437
783,7424,0.000001390
784,7424,0.000001435
785,7424,0.000001952
786,7424,0.000001657
787,7424,0.000001943
788,7424,0.000001672
789,7424,0.000001762
790,7424,0.000002429
791,7424,0.000001838
792,7424,0.000001620
793,7424,0.000001684
794,7424,0.000001519
795,7424,0.000001699
796,7424,0.000001750
797,7424,0.000001697
798,7424,0.000001797
799,7424,0.000002148
800,7424,0.000001636
801,7424,0.000001742
802,7424,0.000001658
803,7424,0.000001679
804,7424,0.000001674
805,7424,0.000001482
806,7424,0.000001742
807,7424,0.000001854
808,7424,0.000002583
809,7424,0.000001709
810,7424,0.000001342
811,7424,0.000001681
812,7424,0.000002012
813,7424,0.000001905
814,7424,0.000001658
815,7424,0.000001537
816,7424,0.000002726
817,7424,0.000001955
818,7424,0.000001674
819,7424,0.000001780
820,7424,0.000001721
821,7424,0.000001345
822,7424,0.000001583
823,7424,0.000001726
824,7424,0.000002301
825,7424,0.000001812
826,7424,0.000001457
827,7424,0.000001853
828,7424,0.000001806
829,7424,0.000001727
830,7424,0.000001906
831,7424,0.000001349
832,7424,0.000001778
833,7424,0.000002545
834,7424,0.000001601
835,7424,0.000002198
836,7424,0.000001681
837,7424,0.000001472
838,7424,0.000001822
839,7424,0.000001682
840,7424,0.000001663
841,7424,0.000002420
842,7424,0.000001365
843,7424,0.000001988
844,7424,0.000001678
845,7424,0.000001719
846,7424,0.000001660
847,7424,0.000001366
848,7424,0.000001432
849,7424,0.000001699
850,7424,0.000002356
851,7424,0.000001709
852,7424,0.000001677
853,7424,0.000001434
854,7424,0.000001725
855,7424,0.000001811
856,7424,0.000002097
857,7424,0.000001701
858,7424,0.000001601
859,7424,0.000002534
860,7424,0.000001757
861,7424,0.000002059
862,7424,0.000001653
863,7424,0.000001562
864,7424,0.000001500
865,7424,0.000001661
866,7424,0.000001740
867,7424,0.000002487
868,7424,0.000001795
869,7424,0.000001321
870,7424,0.000001717
871,7424,0.000001710
872,7424,0.000001655
873,7424,0.000001776
874,7424,0.000001456
875,7424,0.000001842
876,7424,0.000002518
877,7424,0.000001653
878,7424,0.000001685
879,7424,0.000001377
880,7424,0.000001397
881,7424,0.000001673
882,7424,0.000001661
883,7424,0.000001730
884,7424,0.000002504
885,7424,0.000001446
886,7424,0.000001747
887,7424,0.000001719
888,7424,0.000001884
889,7424,0.000001649
890,7424,0.000001298
891,7424,0.000001558
892,7424,0.000001673
893,7424,0.000002690
894,7424,0.000001741
895,7424,0.000001496
896,7424,0.000001452
897,7424,0.000001947
898,7424,0.000001663
899,7424,0.000001910
900,7424,0.000001939
901,7424,0.000001756
902,7424,0.000002499
903,7424,0.000001677
904,7424,0.000001660
905,7424,0.000001752
906,7424,0.000001336
907,7424,0.000001751
908,7424,0.000001756
909,7424,0.000001717
910,7424,0.000002424
911,7424,0.000001556
912,7424,0.000001500
913,7424,0.000001763
914,7424,0.000001658
915,7424,0.000001640
916,7424,0.000001740
917,7424,0.000001564
918,7424,0.000001838
919,7424,0.000002445
920,7424,0.000001728
921,7424,0.000001711
922,7424,0.000001359
923,7424,0.000001719
924,7424,0.000001562
925,7424,0.000001668
926,7424,0.000001622
927,7424,0.000001380
928,7424,0.000002190
929,7424,0.000001632
930,7424,0.000001664
931,7424,0.000002004
932,7424,0.000001728
933,7424,0.000001617
934,7424,0.000001680
935,7424,0.000002072
936,7424,0.000002537
937,7424,0.000001796
938,7424,0.000001518
939,7424,0.000001903
940,7424,0.000001668
941,7424,0.000001770
942,7424,0.000002064
943,7424,0.000001345
944,7424,0.000001406
945,7424,0.000002319
946,7424,0.000001600
947,7424,0.000001590
948,7424,0.000001634
949,7424,0.000001450
950,7424,0.000001589
951,7424,0.000001604
952,7424,0.000001645
953,7424,0.000001881
954,7424,0.000002192
955,7424,0.000001707
956,7424,0.000001894
957,7424,0.000001798
958,7424,0.000001924
959,7424,0.000001481
960,7424,0.000001741
961,7424,0.000001974
962,7424,0.000001954
963,7424,0.000002509
964,7424,0.000001758
965,7424,0.000007457
966,7424,0.000003825
967,7424,0.000004860
968,7424,0.000003801
969,7424,0.000003777
970,7424,0.000004750
971,7424,0.000004636
972,7424,0.000003749
973,7424,0.000003669
974,7424,0.000004591
975,7424,0.000002412
976,7424,0.000006246
977,7424,0.000003550
978,7424,0.000004559
979,7424,0.000003582
980,7424,0.000003723
981,7424,0.000002366
982,7424,0.000004737
983,7424,0.000003861
984,7424,0.000003715
985,7424,0.000003912
986,7424,0.000003149
987,7424,0.000003537
988,7424,0.000004487
989,7424,0.000003652
990,7424,0.000017808
991,7424,0.000002838
992,7424,0.000004423
993,7424,0.000006067
994,7424,0.000003933
995,7424,0.000016568
996,7424,0.000003741
997,7424,0.000002427
998,7424,0.000003513
999,7424,0.000003652
0,7680,0.000009720
1,7680,0.000004018
2,7680,0.000002648
3,7680,0.000003102
4,7680,0.000002869
5,7680,0.000002808
6,7680,0.000002794
7,7680,0.000001958
8,7680,0.000002142
9,7680,0.000003992
10,7680,0.000002537
11,7680,0.000002750
12,7680,0.000002462
13,7680,0.000002717
14,7680,0.000002343
15,7680,0.000003496
16,7680,0.000002256
17,7680,0.000003326
18,7680,0.000002480
19,7680,0.000002712
20,7680,0.000003827
21,7680,0.000002135
22,7680,0.000002115
23,7680,0.000001815
24,7680,0.000002068
25,7680,0.000002698
26,7680,0.000003825
27,7680,0.000002172
28,7680,0.000002094
29,7680,0.000002417
30,7680,0.000002339
31,7680,0.000001822
32,7680,0.000002072
33,7680,0.000003772
34,7680,0.000002496
35,7680,0.000002403
36,7680,0.000002431
37,7680,0.000002585
38,7680,0.000003516
39,7680,0.000001922
40,7680,0.000002015
41,7680,0.000002848
42,7680,0.000002449
43,7680,0.000002537
44,7680,0.000004150
45,7680,0.000002494
46,7680,0.000002302
47,7680,0.000002038
48,7680,0.000001976
49,7680,0.000002455
50,7680,0.000003383
51,7680,0.000003093
52,7680,0.000002575
53,7680,0.000002692
54,7680,0.000002543
55,7680,0.000002024
56,7680,0.000003060
57,7680,0.000002274
58,7680,0.000002370
59,7680,0.000002288
60,7680,0.000002648
61,7680,0.000002521
62,7680,0.000003694
63,7680,0.000001861
64,7680,0.000001937
65,7680,0.000001826
66,7680,0.000001812
67,7680,0.000002143
68,7680,0.000002708
69,7680,0.000001719
70,7680,0.000001748
71,7680,0.000001367
72,7680,0.000001789
73,7680,0.000001757
74,7680,0.000001997
75,7680,0.000001644
76,7680,0.000001682
77,7680,0.000002514
78,7680,0.000001979
79,7680,0.000001415
80,7680,0.000001521
81,7680,0.000001645
82,7680,0.000001651
83,7680,0.000001837
84,7680,0.000001743
85,7680,0.000002493
86,7680,0.000001767
87,7680,0.000001460
88,7680,0.000001421
89,7680,0.000001834
90,7680,0.000001616
91,7680,0.000001805
92,7680,0.000001599
93,7680,0.000001611
94,7680,0.000002463
95,7680,0.000001360
96,7680,0.000001682
97,7680,0.000001819
98,7680,0.000002035
99,7680,0.000001842
100,7680,0.000001891
101,7680,0.000001657
102,7680,0.000002493
103,7680,0.000001501
104,7680,0.000001479
105,7680,0.000002054
106,7680,0.000001919
107,7680,0.000001577
108,7680,0.000001760
109,7680,0.000001625
110,7680,0.000001816
111,7680,0.000002107
112,7680,0.000001509
113,7680,0.000001921
114,7680,0.000001771
115,7680,0.000001699
116,7680,0.000001984
117,7680,0.000001714
118,7680,0.000002534
119,7680,0.000002222
120,7680,0.000001558
121,7680,0.000001659
122,7680,0.000001634
123,7680,0.000001623
124,7680,0.000001558
125,7680,0.000001678
126,7680,0.000001830
127,7680,0.000001438
128,7680,0.000002221
129,7680,0.000001779
130,7680,0.000001573
131,7680,0.000001803
132,7680,0.000001689
133,7680,0.000002083
134,7680,0.000002052
135,7680,0.000002191
136,7680,0.000001561
137,7680,0.000001722
138,7680,0.000001591
139,7680,0.000001532
140,7680,0.000001624
141,7680,0.000001631
142,7680,0.000001783
143,7680,0.000001329
144,7680,0.000002618
145,7680,0.000001667
146,7680,0.000001929
147,7680,0.000001654
148,7680,0.000001768
149,7680,0.000001728
150,7680,0.000001728
151,7680,0.000001309
152,7680,0.000001517
153,7680,0.000002495
154,7680,0.000001577
155,7680,0.000001674
156,7680,0.000001858
157,7680,0.000001638
158,7680,0.000001712
159,7680,0.000001392
160,7680,0.000001477
161,7680,0.000001716
162,7680,0.000002372
163,7680,0.000001676
164,7680,0.000001711
165,7680,0.000001854
166,7680,0.000001780
167,7680,0.000001510
168,7680,0.000001525
169,7680,0.000001747
170,7680,0.000001709
171,7680,0.000002356
172,7680,0.000001654
173,7680,0.000001688
174,7680,0.000001706
175,7680,0.000001383
176,7680,0.000001679
177,7680,0.000001591
178,7680,0.000001779
179,7680,0.000002382
180,7680,0.000001827
181,7680,0.000001626
182,7680,0.000001719
183,7680,0.000001367
184,7680,0.000001704
185,7680,0.000001874
186,7680,0.000002000
187,7680,0.000001717
188,7680,0.000002426
189,7680,0.000001823
190,7680,0.000001692
191,7680,0.000001458
192,7680,0.000001515
193,7680,0.000001699
194,7680,0.000001681
195,7680,0.000001650
196,7680,0.000001839
197,7680,0.000002384
198,7680,0.000001892
199,7680,0.000001402
200,7680,0.000001709
201,7680,0.000001914
202,7680,0.000001770
203,7680,0.000001963
204,7680,0.000002069
205,7680,0.000002316
206,7680,0.000001741
207,7680,0.000001344
208,7680,0.000001486
209,7680,0.000001772
210,7680,0.000001714
211,7680,0.000001640
212,7680,0.000001639
213,7680,0.000002497
214,7680,0.000001734
215,7680,0.000001448
216,7680,0.000001776
217,7680,0.000001901
218,7680,0.000001962
219,7680,0.000001811
220,7680,0.000002004
221,7680,0.000002459
222,7680,0.000001719
223,7680,0.000001631
224,7680,0.000001451
225,7680,0.000001708
226,7680,0.000001625
227,7680,0.000001592
228,7680,0.000001597
229,7680,0.000001877
230,7680,0.000002432
231,7680,0.000001479
232,7680,0.000001480
233,7680,0.000002071
234,7680,0.000001614
235,7680,0.000001589
236,7680,0.000001527
237,7680,0.000001720
238,7680,0.000002037
239,7680,0.000002170
240,7680,0.000001478
241,7680,0.000001698
242,7680,0.000001827
243,7680,0.000001746
244,7680,0.000001762
245,7680,0.000001670
246,7680,0.000001683
247,7680,0.000002434
248,7680,0.000001517
249,7680,0.000001728
250,7680,0.000001786
251,7680,0.000001648
252,7680,0.000001742
253,7680,0.000001668
254,7680,0.000001946
255,7680,0.000002075
256,7680,0.000001693
257,7680,0.000002044
258,7680,0.000001731
259,7680,0.000001623
260,7680,0.000001609
261,7680,0.000001644
262,7680,0.000001667
263,7680,0.000001413
264,7680,0.000002210
265,7680,0.000001641
266,7680,0.000001744
267,7680,0.000001881
268,7680,0.000001943
269,7680,0.000002056
270,7680,0.000002143
271,7680,0.000001338
272,7680,0.000002244
273,7680,0.000001867
274,7680,0.000001706
275,7680,0.000001967
276,7680,0.000001686
277,7680,0.000001642
278,7680,0.000001696
279,7680,0.000001511
280,7680,0.000001487
281,7680,0.000002345
282,7680,0.000001929
283,7680,0.000001756
284,7680,0.000001641
285,7680,0.000001888
286,7680,0.000001708
287,7680,0.000001356
288,7680,0.000001507
289,7680,0.000002010
290,7680,0.000002442
291,7680,0.000001926
292,7680,0.000001581
293,7680,0.000001719
294,7680,0.000001779
295,7680,0.000001399
296,7680,0.000001714
297,7680,0.000001634
298,7680,0.000002334
299,7680,0.000001949
300,7680,0.000001907
301,7680,0.000001715
302,7680,0.000001666
303,7680,0.000001351
304,7680,0.000001485
305,7680,0.000001876
306,7680,0.000002410
307,7680,0.000001798
308,7680,0.000001545
309,7680,0.000001674
310,7680,0.000001676
311,7680,0.000001573
312,7680,0.000001426
313,7680,0.000001662
314,7680,0.000001638
315,7680,0.000002433
316,7680,0.000001765
317,7680,0.000001630
318,7680,0.000001686
319,7680,0.000001334
320,7680,0.000001491
321,7680,0.000001577
322,7680,0.000001601
323,7680,0.000001695
324,7680,0.000002437
325,7680,0.000001752
326,7680,0.000001832
327,7680,0.000001403
328,7680,0.000001587
329,7680,0.000001931
330,7680,0.000001717
331,7680,0.000002004
332,7680,0.000002385
333,7680,0.000002058
334,7680,0.000001693
335,7680,0.000001382
336,7680,0.000001440
337,7680,0.000001633
338,7680,0.000001642
339,7680,0.000001676
340,7680,0.000001664
341,7680,0.000002699
342,7680,0.000001741
343,7680,0.000001406
344,7680,0.000001510
345,7680,0.000001601
346,7680,0.000001658
347,7680,0.000001586
348,7680,0.000001697
349,7680,0.000001737
350,7680,0.000002555
351,7680,0.000001384
352,7680,0.000001833
353,7680,0.000002009
354,7680,0.000001932
355,7680,0.000001949
356,7680,0.000001757
357,7680,0.000001635
358,7680,0.000002533
359,7680,0.000001412
360,7680,0.000001847
361,7680,0.000001653
362,7680,0.000001923
363,7680,0.000002109
364,7680,0.000001765
365,7680,0.000001862
366,7680,0.000002916
367,7680,0.000001390
368,7680,0.000001639
369,7680,0.000001925
370,7680,0.000001731
371,7680,0.000001684
372,7680,0.000001667
373,7680,0.000001682
374,7680,0.000001734
375,7680,0.000002207
376,7680,0.000001491
377,7680,0.000001908
378,7680,0.000001737
379,7680,0.000001614
380,7680,0.000001689
381,7680,0.000001719
382,7680,0.000001546
383,7680,0.000002180
384,7680,0.000001458
385,7680,0.000001723
386,7680,0.000001616
387,7680,0.000001767
388,7680,0.000001622
389,7680,0.000001611
390,7680,0.000001753
391,7680,0.000001467
392,7680,0.000002164
393,7680,0.000001768
394,7680,0.000001611
395,7680,0.000001696
396,7680,0.000001799
397,7680,0.000001875
398,7680,0.000001574
399,7680,0.000001430
400,7680,0.000001748
401,7680,0.000002619
402,7680,0.000002073
403,7680,0.000001764
404,7680,0.000001987
405,7680,0.000001602
406,7680,0.000001653
407,7680,0.000001424
408,7680,0.000001485
409,7680,0.000002425
410,7680,0.000001657
411,7680,0.000014282
412,7680,0.000002002
413,7680,0.000001691
414,7680,0.000001719
415,7680,0.000001392
416,7680,0.000001497
417,7680,0.000001631
418,7680,0.000001638
419,7680,0.000001686
420,7680,0.000001807
421,7680,0.000001762
422,7680,0.000001863
423,7680,0.000013846
424,7680,0.000001561
425,7680,0.000001675
426,7680,0.000001591
427,7680,0.000001669
428,7680,0.000001684
429,7680,0.000001730
430,7680,0.000002733
431,7680,0.000001414
432,7680,0.000001537
433,7680,0.000001645
434,7680,0.000001629
435,7680,0.000001860
436,7680,0.000001898
437,7680,0.000001992
438,7680,0.000002067
439,7680,0.000001537
440,7680,0.000001607
441,7680,0.000001771
442,7680,0.000001664
443,7680,0.000001670
444,7680,0.000001707
445,7680,0.000001660
446,7680,0.000001607
447,7680,0.000001355
448,7680,0.000001472
449,7680,0.000001698
450,7680,0.000001620
451,7680,0.000002323
452,7680,0.000001745
453,7680,0.000001618
454,7680,0.000001593
455,7680,0.000001315
456,7680,0.000001333
457,7680,0.000001653
458,7680,0.000001633
459,7680,0.000001571
460,7680,0.000001672
461,7680,0.000001654
462,7680,0.000001667
463,7680,0.000001440
464,7680,0.000001463
465,7680,0.000001672
466,7680,0.000002079
467,7680,0.000001827
468,7680,0.000001987
469,7680,0.000001643
470,7680,0.000002328
471,7680,0.000001568
472,7680,0.000002211
473,7680,0.000002116
474,7680,0.000001979
475,7680,0.000001914
476,7680,0.000001835
477,7680,0.000001910
478,7680,0.000001934
479,7680,0.000001551
480,7680,0.000001436
481,7680,0.000001671
482,7680,0.000001674
483,7680,0.000001659
484,7680,0.000001566
485,7680,0.000001644
486,7680,0.000001592
487,7680,0.000001331
488,7680,0.000001497
489,7680,0.000001643
490,7680,0.000001632
491,7680,0.000001587
492,7680,0.000001558
493,7680,0.000001803
494,7680,0.000002653
495,7680,0.000001477
496,7680,0.000001436
497,7680,0.000001620
498,7680,0.000001817
499,7680,0.000001621
500,7680,0.000001750
501,7680,0.000001955
502,7680,0.000001905
503,7680,0.000001324
504,7680,0.000001449
505,7680,0.000001795
506,7680,0.000013027
507,7680,0.000002248
508,7680,0.000001644
509,7680,0.000001935
510,7680,0.000002117
511,7680,0.000001578
512,7680,0.000002781
513,7680,0.000001688
514,7680,0.000001701
515,7680,0.000001983
516,7680,0.000001634
517,7680,0.000001986
518,7680,0.000001839
519,7680,0.000001405
520,7680,0.000001554
521,7680,0.000001739
522,7680,0.000001704
523,7680,0.000001625
524,7680,0.000001739
525,7680,0.000001852
526,7680,0.000001632
527,7680,0.000001361
528,7680,0.000001487
529,7680,0.000001800
530,7680,0.000001676
531,7680,0.000001720
532,7680,0.000001651
533,7680,0.000002682
534,7680,0.000001791
535,7680,0.000001490
536,7680,0.000001580
537,7680,0.000001581
538,7680,0.000001653
539,7680,0.000001651
540,7680,0.000001674
541,7680,0.000001616
542,7680,0.000001757
543,7680,0.000001818
544,7680,0.000001808
545,7680,0.000001854
546,7680,0.000001675
547,7680,0.000001650
548,7680,0.000001649
549,7680,0.000001601
550,7680,0.000001625
551,7680,0.000001652
552,7680,0.000001661
553,7680,0.000002260
554,7680,0.000002585
555,7680,0.000002018
556,7680,0.000029525
557,7680,0.000002130
558,7680,0.000001818
559,7680,0.000001414
560,7680,0.000001566
561,7680,0.000001678
562,7680,0.000014588
563,7680,0.000003065
564,7680,0.000001774
565,7680,0.000002054
566,7680,0.000001761
567,7680,0.000001453
568,7680,0.000001473
569,7680,0.000001606
570,7680,0.000001650
571,7680,0.000002312
572,7680,0.000001679
573,7680,0.000001649
574,7680,0.000001863
575,7680,0.000001344
576,7680,0.000001445
577,7680,0.000001759
578,7680,0.000001836
579,7680,0.000001675
580,7680,0.000002515
581,7680,0.000001766
582,7680,0.000001667
583,7680,0.000001441
584,7680,0.000001529
585,7680,0.000001809
586,7680,0.000001630
587,7680,0.000001633
588,7680,0.000001643
589,7680,0.000002364
590,7680,0.000001836
591,7680,0.000001418
592,7680,0.000001458
593,7680,0.000001744
594,7680,0.000001648
595,7680,0.000001987
596,7680,0.000001691
597,7680,0.000002756
598,7680,0.000001921
599,7680,0.000001681
600,7680,0.000001512
601,7680,0.000001623
602,7680,0.000001728
603,7680,0.000001724
604,7680,0.000001644
605,7680,0.000001947
606,7680,0.000002423
607,7680,0.000001778
608,7680,0.000001656
609,7680,0.000001789
610,7680,0.000001683
611,7680,0.000002226
612,7680,0.000002069
613,7680,0.000001865
614,7680,0.000002786
615,7680,0.000001559
616,7680,0.000001617
617,7680,0.000002005
618,7680,0.000001750
619,7680,0.000001850
620,7680,0.000001840
621,7680,0.000002491
622,7680,0.000001682
623,7680,0.000001419
624,7680,0.000001578
625,7680,0.000001691
626,7680,0.000001674
627,7680,0.000001667
628,7680,0.000001602
629,7680,0.000001611
630,7680,0.000002398
631,7680,0.000001329
632,7680,0.000001528
633,7680,0.000002193
634,7680,0.000001879
635,7680,0.000001647
636,7680,0.000001565
637,7680,0.000001658
638,7680,0.000002743
639,7680,0.000001428
640,7680,0.000001594
641,7680,0.000001704
642,7680,0.000001582
643,7680,0.000001711
644,7680,0.000001671
645,7680,0.000001872
646,7680,0.000001577
647,7680,0.000002206
648,7680,0.000001600
649,7680,0.000001737
650,7680,0.000001592
651,7680,0.000001763
652,7680,0.000001728
653,7680,0.000001631
654,7680,0.000001691
655,7680,0.000001372
656,7680,0.000002190
657,7680,0.000001606
658,7680,0.000001663
659,7680,0.000001651
660,7680,0.000001672
661,7680,0.000001733
662,7680,0.000001682
663,7680,0.000001464
664,7680,0.000001517
665,7680,0.000002526
666,7680,0.000001669
667,7680,0.000001968
668,7680,0.000001706
669,7680,0.000001718
670,7680,0.000001818
671,7680,0.000001469
672,7680,0.000001547
673,7680,0.000002454
674,7680,0.000001692
675,7680,0.000001682
676,7680,0.000001685
677,7680,0.000001618
678,7680,0.000001662
679,7680,0.000001373
680,7680,0.000001454
681,7680,0.000001667
682,7680,0.000002434
683,7680,0.000001665
684,7680,0.000001708
685,7680,0.000001656
686,7680,0.000001789
687,7680,0.000001465
688,7680,0.000001531
689,7680,0.000001773
690,7680,0.000001756
691,7680,0.000002433
692,7680,0.000001639
693,7680,0.000001618
694,7680,0.000001783
695,7680,0.000001331
696,7680,0.000001530
697,7680,0.000001683
698,7680,0.000001644
699,7680,0.000001608
700,7680,0.000002366
701,7680,0.000001694
702,7680,0.000001709
703,7680,0.000001343
704,7680,0.000001463
705,7680,0.000001900
706,7680,0.000001914
707,7680,0.000001807
708,7680,0.000001717
709,7680,0.000002706
710,7680,0.000001898
711,7680,0.000001640
712,7680,0.000001798
713,7680,0.000001980
714,7680,0.000001775
715,7680,0.000001663
716,7680,0.000001802
717,7680,0.000002561
718,7680,0.000001660
719,7680,0.000001256
720,7680,0.000001368
721,7680,0.000001559
722,7680,0.000001701
723,7680,0.000001947
724,7680,0.000001685
725,7680,0.000001810
726,7680,0.000002668
727,7680,0.000001588
728,7680,0.000001507
729,7680,0.000001844
730,7680,0.000001664
731,7680,0.000001694
732,7680,0.000001699
733,7680,0.000001731
734,7680,0.000002458
735,7680,0.000001525
736,7680,0.000001394
737,7680,0.000001857
738,7680,0.000001833
739,7680,0.000002035
740,7680,0.000001820
741,7680,0.000001690
742,7680,0.000002457
743,7680,0.000001379
744,7680,0.000001511
745,7680,0.000001719
746,7680,0.000001821
747,7680,0.000001577
748,7680,0.000001656
749,7680,0.000001731
750,7680,0.000001930
751,7680,0.000002192
752,7680,0.000001689
753,7680,0.000001944
754,7680,0.000001690
755,7680,0.000001779
756,7680,0.000001670
757,7680,0.000001630
758,7680,0.000001742
759,7680,0.000002088
760,7680,0.000001563
761,7680,0.000001765
762,7680,0.000001960
763,7680,0.000001671
764,7680,0.000001746
765,7680,0.000001628
766,7680,0.000001705
767,7680,0.000001352
768,7680,0.000002320
769,7680,0.000001746
770,7680,0.000001688
771,7680,0.000001533
772,7680,0.000001686
773,7680,0.000001703
774,7680,0.000001720
775,7680,0.000001495
776,7680,0.000001658
777,7680,0.000002392
778,7680,0.000001693
779,7680,0.000001692
780,7680,0.000001632
781,7680,0.000001774
782,7680,0.000001686
783,7680,0.000001426
784,7680,0.000001401
785,7680,0.000001865
786,7680,0.000002405
787,7680,0.000001983
788,7680,0.000001932
789,7680,0.000001759
790,7680,0.000001630
791,7680,0.000001441
792,7680,0.000001518
793,7680,0.000002432
794,7680,0.000001680
795,7680,0.000001840
796,7680,0.000001545
797,7680,0.000001635
798,7680,0.000002019
799,7680,0.000001354
800,7680,0.000001508
801,7680,0.000001710
802,7680,0.000002474
803,7680,0.000001819
804,7680,0.000001676
805,7680,0.000001691
806,7680,0.000001635
807,7680,0.000001594
808,7680,0.000001578
809,7680,0.000001800
810,7680,0.000001970
811,7680,0.000002510
812,7680,0.000001759
813,7680,0.000001603
814,7680,0.000001709
815,7680,0.000001364
816,7680,0.000001452
817,7680,0.000001728
818,7680,0.000001644
819,7680,0.000001790
820,7680,0.000002338
821,7680,0.000001670
822,7680,0.000001656
823,7680,0.000001418
824,7680,0.000001463
825,7680,0.000001788
826,7680,0.000001583
827,7680,0.000001872
828,7680,0.000002443
829,7680,0.000001760
830,7680,0.000001640
831,7680,0.000001576
832,7680,0.000001470
833,7680,0.000001758
834,7680,0.000001757
835,7680,0.000001646
836,7680,0.000001945
837,7680,0.000002495
838,7680,0.000001691
839,7680,0.000001352
840,7680,0.000001704
841,7680,0.000001726
842,7680,0.000001800
843,7680,0.000001680
844,7680,0.000001742
845,7680,0.000002429
846,7680,0.000002043
847,7680,0.000001619
848,7680,0.000001410
849,7680,0.000001581
850,7680,0.000001644
851,7680,0.000001761
852,7680,0.000001667
853,7680,0.000002526
854,7680,0.000001780
855,7680,0.000001450
856,7680,0.000001404
857,7680,0.000001696
858,7680,0.000001722
859,7680,0.000001625
860,7680,0.000001624
861,7680,0.000001512
862,7680,0.000002470
863,7680,0.000001449
864,7680,0.000001633
865,7680,0.000001712
866,7680,0.000001665
867,7680,0.000001711
868,7680,0.000001627
869,7680,0.000001728
870,7680,0.000001696
871,7680,0.000002241
872,7680,0.000001466
873,7680,0.000001554
874,7680,0.000001779
875,7680,0.000001589
876,7680,0.000001644
877,7680,0.000001768
878,7680,0.000001709
879,7680,0.000001379
880,7680,0.000002220
881,7680,0.000001982
882,7680,0.000001699
883,7680,0.000001662
884,7680,0.000001785
885,7680,0.000001902
886,7680,0.000002032
887,7680,0.000001450
888,7680,0.000002267
889,7680,0.000001692
890,7680,0.000001641
891,7680,0.000001567
892,7680,0.000001491
893,7680,0.000001550
894,7680,0.000001872
895,7680,0.000001332
896,7680,0.000001443
897,7680,0.000001957
898,7680,0.000002478
899,7680,0.000001713
900,7680,0.000001946
901,7680,0.000001674
902,7680,0.000001760
903,7680,0.000001349
904,7680,0.000001681
905,7680,0.000001697
906,7680,0.000002779
907,7680,0.000001800
908,7680,0.000001714
909,7680,0.000001583
910,7680,0.000001658
911,7680,0.000001545
912,7680,0.000001390
913,7680,0.000001644
914,7680,0.000001790
915,7680,0.000002521
916,7680,0.000001674
917,7680,0.000001674
918,7680,0.000001617
919,7680,0.000001347
920,7680,0.000001540
921,7680,0.000001718
922,7680,0.000001733
923,7680,0.000002427
924,7680,0.000001730
925,7680,0.000001738
926,7680,0.000001662
927,7680,0.000001466
928,7680,0.000001680
929,7680,0.000001924
930,7680,0.000001555
931,7680,0.000001719
932,7680,0.000002629
933,7680,0.000001763
934,7680,0.000001673
935,7680,0.000001431
936,7680,0.000001469
937,7680,0.000001678
938,7680,0.000001936
939,7680,0.000001693
940,7680,0.000002439
941,7680,0.000001792
942,7680,0.000001766
943,7680,0.000001385
944,7680,0.000001422
945,7680,0.000001682
946,7680,0.000001584
947,7680,0.000001556
948,7680,0.000001674
949,7680,0.000002542
950,7680,0.000001829
951,7680,0.000001585
952,7680,0.000001882
953,7680,0.000001884
954,7680,0.000002035
955,7680,0.000001718
956,7680,0.000001617
957,7680,0.000002489
958,7680,0.000002186
959,7680,0.000001304
960,7680,0.000001482
961,7680,0.000001696
962,7680,0.000001679
963,7680,0.000001678
964,7680,0.000001894
965,7680,0.000001886
966,7680,0.000007551
967,7680,0.000002613
968,7680,0.000003355
969,7680,0.000003575
970,7680,0.000004607
971,7680,0.000003996
972,7680,0.000016801
973,7680,0.000006754
974,7680,0.000004898
975,7680,0.000002512
976,7680,0.000016150
977,7680,0.000005708
978,7680,0.000003572
979,7680,0.000003574
980,7680,0.000003562
981,7680,0.000003634
982,7680,0.000003898
983,7680,0.000002249
984,7680,0.000004389
985,7680,0.000003635
986,7680,0.000003769
987,7680,0.000003662
988,7680,0.000003652
989,7680,0.000005098
990,7680,0.000006094
991,7680,0.000002319
992,7680,0.000003243
993,7680,0.000012111
994,7680,0.000005086
995,7680,0.000004288
996,7680,0.000003577
997,7680,0.000004621
998,7680,0.000003656
999,7680,0.000002318
0,7936,0.000009062
1,7936,0.000003495
2,7936,0.000002826
3,7936,0.000002372
4,7936,0.000002837
5,7936,0.000002964
6,7936,0.000002365
7,7936,0.000002409
8,7936,0.000003914
9,7936,0.000003472
10,7936,0.000002524
11,7936,0.000002718
12,7936,0.000002689
13,7936,0.000004309
14,7936,0.000002262
15,7936,0.000001913
16,7936,0.000002214
17,7936,0.000002274
18,7936,0.000002446
19,7936,0.000003854
20,7936,0.000002523
21,7936,0.000002292
22,7936,0.000002276
23,7936,0.000002206
24,7936,0.000002478
25,7936,0.000003627
26,7936,0.000002955
27,7936,0.000002568
28,7936,0.000002749
29,7936,0.000002672
30,7936,0.000003953
31,7936,0.000002331
32,7936,0.000002703
33,7936,0.000002903
34,7936,0.000002493
35,7936,0.000002612
36,7936,0.000003381
37,7936,0.000002343
38,7936,0.000002172
39,7936,0.000002333
40,7936,0.000002169
41,7936,0.000003078
42,7936,0.000004241
43,7936,0.000002488
44,7936,0.000002365
45,7936,0.000002484
46,7936,0.000002735
47,7936,0.000003337
48,7936,0.000002108
49,7936,0.000002303
50,7936,0.000002363
51,7936,0.000002576
52,7936,0.000002406
53,7936,0.000003371
54,7936,0.000002436
55,7936,0.000002294
56,7936,0.000002491
57,7936,0.000002345
58,7936,0.000002340
59,7936,0.000003310
60,7936,0.000002331
61,7936,0.000002527
62,7936,0.000002427
63,7936,0.000002324
64,7936,0.000002472
65,7936,0.000004134
66,7936,0.000001879
67,7936,0.000001705
68,7936,0.000001665
69,7936,0.000001758
70,7936,0.000001678
71,7936,0.000001751
72,7936,0.000002490
73,7936,0.000001797
74,7936,0.000001646
75,7936,0.000001632
76,7936,0.000001773
77,7936,0.000001723
78,7936,0.000001700
79,7936,0.000001382
80,7936,0.000001937
81,7936,0.000002605
82,7936,0.000001812
83,7936,0.000001775
84,7936,0.000001776
85,7936,0.000001585
86,7936,0.000001697
87,7936,0.000002005
88,7936,0.000001982
89,7936,0.000002363
90,7936,0.000001620
91,7936,0.000001676
92,7936,0.000001680
93,7936,0.000001743
94,7936,0.000001753
95,7936,0.000001443
96,7936,0.000001999
97,7936,0.000002910
98,7936,0.000002016
99,7936,0.000001759
100,7936,0.000001983
101,7936,0.000002054
102,7936,0.000001878
103,7936,0.000001960
104,7936,0.000002413
105,7936,0.000001778
106,7936,0.000001630
107,7936,0.000001759
108,7936,0.000001966
109,7936,0.000001950
110,7936,0.000001828
111,7936,0.000001489
112,7936,0.000002302
113,7936,0.000001780
114,7936,0.000001784
115,7936,0.000001746
116,7936,0.000001720
117,7936,0.000001660
118,7936,0.000001653
119,7936,0.000001629
120,7936,0.000001672
121,7936,0.000002407
122,7936,0.000001803
123,7936,0.000001634
124,7936,0.000001894
125,7936,0.000001889
126,7936,0.000001981
127,7936,0.000001592
128,7936,0.000001731
129,7936,0.000002878
130,7936,0.000001737
131,7936,0.000001720
132,7936,0.000002097
133,7936,0.000001693
134,7936,0.000001919
135,7936,0.000001573
136,7936,0.000002316
137,7936,0.000001851
138,7936,0.000001873
139,7936,0.000002027
140,7936,0.000001991
141,7936,0.000001799
142,7936,0.000001770
143,7936,0.000001452
144,7936,0.000002213
145,7936,0.000001746
146,7936,0.000001754
147,7936,0.000001738
148,7936,0.000001719
149,7936,0.000001589
150,7936,0.000001701
151,7936,0.000001705
152,7936,0.000001601
153,7936,0.000002444
154,7936,0.000001600
155,7936,0.000001789
156,7936,0.000001594
157,7936,0.000001605
158,7936,0.000001733
159,7936,0.000001397
160,7936,0.000001581
161,7936,0.000001839
162,7936,0.000002477
163,7936,0.000002080
164,7936,0.000001814
165,7936,0.000001650
166,7936,0.000001578
167,7936,0.000001610
168,7936,0.000001613
169,7936,0.000001691
170,7936,0.000002320
171,7936,0.000002011
172,7936,0.000001987
173,7936,0.000001850
174,7936,0.000002108
175,7936,0.000001349
176,7936,0.000001483
177,7936,0.000001760
178,7936,0.000001734
179,7936,0.000002474
180,7936,0.000001749
181,7936,0.000001691
182,7936,0.000001640
183,7936,0.000001705
184,7936,0.000001979
185,7936,0.000001756
186,7936,0.000001693
187,7936,0.000002513
188,7936,0.000002040
189,7936,0.000001688
190,7936,0.000001980
191,7936,0.000001753
192,7936,0.000001500
193,7936,0.000001769
194,7936,0.000001725
195,7936,0.000002594
196,7936,0.000001677
197,7936,0.000001695
198,7936,0.000001844
199,7936,0.000001665
200,7936,0.000001653
201,7936,0.000001685
202,7936,0.000001800
203,7936,0.000002516
204,7936,0.000001729
205,7936,0.000001646
206,7936,0.000001743
207,7936,0.000001424
208,7936,0.000001487
209,7936,0.000001725
210,7936,0.000001680
211,7936,0.000001831
212,7936,0.000002417
213,7936,0.000001790
214,7936,0.000001692
215,7936,0.000001629
216,7936,0.000001648
217,7936,0.000001981
218,7936,0.000001696
219,7936,0.000001681
220,7936,0.000002433
221,7936,0.000001692
222,7936,0.000001666
223,7936,0.000001315
224,7936,0.000001470
225,7936,0.000001775
226,7936,0.000001916
227,7936,0.000001586
228,7936,0.000001558
229,7936,0.000002328
230,7936,0.000002103
231,7936,0.000001709
232,7936,0.000001677
233,7936,0.000001920
234,7936,0.000001664
235,7936,0.000002123
236,7936,0.000001694
237,7936,0.000002446
238,7936,0.000001962
239,7936,0.000001470
240,7936,0.000001451
241,7936,0.000001701
242,7936,0.000001785
243,7936,0.000001722
244,7936,0.000001719
245,7936,0.000001675
246,7936,0.000002430
247,7936,0.000001735
248,7936,0.000001634
249,7936,0.000001651
250,7936,0.000001712
251,7936,0.000001925
252,7936,0.000001876
253,7936,0.000001634
254,7936,0.000002539
255,7936,0.000001380
256,7936,0.000001501
257,7936,0.000001548
258,7936,0.000001874
259,7936,0.000001724
260,7936,0.000001785
261,7936,0.000001704
262,7936,0.000002019
263,7936,0.000002400
264,7936,0.000001987
265,7936,0.000001668
266,7936,0.000001783
267,7936,0.000002001
268,7936,0.000001719
269,7936,0.000001686
270,7936,0.000012704
271,7936,0.000002625
272,7936,0.000001452
273,7936,0.000001803
274,7936,0.000016416
275,7936,0.000001830
276,7936,0.000001840
277,7936,0.000001756
278,7936,0.000001756
279,7936,0.000001787
280,7936,0.000001784
281,7936,0.000001705
282,7936,0.000001730
283,7936,0.000001748
284,7936,0.000002665
285,7936,0.000001788
286,7936,0.000001670
287,7936,0.000001341
288,7936,0.000014196
289,7936,0.000001661
290,7936,0.000002115
291,7936,0.000001730
292,7936,0.000001798
293,7936,0.000001673
294,7936,0.000001601
295,7936,0.000002024
296,7936,0.000001954
297,7936,0.000001905
298,7936,0.000001561
299,7936,0.000001701
300,7936,0.000001717
301,7936,0.000001713
302,7936,0.000001649
303,7936,0.000001426
304,7936,0.000001499
305,7936,0.000002600
306,7936,0.000001829
307,7936,0.000001686
308,7936,0.000001681
309,7936,0.000001652
310,7936,0.000001537
311,7936,0.000001585
312,7936,0.000001630
313,7936,0.000001642
314,7936,0.000002066
315,7936,0.000001776
316,7936,0.000002003
317,7936,0.000002158
318,7936,0.000002013
319,7936,0.000001262
320,7936,0.000001433
321,7936,0.000001683
322,7936,0.000001833
323,7936,0.000001665
324,7936,0.000001796
325,7936,0.000002434
326,7936,0.000001600
327,7936,0.000001655
328,7936,0.000001660
329,7936,0.000001590
330,7936,0.000002090
331,7936,0.000002022
332,7936,0.000002009
333,7936,0.000001928
334,7936,0.000001633
335,7936,0.000001467
336,7936,0.000001427
337,7936,0.000001758
338,7936,0.000001756
339,7936,0.000001761
340,7936,0.000001776
341,7936,0.000002014
342,7936,0.000001975
343,7936,0.000001792
344,7936,0.000002381
345,7936,0.000001938
346,7936,0.000001849
347,7936,0.000001641
348,7936,0.000001668
349,7936,0.000001658
350,7936,0.000001768
351,7936,0.000001576
352,7936,0.000001766
353,7936,0.000002946
354,7936,0.000001789
355,7936,0.000001871
356,7936,0.000001606
357,7936,0.000001698
358,7936,0.000001660
359,7936,0.000001733
360,7936,0.000001804
361,7936,0.000002471
362,7936,0.000001721
363,7936,0.000001694
364,7936,0.000001752
365,7936,0.000001730
366,7936,0.000001767
367,7936,0.000001849
368,7936,0.000002031
369,7936,0.000002509
370,7936,0.000001653
371,7936,0.000001587
372,7936,0.000001823
373,7936,0.000001615
374,7936,0.000001670
375,7936,0.000001649
376,7936,0.000001698
377,7936,0.000002466
378,7936,0.000001691
379,7936,0.000001641
380,7936,0.000001742
381,7936,0.000001656
382,7936,0.000001691
383,7936,0.000001389
384,7936,0.000001390
385,7936,0.000001705
386,7936,0.000002364
387,7936,0.000001794
388,7936,0.000001804
389,7936,0.000001767
390,7936,0.000001793
391,7936,0.000001713
392,7936,0.000001576
393,7936,0.000001599
394,7936,0.000002400
395,7936,0.000001906
396,7936,0.000002123
397,7936,0.000001850
398,7936,0.000001610
399,7936,0.000001450
400,7936,0.000001419
401,7936,0.000001601
402,7936,0.000001791
403,7936,0.000002384
404,7936,0.000001655
405,7936,0.000001653
406,7936,0.000001709
407,7936,0.000002030
408,7936,0.000001710
409,7936,0.000001635
410,7936,0.000001607
411,7936,0.000002781
412,7936,0.000001666
413,7936,0.000001783
414,7936,0.000001800
415,7936,0.000001513
416,7936,0.000001549
417,7936,0.000001702
418,7936,0.000001659
419,7936,0.000001611
420,7936,0.000002359
421,7936,0.000001696
422,7936,0.000001787
423,7936,0.000001697
424,7936,0.000001858
425,7936,0.000002075
426,7936,0.000001975
427,7936,0.000001859
428,7936,0.000002731
429,7936,0.000001729
430,7936,0.000001664
431,7936,0.000001425
432,7936,0.000001423
433,7936,0.000001708
434,7936,0.000001715
435,7936,0.000001751
436,7936,0.000002350
437,7936,0.000001800
438,7936,0.000001668
439,7936,0.000001552
440,7936,0.000001791
441,7936,0.000001546
442,7936,0.000001968
443,7936,0.000001749
444,7936,0.000001660
445,7936,0.000002450
446,7936,0.000002034
447,7936,0.000001310
448,7936,0.000001563
449,7936,0.000001704
450,7936,0.000001656
451,7936,0.000001828
452,7936,0.000001937
453,7936,0.000002540
454,7936,0.000001704
455,7936,0.000001790
456,7936,0.000001622
457,7936,0.000001794
458,7936,0.000001782
459,7936,0.000001725
460,7936,0.000002073
461,7936,0.000002552
462,7936,0.000001905
463,7936,0.000001394
464,7936,0.000001556
465,7936,0.000001707
466,7936,0.000001599
467,7936,0.000001653
468,7936,0.000001664
469,7936,0.000001695
470,7936,0.000002273
471,7936,0.000001542
472,7936,0.000001686
473,7936,0.000001915
474,7936,0.000001683
475,7936,0.000001608
476,7936,0.000001587
477,7936,0.000001645
478,7936,0.000001582
479,7936,0.000002224
480,7936,0.000001559
481,7936,0.000001628
482,7936,0.000001588
483,7936,0.000001700
484,7936,0.000001733
485,7936,0.000001776
486,7936,0.000001635
487,7936,0.000001698
488,7936,0.000002523
489,7936,0.000001906
490,7936,0.000001900
491,7936,0.000001783
492,7936,0.000001771
493,7936,0.000001918
494,7936,0.000002006
495,7936,0.000001599
496,7936,0.000002410
497,7936,0.000001785
498,7936,0.000001665
499,7936,0.000001751
500,7936,0.000001769
501,7936,0.000001586
502,7936,0.000001768
503,7936,0.000002001
504,7936,0.000002384
505,7936,0.000001940
506,7936,0.000001734
507,7936,0.000001727
508,7936,0.000001742
509,7936,0.000001620
510,7936,0.000001707
511,7936,0.000001401
512,7936,0.000002319
513,7936,0.000001691
514,7936,0.000001778
515,7936,0.000001722
516,7936,0.000001899
517,7936,0.000001737
518,7936,0.000001676
519,7936,0.000001663
520,7936,0.000001849
521,7936,0.000002358
522,7936,0.000001851
523,7936,0.000001996
524,7936,0.000001744
525,7936,0.000001972
526,7936,0.000001723
527,7936,0.000001418
528,7936,0.000001508
529,7936,0.000002387
530,7936,0.000002095
531,7936,0.000001825
532,7936,0.000001785
533,7936,0.000001769
534,7936,0.000001944
535,7936,0.000001897
536,7936,0.000001940
537,7936,0.000002866
538,7936,0.000001778
539,7936,0.000001802
540,7936,0.000001728
541,7936,0.000001723
542,7936,0.000001666
543,7936,0.000001446
544,7936,0.000001408
545,7936,0.000002570
546,7936,0.000001776
547,7936,0.000001748
548,7936,0.000001717
549,7936,0.000001612
550,7936,0.000001637
551,7936,0.000001526
552,7936,0.000001598
553,7936,0.000001717
554,7936,0.000002363
555,7936,0.000002253
556,7936,0.000002605
557,7936,0.000002523
558,7936,0.000002550
559,7936,0.000002213
560,7936,0.000004323
561,7936,0.000002506
562,7936,0.000002605
563,7936,0.000002696
564,7936,0.000002768
565,7936,0.000003707
566,7936,0.000002300
567,7936,0.000002305
568,7936,0.000002627
569,7936,0.000002107
570,7936,0.000002089
571,7936,0.000003354
572,7936,0.000002298
573,7936,0.000002257
574,7936,0.000002263
575,7936,0.000001914
576,7936,0.000001851
577,7936,0.000002313
578,7936,0.000003237
579,7936,0.000002453
580,7936,0.000003005
581,7936,0.000002703
582,7936,0.000002413
583,7936,0.000003639
584,7936,0.000002545
585,7936,0.000002254
586,7936,0.000002298
587,7936,0.000002251
588,7936,0.000002376
589,7936,0.000003450
590,7936,0.000002575
591,7936,0.000002113
592,7936,0.000002178
593,7936,0.000002555
594,7936,0.000002568
595,7936,0.000003619
596,7936,0.000002508
597,7936,0.000002310
598,7936,0.000002473
599,7936,0.000002661
600,7936,0.000002462
601,7936,0.000003861
602,7936,0.000002425
603,7936,0.000002314
604,7936,0.000002371
605,7936,0.000002596
606,7936,0.000002570
607,7936,0.000003138
608,7936,0.000002254
609,7936,0.000002350
610,7936,0.000002688
611,7936,0.000002449
612,7936,0.000002530
613,7936,0.000003586
614,7936,0.000002723
615,7936,0.000002390
616,7936,0.000002418
617,7936,0.000002455
618,7936,0.000003426
619,7936,0.000002705
620,7936,0.000002504
621,7936,0.000002385
622,7936,0.000002392
623,7936,0.000001946
624,7936,0.000003061
625,7936,0.000002592
626,7936,0.000002405
627,7936,0.000002613
628,7936,0.000002435
629,7936,0.000002757
630,7936,0.000003638
631,7936,0.000003258
632,7936,0.000002748
633,7936,0.000002502
634,7936,0.000002471
635,7936,0.000003530
636,7936,0.000002565
637,7936,0.000002550
638,7936,0.000002605
639,7936,0.000002110
640,7936,0.000002200
641,7936,0.000003651
642,7936,0.000002500
643,7936,0.000003127
644,7936,0.000002615
645,7936,0.000002689
646,7936,0.000002548
647,7936,0.000003703
648,7936,0.000002636
649,7936,0.000002541
650,7936,0.000002583
651,7936,0.000002546
652,7936,0.000003569
653,7936,0.000002592
654,7936,0.000002832
655,7936,0.000002006
656,7936,0.000002100
657,7936,0.000002928
658,7936,0.000003576
659,7936,0.000002598
660,7936,0.000002513
661,7936,0.000002474
662,7936,0.000002470
663,7936,0.000003823
664,7936,0.000002943
665,7936,0.000002496
666,7936,0.000002485
667,7936,0.000002498
668,7936,0.000002822
669,7936,0.000003724
670,7936,0.000002851
671,7936,0.000002144
672,7936,0.000002334
673,7936,0.000002686
674,7936,0.000003575
675,7936,0.000002993
676,7936,0.000002503
677,7936,0.000002131
678,7936,0.000002584
679,7936,0.000002597
680,7936,0.000003670
681,7936,0.000002974
682,7936,0.000002463
683,7936,0.000002916
684,7936,0.000002919
685,7936,0.000004186
686,7936,0.000002817
687,7936,0.000002580
688,7936,0.000002596
689,7936,0.000003067
690,7936,0.000003938
691,7936,0.000002718
692,7936,0.000002523
693,7936,0.000002497
694,7936,0.000002657
695,7936,0.000003647
696,7936,0.000002427
697,7936,0.000002468
698,7936,0.000002404
699,7936,0.000002854
700,7936,0.000002540
701,7936,0.000004000
702,7936,0.000002593
703,7936,0.000001985
704,7936,0.000002022
705,7936,0.000002383
706,7936,0.000003380
707,7936,0.000002562
708,7936,0.000002457
709,7936,0.000002427
710,7936,0.000002269
711,7936,0.000002680
712,7936,0.000004048
713,7936,0.000002363
714,7936,0.000002503
715,7936,0.000002509
716,7936,0.000002814
717,7936,0.000002346
718,7936,0.000003798
719,7936,0.000002318
720,7936,0.000002321
721,7936,0.000002557
722,7936,0.000002338
723,7936,0.000002350
724,7936,0.000004077
725,7936,0.000017640
726,7936,0.000004673
727,7936,0.000002472
728,7936,0.000002386
729,7936,0.000002464
730,7936,0.000002449
731,7936,0.000002508
732,7936,0.000002849
733,7936,0.000002727
734,7936,0.000002539
735,7936,0.000002197
736,7936,0.000002268
737,7936,0.000002913
738,7936,0.000002336
739,7936,0.000002850
740,7936,0.000002694
741,7936,0.000004040
742,7936,0.000002392
743,7936,0.000002594
744,7936,0.000003058
745,7936,0.000002488
746,7936,0.000003538
747,7936,0.000002682
748,7936,0.000002488
749,7936,0.000002398
750,7936,0.000002587
751,7936,0.000002143
752,7936,0.000017899
753,7936,0.000002568
754,7936,0.000002801
755,7936,0.000001784
756,7936,0.000001727
757,7936,0.000001714
758,7936,0.000001756
759,7936,0.000001785
760,7936,0.000001799
761,7936,0.000014703
762,7936,0.000001963
763,7936,0.000001740
764,7936,0.000001704
765,7936,0.000001690
766,7936,0.000001959
767,7936,0.000001330
768,7936,0.000001441
769,7936,0.000001645
770,7936,0.000001718
771,7936,0.000002525
772,7936,0.000001710
773,7936,0.000001618
774,7936,0.000001813
775,7936,0.000001682
776,7936,0.000001740
777,7936,0.000002104
778,7936,0.000001869
779,7936,0.000001748
780,7936,0.000001685
781,7936,0.000001753
782,7936,0.000001734
783,7936,0.000001459
784,7936,0.000001538
785,7936,0.000001740
786,7936,0.000001698
787,7936,0.000001643
788,7936,0.000001724
789,7936,0.000001687
790,7936,0.000001742
791,7936,0.000001637
792,7936,0.000002360
793,7936,0.000001863
794,7936,0.000001729
795,7936,0.000001743
796,7936,0.000001674
797,7936,0.000001697
798,7936,0.000001954
799,7936,0.000001326
800,7936,0.000001896
801,7936,0.000001850
802,7936,0.000001720
803,7936,0.000002120
804,7936,0.000002558
805,7936,0.000001697
806,7936,0.000001855
807,7936,0.000001681
808,7936,0.000001923
809,7936,0.000001721
810,7936,0.000001918
811,7936,0.000001683
812,7936,0.000001807
813,7936,0.000002668
814,7936,0.000001975
815,7936,0.000001327
816,7936,0.000001590
817,7936,0.000001745
818,7936,0.000001747
819,7936,0.000001703
820,7936,0.000001765
821,7936,0.000002298
822,7936,0.000001740
823,7936,0.000001619
824,7936,0.000002086
825,7936,0.000001769
826,7936,0.000001808
827,7936,0.000002143
828,7936,0.000001831
829,7936,0.000002497
830,7936,0.000001743
831,7936,0.000001447
832,7936,0.000001679
833,7936,0.000001554
834,7936,0.000001692
835,7936,0.000001765
836,7936,0.000001743
837,7936,0.000001751
838,7936,0.000002380
839,7936,0.000001774
840,7936,0.000001666
841,7936,0.000001710
842,7936,0.000001708
843,7936,0.000001980
844,7936,0.000001904
845,7936,0.000001734
846,7936,0.000002444
847,7936,0.000001449
848,7936,0.000001557
849,7936,0.000001828
850,7936,0.000001709
851,7936,0.000001738
852,7936,0.000001715
853,7936,0.000001725
854,7936,0.000001782
855,7936,0.000002353
856,7936,0.000001599
857,7936,0.000001722
858,7936,0.000001693
859,7936,0.000001762
860,7936,0.000001704
861,7936,0.000001707
862,7936,0.000001828
863,7936,0.000002157
864,7936,0.000001486
865,7936,0.000001694
866,7936,0.000001743
867,7936,0.000001653
868,7936,0.000001686
869,7936,0.000001641
870,7936,0.000001728
871,7936,0.000001998
872,7936,0.000002410
873,7936,0.000001728
874,7936,0.000001690
875,7936,0.000001701
876,7936,0.000001715
877,7936,0.000002031
878,7936,0.000001969
879,7936,0.000001389
880,7936,0.000002135
881,7936,0.000001705
882,7936,0.000001739
883,7936,0.000001651
884,7936,0.000001651
885,7936,0.000001631
886,7936,0.000001598
887,7936,0.000001684
888,7936,0.000001656
889,7936,0.000002564
890,7936,0.000002008
891,7936,0.000001709
892,7936,0.000001741
893,7936,0.000001639
894,7936,0.000001756
895,7936,0.000001495
896,7936,0.000001507
897,7936,0.000002464
898,7936,0.000001730
899,7936,0.000001817
900,7936,0.000001717
901,7936,0.000001991
902,7936,0.000001703
903,7936,0.000001920
904,7936,0.000001694
905,7936,0.000002412
906,7936,0.000001780
907,7936,0.000002113
908,7936,0.000001899
909,7936,0.000001697
910,7936,0.000001758
911,7936,0.000001847
912,7936,0.000001626
913,7936,0.000002524
914,7936,0.000002018
915,7936,0.000001769
916,7936,0.000001680
917,7936,0.000001743
918,7936,0.000001707
919,7936,0.000001807
920,7936,0.000001656
921,7936,0.000002806
922,7936,0.000001860
923,7936,0.000001954
924,7936,0.000001926
925,7936,0.000001623
926,7936,0.000002050
927,7936,0.000001341
928,7936,0.000001591
929,7936,0.000002455
930,7936,0.000001731
931,7936,0.000001671
932,7936,0.000001715
933,7936,0.000001762
934,7936,0.000001757
935,7936,0.000001665
936,7936,0.000002053
937,7936,0.000001731
938,7936,0.000002403
939,7936,0.000001852
940,7936,0.000001865
941,7936,0.000001524
942,7936,0.000001663
943,7936,0.000001324
944,7936,0.000001491
945,7936,0.000001742
946,7936,0.000001815
947,7936,0.000002767
948,7936,0.000002082
949,7936,0.000001936
950,7936,0.000001842
951,7936,0.000001740
952,7936,0.000001760
953,7936,0.000001807
954,7936,0.000002544
955,7936,0.000001800
956,7936,0.000001691
957,7936,0.000001815
958,7936,0.000001665
959,7936,0.000001490
960,7936,0.000001411
961,7936,0.000001670
962,7936,0.000001730
963,7936,0.000002516
964,7936,0.000001938
965,7936,0.000002047
966,7936,0.000001678
967,7936,0.000008004
968,7936,0.000004770
969,7936,0.000003650
970,7936,0.000003590
971,7936,0.000006503
972,7936,0.000004672
973,7936,0.000003643
974,7936,0.000003603
975,7936,0.000003224
976,7936,0.000003363
977,7936,0.000003734
978,7936,0.000003572
979,7936,0.000004391
980,7936,0.000003707
981,7936,0.000003690
982,7936,0.000003567
983,7936,0.000006656
984,7936,0.000003834
985,7936,0.000003648
986,7936,0.000004005
987,7936,0.000006912
988,7936,0.000003767
989,7936,0.000003745
990,7936,0.000005214
991,7936,0.000002383
992,7936,0.000003893
993,7936,0.000003557
994,7936,0.000004524
995,7936,0.000003567
996,7936,0.000003590
997,7936,0.000003612
998,7936,0.000004652
999,7936,0.000003661
0,8192,0.000007311
1,8192,0.000003564
2,8192,0.000003584
3,8192,0.000002342
4,8192,0.000002220
5,8192,0.000002355
6,8192,0.000002490
7,8192,0.000002362
8,8192,0.000017252
9,8192,0.000002152
10,8192,0.000002476
11,8192,0.000002044
12,8192,0.000002256
13,8192,0.000002220
14,8192,0.000002308
15,8192,0.000002031
16,8192,0.000002152
17,8192,0.000002076
18,8192,0.000002428
19,8192,0.000002169
20,8192,0.000002065
21,8192,0.000004186
22,8192,0.000002749
23,8192,0.000002269
24,8192,0.000002180
25,8192,0.000001997
26,8192,0.000002212
27,8192,0.000002739
28,8192,0.000002258
29,8192,0.000002157
30,8192,0.000002124
31,8192,0.000002083
32,8192,0.000002568
33,8192,0.000002117
34,8192,0.000002018
35,8192,0.000002072
36,8192,0.000003546
37,8192,0.000002231
38,8192,0.000002174
39,8192,0.000002229
40,8192,0.000002685
41,8192,0.000001607
42,8192,0.000001513
43,8192,0.000001491
44,8192,0.000001529
45,8192,0.000001439
46,8192,0.000001505
47,8192,0.000001539
48,8192,0.000001547
49,8192,0.000001480
50,8192,0.000001539
51,8192,0.000001703
52,8192,0.000001503
53,8192,0.000001387
54,8192,0.000001500
55,8192,0.000001482
56,8192,0.000001547
57,8192,0.000002559
58,8192,0.000001597
59,8192,0.000001515
60,8192,0.000001639
61,8192,0.000001535
62,8192,0.000001803
63,8192,0.000001635
64,8192,0.000001879
65,8192,0.000001716
66,8192,0.000001497
67,8192,0.000001468
68,8192,0.000001606
69,8192,0.000002281
70,8192,0.000001503
71,8192,0.000001501
72,8192,0.000001505
73,8192,0.000001415
74,8192,0.000001562
75,8192,0.000001564
76,8192,0.000001478
77,8192,0.000001623
78,8192,0.000001817
79,8192,0.000002332
80,8192,0.000001580
81,8192,0.000001526
82,8192,0.000001455
83,8192,0.000001474
84,8192,0.000001529
85,8192,0.000001480
86,8192,0.000001632
87,8192,0.000001490
88,8192,0.000002227
89,8192,0.000001552
90,8192,0.000001543
91,8192,0.000001555
92,8192,0.000001500
93,8192,0.000001516
94,8192,0.000001725
95,8192,0.000001370
96,8192,0.000001612
97,8192,0.000002204
98,8192,0.000001784
99,8192,0.000001611
100,8192,0.000001472
101,8192,0.000001586
102,8192,0.000001555
103,8192,0.000001763
104,8192,0.000001792
105,8192,0.000001888
106,8192,0.000002256
107,8192,0.000001581
108,8192,0.000001881
109,8192,0.000001555
110,8192,0.000001581
111,8192,0.000001632
112,8192,0.000001659
113,8192,0.000001493
114,8192,0.000001857
115,8192,0.000002281
116,8192,0.000001443
117,8192,0.000001487
118,8192,0.000001543
119,8192,0.000001435
120,8192,0.000001488
121,8192,0.000001803
122,8192,0.000001738
123,8192,0.000002381
124,8192,0.000001671
125,8192,0.000001613
126,8192,0.000001821
127,8192,0.000001543
128,8192,0.000001578
129,8192,0.000001477
130,8192,0.000001478
131,8192,0.000001459
132,8192,0.000002183
133,8192,0.000001857
134,8192,0.000001542
135,8192,0.000001582
136,8192,0.000001540
137,8192,0.000001515
138,8192,0.000001494
139,8192,0.000001619
140,8192,0.000001587
141,8192,0.000002244
142,8192,0.000001498
143,8192,0.000001530
144,8192,0.000001414
145,8192,0.000001484
146,8192,0.000001524
147,8192,0.000001427
148,8192,0.000001570
149,8192,0.000001473
150,8192,0.000001554
151,8192,0.000002198
152,8192,0.000001478
153,8192,0.000001506
154,8192,0.000001485
155,8192,0.000001512
156,8192,0.000001865
157,8192,0.000001585
158,8192,0.000001551
159,8192,0.000001630
160,8192,0.000002263
161,8192,0.000001551
162,8192,0.000001435
163,8192,0.000001500
164,8192,0.000001850
165,8192,0.000001479
166,8192,0.000001471
167,8192,0.000001583
168,8192,0.000001563
169,8192,0.000001847
170,8192,0.000002258
171,8192,0.000001510
172,8192,0.000001468
173,8192,0.000001514
174,8192,0.000001505
175,8192,0.000001518
176,8192,0.000001715
177,8192,0.000001485
178,8192,0.000001582
179,8192,0.000002233
180,8192,0.000001606
181,8192,0.000001540
182,8192,0.000001629
183,8192,0.000001493
184,8192,0.000001488
185,8192,0.000001708
186,8192,0.000001530
187,8192,0.000001556
188,8192,0.000002206
189,8192,0.000001562
190,8192,0.000001683
191,8192,0.000001712
192,8192,0.000001817
193,8192,0.000001449
194,8192,0.000001524
195,8192,0.000001506
196,8192,0.000001861
197,8192,0.000002366
198,8192,0.000001587
199,8192,0.000001467
200,8192,0.000001583
201,8192,0.000001531
202,8192,0.000001463
203,8192,0.000001515
204,8192,0.000001569
205,8192,0.000001580
206,8192,0.000002176
207,8192,0.000001656
208,8192,0.000001563
209,8192,0.000001470
210,8192,0.000001464
211,8192,0.000001620
212,8192,0.000001456
213,8192,0.000001436
214,8192,0.000001459
215,8192,0.000001561
216,8192,0.000002176
217,8192,0.000001911
218,8192,0.000001792
219,8192,0.000001888
220,8192,0.000001765
221,8192,0.000001420
222,8192,0.000001461
223,8192,0.000001556
224,8192,0.000001714
225,8192,0.000002205
226,8192,0.000001613
227,8192,0.000001540
228,8192,0.000001776
229,8192,0.000001466
230,8192,0.000001574
231,8192,0.000001456
232,8192,0.000001735
233,8192,0.000001896
234,8192,0.000002208
235,8192,0.000001587
236,8192,0.000001535
237,8192,0.000001499
238,8192,0.000001594
239,8192,0.000001504
240,8192,0.000001661
241,8192,0.000001663
242,8192,0.000002270
243,8192,0.000001512
244,8192,0.000001492
245,8192,0.000001475
246,8192,0.000001509
247,8192,0.000001415
248,8192,0.000001490
249,8192,0.000001389
250,8192,0.000001669
251,8192,0.000001565
252,8192,0.000002268
253,8192,0.000001559
254,8192,0.000001640
255,8192,0.000001834
256,8192,0.000001537
257,8192,0.000001545
258,8192,0.000001603
259,8192,0.000001555
260,8192,0.000001522
261,8192,0.000002393
262,8192,0.000001714
263,8192,0.000001570
264,8192,0.000001449
265,8192,0.000001539
266,8192,0.000001500
267,8192,0.000001507
268,8192,0.000001450
269,8192,0.000001564
270,8192,0.000002310
271,8192,0.000001906
272,8192,0.000001526
273,8192,0.000001503
274,8192,0.000001409
275,8192,0.000001938
276,8192,0.000001597
277,8192,0.000001497
278,8192,0.000001420
279,8192,0.000002185
280,8192,0.000001542
281,8192,0.000001592
282,8192,0.000001420
283,8192,0.000001428
284,8192,0.000001533
285,8192,0.000001537
286,8192,0.000001637
287,8192,0.000001471
288,8192,0.000001654
289,8192,0.000002088
290,8192,0.000001905
291,8192,0.000001528
292,8192,0.000001434
293,8192,0.000001484
294,8192,0.000001474
295,8192,0.000001492
296,8192,0.000001618
297,8192,0.000001500
298,8192,0.000002200
299,8192,0.000001496
300,8192,0.000001516
301,8192,0.000001513
302,8192,0.000001414
303,8192,0.000001471
304,8192,0.000001614
305,8192,0.000001769
306,8192,0.000001757
307,8192,0.000002316
308,8192,0.000001843
309,8192,0.000001608
310,8192,0.000001459
311,8192,0.000001451
312,8192,0.000001599
313,8192,0.000001484
314,8192,0.000001559
315,8192,0.000001426
316,8192,0.000001538
317,8192,0.000002209
318,8192,0.000001472
319,8192,0.000001434
320,8192,0.000001672
321,8192,0.000001572
322,8192,0.000001502
323,8192,0.000001486
324,8192,0.000001437
325,8192,0.000001883
326,8192,0.000002140
327,8192,0.000001626
328,8192,0.000001618
329,8192,0.000001446
330,8192,0.000001527
331,8192,0.000001434
332,8192,0.000001464
333,8192,0.000001501
334,8192,0.000001459
335,8192,0.000001504
336,8192,0.000002321
337,8192,0.000001554
338,8192,0.000001466
339,8192,0.000001467
340,8192,0.000001525
341,8192,0.000001572
342,8192,0.000001764
343,8192,0.000001530
344,8192,0.000001723
345,8192,0.000002166
346,8192,0.000001484
347,8192,0.000001789
348,8192,0.000001505
349,8192,0.000001517
350,8192,0.000001495
351,8192,0.000001470
352,8192,0.000001501
353,8192,0.000001546
354,8192,0.000002191
355,8192,0.000001655
356,8192,0.000001488
357,8192,0.000001581
358,8192,0.000001576
359,8192,0.000001455
360,8192,0.000001494
361,8192,0.000001542
362,8192,0.000001419
363,8192,0.000001890
364,8192,0.000002241
365,8192,0.000001938
366,8192,0.000001602
367,8192,0.000001758
368,8192,0.000001521
369,8192,0.000001465
370,8192,0.000001487
371,8192,0.000001510
372,8192,0.000001395
373,8192,0.000002256
374,8192,0.000001549
375,8192,0.000001592
376,8192,0.000001610
377,8192,0.000001622
378,8192,0.000001595
379,8192,0.000001570
380,8192,0.000001740
381,8192,0.000001504
382,8192,0.000002234
383,8192,0.000001622
384,8192,0.000001608
385,8192,0.000001392
386,8192,0.000001491
387,8192,0.000001505
388,8192,0.000001466
389,8192,0.000001551
390,8192,0.000001536
391,8192,0.000001643
392,8192,0.000002194
393,8192,0.000002070
394,8192,0.000001886
395,8192,0.000001595
396,8192,0.000001649
397,8192,0.000001406
398,8192,0.000001513
399,8192,0.000001464
400,8192,0.000001576
401,8192,0.000002309
402,8192,0.000001845
403,8192,0.000001668
404,8192,0.000001619
405,8192,0.000001476
406,8192,0.000001385
407,8192,0.000001515
408,8192,0.000001483
409,8192,0.000001542
410,8192,0.000002279
411,8192,0.000002040
412,8192,0.000001829
413,8192,0.000001834
414,8192,0.000001623
415,8192,0.000001566
416,8192,0.000001653
417,8192,0.000001610
418,8192,0.000002087
419,8192,0.000001384
420,8192,0.000001800
421,8192,0.000001548
422,8192,0.000001482
423,8192,0.000001494
424,8192,0.000001539
425,8192,0.000001383
426,8192,0.000001412
427,8192,0.000001344
428,8192,0.000002092
429,8192,0.000001483
430,8192,0.000001826
431,8192,0.000001528
432,8192,0.000001579
433,8192,0.000001547
434,8192,0.000001627
435,8192,0.000001563
436,8192,0.000001634
437,8192,0.000002519
438,8192,0.000001577
439,8192,0.000001846
440,8192,0.000001591
441,8192,0.000001973
442,8192,0.000001459
443,8192,0.000001656
444,8192,0.000001655
445,8192,0.000001526
446,8192,0.000002346
447,8192,0.000001666
448,8192,0.000001742
449,8192,0.000001554
450,8192,0.000001637
451,8192,0.000001512
452,8192,0.000001534
453,8192,0.000001561
454,8192,0.000001567
455,8192,0.000002222
456,8192,0.000001829
457,8192,0.000001458
458,8192,0.000001387
459,8192,0.000001420
460,8192,0.000001534
461,8192,0.000001656
462,8192,0.000001558
463,8192,0.000001363
464,8192,0.000002190
465,8192,0.000001505
466,8192,0.000001474
467,8192,0.000001782
468,8192,0.000001771
469,8192,0.000001845
470,8192,0.000001667
471,8192,0.000001452
472,8192,0.000001360
473,8192,0.000002408
474,8192,0.000001572
475,8192,0.000001603
476,8192,0.000001804
477,8192,0.000001925
478,8192,0.000001927
479,8192,0.000001931
480,8192,0.000001946
481,8192,0.000001786
482,8192,0.000002192
483,8192,0.000001662
484,8192,0.000001700
485,8192,0.000001557
486,8192,0.000001489
487,8192,0.000001501
488,8192,0.000001518
489,8192,0.000001576
490,8192,0.000001643
491,8192,0.000002513
492,8192,0.000013179
493,8192,0.000001729
494,8192,0.000001385
495,8192,0.000001530
496,8192,0.000001741
497,8192,0.000001633
498,8192,0.000001668
499,8192,0.000001780
500,8192,0.000001770
501,8192,0.000002814
502,8192,0.000001584
503,8192,0.000001602
504,8192,0.000001613
505,8192,0.000001423
506,8192,0.000001529
507,8192,0.000001527
508,8192,0.000001551
509,8192,0.000001602
510,8192,0.000001764
511,8192,0.000002303
512,8192,0.000001560
513,8192,0.000001512
514,8192,0.000001512
515,8192,0.000001532
516,8192,0.000001599
517,8192,0.000001508
518,8192,0.000001734
519,8192,0.000001633
520,8192,0.000002408
521,8192,0.000001722
522,8192,0.000001593
523,8192,0.000001765
524,8192,0.000001487
525,8192,0.000001806
526,8192,0.000001473
527,8192,0.000001508
528,8192,0.000002173
529,8192,0.000001527
530,8192,0.000001674
531,8192,0.000001553
532,8192,0.000001512
533,8192,0.000001451
534,8192,0.000001358
535,8192,0.000001441
536,8192,0.000001537
537,8192,0.000001573
538,8192,0.000002308
539,8192,0.000001543
540,8192,0.000001486
541,8192,0.000001523
542,8192,0.000001620
543,8192,0.000001509
544,8192,0.000001595
545,8192,0.000001518
546,8192,0.000001511
547,8192,0.000002336
548,8192,0.000001503
549,8192,0.000001479
550,8192,0.000001506
551,8192,0.000001414
552,8192,0.000001505
553,8192,0.000001427
554,8192,0.000001670
555,8192,0.000001693
556,8192,0.000001627
557,8192,0.000002673
558,8192,0.000001529
559,8192,0.000001530
560,8192,0.000001518
561,8192,0.000001648
562,8192,0.000001918
563,8192,0.000001430
564,8192,0.000001498
565,8192,0.000001703
566,8192,0.000002522
567,8192,0.000001433
568,8192,0.000001399
569,8192,0.000001486
570,8192,0.000001485
571,8192,0.000001576
572,8192,0.000001823
573,8192,0.000001566
574,8192,0.000001632
575,8192,0.000002301
576,8192,0.000001662
577,8192,0.000001513
578,8192,0.000001427
579,8192,0.000001528
580,8192,0.000001567
581,8192,0.000001613
582,8192,0.000001465
583,8192,0.000001522
584,8192,0.000002249
585,8192,0.000001541
586,8192,0.000001640
587,8192,0.000001495
588,8192,0.000001573
589,8192,0.000001467
590,8192,0.000001460
591,8192,0.000001713
592,8192,0.000001614
593,8192,0.000001536
594,8192,0.000002338
595,8192,0.000001582
596,8192,0.000001471
597,8192,0.000001422
598,8192,0.000001581
599,8192,0.000001557
600,8192,0.000001612
601,8192,0.000001559
602,8192,0.000001477
603,8192,0.000002265
604,8192,0.000001657
605,8192,0.000001501
606,8192,0.000001396
607,8192,0.000001465
608,8192,0.000001603
609,8192,0.000001591
610,8192,0.000001650
611,8192,0.000001655
612,8192,0.000001617
613,8192,0.000002393
614,8192,0.000001804
615,8192,0.000001547
616,8192,0.000001445
617,8192,0.000001679
618,8192,0.000001474
619,8192,0.000001588
620,8192,0.000001844
621,8192,0.000001544
622,8192,0.000016265
623,8192,0.000001791
624,8192,0.000001523
625,8192,0.000001595
626,8192,0.000002770
627,8192,0.000001662
628,8192,0.000001545
629,8192,0.000001573
630,8192,0.000001620
631,8192,0.000015757
632,8192,0.000001578
633,8192,0.000001554
634,8192,0.000001571
635,8192,0.000001449
636,8192,0.000001495
637,8192,0.000001477
638,8192,0.000001698
639,8192,0.000001604
640,8192,0.000001475
641,8192,0.000001483
642,8192,0.000001560
643,8192,0.000001822
644,8192,0.000001451
645,8192,0.000001603
646,8192,0.000001493
647,8192,0.000001666
648,8192,0.000001681
649,8192,0.000002327
650,8192,0.000001543
651,8192,0.000001572
652,8192,0.000001796
653,8192,0.000001610
654,8192,0.000001511
655,8192,0.000001441
656,8192,0.000001479
657,8192,0.000001405
658,8192,0.000001554
659,8192,0.000001546
660,8192,0.000001497
661,8192,0.000001574
662,8192,0.000001641
663,8192,0.000001592
664,8192,0.000001482
665,8192,0.000001700
666,8192,0.000001551
667,8192,0.000001621
668,8192,0.000001553
669,8192,0.000001507
670,8192,0.000001669
671,8192,0.000002306
672,8192,0.000001499
673,8192,0.000001518
674,8192,0.000001502
675,8192,0.000001656
676,8192,0.000001413
677,8192,0.000001349
678,8192,0.000001663
679,8192,0.000001693
680,8192,0.000001844
681,8192,0.000002153
682,8192,0.000001829
683,8192,0.000001787
684,8192,0.000001542
685,8192,0.000001518
686,8192,0.000001541
687,8192,0.000001808
688,8192,0.000001487
689,8192,0.000001807
690,8192,0.000002116
691,8192,0.000001527
692,8192,0.000001800
693,8192,0.000001876
694,8192,0.000001455
695,8192,0.000001517
696,8192,0.000001517
697,8192,0.000001510
698,8192,0.000002318
699,8192,0.000001631
700,8192,0.000001461
701,8192,0.000001457
702,8192,0.000001441
703,8192,0.000001473
704,8192,0.000001514
705,8192,0.000001446
706,8192,0.000001600
707,8192,0.000001604
708,8192,0.000002403
709,8192,0.000001490
710,8192,0.000001498
711,8192,0.000001792
712,8192,0.000001806
713,8192,0.000001759
714,8192,0.000001504
715,8192,0.000001503
716,8192,0.000001625
717,8192,0.000002241
718,8192,0.000001484
719,8192,0.000001479
720,8192,0.000001529
721,8192,0.000001575
722,8192,0.000001575
723,8192,0.000001405
724,8192,0.000001633
725,8192,0.000001580
726,8192,0.000002395
727,8192,0.000001593
728,8192,0.000001451
729,8192,0.000001391
730,8192,0.000001456
731,8192,0.000001612
732,8192,0.000001495
733,8192,0.000001610
734,8192,0.000001541
735,8192,0.000001519
736,8192,0.000002374
737,8192,0.000001577
738,8192,0.000001716
739,8192,0.000001610
740,8192,0.000001608
741,8192,0.000001350
742,8192,0.000001567
743,8192,0.000001449
744,8192,0.000001490
745,8192,0.000002116
746,8192,0.000001787
747,8192,0.000001352
748,8192,0.000001523
749,8192,0.000001444
750,8192,0.000001702
751,8192,0.000001477
752,8192,0.000001571
753,8192,0.000001763
754,8192,0.000002308
755,8192,0.000001725
756,8192,0.000001450
757,8192,0.000001573
758,8192,0.000001458
759,8192,0.000001497
760,8192,0.000001541
761,8192,0.000001457
762,8192,0.000001491
763,8192,0.000001779
764,8192,0.000002214
765,8192,0.000001858
766,8192,0.000001877
767,8192,0.000001669
768,8192,0.000001413
769,8192,0.000001429
770,8192,0.000001491
771,8192,0.000001777
772,8192,0.000001702
773,8192,0.000002369
774,8192,0.000001551
775,8192,0.000001817
776,8192,0.000001742
777,8192,0.000001758
778,8192,0.000001552
779,8192,0.000001556
780,8192,0.000001490
781,8192,0.000001668
782,8192,0.000002223
783,8192,0.000001556
784,8192,0.000001802
785,8192,0.000001911
786,8192,0.000001506
787,8192,0.000001644
788,8192,0.000001566
789,8192,0.000001633
790,8192,0.000002287
791,8192,0.000001584
792,8192,0.000001501
793,8192,0.000001514
794,8192,0.000001521
795,8192,0.000001421
796,8192,0.000001461
797,8192,0.000001506
798,8192,0.000001843
799,8192,0.000002323
800,8192,0.000001645
801,8192,0.000001520
802,8192,0.000001466
803,8192,0.000001492
804,8192,0.000001491
805,8192,0.000001696
806,8192,0.000001669
807,8192,0.000001352
808,8192,0.000001580
809,8192,0.000002429
810,8192,0.000001678
811,8192,0.000001587
812,8192,0.000001528
813,8192,0.000001532
814,8192,0.000001463
815,8192,0.000001552
816,8192,0.000001494
817,8192,0.000001775
818,8192,0.000002224
819,8192,0.000001578
820,8192,0.000001479
821,8192,0.000001475
822,8192,0.000001517
823,8192,0.000001525
824,8192,0.000001467
825,8192,0.000001562
826,8192,0.000001640
827,8192,0.000002275
828,8192,0.000001859
829,8192,0.000001462
830,8192,0.000001451
831,8192,0.000001597
832,8192,0.000001493
833,8192,0.000001546
834,8192,0.000001507
835,8192,0.000001445
836,8192,0.000001516
837,8192,0.000002126
838,8192,0.000001502
839,8192,0.000001504
840,8192,0.000001431
841,8192,0.000001496
842,8192,0.000001527
843,8192,0.000001590
844,8192,0.000001927
845,8192,0.000001700
846,8192,0.000002498
847,8192,0.000001576
848,8192,0.000001814
849,8192,0.000001898
850,8192,0.000001581
851,8192,0.000001492
852,8192,0.000001480
853,8192,0.000001478
854,8192,0.000002012
855,8192,0.000002206
856,8192,0.000001502
857,8192,0.000001433
858,8192,0.000001427
859,8192,0.000001496
860,8192,0.000001586
861,8192,0.000001738
862,8192,0.000001528
863,8192,0.000001573
864,8192,0.000002919
865,8192,0.000001534
866,8192,0.000001529
867,8192,0.000001566
868,8192,0.000001520
869,8192,0.000001568
870,8192,0.000001541
871,8192,0.000001870
872,8192,0.000001672
873,8192,0.000002243
874,8192,0.000001557
875,8192,0.000001563
876,8192,0.000001453
877,8192,0.000001469
878,8192,0.000001460
879,8192,0.000001691
880,8192,0.000001849
881,8192,0.000001509
882,8192,0.000002295
883,8192,0.000001594
884,8192,0.000001608
885,8192,0.000001455
886,8192,0.000001412
887,8192,0.000001467
888,8192,0.000001417
889,8192,0.000001542
890,8192,0.000001566
891,8192,0.000001828
892,8192,0.000002298
893,8192,0.000001568
894,8192,0.000001413
895,8192,0.000001498
896,8192,0.000001531
897,8192,0.000001446
898,8192,0.000001666
899,8192,0.000001608
900,8192,0.000001725
901,8192,0.000002343
902,8192,0.000001577
903,8192,0.000001511
904,8192,0.000001590
905,8192,0.000001741
906,8192,0.000001779
907,8192,0.000001723
908,8192,0.000001414
909,8192,0.000001499
910,8192,0.000002386
911,8192,0.000001601
912,8192,0.000001396
913,8192,0.000001466
914,8192,0.000001872
915,8192,0.000001498
916,8192,0.000001558
917,8192,0.000001606
918,8192,0.000001587
919,8192,0.000002353
920,8192,0.000001831
921,8192,0.000001610
922,8192,0.000001671
923,8192,0.000001821
924,8192,0.000001462
925,8192,0.000001483
926,8192,0.000001518
927,8192,0.000001466
928,8192,0.000002301
929,8192,0.000001591
930,8192,0.000001422
931,8192,0.000001491
932,8192,0.000001514
933,8192,0.000001587
934,8192,0.000001499
935,8192,0.000001944
936,8192,0.000001477
937,8192,0.000001756
938,8192,0.000002568
939,8192,0.000001983
940,8192,0.000002009
941,8192,0.000001675
942,8192,0.000001891
943,8192,0.000001897
944,8192,0.000001623
945,8192,0.000001721
946,8192,0.000002959
947,8192,0.000001705
948,8192,0.000001606
949,8192,0.000001608
950,8192,0.000001618
951,8192,0.000001530
952,8192,0.000001667
953,8192,0.000001727
954,8192,0.000002444
955,8192,0.000001629
956,8192,0.000001742
957,8192,0.000001531
958,8192,0.000001734
959,8192,0.000001487
960,8192,0.000001539
961,8192,0.000001542
962,8192,0.000001544
963,8192,0.000002292
964,8192,0.000001585
965,8192,0.000001761
966,8192,0.000001531
967,8192,0.000001401
968,8192,0.000001460
969,8192,0.000013952
970,8192,0.000004107
971,8192,0.000002852
972,8192,0.000003986
973,8192,0.000003154
974,8192,0.000002769
975,8192,0.000003040
976,8192,0.000002840
977,8192,0.000003735
978,8192,0.000002923
979,8192,0.000002933
980,8192,0.000003135
981,8192,0.000002880
982,8192,0.000003702
983,8192,0.000002804
984,8192,0.000002791
985,8192,0.000003273
986,8192,0.000002900
987,8192,0.000003689
988,8192,0.000003608
989,8192,0.000021207
990,8192,0.000004934
991,8192,0.000003795
992,8192,0.000003663
993,8192,0.000002831
994,8192,0.000002878
995,8192,0.000003843
996,8192,0.000002803
997,8192,0.000002827
998,8192,0.000002938
999,8192,0.000003003
