Sr,Size,Latency
0,1,0.000003577
1,1,0.000000807
2,1,0.000000671
3,1,0.000000542
4,1,0.000000831
5,1,0.000000642
6,1,0.000000615
7,1,0.000000535
8,1,0.000000562
9,1,0.000000588
10,1,0.000000580
11,1,0.000000672
12,1,0.000000572
13,1,0.000001019
14,1,0.000000540
15,1,0.000000612
16,1,0.000000623
17,1,0.000000524
18,1,0.000000505
19,1,0.000000567
20,1,0.000000670
21,1,0.000000707
22,1,0.000000542
23,1,0.000000525
24,1,0.000000696
25,1,0.000000689
26,1,0.000000588
27,1,0.000000664
28,1,0.000000694
29,1,0.000000579
30,1,0.000000576
31,1,0.000000589
32,1,0.000000596
33,1,0.000000576
34,1,0.000000750
35,1,0.000000510
36,1,0.000000558
37,1,0.000000543
38,1,0.000000681
39,1,0.000000661
40,1,0.000000785
41,1,0.000000603
42,1,0.000000574
43,1,0.000000529
44,1,0.000000587
45,1,0.000000712
46,1,0.000000647
47,1,0.000000551
48,1,0.000000593
49,1,0.000000546
50,1,0.000000601
51,1,0.000000538
52,1,0.000000814
53,1,0.000000561
54,1,0.000000626
55,1,0.000000564
56,1,0.000000560
57,1,0.000000565
58,1,0.000000611
59,1,0.000000623
60,1,0.000000621
61,1,0.000000666
62,1,0.000000656
63,1,0.000000700
64,1,0.000000591
65,1,0.000000622
66,1,0.000000619
67,1,0.000000580
68,1,0.000000546
69,1,0.000000550
70,1,0.000000937
71,1,0.000000575
72,1,0.000000542
73,1,0.000000568
74,1,0.000000654
75,1,0.000000647
76,1,0.000000649
77,1,0.000000541
78,1,0.000000627
79,1,0.000000634
80,1,0.000000778
81,1,0.000000676
82,1,0.000000638
83,1,0.000000613
84,1,0.000000574
85,1,0.000000589
86,1,0.000000670
87,1,0.000000657
88,1,0.000000619
89,1,0.000000629
90,1,0.000000571
91,1,0.000000605
92,1,0.000000787
93,1,0.000000545
94,1,0.000000862
95,1,0.000000707
96,1,0.000000647
97,1,0.000000689
98,1,0.000000665
99,1,0.000000638
100,1,0.000000605
101,1,0.000000738
102,1,0.000000527
103,1,0.000000542
104,1,0.000000561
105,1,0.000000622
106,1,0.000000529
107,1,0.000000585
108,1,0.000000537
109,1,0.000000524
110,1,0.000000571
111,1,0.000000537
112,1,0.000000543
113,1,0.000000562
114,1,0.000000689
115,1,0.000000648
116,1,0.000000559
117,1,0.000000603
118,1,0.000000619
119,1,0.000000745
120,1,0.000000596
121,1,0.000000603
122,1,0.000000543
123,1,0.000000572
124,1,0.000000566
125,1,0.000000655
126,1,0.000000556
127,1,0.000000530
128,1,0.000000649
129,1,0.000000539
130,1,0.000000572
131,1,0.000000549
132,1,0.000000620
133,1,0.000000525
134,1,0.000000569
135,1,0.000000575
136,1,0.000000536
137,1,0.000000786
138,1,0.000000741
139,1,0.000000538
140,1,0.000000644
141,1,0.000000666
142,1,0.000000586
143,1,0.000000594
144,1,0.000000606
145,1,0.000000611
146,1,0.000000653
147,1,0.000000542
148,1,0.000000600
149,1,0.000000623
150,1,0.000000705
151,1,0.000000598
152,1,0.000000552
153,1,0.000000597
154,1,0.000000610
155,1,0.000000727
156,1,0.000000651
157,1,0.000000874
158,1,0.000000717
159,1,0.000000646
160,1,0.000000546
161,1,0.000000546
162,1,0.000000558
163,1,0.000000556
164,1,0.000000697
165,1,0.000000582
166,1,0.000000646
167,1,0.000000591
168,1,0.000000702
169,1,0.000000553
170,1,0.000000582
171,1,0.000000748
172,1,0.000000689
173,1,0.000000917
174,1,0.000000902
175,1,0.000000623
176,1,0.000000836
177,1,0.000000527
178,1,0.000000597
179,1,0.000000609
180,1,0.000000724
181,1,0.000000596
182,1,0.000000627
183,1,0.000000779
184,1,0.000000596
185,1,0.000000858
186,1,0.000000732
187,1,0.000000668
188,1,0.000000640
189,1,0.000000727
190,1,0.000000941
191,1,0.000000637
192,1,0.000000846
193,1,0.000000942
194,1,0.000000702
195,1,0.000000710
196,1,0.000000663
197,1,0.000000629
198,1,0.000000870
199,1,0.000000676
200,1,0.000001039
201,1,0.000000841
202,1,0.000000853
203,1,0.000000598
204,1,0.000000577
205,1,0.000000603
206,1,0.000000628
207,1,0.000000655
208,1,0.000000686
209,1,0.000000864
210,1,0.000000700
211,1,0.000000663
212,1,0.000000693
213,1,0.000000709
214,1,0.000000635
215,1,0.000000647
216,1,0.000000837
217,1,0.000000900
218,1,0.000000693
219,1,0.000000730
220,1,0.000000682
221,1,0.000000615
222,1,0.000000675
223,1,0.000000948
224,1,0.000001139
225,1,0.000000707
226,1,0.000000823
227,1,0.000001204
228,1,0.000000546
229,1,0.000000555
230,1,0.000000576
231,1,0.000000605
232,1,0.000000551
233,1,0.000000535
234,1,0.000000607
235,1,0.000000595
236,1,0.000000560
237,1,0.000000683
238,1,0.000000595
239,1,0.000001173
240,1,0.000000636
241,1,0.000000538
242,1,0.000000577
243,1,0.000000577
244,1,0.000000718
245,1,0.000000685
246,1,0.000000607
247,1,0.000000813
248,1,0.000000685
249,1,0.000000603
250,1,0.000000762
251,1,0.000000578
252,1,0.000000586
253,1,0.000000610
254,1,0.000000535
255,1,0.000000910
256,1,0.000000644
257,1,0.000000552
258,1,0.000000617
259,1,0.000000660
260,1,0.000000588
261,1,0.000000631
262,1,0.000000543
263,1,0.000000540
264,1,0.000000625
265,1,0.000000556
266,1,0.000000600
267,1,0.000000600
268,1,0.000000609
269,1,0.000000612
270,1,0.000000592
271,1,0.000000523
272,1,0.000000611
273,1,0.000000548
274,1,0.000000738
275,1,0.000000669
276,1,0.000000672
277,1,0.000000800
278,1,0.000000601
279,1,0.000000618
280,1,0.000000655
281,1,0.000000684
282,1,0.000000625
283,1,0.000000614
284,1,0.000000529
285,1,0.000000653
286,1,0.000000552
287,1,0.000000581
288,1,0.000000596
289,1,0.000000718
290,1,0.000000713
291,1,0.000000942
292,1,0.000000673
293,1,0.000000644
294,1,0.000000569
295,1,0.000000580
296,1,0.000000670
297,1,0.000000635
298,1,0.000000602
299,1,0.000000666
300,1,0.000000574
301,1,0.000000638
302,1,0.000000612
303,1,0.000000623
304,1,0.000000606
305,1,0.000000586
306,1,0.000000618
307,1,0.000000638
308,1,0.000000632
309,1,0.000000683
310,1,0.000000585
311,1,0.000000784
312,1,0.000000731
313,1,0.000000627
314,1,0.000000634
315,1,0.000000640
316,1,0.000000642
317,1,0.000000648
318,1,0.000000653
319,1,0.000000614
320,1,0.000000668
321,1,0.000000638
322,1,0.000000672
323,1,0.000000630
324,1,0.000000640
325,1,0.000000654
326,1,0.000000632
327,1,0.000000650
328,1,0.000000640
329,1,0.000000666
330,1,0.000000633
331,1,0.000000633
332,1,0.000000634
333,1,0.000000630
334,1,0.000000631
335,1,0.000000642
336,1,0.000000630
337,1,0.000000669
338,1,0.000000640
339,1,0.000000631
340,1,0.000000631
341,1,0.000000625
342,1,0.000000654
343,1,0.000000637
344,1,0.000000638
345,1,0.000000652
346,1,0.000000640
347,1,0.000000630
348,1,0.000000616
349,1,0.000000638
350,1,0.000000638
351,1,0.000000632
352,1,0.000000631
353,1,0.000000634
354,1,0.000000636
355,1,0.000000628
356,1,0.000000616
357,1,0.000000646
358,1,0.000000636
359,1,0.000000623
360,1,0.000000649
361,1,0.000000625
362,1,0.000000660
363,1,0.000000638
364,1,0.000000669
365,1,0.000000626
366,1,0.000000616
367,1,0.000000650
368,1,0.000000629
369,1,0.000000662
370,1,0.000000628
371,1,0.000000632
372,1,0.000000629
373,1,0.000000630
374,1,0.000000619
375,1,0.000000647
376,1,0.000000626
377,1,0.000000641
378,1,0.000000630
379,1,0.000000624
380,1,0.000000619
381,1,0.000000648
382,1,0.000000631
383,1,0.000000632
384,1,0.000000635
385,1,0.000000628
386,1,0.000000611
387,1,0.000000658
388,1,0.000000632
389,1,0.000000623
390,1,0.000000635
391,1,0.000000639
392,1,0.000000639
393,1,0.000000628
394,1,0.000000626
395,1,0.000000616
396,1,0.000000657
397,1,0.000000626
398,1,0.000000620
399,1,0.000000636
400,1,0.000000632
401,1,0.000000631
402,1,0.000000635
403,1,0.000000630
404,1,0.000000656
405,1,0.000000631
406,1,0.000000618
407,1,0.000000657
408,1,0.000000630
409,1,0.000000618
410,1,0.000000629
411,1,0.000000634
412,1,0.000000630
413,1,0.000000632
414,1,0.000000632
415,1,0.000000638
416,1,0.000000635
417,1,0.000000631
418,1,0.000000634
419,1,0.000000660
420,1,0.000000629
421,1,0.000000617
422,1,0.000000647
423,1,0.000000633
424,1,0.000000625
425,1,0.000000649
426,1,0.000000643
427,1,0.000000640
428,1,0.000000630
429,1,0.000000638
430,1,0.000000618
431,1,0.000000646
432,1,0.000000622
433,1,0.000000624
434,1,0.000000619
435,1,0.000000629
436,1,0.000000631
437,1,0.000000653
438,1,0.000000676
439,1,0.000000665
440,1,0.000000638
441,1,0.000000646
442,1,0.000000665
443,1,0.000000637
444,1,0.000000773
445,1,0.000001827
446,1,0.000000478
447,1,0.000000472
448,1,0.000000474
449,1,0.000000471
450,1,0.000000471
451,1,0.000000472
452,1,0.000000472
453,1,0.000000472
454,1,0.000000473
455,1,0.000000472
456,1,0.000000471
457,1,0.000000474
458,1,0.000000472
459,1,0.000000472
460,1,0.000000473
461,1,0.000000472
462,1,0.000000472
463,1,0.000000473
464,1,0.000000472
465,1,0.000000473
466,1,0.000000473
467,1,0.000000474
468,1,0.000000475
469,1,0.000000473
470,1,0.000000473
471,1,0.000000474
472,1,0.000000473
473,1,0.000000474
474,1,0.000000474
475,1,0.000000473
476,1,0.000000474
477,1,0.000000474
478,1,0.000000474
479,1,0.000000474
480,1,0.000000474
481,1,0.000000474
482,1,0.000000473
483,1,0.000000475
484,1,0.000000473
485,1,0.000000473
486,1,0.000000472
487,1,0.000000473
488,1,0.000000472
489,1,0.000000473
490,1,0.000000515
491,1,0.000000473
492,1,0.000000473
493,1,0.000000474
494,1,0.000000472
495,1,0.000000472
496,1,0.000000473
497,1,0.000000472
498,1,0.000000473
499,1,0.000000474
500,1,0.000000473
501,1,0.000000474
502,1,0.000000472
503,1,0.000000472
504,1,0.000000471
505,1,0.000000472
506,1,0.000000471
507,1,0.000000471
508,1,0.000000471
509,1,0.000000472
510,1,0.000000473
511,1,0.000000472
512,1,0.000000477
513,1,0.000000473
514,1,0.000000472
515,1,0.000000472
516,1,0.000000471
517,1,0.000000472
518,1,0.000000473
519,1,0.000000473
520,1,0.000000473
521,1,0.000000472
522,1,0.000000472
523,1,0.000000473
524,1,0.000000471
525,1,0.000000471
526,1,0.000000472
527,1,0.000000473
528,1,0.000000474
529,1,0.000000473
530,1,0.000000472
531,1,0.000000473
532,1,0.000000473
533,1,0.000000473
534,1,0.000000473
535,1,0.000000473
536,1,0.000000474
537,1,0.000000476
538,1,0.000000473
539,1,0.000000474
540,1,0.000000474
541,1,0.000000474
542,1,0.000000473
543,1,0.000000474
544,1,0.000000474
545,1,0.000000472
546,1,0.000000474
547,1,0.000000474
548,1,0.000000473
549,1,0.000000472
550,1,0.000000473
551,1,0.000000474
552,1,0.000000473
553,1,0.000000473
554,1,0.000000473
555,1,0.000000474
556,1,0.000000473
557,1,0.000000474
558,1,0.000000474
559,1,0.000000471
560,1,0.000000472
561,1,0.000000473
562,1,0.000000473
563,1,0.000000473
564,1,0.000000470
565,1,0.000000472
566,1,0.000000473
567,1,0.000000471
568,1,0.000000471
569,1,0.000000473
570,1,0.000000472
571,1,0.000000472
572,1,0.000000472
573,1,0.000000473
574,1,0.000000472
575,1,0.000000472
576,1,0.000000475
577,1,0.000000473
578,1,0.000000472
579,1,0.000000472
580,1,0.000000472
581,1,0.000000473
582,1,0.000000472
583,1,0.000000472
584,1,0.000000472
585,1,0.000000473
586,1,0.000000472
587,1,0.000000473
588,1,0.000000472
589,1,0.000000472
590,1,0.000000472
591,1,0.000000473
592,1,0.000000473
593,1,0.000000474
594,1,0.000000472
595,1,0.000000475
596,1,0.000000475
597,1,0.000000475
598,1,0.000000473
599,1,0.000000474
600,1,0.000000473
601,1,0.000000473
602,1,0.000000473
603,1,0.000000473
604,1,0.000000475
605,1,0.000000474
606,1,0.000000473
607,1,0.000000474
608,1,0.000000474
609,1,0.000000473
610,1,0.000000473
611,1,0.000000473
612,1,0.000000474
613,1,0.000000472
614,1,0.000000472
615,1,0.000000473
616,1,0.000000473
617,1,0.000000473
618,1,0.000000472
619,1,0.000000474
620,1,0.000000473
621,1,0.000000473
622,1,0.000000472
623,1,0.000000471
624,1,0.000000472
625,1,0.000000472
626,1,0.000000472
627,1,0.000000474
628,1,0.000000472
629,1,0.000000472
630,1,0.000000473
631,1,0.000000473
632,1,0.000000470
633,1,0.000000473
634,1,0.000000472
635,1,0.000000471
636,1,0.000000471
637,1,0.000000472
638,1,0.000000470
639,1,0.000000472
640,1,0.000000539
641,1,0.000000472
642,1,0.000000470
643,1,0.000000472
644,1,0.000000472
645,1,0.000000472
646,1,0.000000472
647,1,0.000000473
648,1,0.000000472
649,1,0.000000474
650,1,0.000000472
651,1,0.000000472
652,1,0.000000473
653,1,0.000000473
654,1,0.000000472
655,1,0.000000472
656,1,0.000000474
657,1,0.000000473
658,1,0.000000473
659,1,0.000000473
660,1,0.000000474
661,1,0.000000473
662,1,0.000000473
663,1,0.000000474
664,1,0.000000473
665,1,0.000000474
666,1,0.000000474
667,1,0.000000474
668,1,0.000000473
669,1,0.000000475
670,1,0.000000474
671,1,0.000000473
672,1,0.000000473
673,1,0.000000474
674,1,0.000000473
675,1,0.000000474
676,1,0.000000473
677,1,0.000000472
678,1,0.000000473
679,1,0.000000474
680,1,0.000000474
681,1,0.000000472
682,1,0.000000473
683,1,0.000000472
684,1,0.000000474
685,1,0.000000473
686,1,0.000000473
687,1,0.000000472
688,1,0.000000472
689,1,0.000000473
690,1,0.000000472
691,1,0.000000473
692,1,0.000000472
693,1,0.000000472
694,1,0.000000471
695,1,0.000000471
696,1,0.000000471
697,1,0.000000471
698,1,0.000000471
699,1,0.000000472
700,1,0.000000473
701,1,0.000000471
702,1,0.000000471
703,1,0.000000471
704,1,0.000000474
705,1,0.000000472
706,1,0.000000472
707,1,0.000000473
708,1,0.000000472
709,1,0.000000473
710,1,0.000000473
711,1,0.000000473
712,1,0.000000473
713,1,0.000000473
714,1,0.000000473
715,1,0.000000473
716,1,0.000000471
717,1,0.000000473
718,1,0.000000473
719,1,0.000000472
720,1,0.000000473
721,1,0.000000473
722,1,0.000000472
723,1,0.000000472
724,1,0.000000473
725,1,0.000000473
726,1,0.000000474
727,1,0.000000473
728,1,0.000000473
729,1,0.000000474
730,1,0.000000472
731,1,0.000000475
732,1,0.000000474
733,1,0.000000474
734,1,0.000000474
735,1,0.000000474
736,1,0.000000473
737,1,0.000000473
738,1,0.000000474
739,1,0.000000474
740,1,0.000000473
741,1,0.000000473
742,1,0.000000472
743,1,0.000000472
744,1,0.000000473
745,1,0.000000473
746,1,0.000000473
747,1,0.000000472
748,1,0.000000473
749,1,0.000000474
750,1,0.000000472
751,1,0.000000473
752,1,0.000000473
753,1,0.000000473
754,1,0.000000472
755,1,0.000000473
756,1,0.000000471
757,1,0.000000472
758,1,0.000000472
759,1,0.000000472
760,1,0.000000471
761,1,0.000000472
762,1,0.000000471
763,1,0.000000471
764,1,0.000000472
765,1,0.000000473
766,1,0.000000471
767,1,0.000000472
768,1,0.000000475
769,1,0.000000472
770,1,0.000000471
771,1,0.000000472
772,1,0.000000471
773,1,0.000000472
774,1,0.000000473
775,1,0.000000474
776,1,0.000000471
777,1,0.000000471
778,1,0.000000473
779,1,0.000000472
780,1,0.000000471
781,1,0.000000472
782,1,0.000000473
783,1,0.000000473
784,1,0.000000474
785,1,0.000000473
786,1,0.000000472
787,1,0.000000474
788,1,0.000000474
789,1,0.000000472
790,1,0.000000475
791,1,0.000000473
792,1,0.000000473
793,1,0.000000473
794,1,0.000000474
795,1,0.000000475
796,1,0.000000473
797,1,0.000000496
798,1,0.000000472
799,1,0.000000473
800,1,0.000000474
801,1,0.000000473
802,1,0.000000474
803,1,0.000000474
804,1,0.000000472
805,1,0.000000473
806,1,0.000000473
807,1,0.000011889
808,1,0.000000516
809,1,0.000000477
810,1,0.000000476
811,1,0.000000475
812,1,0.000000475
813,1,0.000000474
814,1,0.000000476
815,1,0.000000475
816,1,0.000000476
817,1,0.000000475
818,1,0.000000476
819,1,0.000000476
820,1,0.000000476
821,1,0.000000475
822,1,0.000000476
823,1,0.000000476
824,1,0.000000476
825,1,0.000000477
826,1,0.000000476
827,1,0.000000477
828,1,0.000000476
829,1,0.000000477
830,1,0.000000477
831,1,0.000000477
832,1,0.000000485
833,1,0.000000477
834,1,0.000000477
835,1,0.000000478
836,1,0.000000477
837,1,0.000000478
838,1,0.000000478
839,1,0.000000477
840,1,0.000000478
841,1,0.000000477
842,1,0.000000476
843,1,0.000000476
844,1,0.000000477
845,1,0.000000476
846,1,0.000000478
847,1,0.000000476
848,1,0.000000475
849,1,0.000000475
850,1,0.000000476
851,1,0.000000476
852,1,0.000000475
853,1,0.000000478
854,1,0.000000475
855,1,0.000000475
856,1,0.000000477
857,1,0.000000476
858,1,0.000000476
859,1,0.000000475
860,1,0.000000476
861,1,0.000000475
862,1,0.000000475
863,1,0.000000475
864,1,0.000000474
865,1,0.000000475
866,1,0.000000475
867,1,0.000000475
868,1,0.000000474
869,1,0.000000475
870,1,0.000000474
871,1,0.000000474
872,1,0.000000475
873,1,0.000000475
874,1,0.000000474
875,1,0.000000475
876,1,0.000000474
877,1,0.000000475
878,1,0.000000475
879,1,0.000000475
880,1,0.000000476
881,1,0.000000476
882,1,0.000000476
883,1,0.000000476
884,1,0.000000476
885,1,0.000000477
886,1,0.000000475
887,1,0.000000475
888,1,0.000000476
889,1,0.000000477
890,1,0.000000475
891,1,0.000000477
892,1,0.000000476
893,1,0.000000476
894,1,0.000000477
895,1,0.000000476
896,1,0.000000487
897,1,0.000000476
898,1,0.000000478
899,1,0.000000478
900,1,0.000000476
901,1,0.000000477
902,1,0.000000477
903,1,0.000000477
904,1,0.000000480
905,1,0.000000476
906,1,0.000000478
907,1,0.000000477
908,1,0.000000477
909,1,0.000000475
910,1,0.000000477
911,1,0.000000477
912,1,0.000000476
913,1,0.000000476
914,1,0.000000477
915,1,0.000000476
916,1,0.000000476
917,1,0.000000476
918,1,0.000000475
919,1,0.000000475
920,1,0.000000477
921,1,0.000000475
922,1,0.000000475
923,1,0.000000476
924,1,0.000000475
925,1,0.000000473
926,1,0.000000477
927,1,0.000000475
928,1,0.000000475
929,1,0.000000474
930,1,0.000000474
931,1,0.000000475
932,1,0.000000474
933,1,0.000000477
934,1,0.000000474
935,1,0.000000474
936,1,0.000000475
937,1,0.000000475
938,1,0.000000475
939,1,0.000000475
940,1,0.000000475
941,1,0.000000475
942,1,0.000000477
943,1,0.000000476
944,1,0.000000476
945,1,0.000000476
946,1,0.000000476
947,1,0.000000477
948,1,0.000000476
949,1,0.000000476
950,1,0.000000475
951,1,0.000000476
952,1,0.000000477
953,1,0.000000476
954,1,0.000000477
955,1,0.000000475
956,1,0.000000476
957,1,0.000000477
958,1,0.000000478
959,1,0.000000476
960,1,0.000000478
961,1,0.000000476
962,1,0.000000478
963,1,0.000000478
964,1,0.000000477
965,1,0.000000476
966,1,0.000000477
967,1,0.000000477
968,1,0.000000477
969,1,0.000000477
970,1,0.000000477
971,1,0.000000478
972,1,0.000000476
973,1,0.000000475
974,1,0.000000476
975,1,0.000000477
976,1,0.000000475
977,1,0.000000476
978,1,0.000000476
979,1,0.000000476
980,1,0.000000475
981,1,0.000000478
982,1,0.000000475
983,1,0.000000475
984,1,0.000000477
985,1,0.000000476
986,1,0.000000475
987,1,0.000000475
988,1,0.000000475
989,1,0.000000476
990,1,0.000000477
991,1,0.000000475
992,1,0.000000473
993,1,0.000000476
994,1,0.000000475
995,1,0.000000474
996,1,0.000000475
997,1,0.000000476
998,1,0.000000474
999,1,0.000000473
0,256,0.000001238
1,256,0.000000765
2,256,0.000000676
3,256,0.000000685
4,256,0.000000660
5,256,0.000000660
6,256,0.000000653
7,256,0.000000646
8,256,0.000000650
9,256,0.000000650
10,256,0.000000634
11,256,0.000000645
12,256,0.000000652
13,256,0.000000647
14,256,0.000000650
15,256,0.000000672
16,256,0.000000862
17,256,0.000000662
18,256,0.000000673
19,256,0.000000674
20,256,0.000000643
21,256,0.000000654
22,256,0.000000648
23,256,0.000000664
24,256,0.000000643
25,256,0.000000663
26,256,0.000000656
27,256,0.000000769
28,256,0.000000621
29,256,0.000000676
30,256,0.000000639
31,256,0.000000650
32,256,0.000000983
33,256,0.000000663
34,256,0.000000618
35,256,0.000000694
36,256,0.000000966
37,256,0.000000677
38,256,0.000000667
39,256,0.000000664
40,256,0.000000685
41,256,0.000000641
42,256,0.000000655
43,256,0.000000845
44,256,0.000000623
45,256,0.000000655
46,256,0.000000631
47,256,0.000000645
48,256,0.000000856
49,256,0.000000657
50,256,0.000000643
51,256,0.000000655
52,256,0.000000700
53,256,0.000000654
54,256,0.000000645
55,256,0.000000661
56,256,0.000000696
57,256,0.000000641
58,256,0.000000658
59,256,0.000000647
60,256,0.000000655
61,256,0.000000658
62,256,0.000000651
63,256,0.000000657
64,256,0.000000848
65,256,0.000000688
66,256,0.000000652
67,256,0.000000646
68,256,0.000000650
69,256,0.000000663
70,256,0.000000648
71,256,0.000000670
72,256,0.000000645
73,256,0.000000643
74,256,0.000000653
75,256,0.000000659
76,256,0.000000645
77,256,0.000000670
78,256,0.000000646
79,256,0.000000652
80,256,0.000000875
81,256,0.000000699
82,256,0.000000633
83,256,0.000000646
84,256,0.000000638
85,256,0.000000671
86,256,0.000000642
87,256,0.000000641
88,256,0.000000649
89,256,0.000000667
90,256,0.000000651
91,256,0.000000663
92,256,0.000000648
93,256,0.000000666
94,256,0.000000650
95,256,0.000000666
96,256,0.000000895
97,256,0.000000686
98,256,0.000000643
99,256,0.000000643
100,256,0.000000656
101,256,0.000000666
102,256,0.000000632
103,256,0.000000674
104,256,0.000000712
105,256,0.000000636
106,256,0.000000644
107,256,0.000000650
108,256,0.000000656
109,256,0.000000781
110,256,0.000000855
111,256,0.000000492
112,256,0.000000741
113,256,0.000000485
114,256,0.000000484
115,256,0.000000484
116,256,0.000000485
117,256,0.000000483
118,256,0.000000483
119,256,0.000000484
120,256,0.000000483
121,256,0.000000487
122,256,0.000000489
123,256,0.000000491
124,256,0.000000483
125,256,0.000000484
126,256,0.000000485
127,256,0.000000484
128,256,0.000000659
129,256,0.000000485
130,256,0.000000484
131,256,0.000000485
132,256,0.000000483
133,256,0.000000484
134,256,0.000000484
135,256,0.000000484
136,256,0.000000484
137,256,0.000000489
138,256,0.000000491
139,256,0.000000490
140,256,0.000000487
141,256,0.000000485
142,256,0.000000485
143,256,0.000000485
144,256,0.000000735
145,256,0.000000486
146,256,0.000000485
147,256,0.000000485
148,256,0.000000485
149,256,0.000000485
150,256,0.000000486
151,256,0.000000486
152,256,0.000000484
153,256,0.000000490
154,256,0.000000492
155,256,0.000000493
156,256,0.000000485
157,256,0.000000485
158,256,0.000000484
159,256,0.000000484
160,256,0.000000705
161,256,0.000000484
162,256,0.000000484
163,256,0.000000485
164,256,0.000000483
165,256,0.000000483
166,256,0.000000484
167,256,0.000000485
168,256,0.000000484
169,256,0.000000488
170,256,0.000000492
171,256,0.000000494
172,256,0.000000485
173,256,0.000000483
174,256,0.000000484
175,256,0.000000482
176,256,0.000000775
177,256,0.000000484
178,256,0.000000483
179,256,0.000000484
180,256,0.000015162
181,256,0.000000548
182,256,0.000000500
183,256,0.000000499
184,256,0.000000500
185,256,0.000000503
186,256,0.000000505
187,256,0.000000506
188,256,0.000000498
189,256,0.000000500
190,256,0.000000498
191,256,0.000000499
192,256,0.000000776
193,256,0.000000498
194,256,0.000000499
195,256,0.000000496
196,256,0.000000499
197,256,0.000000498
198,256,0.000000497
199,256,0.000000498
200,256,0.000000497
201,256,0.000000501
202,256,0.000000507
203,256,0.000000506
204,256,0.000000497
205,256,0.000000497
206,256,0.000000496
207,256,0.000000498
208,256,0.000000891
209,256,0.000000497
210,256,0.000000496
211,256,0.000000497
212,256,0.000000496
213,256,0.000000498
214,256,0.000000497
215,256,0.000000498
216,256,0.000000497
217,256,0.000013183
218,256,0.000000525
219,256,0.000000495
220,256,0.000000488
221,256,0.000000487
222,256,0.000000485
223,256,0.000000486
224,256,0.000000576
225,256,0.000000487
226,256,0.000000485
227,256,0.000000486
228,256,0.000000485
229,256,0.000000486
230,256,0.000000486
231,256,0.000000486
232,256,0.000000485
233,256,0.000000490
234,256,0.000000493
235,256,0.000000493
236,256,0.000000485
237,256,0.000000485
238,256,0.000000485
239,256,0.000000485
240,256,0.000000703
241,256,0.000000485
242,256,0.000000484
243,256,0.000000484
244,256,0.000000483
245,256,0.000000485
246,256,0.000000483
247,256,0.000000483
248,256,0.000000484
249,256,0.000000489
250,256,0.000000490
251,256,0.000000492
252,256,0.000000484
253,256,0.000000484
254,256,0.000000484
255,256,0.000000485
256,256,0.000000566
257,256,0.000000485
258,256,0.000000484
259,256,0.000000485
260,256,0.000000485
261,256,0.000000485
262,256,0.000000485
263,256,0.000000486
264,256,0.000000484
265,256,0.000000490
266,256,0.000000491
267,256,0.000000494
268,256,0.000000484
269,256,0.000000486
270,256,0.000000485
271,256,0.000000485
272,256,0.000000703
273,256,0.000000485
274,256,0.000000486
275,256,0.000000486
276,256,0.000000487
277,256,0.000000486
278,256,0.000000485
279,256,0.000000486
280,256,0.000000486
281,256,0.000000488
282,256,0.000000493
283,256,0.000000495
284,256,0.000000485
285,256,0.000000485
286,256,0.000000485
287,256,0.000000486
288,256,0.000000580
289,256,0.000000486
290,256,0.000000486
291,256,0.000000485
292,256,0.000000485
293,256,0.000000487
294,256,0.000000486
295,256,0.000000485
296,256,0.000000484
297,256,0.000000489
298,256,0.000000493
299,256,0.000000493
300,256,0.000000485
301,256,0.000000484
302,256,0.000000485
303,256,0.000000484
304,256,0.000000646
305,256,0.000000484
306,256,0.000000485
307,256,0.000000484
308,256,0.000000484
309,256,0.000000484
310,256,0.000000485
311,256,0.000000482
312,256,0.000000485
313,256,0.000000487
314,256,0.000000493
315,256,0.000000492
316,256,0.000000484
317,256,0.000000484
318,256,0.000000487
319,256,0.000000484
320,256,0.000000568
321,256,0.000000485
322,256,0.000000485
323,256,0.000000484
324,256,0.000000485
325,256,0.000000485
326,256,0.000000486
327,256,0.000000485
328,256,0.000000486
329,256,0.000000489
330,256,0.000000493
331,256,0.000000493
332,256,0.000000487
333,256,0.000000486
334,256,0.000000485
335,256,0.000000486
336,256,0.000000720
337,256,0.000000486
338,256,0.000000486
339,256,0.000000485
340,256,0.000000487
341,256,0.000000487
342,256,0.000000487
343,256,0.000000485
344,256,0.000000486
345,256,0.000000490
346,256,0.000000492
347,256,0.000000494
348,256,0.000000484
349,256,0.000000486
350,256,0.000000485
351,256,0.000000486
352,256,0.000000609
353,256,0.000000487
354,256,0.000000486
355,256,0.000000485
356,256,0.000000485
357,256,0.000000486
358,256,0.000000486
359,256,0.000000485
360,256,0.000000485
361,256,0.000000488
362,256,0.000000493
363,256,0.000000492
364,256,0.000000487
365,256,0.000000484
366,256,0.000000485
367,256,0.000000485
368,256,0.000000714
369,256,0.000000485
370,256,0.000000484
371,256,0.000000485
372,256,0.000000483
373,256,0.000000485
374,256,0.000000483
375,256,0.000000485
376,256,0.000000484
377,256,0.000000489
378,256,0.000000493
379,256,0.000000492
380,256,0.000000485
381,256,0.000000485
382,256,0.000000484
383,256,0.000000486
384,256,0.000000803
385,256,0.000000486
386,256,0.000000485
387,256,0.000000486
388,256,0.000000486
389,256,0.000000485
390,256,0.000000485
391,256,0.000000485
392,256,0.000000487
393,256,0.000000490
394,256,0.000000494
395,256,0.000000496
396,256,0.000000485
397,256,0.000000487
398,256,0.000000485
399,256,0.000000486
400,256,0.000000732
401,256,0.000000486
402,256,0.000000486
403,256,0.000000487
404,256,0.000000485
405,256,0.000000487
406,256,0.000000486
407,256,0.000000486
408,256,0.000000485
409,256,0.000000488
410,256,0.000000492
411,256,0.000000493
412,256,0.000000484
413,256,0.000000487
414,256,0.000000486
415,256,0.000000486
416,256,0.000000603
417,256,0.000000486
418,256,0.000000484
419,256,0.000000484
420,256,0.000000484
421,256,0.000000484
422,256,0.000000484
423,256,0.000000483
424,256,0.000000484
425,256,0.000000486
426,256,0.000000491
427,256,0.000000491
428,256,0.000000485
429,256,0.000000486
430,256,0.000000485
431,256,0.000000483
432,256,0.000000913
433,256,0.000000485
434,256,0.000000485
435,256,0.000000484
436,256,0.000000483
437,256,0.000000484
438,256,0.000000483
439,256,0.000000484
440,256,0.000000484
441,256,0.000000488
442,256,0.000000490
443,256,0.000000491
444,256,0.000000487
445,256,0.000000485
446,256,0.000000484
447,256,0.000000484
448,256,0.000000566
449,256,0.000000485
450,256,0.000000484
451,256,0.000000486
452,256,0.000000484
453,256,0.000000485
454,256,0.000000486
455,256,0.000000485
456,256,0.000000486
457,256,0.000000489
458,256,0.000000493
459,256,0.000000493
460,256,0.000000487
461,256,0.000000486
462,256,0.000000485
463,256,0.000000487
464,256,0.000000711
465,256,0.000000486
466,256,0.000000485
467,256,0.000000485
468,256,0.000000485
469,256,0.000000486
470,256,0.000000485
471,256,0.000000485
472,256,0.000000486
473,256,0.000000489
474,256,0.000000492
475,256,0.000000491
476,256,0.000000486
477,256,0.000000484
478,256,0.000000485
479,256,0.000000484
480,256,0.000000724
481,256,0.000000486
482,256,0.000000486
483,256,0.000000484
484,256,0.000000484
485,256,0.000000592
486,256,0.000000823
487,256,0.000000671
488,256,0.000000675
489,256,0.000000650
490,256,0.000000672
491,256,0.000000687
492,256,0.000000682
493,256,0.000000627
494,256,0.000000652
495,256,0.000000671
496,256,0.000001547
497,256,0.000000741
498,256,0.000000595
499,256,0.000000671
500,256,0.000000658
501,256,0.000000646
502,256,0.000000748
503,256,0.000000761
504,256,0.000000671
505,256,0.000000622
506,256,0.000000665
507,256,0.000000596
508,256,0.000000577
509,256,0.000000748
510,256,0.000000887
511,256,0.000000655
512,256,0.000000695
513,256,0.000000649
514,256,0.000000590
515,256,0.000000633
516,256,0.000000671
517,256,0.000000632
518,256,0.000000555
519,256,0.000000679
520,256,0.000000619
521,256,0.000000637
522,256,0.000000574
523,256,0.000000640
524,256,0.000000553
525,256,0.000000659
526,256,0.000000588
527,256,0.000000742
528,256,0.000000944
529,256,0.000000586
530,256,0.000000658
531,256,0.000000537
532,256,0.000000667
533,256,0.000000926
534,256,0.000000566
535,256,0.000000566
536,256,0.000000554
537,256,0.000000551
538,256,0.000000678
539,256,0.000000585
540,256,0.000000547
541,256,0.000000569
542,256,0.000000718
543,256,0.000000759
544,256,0.000000750
545,256,0.000000803
546,256,0.000000614
547,256,0.000000666
548,256,0.000001016
549,256,0.000000581
550,256,0.000000805
551,256,0.000000635
552,256,0.000000580
553,256,0.000000692
554,256,0.000000650
555,256,0.000000556
556,256,0.000000593
557,256,0.000000577
558,256,0.000000592
559,256,0.000000694
560,256,0.000000962
561,256,0.000000616
562,256,0.000000608
563,256,0.000000651
564,256,0.000000671
565,256,0.000000835
566,256,0.000000702
567,256,0.000000688
568,256,0.000000701
569,256,0.000000692
570,256,0.000000719
571,256,0.000000639
572,256,0.000000591
573,256,0.000000625
574,256,0.000000810
575,256,0.000000703
576,256,0.000000744
577,256,0.000000717
578,256,0.000000647
579,256,0.000000642
580,256,0.000000675
581,256,0.000000653
582,256,0.000000671
583,256,0.000000647
584,256,0.000000652
585,256,0.000000660
586,256,0.000000650
587,256,0.000000655
588,256,0.000000664
589,256,0.000000643
590,256,0.000000638
591,256,0.000000647
592,256,0.000000906
593,256,0.000000659
594,256,0.000000646
595,256,0.000000643
596,256,0.000000645
597,256,0.000000672
598,256,0.000000645
599,256,0.000000678
600,256,0.000000651
601,256,0.000000701
602,256,0.000000673
603,256,0.000000668
604,256,0.000000694
605,256,0.000000669
606,256,0.000000658
607,256,0.000000675
608,256,0.000000762
609,256,0.000000664
610,256,0.000000640
611,256,0.000000650
612,256,0.000000737
613,256,0.000000787
614,256,0.000000485
615,256,0.000000486
616,256,0.000000485
617,256,0.000000489
618,256,0.000000484
619,256,0.000000485
620,256,0.000000487
621,256,0.000000484
622,256,0.000000484
623,256,0.000000494
624,256,0.000000663
625,256,0.000000485
626,256,0.000000484
627,256,0.000000485
628,256,0.000000483
629,256,0.000000485
630,256,0.000000484
631,256,0.000000485
632,256,0.000000609
633,256,0.000000671
634,256,0.000000701
635,256,0.000000670
636,256,0.000000669
637,256,0.000000661
638,256,0.000000628
639,256,0.000000657
640,256,0.000001399
641,256,0.000000685
642,256,0.000000679
643,256,0.000000622
644,256,0.000000702
645,256,0.000000657
646,256,0.000000687
647,256,0.000000634
648,256,0.000000601
649,256,0.000000794
650,256,0.000000592
651,256,0.000000714
652,256,0.000000682
653,256,0.000000857
654,256,0.000000556
655,256,0.000000568
656,256,0.000000847
657,256,0.000000743
658,256,0.000000544
659,256,0.000000600
660,256,0.000000623
661,256,0.000000557
662,256,0.000000775
663,256,0.000000771
664,256,0.000000684
665,256,0.000000704
666,256,0.000000927
667,256,0.000000766
668,256,0.000000788
669,256,0.000000539
670,256,0.000000589
671,256,0.000000579
672,256,0.000000743
673,256,0.000000639
674,256,0.000000800
675,256,0.000000835
676,256,0.000000772
677,256,0.000000639
678,256,0.000000642
679,256,0.000000659
680,256,0.000000658
681,256,0.000000602
682,256,0.000000633
683,256,0.000000783
684,256,0.000000711
685,256,0.000000699
686,256,0.000000662
687,256,0.000000650
688,256,0.000000877
689,256,0.000000664
690,256,0.000000685
691,256,0.000000643
692,256,0.000000659
693,256,0.000000624
694,256,0.000000661
695,256,0.000000648
696,256,0.000000663
697,256,0.000000571
698,256,0.000001378
699,256,0.000000691
700,256,0.000000612
701,256,0.000000633
702,256,0.000000691
703,256,0.000000693
704,256,0.000000927
705,256,0.000000651
706,256,0.000000740
707,256,0.000000636
708,256,0.000000644
709,256,0.000000645
710,256,0.000000868
711,256,0.000000568
712,256,0.000000640
713,256,0.000000548
714,256,0.000000590
715,256,0.000000620
716,256,0.000000634
717,256,0.000000619
718,256,0.000000593
719,256,0.000000567
720,256,0.000000844
721,256,0.000000551
722,256,0.000000547
723,256,0.000000530
724,256,0.000000703
725,256,0.000000627
726,256,0.000001035
727,256,0.000000684
728,256,0.000000578
729,256,0.000000567
730,256,0.000000621
731,256,0.000000570
732,256,0.000000718
733,256,0.000000550
734,256,0.000000630
735,256,0.000000550
736,256,0.000000807
737,256,0.000000558
738,256,0.000000629
739,256,0.000000599
740,256,0.000000828
741,256,0.000000581
742,256,0.000000679
743,256,0.000000602
744,256,0.000000643
745,256,0.000000551
746,256,0.000000538
747,256,0.000000763
748,256,0.000000593
749,256,0.000000763
750,256,0.000000598
751,256,0.000000645
752,256,0.000000861
753,256,0.000000583
754,256,0.000000646
755,256,0.000000716
756,256,0.000000621
757,256,0.000000655
758,256,0.000000602
759,256,0.000000572
760,256,0.000000737
761,256,0.000000668
762,256,0.000000686
763,256,0.000001440
764,256,0.000000715
765,256,0.000000632
766,256,0.000000683
767,256,0.000000639
768,256,0.000000911
769,256,0.000000629
770,256,0.000000683
771,256,0.000000700
772,256,0.000000682
773,256,0.000000692
774,256,0.000000596
775,256,0.000000692
776,256,0.000000573
777,256,0.000000733
778,256,0.000000650
779,256,0.000000560
780,256,0.000000967
781,256,0.000000628
782,256,0.000000668
783,256,0.000000672
784,256,0.000000888
785,256,0.000000658
786,256,0.000000598
787,256,0.000000567
788,256,0.000000623
789,256,0.000000586
790,256,0.000000602
791,256,0.000000624
792,256,0.000000874
793,256,0.000000640
794,256,0.000000565
795,256,0.000000591
796,256,0.000000651
797,256,0.000000631
798,256,0.000000683
799,256,0.000000629
800,256,0.000000741
801,256,0.000000542
802,256,0.000000595
803,256,0.000000565
804,256,0.000001083
805,256,0.000000689
806,256,0.000000658
807,256,0.000000535
808,256,0.000000609
809,256,0.000000538
810,256,0.000000627
811,256,0.000000674
812,256,0.000000607
813,256,0.000000677
814,256,0.000000654
815,256,0.000000623
816,256,0.000000683
817,256,0.000000663
818,256,0.000000955
819,256,0.000000559
820,256,0.000000601
821,256,0.000000687
822,256,0.000000642
823,256,0.000000736
824,256,0.000000600
825,256,0.000000656
826,256,0.000000638
827,256,0.000000672
828,256,0.000000641
829,256,0.000000661
830,256,0.000000627
831,256,0.000000675
832,256,0.000000891
833,256,0.000000712
834,256,0.000000602
835,256,0.000000641
836,256,0.000000629
837,256,0.000000674
838,256,0.000000654
839,256,0.000000686
840,256,0.000000997
841,256,0.000000683
842,256,0.000000579
843,256,0.000000654
844,256,0.000000607
845,256,0.000000632
846,256,0.000000656
847,256,0.000000661
848,256,0.000000770
849,256,0.000000694
850,256,0.000000708
851,256,0.000000699
852,256,0.000000629
853,256,0.000000825
854,256,0.000000691
855,256,0.000000659
856,256,0.000000532
857,256,0.000000689
858,256,0.000000661
859,256,0.000000652
860,256,0.000000659
861,256,0.000000620
862,256,0.000000815
863,256,0.000000685
864,256,0.000000905
865,256,0.000000681
866,256,0.000000617
867,256,0.000000636
868,256,0.000000655
869,256,0.000000640
870,256,0.000000627
871,256,0.000000640
872,256,0.000000671
873,256,0.000000668
874,256,0.000000649
875,256,0.000000694
876,256,0.000000658
877,256,0.000000667
878,256,0.000000658
879,256,0.000000676
880,256,0.000000776
881,256,0.000000751
882,256,0.000000674
883,256,0.000000588
884,256,0.000000650
885,256,0.000000603
886,256,0.000000649
887,256,0.000000677
888,256,0.000000746
889,256,0.000000688
890,256,0.000000672
891,256,0.000000677
892,256,0.000000663
893,256,0.000000663
894,256,0.000000680
895,256,0.000000659
896,256,0.000000861
897,256,0.000000684
898,256,0.000000679
899,256,0.000000680
900,256,0.000000673
901,256,0.000000678
902,256,0.000000682
903,256,0.000000682
904,256,0.000000682
905,256,0.000000671
906,256,0.000000685
907,256,0.000000680
908,256,0.000000683
909,256,0.000000693
910,256,0.000000669
911,256,0.000000659
912,256,0.000000755
913,256,0.000000680
914,256,0.000000686
915,256,0.000000684
916,256,0.000000674
917,256,0.000000675
918,256,0.000000682
919,256,0.000000673
920,256,0.000000753
921,256,0.000000550
922,256,0.000000654
923,256,0.000000717
924,256,0.000000644
925,256,0.000000665
926,256,0.000000707
927,256,0.000000518
928,256,0.000000798
929,256,0.000000704
930,256,0.000000633
931,256,0.000000680
932,256,0.000000664
933,256,0.000000660
934,256,0.000000586
935,256,0.000000590
936,256,0.000000536
937,256,0.000000605
938,256,0.000000892
939,256,0.000000588
940,256,0.000000542
941,256,0.000000637
942,256,0.000000542
943,256,0.000000675
944,256,0.000000771
945,256,0.000000664
946,256,0.000000584
947,256,0.000000623
948,256,0.000000692
949,256,0.000000731
950,256,0.000000701
951,256,0.000000689
952,256,0.000000720
953,256,0.000000684
954,256,0.000000715
955,256,0.000000681
956,256,0.000000698
957,256,0.000000698
958,256,0.000000695
959,256,0.000000718
960,256,0.000001247
961,256,0.000000706
962,256,0.000000690
963,256,0.000000714
964,256,0.000000710
965,256,0.000000699
966,256,0.000000678
967,256,0.000000710
968,256,0.000000709
969,256,0.000000676
970,256,0.000000716
971,256,0.000000697
972,256,0.000000704
973,256,0.000000694
974,256,0.000000696
975,256,0.000000701
976,256,0.000000774
977,256,0.000000782
978,256,0.000000690
979,256,0.000000684
980,256,0.000000717
981,256,0.000000685
982,256,0.000000713
983,256,0.000000627
984,256,0.000000688
985,256,0.000000701
986,256,0.000000704
987,256,0.000000701
988,256,0.000000687
989,256,0.000000665
990,256,0.000000698
991,256,0.000000697
992,256,0.000000934
993,256,0.000000707
994,256,0.000000694
995,256,0.000000550
996,256,0.000000532
997,256,0.000000544
998,256,0.000000847
999,256,0.000000655
0,512,0.000001432
1,512,0.000000781
2,512,0.000000727
3,512,0.000000682
4,512,0.000000717
5,512,0.000000677
6,512,0.000000739
7,512,0.000000710
8,512,0.000000728
9,512,0.000000547
10,512,0.000000560
11,512,0.000000660
12,512,0.000000622
13,512,0.000000589
14,512,0.000000622
15,512,0.000000631
16,512,0.000000709
17,512,0.000000600
18,512,0.000000698
19,512,0.000000646
20,512,0.000000702
21,512,0.000000601
22,512,0.000000924
23,512,0.000000615
24,512,0.000000754
25,512,0.000000620
26,512,0.000000633
27,512,0.000000647
28,512,0.000000687
29,512,0.000000646
30,512,0.000000666
31,512,0.000000640
32,512,0.000000906
33,512,0.000000785
34,512,0.000000596
35,512,0.000000749
36,512,0.000000845
37,512,0.000000656
38,512,0.000000590
39,512,0.000000712
40,512,0.000000881
41,512,0.000000724
42,512,0.000000728
43,512,0.000000792
44,512,0.000000592
45,512,0.000000658
46,512,0.000000706
47,512,0.000000575
48,512,0.000000769
49,512,0.000000533
50,512,0.000000666
51,512,0.000000600
52,512,0.000000589
53,512,0.000000593
54,512,0.000000661
55,512,0.000000723
56,512,0.000001120
57,512,0.000000676
58,512,0.000001001
59,512,0.000000649
60,512,0.000000715
61,512,0.000000665
62,512,0.000000626
63,512,0.000000733
64,512,0.000000699
65,512,0.000000636
66,512,0.000000841
67,512,0.000000623
68,512,0.000000582
69,512,0.000000601
70,512,0.000000681
71,512,0.000000614
72,512,0.000001039
73,512,0.000000620
74,512,0.000000562
75,512,0.000000560
76,512,0.000000569
77,512,0.000000580
78,512,0.000000697
79,512,0.000000670
80,512,0.000000770
81,512,0.000000664
82,512,0.000000605
83,512,0.000000628
84,512,0.000000559
85,512,0.000000722
86,512,0.000000686
87,512,0.000000581
88,512,0.000000762
89,512,0.000000560
90,512,0.000000763
91,512,0.000000703
92,512,0.000000627
93,512,0.000000603
94,512,0.000000613
95,512,0.000000601
96,512,0.000000834
97,512,0.000000623
98,512,0.000000609
99,512,0.000000579
100,512,0.000000677
101,512,0.000000641
102,512,0.000000680
103,512,0.000000674
104,512,0.000000749
105,512,0.000000677
106,512,0.000000716
107,512,0.000000797
108,512,0.000000685
109,512,0.000000914
110,512,0.000000624
111,512,0.000000733
112,512,0.000000814
113,512,0.000000718
114,512,0.000000640
115,512,0.000000614
116,512,0.000000578
117,512,0.000000618
118,512,0.000000692
119,512,0.000000670
120,512,0.000000805
121,512,0.000000624
122,512,0.000000643
123,512,0.000000754
124,512,0.000000924
125,512,0.000000767
126,512,0.000000633
127,512,0.000000640
128,512,0.000000794
129,512,0.000000705
130,512,0.000000658
131,512,0.000000662
132,512,0.000000647
133,512,0.000000833
134,512,0.000000593
135,512,0.000000781
136,512,0.000001222
137,512,0.000000684
138,512,0.000000717
139,512,0.000000704
140,512,0.000000674
141,512,0.000000648
142,512,0.000000607
143,512,0.000000832
144,512,0.000000768
145,512,0.000000586
146,512,0.000000606
147,512,0.000000728
148,512,0.000000641
149,512,0.000000664
150,512,0.000000781
151,512,0.000000653
152,512,0.000001226
153,512,0.000000650
154,512,0.000000646
155,512,0.000000636
156,512,0.000000615
157,512,0.000015281
158,512,0.000000672
159,512,0.000000622
160,512,0.000000758
161,512,0.000000731
162,512,0.000000662
163,512,0.000000730
164,512,0.000001098
165,512,0.000000770
166,512,0.000000761
167,512,0.000000893
168,512,0.000000939
169,512,0.000000696
170,512,0.000000654
171,512,0.000000665
172,512,0.000000650
173,512,0.000000704
174,512,0.000000750
175,512,0.000000733
176,512,0.000000820
177,512,0.000000757
178,512,0.000000627
179,512,0.000000948
180,512,0.000000781
181,512,0.000000658
182,512,0.000000710
183,512,0.000000678
184,512,0.000000913
185,512,0.000000676
186,512,0.000000722
187,512,0.000000701
188,512,0.000000655
189,512,0.000000666
190,512,0.000000692
191,512,0.000000695
192,512,0.000000748
193,512,0.000000766
194,512,0.000000647
195,512,0.000013547
196,512,0.000000703
197,512,0.000000704
198,512,0.000000705
199,512,0.000000668
200,512,0.000000872
201,512,0.000000682
202,512,0.000000664
203,512,0.000000653
204,512,0.000000659
205,512,0.000000694
206,512,0.000000674
207,512,0.000000679
208,512,0.000000799
209,512,0.000000699
210,512,0.000000663
211,512,0.000000669
212,512,0.000000682
213,512,0.000000711
214,512,0.000000670
215,512,0.000000680
216,512,0.000000760
217,512,0.000000690
218,512,0.000000673
219,512,0.000000669
220,512,0.000000671
221,512,0.000000715
222,512,0.000000724
223,512,0.000000664
224,512,0.000001067
225,512,0.000000676
226,512,0.000000667
227,512,0.000000668
228,512,0.000000663
229,512,0.000000695
230,512,0.000000666
231,512,0.000000659
232,512,0.000000825
233,512,0.000000680
234,512,0.000000676
235,512,0.000000680
236,512,0.000000662
237,512,0.000000667
238,512,0.000000666
239,512,0.000000659
240,512,0.000000769
241,512,0.000000725
242,512,0.000000690
243,512,0.000000658
244,512,0.000000652
245,512,0.000000683
246,512,0.000000665
247,512,0.000000660
248,512,0.000000748
249,512,0.000000719
250,512,0.000000706
251,512,0.000000665
252,512,0.000000674
253,512,0.000000663
254,512,0.000000695
255,512,0.000000701
256,512,0.000000792
257,512,0.000000689
258,512,0.000000689
259,512,0.000000628
260,512,0.000000746
261,512,0.000000897
262,512,0.000001837
263,512,0.000000485
264,512,0.000000697
265,512,0.000000486
266,512,0.000000485
267,512,0.000000487
268,512,0.000000488
269,512,0.000000485
270,512,0.000000484
271,512,0.000000484
272,512,0.000000568
273,512,0.000000557
274,512,0.000000485
275,512,0.000000482
276,512,0.000000485
277,512,0.000000486
278,512,0.000000494
279,512,0.000000492
280,512,0.000000670
281,512,0.000000485
282,512,0.000000483
283,512,0.000000483
284,512,0.000000483
285,512,0.000000491
286,512,0.000000493
287,512,0.000000493
288,512,0.000000575
289,512,0.000000557
290,512,0.000000486
291,512,0.000000485
292,512,0.000000485
293,512,0.000000487
294,512,0.000000492
295,512,0.000000490
296,512,0.000000679
297,512,0.000000486
298,512,0.000000485
299,512,0.000000485
300,512,0.000000482
301,512,0.000000491
302,512,0.000000497
303,512,0.000000486
304,512,0.000000581
305,512,0.000000554
306,512,0.000000483
307,512,0.000000486
308,512,0.000000484
309,512,0.000000486
310,512,0.000000492
311,512,0.000000492
312,512,0.000000596
313,512,0.000000485
314,512,0.000000493
315,512,0.000000488
316,512,0.000000485
317,512,0.000000494
318,512,0.000000493
319,512,0.000000484
320,512,0.000000571
321,512,0.000000487
322,512,0.000000484
323,512,0.000000484
324,512,0.000000487
325,512,0.000000495
326,512,0.000000495
327,512,0.000000493
328,512,0.000000584
329,512,0.000000486
330,512,0.000000485
331,512,0.000000483
332,512,0.000000483
333,512,0.000000490
334,512,0.000000491
335,512,0.000000484
336,512,0.000000550
337,512,0.000000486
338,512,0.000000485
339,512,0.000000486
340,512,0.000000485
341,512,0.000000485
342,512,0.000000492
343,512,0.000000482
344,512,0.000000652
345,512,0.000000485
346,512,0.000000484
347,512,0.000000484
348,512,0.000000484
349,512,0.000000484
350,512,0.000000493
351,512,0.000000483
352,512,0.000000579
353,512,0.000000483
354,512,0.000000484
355,512,0.000000487
356,512,0.000000486
357,512,0.000000486
358,512,0.000000491
359,512,0.000000485
360,512,0.000000592
361,512,0.000000487
362,512,0.000000485
363,512,0.000000486
364,512,0.000000486
365,512,0.000000485
366,512,0.000000497
367,512,0.000000484
368,512,0.000000820
369,512,0.000000550
370,512,0.000000484
371,512,0.000000485
372,512,0.000000485
373,512,0.000000487
374,512,0.000000494
375,512,0.000000491
376,512,0.000000627
377,512,0.000000486
378,512,0.000000496
379,512,0.000000485
380,512,0.000000484
381,512,0.000000495
382,512,0.000000491
383,512,0.000000485
384,512,0.000000602
385,512,0.000000551
386,512,0.000000490
387,512,0.000000490
388,512,0.000000485
389,512,0.000000489
390,512,0.000000493
391,512,0.000000495
392,512,0.000000669
393,512,0.000000484
394,512,0.000000485
395,512,0.000000486
396,512,0.000000483
397,512,0.000000492
398,512,0.000000495
399,512,0.000000494
400,512,0.000000585
401,512,0.000000483
402,512,0.000000483
403,512,0.000000488
404,512,0.000000487
405,512,0.000000486
406,512,0.000000481
407,512,0.000000483
408,512,0.000000566
409,512,0.000000483
410,512,0.000000484
411,512,0.000000482
412,512,0.000000484
413,512,0.000000491
414,512,0.000000493
415,512,0.000000482
416,512,0.000000631
417,512,0.000000484
418,512,0.000000484
419,512,0.000000485
420,512,0.000000482
421,512,0.000000495
422,512,0.000000490
423,512,0.000000485
424,512,0.000000573
425,512,0.000000484
426,512,0.000000484
427,512,0.000000483
428,512,0.000000484
429,512,0.000000493
430,512,0.000000491
431,512,0.000000486
432,512,0.000000612
433,512,0.000000487
434,512,0.000000487
435,512,0.000000485
436,512,0.000000486
437,512,0.000000487
438,512,0.000000484
439,512,0.000000485
440,512,0.000000572
441,512,0.000000484
442,512,0.000000488
443,512,0.000000486
444,512,0.000000484
445,512,0.000000492
446,512,0.000000493
447,512,0.000000485
448,512,0.000000591
449,512,0.000000485
450,512,0.000000495
451,512,0.000000484
452,512,0.000000484
453,512,0.000000494
454,512,0.000000490
455,512,0.000000483
456,512,0.000000569
457,512,0.000000483
458,512,0.000000485
459,512,0.000000485
460,512,0.000000483
461,512,0.000000484
462,512,0.000000483
463,512,0.000000484
464,512,0.000000653
465,512,0.000000483
466,512,0.000000485
467,512,0.000000484
468,512,0.000000482
469,512,0.000000491
470,512,0.000000496
471,512,0.000000486
472,512,0.000000598
473,512,0.000000483
474,512,0.000000482
475,512,0.000000484
476,512,0.000000483
477,512,0.000000492
478,512,0.000000495
479,512,0.000000485
480,512,0.000000659
481,512,0.000000485
482,512,0.000000492
483,512,0.000000487
484,512,0.000000487
485,512,0.000000489
486,512,0.000000484
487,512,0.000000485
488,512,0.000000597
489,512,0.000000550
490,512,0.000000499
491,512,0.000000486
492,512,0.000000487
493,512,0.000000488
494,512,0.000000492
495,512,0.000000493
496,512,0.000000616
497,512,0.000000485
498,512,0.000000485
499,512,0.000000486
500,512,0.000000484
501,512,0.000000494
502,512,0.000000491
503,512,0.000000485
504,512,0.000000895
505,512,0.000000497
506,512,0.000000491
507,512,0.000000491
508,512,0.000000490
509,512,0.000000500
510,512,0.000000498
511,512,0.000000492
512,512,0.000000604
513,512,0.000000484
514,512,0.000000484
515,512,0.000000485
516,512,0.000000485
517,512,0.000000486
518,512,0.000000492
519,512,0.000000484
520,512,0.000000814
521,512,0.000000483
522,512,0.000000484
523,512,0.000000486
524,512,0.000000482
525,512,0.000000491
526,512,0.000000493
527,512,0.000000490
528,512,0.000000899
529,512,0.000000482
530,512,0.000000484
531,512,0.000000484
532,512,0.000000484
533,512,0.000000492
534,512,0.000000495
535,512,0.000000484
536,512,0.000000756
537,512,0.000000484
538,512,0.000000483
539,512,0.000000584
540,512,0.000000485
541,512,0.000000491
542,512,0.000000493
543,512,0.000000492
544,512,0.000000571
545,512,0.000000485
546,512,0.000000483
547,512,0.000000486
548,512,0.000000483
549,512,0.000000491
550,512,0.000000492
551,512,0.000000485
552,512,0.000000708
553,512,0.000000487
554,512,0.000000486
555,512,0.000000486
556,512,0.000000483
557,512,0.000000492
558,512,0.000000496
559,512,0.000000486
560,512,0.000000575
561,512,0.000000485
562,512,0.000000485
563,512,0.000000486
564,512,0.000000485
565,512,0.000000492
566,512,0.000000496
567,512,0.000000485
568,512,0.000000711
569,512,0.000000485
570,512,0.000000486
571,512,0.000000484
572,512,0.000000483
573,512,0.000000491
574,512,0.000000490
575,512,0.000000484
576,512,0.000000587
577,512,0.000000485
578,512,0.000000486
579,512,0.000000483
580,512,0.000000484
581,512,0.000023454
582,512,0.000000532
583,512,0.000000504
584,512,0.000000718
585,512,0.000000503
586,512,0.000000504
587,512,0.000000501
588,512,0.000000500
589,512,0.000000508
590,512,0.000000510
591,512,0.000000502
592,512,0.000000594
593,512,0.000000504
594,512,0.000000502
595,512,0.000000499
596,512,0.000000499
597,512,0.000000511
598,512,0.000000501
599,512,0.000000499
600,512,0.000000818
601,512,0.000000500
602,512,0.000000501
603,512,0.000000500
604,512,0.000000502
605,512,0.000000502
606,512,0.000000498
607,512,0.000013784
608,512,0.000000668
609,512,0.000000567
610,512,0.000000494
611,512,0.000000494
612,512,0.000000493
613,512,0.000000495
614,512,0.000000500
615,512,0.000000501
616,512,0.000000752
617,512,0.000000490
618,512,0.000000493
619,512,0.000000492
620,512,0.000000491
621,512,0.000000490
622,512,0.000000489
623,512,0.000000490
624,512,0.000000583
625,512,0.000000491
626,512,0.000000491
627,512,0.000000490
628,512,0.000000491
629,512,0.000000501
630,512,0.000000490
631,512,0.000000489
632,512,0.000000626
633,512,0.000000490
634,512,0.000000488
635,512,0.000000490
636,512,0.000000490
637,512,0.000000489
638,512,0.000000488
639,512,0.000000488
640,512,0.000000572
641,512,0.000000488
642,512,0.000000489
643,512,0.000000488
644,512,0.000000489
645,512,0.000000498
646,512,0.000000499
647,512,0.000000501
648,512,0.000000785
649,512,0.000000490
650,512,0.000000491
651,512,0.000000490
652,512,0.000000488
653,512,0.000000498
654,512,0.000000496
655,512,0.000000490
656,512,0.000000581
657,512,0.000000490
658,512,0.000000491
659,512,0.000000489
660,512,0.000000490
661,512,0.000000498
662,512,0.000000499
663,512,0.000000491
664,512,0.000000728
665,512,0.000000493
666,512,0.000000492
667,512,0.000000492
668,512,0.000000494
669,512,0.000000500
670,512,0.000000501
671,512,0.000000491
672,512,0.000000585
673,512,0.000000492
674,512,0.000000492
675,512,0.000000491
676,512,0.000000491
677,512,0.000000496
678,512,0.000000502
679,512,0.000000489
680,512,0.000000938
681,512,0.000000492
682,512,0.000000492
683,512,0.000000491
684,512,0.000000490
685,512,0.000000497
686,512,0.000000497
687,512,0.000000491
688,512,0.000000578
689,512,0.000000490
690,512,0.000000490
691,512,0.000000491
692,512,0.000000488
693,512,0.000000496
694,512,0.000000501
695,512,0.000000488
696,512,0.000000701
697,512,0.000000489
698,512,0.000000490
699,512,0.000000490
700,512,0.000000490
701,512,0.000000491
702,512,0.000000490
703,512,0.000000489
704,512,0.000000587
705,512,0.000000492
706,512,0.000000489
707,512,0.000000490
708,512,0.000000489
709,512,0.000000496
710,512,0.000000501
711,512,0.000000491
712,512,0.000000715
713,512,0.000000489
714,512,0.000000490
715,512,0.000000489
716,512,0.000000490
717,512,0.000000498
718,512,0.000000498
719,512,0.000000492
720,512,0.000000588
721,512,0.000000491
722,512,0.000000491
723,512,0.000000493
724,512,0.000000492
725,512,0.000000498
726,512,0.000000498
727,512,0.000000492
728,512,0.000000648
729,512,0.000000490
730,512,0.000000489
731,512,0.000000492
732,512,0.000000491
733,512,0.000000497
734,512,0.000000498
735,512,0.000000491
736,512,0.000000581
737,512,0.000000490
738,512,0.000000492
739,512,0.000000490
740,512,0.000000490
741,512,0.000000499
742,512,0.000000500
743,512,0.000000491
744,512,0.000000748
745,512,0.000000491
746,512,0.000000489
747,512,0.000000491
748,512,0.000000491
749,512,0.000000491
750,512,0.000000489
751,512,0.000000490
752,512,0.000000584
753,512,0.000000487
754,512,0.000000491
755,512,0.000000488
756,512,0.000000489
757,512,0.000000494
758,512,0.000000492
759,512,0.000000491
760,512,0.000000708
761,512,0.000000488
762,512,0.000000488
763,512,0.000000491
764,512,0.000000490
765,512,0.000000498
766,512,0.000000499
767,512,0.000000489
768,512,0.000000588
769,512,0.000000489
770,512,0.000000490
771,512,0.000000490
772,512,0.000000490
773,512,0.000000498
774,512,0.000000503
775,512,0.000000491
776,512,0.000000706
777,512,0.000000493
778,512,0.000000492
779,512,0.000000490
780,512,0.000000493
781,512,0.000000500
782,512,0.000000496
783,512,0.000000492
784,512,0.000000588
785,512,0.000000492
786,512,0.000000491
787,512,0.000000493
788,512,0.000000490
789,512,0.000000497
790,512,0.000000503
791,512,0.000000490
792,512,0.000000707
793,512,0.000000492
794,512,0.000000492
795,512,0.000000493
796,512,0.000000491
797,512,0.000000518
798,512,0.000000500
799,512,0.000000491
800,512,0.000000588
801,512,0.000000492
802,512,0.000000491
803,512,0.000000491
804,512,0.000000490
805,512,0.000000496
806,512,0.000000494
807,512,0.000000490
808,512,0.000000754
809,512,0.000000489
810,512,0.000000489
811,512,0.000000491
812,512,0.000000488
813,512,0.000000491
814,512,0.000000487
815,512,0.000000489
816,512,0.000000586
817,512,0.000000492
818,512,0.000000489
819,512,0.000000491
820,512,0.000000490
821,512,0.000000496
822,512,0.000000502
823,512,0.000000492
824,512,0.000000875
825,512,0.000000492
826,512,0.000000500
827,512,0.000000491
828,512,0.000000491
829,512,0.000000494
830,512,0.000000490
831,512,0.000000490
832,512,0.000000585
833,512,0.000000489
834,512,0.000000494
835,512,0.000000492
836,512,0.000000488
837,512,0.000000497
838,512,0.000000503
839,512,0.000000492
840,512,0.000000805
841,512,0.000000490
842,512,0.000000498
843,512,0.000000492
844,512,0.000000492
845,512,0.000000499
846,512,0.000000500
847,512,0.000000500
848,512,0.000000634
849,512,0.000000490
850,512,0.000000492
851,512,0.000000491
852,512,0.000000491
853,512,0.000000499
854,512,0.000000496
855,512,0.000000489
856,512,0.000000575
857,512,0.000000492
858,512,0.000000491
859,512,0.000000491
860,512,0.000000490
861,512,0.000000499
862,512,0.000000502
863,512,0.000000489
864,512,0.000000692
865,512,0.000000491
866,512,0.000000490
867,512,0.000000491
868,512,0.000000491
869,512,0.000000491
870,512,0.000000489
871,512,0.000000490
872,512,0.000000583
873,512,0.000000490
874,512,0.000000490
875,512,0.000000491
876,512,0.000000488
877,512,0.000000495
878,512,0.000000501
879,512,0.000000490
880,512,0.000000722
881,512,0.000000489
882,512,0.000000497
883,512,0.000000491
884,512,0.000000490
885,512,0.000000497
886,512,0.000000495
887,512,0.000000490
888,512,0.000000589
889,512,0.000000494
890,512,0.000000495
891,512,0.000000492
892,512,0.000000889
893,512,0.000000495
894,512,0.000000502
895,512,0.000000493
896,512,0.000000700
897,512,0.000000491
898,512,0.000000500
899,512,0.000000536
900,512,0.000000490
901,512,0.000000494
902,512,0.000000491
903,512,0.000000490
904,512,0.000000587
905,512,0.000000495
906,512,0.000000495
907,512,0.000000496
908,512,0.000000494
909,512,0.000000495
910,512,0.000000492
911,512,0.000000494
912,512,0.000000702
913,512,0.000000490
914,512,0.000000498
915,512,0.000000489
916,512,0.000000491
917,512,0.000000497
918,512,0.000000497
919,512,0.000000492
920,512,0.000000589
921,512,0.000000493
922,512,0.000000492
923,512,0.000000491
924,512,0.000000490
925,512,0.000000502
926,512,0.000000492
927,512,0.000000492
928,512,0.000000704
929,512,0.000000491
930,512,0.000000490
931,512,0.000000491
932,512,0.000000490
933,512,0.000000498
934,512,0.000000503
935,512,0.000000491
936,512,0.000000633
937,512,0.000000558
938,512,0.000000490
939,512,0.000000490
940,512,0.000000488
941,512,0.000000491
942,512,0.000000497
943,512,0.000000491
944,512,0.000000644
945,512,0.000000490
946,512,0.000000491
947,512,0.000000491
948,512,0.000000492
949,512,0.000000491
950,512,0.000000490
951,512,0.000000491
952,512,0.000000576
953,512,0.000000489
954,512,0.000000492
955,512,0.000000490
956,512,0.000000491
957,512,0.000000500
958,512,0.000000499
959,512,0.000000492
960,512,0.000000873
961,512,0.000000492
962,512,0.000000490
963,512,0.000000492
964,512,0.000000490
965,512,0.000000498
966,512,0.000000500
967,512,0.000000499
968,512,0.000000585
969,512,0.000000490
970,512,0.000000491
971,512,0.000000489
972,512,0.000000490
973,512,0.000000498
974,512,0.000000502
975,512,0.000000490
976,512,0.000000770
977,512,0.000000490
978,512,0.000000490
979,512,0.000000491
980,512,0.000000489
981,512,0.000000496
982,512,0.000000499
983,512,0.000000490
984,512,0.000000569
985,512,0.000000491
986,512,0.000000491
987,512,0.000000489
988,512,0.000000490
989,512,0.000000497
990,512,0.000000498
991,512,0.000000488
992,512,0.000001121
993,512,0.000000490
994,512,0.000000491
995,512,0.000000489
996,512,0.000013906
997,512,0.000000521
998,512,0.000000490
999,512,0.000000490
0,768,0.000001482
1,768,0.000000713
2,768,0.000000725
3,768,0.000000693
4,768,0.000000743
5,768,0.000000854
6,768,0.000000739
7,768,0.000000635
8,768,0.000000661
9,768,0.000001245
10,768,0.000000996
11,768,0.000000588
12,768,0.000000614
13,768,0.000000650
14,768,0.000000650
15,768,0.000000629
16,768,0.000000754
17,768,0.000000680
18,768,0.000000697
19,768,0.000000779
20,768,0.000000661
21,768,0.000000798
22,768,0.000000663
23,768,0.000000783
24,768,0.000000635
25,768,0.000000954
26,768,0.000000934
27,768,0.000000669
28,768,0.000000609
29,768,0.000000692
30,768,0.000000659
31,768,0.000000651
32,768,0.000000710
33,768,0.000000677
34,768,0.000000761
35,768,0.000000771
36,768,0.000000852
37,768,0.000000739
38,768,0.000000699
39,768,0.000000704
40,768,0.000000672
41,768,0.000000671
42,768,0.000000857
43,768,0.000000685
44,768,0.000000663
45,768,0.000000668
46,768,0.000000744
47,768,0.000000669
48,768,0.000000710
49,768,0.000000654
50,768,0.000000670
51,768,0.000000701
52,768,0.000000684
53,768,0.000000813
54,768,0.000000967
55,768,0.000000701
56,768,0.000000717
57,768,0.000000722
58,768,0.000001003
59,768,0.000000700
60,768,0.000000616
61,768,0.000000649
62,768,0.000000646
63,768,0.000000648
64,768,0.000000767
65,768,0.000000619
66,768,0.000000670
67,768,0.000000582
68,768,0.000000663
69,768,0.000000854
70,768,0.000000645
71,768,0.000000744
72,768,0.000000818
73,768,0.000000663
74,768,0.000000731
75,768,0.000000721
76,768,0.000000576
77,768,0.000000676
78,768,0.000000621
79,768,0.000000643
80,768,0.000000688
81,768,0.000000643
82,768,0.000000591
83,768,0.000000623
84,768,0.000000647
85,768,0.000000700
86,768,0.000000756
87,768,0.000000713
88,768,0.000000718
89,768,0.000000669
90,768,0.000000882
91,768,0.000000728
92,768,0.000000775
93,768,0.000000678
94,768,0.000000675
95,768,0.000000645
96,768,0.000001063
97,768,0.000000635
98,768,0.000000700
99,768,0.000000750
100,768,0.000000627
101,768,0.000000931
102,768,0.000000695
103,768,0.000000681
104,768,0.000000628
105,768,0.000000722
106,768,0.000000782
107,768,0.000000683
108,768,0.000000656
109,768,0.000000681
110,768,0.000000764
111,768,0.000000642
112,768,0.000001085
113,768,0.000000653
114,768,0.000000649
115,768,0.000000651
116,768,0.000000665
117,768,0.000000768
118,768,0.000000670
119,768,0.000000653
120,768,0.000000671
121,768,0.000000677
122,768,0.000000869
123,768,0.000000719
124,768,0.000000649
125,768,0.000000672
126,768,0.000000672
127,768,0.000000666
128,768,0.000000679
129,768,0.000000671
130,768,0.000000664
131,768,0.000000657
132,768,0.000000671
133,768,0.000000796
134,768,0.000000668
135,768,0.000000663
136,768,0.000000663
137,768,0.000000686
138,768,0.000000763
139,768,0.000000681
140,768,0.000000658
141,768,0.000000685
142,768,0.000000679
143,768,0.000000673
144,768,0.000000739
145,768,0.000000685
146,768,0.000000661
147,768,0.000000674
148,768,0.000000700
149,768,0.000000817
150,768,0.000000657
151,768,0.000000666
152,768,0.000000658
153,768,0.000000689
154,768,0.000000765
155,768,0.000000678
156,768,0.000000677
157,768,0.000000675
158,768,0.000000679
159,768,0.000000656
160,768,0.000000764
161,768,0.000000680
162,768,0.000000714
163,768,0.000000672
164,768,0.000000671
165,768,0.000000766
166,768,0.000000674
167,768,0.000000663
168,768,0.000000674
169,768,0.000000688
170,768,0.000000750
171,768,0.000000669
172,768,0.000000695
173,768,0.000000701
174,768,0.000000667
175,768,0.000000667
176,768,0.000000745
177,768,0.000000685
178,768,0.000000665
179,768,0.000000676
180,768,0.000000675
181,768,0.000000766
182,768,0.000000664
183,768,0.000000664
184,768,0.000000670
185,768,0.000000689
186,768,0.000000764
187,768,0.000000660
188,768,0.000000662
189,768,0.000000684
190,768,0.000000681
191,768,0.000000668
192,768,0.000000743
193,768,0.000000685
194,768,0.000000659
195,768,0.000000667
196,768,0.000000661
197,768,0.000000987
198,768,0.000000681
199,768,0.000000670
200,768,0.000000708
201,768,0.000000670
202,768,0.000000804
203,768,0.000000676
204,768,0.000000692
205,768,0.000000682
206,768,0.000000675
207,768,0.000000671
208,768,0.000000736
209,768,0.000000700
210,768,0.000000669
211,768,0.000000680
212,768,0.000000679
213,768,0.000000868
214,768,0.000000686
215,768,0.000000662
216,768,0.000000674
217,768,0.000000733
218,768,0.000000765
219,768,0.000000731
220,768,0.000000665
221,768,0.000000682
222,768,0.000000678
223,768,0.000000661
224,768,0.000000732
225,768,0.000000684
226,768,0.000000708
227,768,0.000000678
228,768,0.000000670
229,768,0.000000806
230,768,0.000000678
231,768,0.000001000
232,768,0.000001579
233,768,0.000000564
234,768,0.000000590
235,768,0.000000493
236,768,0.000000493
237,768,0.000000489
238,768,0.000000501
239,768,0.000000493
240,768,0.000000583
241,768,0.000000492
242,768,0.000000498
243,768,0.000000506
244,768,0.000000493
245,768,0.000000615
246,768,0.000000492
247,768,0.000000493
248,768,0.000000497
249,768,0.000000493
250,768,0.000000794
251,768,0.000000494
252,768,0.000000491
253,768,0.000000491
254,768,0.000000500
255,768,0.000000495
256,768,0.000000602
257,768,0.000000490
258,768,0.000000505
259,768,0.000000491
260,768,0.000000494
261,768,0.000000592
262,768,0.000000491
263,768,0.000000490
264,768,0.000000496
265,768,0.000000501
266,768,0.000000624
267,768,0.000000548
268,768,0.000000491
269,768,0.000000489
270,768,0.000000498
271,768,0.000000493
272,768,0.000000571
273,768,0.000000491
274,768,0.000000487
275,768,0.000000496
276,768,0.000000498
277,768,0.000000564
278,768,0.000000490
279,768,0.000000489
280,768,0.000000496
281,768,0.000000498
282,768,0.000000556
283,768,0.000000491
284,768,0.000000489
285,768,0.000000488
286,768,0.000000498
287,768,0.000000491
288,768,0.000000611
289,768,0.000000490
290,768,0.000000487
291,768,0.000000499
292,768,0.000000496
293,768,0.000000565
294,768,0.000000559
295,768,0.000000490
296,768,0.000000488
297,768,0.000000496
298,768,0.000000578
299,768,0.000000618
300,768,0.000000732
301,768,0.000000705
302,768,0.000000689
303,768,0.000000644
304,768,0.000000785
305,768,0.000000662
306,768,0.000000591
307,768,0.000000773
308,768,0.000000647
309,768,0.000000777
310,768,0.000000694
311,768,0.000000709
312,768,0.000000669
313,768,0.000000719
314,768,0.000000822
315,768,0.000000719
316,768,0.000000821
317,768,0.000001405
318,768,0.000000504
319,768,0.000000496
320,768,0.000000538
321,768,0.000000491
322,768,0.000000490
323,768,0.000000499
324,768,0.000000495
325,768,0.000000567
326,768,0.000000492
327,768,0.000000492
328,768,0.000000498
329,768,0.000000496
330,768,0.000000563
331,768,0.000000492
332,768,0.000000491
333,768,0.000000489
334,768,0.000000500
335,768,0.000000493
336,768,0.000000594
337,768,0.000000515
338,768,0.000000502
339,768,0.000000510
340,768,0.000000504
341,768,0.000000645
342,768,0.000000497
343,768,0.000000499
344,768,0.000000504
345,768,0.000000510
346,768,0.000000558
347,768,0.000000494
348,768,0.000019702
349,768,0.000000502
350,768,0.000000511
351,768,0.000000507
352,768,0.000000580
353,768,0.000000503
354,768,0.000000501
355,768,0.000000509
356,768,0.000000510
357,768,0.000000614
358,768,0.000000502
359,768,0.000000507
360,768,0.000000509
361,768,0.000000512
362,768,0.000000580
363,768,0.000000563
364,768,0.000000504
365,768,0.000000503
366,768,0.000000514
367,768,0.000000505
368,768,0.000000601
369,768,0.000000505
370,768,0.000013102
371,768,0.000000604
372,768,0.000000495
373,768,0.000000572
374,768,0.000000495
375,768,0.000000492
376,768,0.000000491
377,768,0.000000504
378,768,0.000000649
379,768,0.000000555
380,768,0.000000493
381,768,0.000000491
382,768,0.000000501
383,768,0.000000495
384,768,0.000000531
385,768,0.000000492
386,768,0.000000499
387,768,0.000000502
388,768,0.000000496
389,768,0.000000562
390,768,0.000000493
391,768,0.000000491
392,768,0.000000502
393,768,0.000000503
394,768,0.000000562
395,768,0.000000493
396,768,0.000000492
397,768,0.000000491
398,768,0.000000500
399,768,0.000000496
400,768,0.000000597
401,768,0.000000492
402,768,0.000000490
403,768,0.000000498
404,768,0.000000496
405,768,0.000000613
406,768,0.000000492
407,768,0.000000493
408,768,0.000000499
409,768,0.000000499
410,768,0.000000623
411,768,0.000000496
412,768,0.000000492
413,768,0.000000491
414,768,0.000000500
415,768,0.000000496
416,768,0.000000549
417,768,0.000000494
418,768,0.000000492
419,768,0.000000497
420,768,0.000000496
421,768,0.000000564
422,768,0.000000494
423,768,0.000000493
424,768,0.000000500
425,768,0.000000502
426,768,0.000000616
427,768,0.000000495
428,768,0.000000493
429,768,0.000000492
430,768,0.000000502
431,768,0.000000497
432,768,0.000000523
433,768,0.000000494
434,768,0.000000492
435,768,0.000000498
436,768,0.000000499
437,768,0.000000696
438,768,0.000000493
439,768,0.000000492
440,768,0.000000496
441,768,0.000000504
442,768,0.000000561
443,768,0.000000495
444,768,0.000000493
445,768,0.000000491
446,768,0.000000501
447,768,0.000000495
448,768,0.000000945
449,768,0.000000493
450,768,0.000000491
451,768,0.000000500
452,768,0.000000498
453,768,0.000000649
454,768,0.000000493
455,768,0.000000491
456,768,0.000000497
457,768,0.000000504
458,768,0.000000565
459,768,0.000000495
460,768,0.000000492
461,768,0.000000491
462,768,0.000000500
463,768,0.000000495
464,768,0.000000590
465,768,0.000000493
466,768,0.000000491
467,768,0.000000500
468,768,0.000000498
469,768,0.000000565
470,768,0.000000503
471,768,0.000000494
472,768,0.000000491
473,768,0.000000497
474,768,0.000000628
475,768,0.000000496
476,768,0.000000493
477,768,0.000000492
478,768,0.000000500
479,768,0.000000497
480,768,0.000000525
481,768,0.000000494
482,768,0.000000491
483,768,0.000000497
484,768,0.000000496
485,768,0.000000634
486,768,0.000000494
487,768,0.000000492
488,768,0.000000499
489,768,0.000000506
490,768,0.000000596
491,768,0.000000496
492,768,0.000000491
493,768,0.000000491
494,768,0.000000500
495,768,0.000000494
496,768,0.000000634
497,768,0.000000493
498,768,0.000000490
499,768,0.000000496
500,768,0.000000495
501,768,0.000000565
502,768,0.000000491
503,768,0.000000491
504,768,0.000000497
505,768,0.000000502
506,768,0.000000703
507,768,0.000000549
508,768,0.000000493
509,768,0.000000489
510,768,0.000000500
511,768,0.000000496
512,768,0.000000533
513,768,0.000000492
514,768,0.000000500
515,768,0.000000495
516,768,0.000000503
517,768,0.000000648
518,768,0.000000493
519,768,0.000000491
520,768,0.000000497
521,768,0.000000503
522,768,0.000000560
523,768,0.000000495
524,768,0.000000493
525,768,0.000000490
526,768,0.000000500
527,768,0.000000496
528,768,0.000000592
529,768,0.000000495
530,768,0.000000491
531,768,0.000000498
532,768,0.000000497
533,768,0.000000566
534,768,0.000000556
535,768,0.000000494
536,768,0.000000493
537,768,0.000000499
538,768,0.000000584
539,768,0.000000558
540,768,0.000000495
541,768,0.000000492
542,768,0.000000501
543,768,0.000000497
544,768,0.000000575
545,768,0.000000495
546,768,0.000000500
547,768,0.000000496
548,768,0.000000495
549,768,0.000000620
550,768,0.000000494
551,768,0.000000493
552,768,0.000000498
553,768,0.000000506
554,768,0.000000578
555,768,0.000000557
556,768,0.000000494
557,768,0.000000491
558,768,0.000000499
559,768,0.000000497
560,768,0.000000635
561,768,0.000000493
562,768,0.000000490
563,768,0.000000495
564,768,0.000000492
565,768,0.000000568
566,768,0.000000504
567,768,0.000000494
568,768,0.000000491
569,768,0.000000498
570,768,0.000000564
571,768,0.000000494
572,768,0.000000492
573,768,0.000000493
574,768,0.000000500
575,768,0.000000496
576,768,0.000000576
577,768,0.000000492
578,768,0.000000499
579,768,0.000000504
580,768,0.000000495
581,768,0.000000578
582,768,0.000000493
583,768,0.000000492
584,768,0.000000498
585,768,0.000000505
586,768,0.000000664
587,768,0.000000496
588,768,0.000000493
589,768,0.000000492
590,768,0.000000502
591,768,0.000000496
592,768,0.000000533
593,768,0.000000494
594,768,0.000000502
595,768,0.000000496
596,768,0.000000498
597,768,0.000000625
598,768,0.000000493
599,768,0.000000493
600,768,0.000000500
601,768,0.000000505
602,768,0.000000560
603,768,0.000000496
604,768,0.000000493
605,768,0.000000492
606,768,0.000000501
607,768,0.000000496
608,768,0.000000696
609,768,0.000000493
610,768,0.000000499
611,768,0.000000505
612,768,0.000000495
613,768,0.000000565
614,768,0.000000556
615,768,0.000000494
616,768,0.000000490
617,768,0.000000496
618,768,0.000000706
619,768,0.000000495
620,768,0.000000494
621,768,0.000000491
622,768,0.000000504
623,768,0.000000494
624,768,0.000000576
625,768,0.000000493
626,768,0.000000500
627,768,0.000000494
628,768,0.000000495
629,768,0.000000611
630,768,0.000000493
631,768,0.000000492
632,768,0.000000498
633,768,0.000000503
634,768,0.000000558
635,768,0.000000495
636,768,0.000000492
637,768,0.000000492
638,768,0.000000499
639,768,0.000000495
640,768,0.000000572
641,768,0.000000493
642,768,0.000000499
643,768,0.000000503
644,768,0.000000495
645,768,0.000000751
646,768,0.000000493
647,768,0.000000493
648,768,0.000000499
649,768,0.000000504
650,768,0.000000627
651,768,0.000000495
652,768,0.000000494
653,768,0.000000491
654,768,0.000000500
655,768,0.000000496
656,768,0.000000571
657,768,0.000000494
658,768,0.000000491
659,768,0.000000498
660,768,0.000000499
661,768,0.000000568
662,768,0.000000494
663,768,0.000000493
664,768,0.000000500
665,768,0.000000499
666,768,0.000000876
667,768,0.000000562
668,768,0.000000494
669,768,0.000000493
670,768,0.000000504
671,768,0.000000496
672,768,0.000000611
673,768,0.000000494
674,768,0.000000504
675,768,0.000000496
676,768,0.000000498
677,768,0.000000887
678,768,0.000000509
679,768,0.000000505
680,768,0.000000514
681,768,0.000000520
682,768,0.000000646
683,768,0.000000567
684,768,0.000000500
685,768,0.000000490
686,768,0.000000502
687,768,0.000000494
688,768,0.000000722
689,768,0.000000493
690,768,0.000000490
691,768,0.000000499
692,768,0.000000503
693,768,0.000000638
694,768,0.000000577
695,768,0.000000493
696,768,0.000000491
697,768,0.000000501
698,768,0.000000768
699,768,0.000000559
700,768,0.000000492
701,768,0.000000492
702,768,0.000000504
703,768,0.000000496
704,768,0.000000595
705,768,0.000000574
706,768,0.000000577
707,768,0.000000574
708,768,0.000000576
709,768,0.000000853
710,768,0.000000494
711,768,0.000000493
712,768,0.000000500
713,768,0.000000506
714,768,0.000000626
715,768,0.000000561
716,768,0.000000494
717,768,0.000000491
718,768,0.000000503
719,768,0.000000496
720,768,0.000000722
721,768,0.000000496
722,768,0.000000492
723,768,0.000000499
724,768,0.000000503
725,768,0.000000637
726,768,0.000000575
727,768,0.000000493
728,768,0.000000491
729,768,0.000000500
730,768,0.000000876
731,768,0.000000558
732,768,0.000000491
733,768,0.000000491
734,768,0.000000500
735,768,0.000000497
736,768,0.000000593
737,768,0.000000573
738,768,0.000000575
739,768,0.000000571
740,768,0.000000574
741,768,0.000000867
742,768,0.000000491
743,768,0.000000490
744,768,0.000000498
745,768,0.000000501
746,768,0.000000629
747,768,0.000000565
748,768,0.000000495
749,768,0.000000493
750,768,0.000000504
751,768,0.000000498
752,768,0.000000775
753,768,0.000000493
754,768,0.000000492
755,768,0.000000502
756,768,0.000000499
757,768,0.000000627
758,768,0.000000578
759,768,0.000000493
760,768,0.000000494
761,768,0.000000502
762,768,0.000000774
763,768,0.000000560
764,768,0.000000491
765,768,0.000000491
766,768,0.000000501
767,768,0.000000496
768,768,0.000000606
769,768,0.000000495
770,768,0.000000508
771,768,0.000000494
772,768,0.000000496
773,768,0.000000751
774,768,0.000000491
775,768,0.000000492
776,768,0.000000498
777,768,0.000000503
778,768,0.000000631
779,768,0.000000556
780,768,0.000000492
781,768,0.000000490
782,768,0.000000503
783,768,0.000000497
784,768,0.000000763
785,768,0.000000491
786,768,0.000000500
787,768,0.000000506
788,768,0.000000496
789,768,0.000000627
790,768,0.000000576
791,768,0.000000494
792,768,0.000000489
793,768,0.000000499
794,768,0.000000757
795,768,0.000000557
796,768,0.000000492
797,768,0.000000490
798,768,0.000000506
799,768,0.000000492
800,768,0.000000596
801,768,0.000000572
802,768,0.000000575
803,768,0.000000570
804,768,0.000000578
805,768,0.000000771
806,768,0.000000492
807,768,0.000000499
808,768,0.000000505
809,768,0.000000491
810,768,0.000000672
811,768,0.000000557
812,768,0.000000492
813,768,0.000000492
814,768,0.000000506
815,768,0.000000497
816,768,0.000000655
817,768,0.000000496
818,768,0.000000491
819,768,0.000000500
820,768,0.000000498
821,768,0.000000626
822,768,0.000000492
823,768,0.000000492
824,768,0.000000499
825,768,0.000000504
826,768,0.000000785
827,768,0.000000558
828,768,0.000000494
829,768,0.000000493
830,768,0.000000501
831,768,0.000000496
832,768,0.000000600
833,768,0.000000572
834,768,0.000000575
835,768,0.000000888
836,768,0.000000577
837,768,0.000000767
838,768,0.000000493
839,768,0.000000493
840,768,0.000000499
841,768,0.000000506
842,768,0.000000634
843,768,0.000000560
844,768,0.000000491
845,768,0.000000490
846,768,0.000000507
847,768,0.000000494
848,768,0.000000733
849,768,0.000000492
850,768,0.000000554
851,768,0.000000497
852,768,0.000000500
853,768,0.000000631
854,768,0.000000574
855,768,0.000000493
856,768,0.000000489
857,768,0.000000498
858,768,0.000001076
859,768,0.000000555
860,768,0.000000493
861,768,0.000000492
862,768,0.000000502
863,768,0.000000497
864,768,0.000000590
865,768,0.000000574
866,768,0.000000576
867,768,0.000000573
868,768,0.000000577
869,768,0.000000759
870,768,0.000000495
871,768,0.000000494
872,768,0.000000499
873,768,0.000000506
874,768,0.000000836
875,768,0.000000555
876,768,0.000000495
877,768,0.000000492
878,768,0.000000503
879,768,0.000000498
880,768,0.000000596
881,768,0.000000810
882,768,0.000000579
883,768,0.000000574
884,768,0.000000579
885,768,0.000000762
886,768,0.000000492
887,768,0.000000499
888,768,0.000000497
889,768,0.000000505
890,768,0.000000635
891,768,0.000000555
892,768,0.000000495
893,768,0.000000491
894,768,0.000000505
895,768,0.000000494
896,768,0.000000712
897,768,0.000000494
898,768,0.000000492
899,768,0.000000497
900,768,0.000000497
901,768,0.000000633
902,768,0.000000493
903,768,0.000000493
904,768,0.000000498
905,768,0.000000504
906,768,0.000000750
907,768,0.000000559
908,768,0.000000493
909,768,0.000000489
910,768,0.000000501
911,768,0.000000495
912,768,0.000000606
913,768,0.000000493
914,768,0.000000499
915,768,0.000000492
916,768,0.000000495
917,768,0.000000880
918,768,0.000000491
919,768,0.000000492
920,768,0.000000498
921,768,0.000000507
922,768,0.000000625
923,768,0.000000555
924,768,0.000000493
925,768,0.000000493
926,768,0.000000502
927,768,0.000000497
928,768,0.000000670
929,768,0.000000493
930,768,0.000000500
931,768,0.000000496
932,768,0.000000496
933,768,0.000000638
934,768,0.000000582
935,768,0.000000496
936,768,0.000000495
937,768,0.000000500
938,768,0.000000721
939,768,0.000000554
940,768,0.000000494
941,768,0.000000491
942,768,0.000000502
943,768,0.000000498
944,768,0.000000621
945,768,0.000000494
946,768,0.000000502
947,768,0.000000496
948,768,0.000000496
949,768,0.000001087
950,768,0.000000495
951,768,0.000000498
952,768,0.000000499
953,768,0.000000504
954,768,0.000000632
955,768,0.000000554
956,768,0.000000491
957,768,0.000000491
958,768,0.000000500
959,768,0.000000495
960,768,0.000000714
961,768,0.000000493
962,768,0.000000493
963,768,0.000000499
964,768,0.000000496
965,768,0.000000629
966,768,0.000000695
967,768,0.000000492
968,768,0.000000490
969,768,0.000000497
970,768,0.000000768
971,768,0.000000556
972,768,0.000000492
973,768,0.000000493
974,768,0.000000500
975,768,0.000000494
976,768,0.000000627
977,768,0.000000492
978,768,0.000000557
979,768,0.000000495
980,768,0.000000497
981,768,0.000000763
982,768,0.000010450
983,768,0.000000515
984,768,0.000000494
985,768,0.000000495
986,768,0.000000651
987,768,0.000000565
988,768,0.000000493
989,768,0.000000499
990,768,0.000000506
991,768,0.000000493
992,768,0.000000726
993,768,0.000000492
994,768,0.000000498
995,768,0.000000495
996,768,0.000000494
997,768,0.000000694
998,768,0.000000493
999,768,0.000000491
0,1024,0.000001295
1,1024,0.000000717
2,1024,0.000000647
3,1024,0.000000662
4,1024,0.000000763
5,1024,0.000000790
6,1024,0.000000694
7,1024,0.000000636
8,1024,0.000000978
9,1024,0.000000746
10,1024,0.000000985
11,1024,0.000000684
12,1024,0.000000760
13,1024,0.000000689
14,1024,0.000000679
15,1024,0.000000652
16,1024,0.000000767
17,1024,0.000000791
18,1024,0.000000929
19,1024,0.000000718
20,1024,0.000000764
21,1024,0.000000678
22,1024,0.000000673
23,1024,0.000000681
24,1024,0.000000750
25,1024,0.000000672
26,1024,0.000000674
27,1024,0.000000672
28,1024,0.000000708
29,1024,0.000000667
30,1024,0.000000667
31,1024,0.000000687
32,1024,0.000000799
33,1024,0.000000679
34,1024,0.000000673
35,1024,0.000000684
36,1024,0.000000756
37,1024,0.000000682
38,1024,0.000000682
39,1024,0.000000668
40,1024,0.000000774
41,1024,0.000000672
42,1024,0.000000678
43,1024,0.000000667
44,1024,0.000000720
45,1024,0.000000674
46,1024,0.000000683
47,1024,0.000000867
48,1024,0.000000870
49,1024,0.000000725
50,1024,0.000000687
51,1024,0.000000651
52,1024,0.000000965
53,1024,0.000000686
54,1024,0.000000627
55,1024,0.000000643
56,1024,0.000000670
57,1024,0.000000850
58,1024,0.000000673
59,1024,0.000000592
60,1024,0.000000646
61,1024,0.000000878
62,1024,0.000000762
63,1024,0.000000701
64,1024,0.000000800
65,1024,0.000000840
66,1024,0.000000698
67,1024,0.000000642
68,1024,0.000000722
69,1024,0.000000574
70,1024,0.000000702
71,1024,0.000000586
72,1024,0.000000720
73,1024,0.000000684
74,1024,0.000000621
75,1024,0.000000647
76,1024,0.000000707
77,1024,0.000000647
78,1024,0.000000659
79,1024,0.000000621
80,1024,0.000000688
81,1024,0.000000617
82,1024,0.000000722
83,1024,0.000000730
84,1024,0.000000700
85,1024,0.000000683
86,1024,0.000000674
87,1024,0.000000629
88,1024,0.000000661
89,1024,0.000000635
90,1024,0.000000693
91,1024,0.000000759
92,1024,0.000000741
93,1024,0.000000915
94,1024,0.000000726
95,1024,0.000000646
96,1024,0.000000663
97,1024,0.000000726
98,1024,0.000000675
99,1024,0.000000669
100,1024,0.000000706
101,1024,0.000000681
102,1024,0.000000765
103,1024,0.000000825
104,1024,0.000000908
105,1024,0.000000667
106,1024,0.000000693
107,1024,0.000000686
108,1024,0.000000752
109,1024,0.000000671
110,1024,0.000000689
111,1024,0.000000696
112,1024,0.000000689
113,1024,0.000000673
114,1024,0.000000696
115,1024,0.000000681
116,1024,0.000000725
117,1024,0.000000672
118,1024,0.000000690
119,1024,0.000000701
120,1024,0.000000757
121,1024,0.000000681
122,1024,0.000000692
123,1024,0.000000672
124,1024,0.000000694
125,1024,0.000000685
126,1024,0.000000709
127,1024,0.000000706
128,1024,0.000000706
129,1024,0.000000665
130,1024,0.000000710
131,1024,0.000000668
132,1024,0.000000692
133,1024,0.000000686
134,1024,0.000000689
135,1024,0.000000680
136,1024,0.000000690
137,1024,0.000000690
138,1024,0.000000722
139,1024,0.000000696
140,1024,0.000000738
141,1024,0.000000700
142,1024,0.000000688
143,1024,0.000000670
144,1024,0.000000756
145,1024,0.000000676
146,1024,0.000000683
147,1024,0.000000694
148,1024,0.000000763
149,1024,0.000000676
150,1024,0.000000679
151,1024,0.000000661
152,1024,0.000000775
153,1024,0.000000675
154,1024,0.000000684
155,1024,0.000000671
156,1024,0.000000768
157,1024,0.000000653
158,1024,0.000000682
159,1024,0.000000663
160,1024,0.000000739
161,1024,0.000000675
162,1024,0.000000686
163,1024,0.000000705
164,1024,0.000000794
165,1024,0.000000695
166,1024,0.000000683
167,1024,0.000000666
168,1024,0.000000699
169,1024,0.000000688
170,1024,0.000000686
171,1024,0.000000676
172,1024,0.000000752
173,1024,0.000000665
174,1024,0.000000680
175,1024,0.000000670
176,1024,0.000000725
177,1024,0.000000679
178,1024,0.000000728
179,1024,0.000000690
180,1024,0.000000800
181,1024,0.000000691
182,1024,0.000000691
183,1024,0.000000691
184,1024,0.000000740
185,1024,0.000000702
186,1024,0.000000680
187,1024,0.000000679
188,1024,0.000000711
189,1024,0.000000673
190,1024,0.000000690
191,1024,0.000000717
192,1024,0.000000815
193,1024,0.000000670
194,1024,0.000000685
195,1024,0.000000668
196,1024,0.000000760
197,1024,0.000000665
198,1024,0.000000683
199,1024,0.000000678
200,1024,0.000000753
201,1024,0.000000675
202,1024,0.000000689
203,1024,0.000000670
204,1024,0.000000750
205,1024,0.000000679
206,1024,0.000000669
207,1024,0.000000678
208,1024,0.000000706
209,1024,0.000000674
210,1024,0.000000686
211,1024,0.000000705
212,1024,0.000000718
213,1024,0.000000692
214,1024,0.000000686
215,1024,0.000000655
216,1024,0.000000794
217,1024,0.000000728
218,1024,0.000000722
219,1024,0.000000683
220,1024,0.000000723
221,1024,0.000000735
222,1024,0.000000642
223,1024,0.000000811
224,1024,0.000001498
225,1024,0.000000507
226,1024,0.000000500
227,1024,0.000000495
228,1024,0.000000572
229,1024,0.000000504
230,1024,0.000000500
231,1024,0.000000494
232,1024,0.000000524
233,1024,0.000000504
234,1024,0.000000505
235,1024,0.000000506
236,1024,0.000000570
237,1024,0.000000501
238,1024,0.000000501
239,1024,0.000000492
240,1024,0.000000577
241,1024,0.000000502
242,1024,0.000000509
243,1024,0.000000491
244,1024,0.000000537
245,1024,0.000000510
246,1024,0.000000492
247,1024,0.000000498
248,1024,0.000000657
249,1024,0.000000504
250,1024,0.000000507
251,1024,0.000000489
252,1024,0.000000582
253,1024,0.000000519
254,1024,0.000000513
255,1024,0.000000504
256,1024,0.000000552
257,1024,0.000000512
258,1024,0.000000508
259,1024,0.000000496
260,1024,0.000000578
261,1024,0.000000503
262,1024,0.000000509
263,1024,0.000000493
264,1024,0.000000742
265,1024,0.000000505
266,1024,0.000000510
267,1024,0.000000494
268,1024,0.000000571
269,1024,0.000000508
270,1024,0.000000510
271,1024,0.000000493
272,1024,0.000000535
273,1024,0.000000502
274,1024,0.000000496
275,1024,0.000000499
276,1024,0.000000553
277,1024,0.000000507
278,1024,0.000000503
279,1024,0.000000496
280,1024,0.000000529
281,1024,0.000000508
282,1024,0.000000510
283,1024,0.000000512
284,1024,0.000000524
285,1024,0.000000506
286,1024,0.000000509
287,1024,0.000000493
288,1024,0.000000551
289,1024,0.000000504
290,1024,0.000000509
291,1024,0.000000499
292,1024,0.000000522
293,1024,0.000000501
294,1024,0.000000502
295,1024,0.000000494
296,1024,0.000000542
297,1024,0.000000504
298,1024,0.000000501
299,1024,0.000000493
300,1024,0.000000553
301,1024,0.000000502
302,1024,0.000000510
303,1024,0.000000494
304,1024,0.000000525
305,1024,0.000000503
306,1024,0.000000512
307,1024,0.000000493
308,1024,0.000000578
309,1024,0.000000503
310,1024,0.000000503
311,1024,0.000000491
312,1024,0.000000550
313,1024,0.000000502
314,1024,0.000000513
315,1024,0.000000492
316,1024,0.000000564
317,1024,0.000000503
318,1024,0.000000510
319,1024,0.000000493
320,1024,0.000000523
321,1024,0.000000503
322,1024,0.000000502
323,1024,0.000000492
324,1024,0.000000553
325,1024,0.000000503
326,1024,0.000000512
327,1024,0.000000492
328,1024,0.000000572
329,1024,0.000000506
330,1024,0.000000507
331,1024,0.000000506
332,1024,0.000000524
333,1024,0.000000506
334,1024,0.000000510
335,1024,0.000000493
336,1024,0.000000553
337,1024,0.000000505
338,1024,0.000000510
339,1024,0.000000494
340,1024,0.000000547
341,1024,0.000000506
342,1024,0.000000511
343,1024,0.000000493
344,1024,0.000000528
345,1024,0.000000508
346,1024,0.000000507
347,1024,0.000000507
348,1024,0.000000525
349,1024,0.000000505
350,1024,0.000000508
351,1024,0.000000494
352,1024,0.000000557
353,1024,0.000000506
354,1024,0.000000510
355,1024,0.000000491
356,1024,0.000000524
357,1024,0.000000502
358,1024,0.000000501
359,1024,0.000000497
360,1024,0.000000524
361,1024,0.000000505
362,1024,0.000000501
363,1024,0.000000495
364,1024,0.000000523
365,1024,0.000000501
366,1024,0.000000511
367,1024,0.000000493
368,1024,0.000000522
369,1024,0.000000501
370,1024,0.000000501
371,1024,0.000000494
372,1024,0.000000534
373,1024,0.000000505
374,1024,0.000000503
375,1024,0.000000494
376,1024,0.000000524
377,1024,0.000000504
378,1024,0.000000507
379,1024,0.000000492
380,1024,0.000000585
381,1024,0.000000506
382,1024,0.000000511
383,1024,0.000000494
384,1024,0.000000530
385,1024,0.000000562
386,1024,0.000000554
387,1024,0.000000505
388,1024,0.000000596
389,1024,0.000000504
390,1024,0.000000510
391,1024,0.000000496
392,1024,0.000000529
393,1024,0.000000504
394,1024,0.000000512
395,1024,0.000000493
396,1024,0.000000601
397,1024,0.000000505
398,1024,0.000000510
399,1024,0.000000495
400,1024,0.000000572
401,1024,0.000000501
402,1024,0.000000497
403,1024,0.000000499
404,1024,0.000000525
405,1024,0.000000506
406,1024,0.000000509
407,1024,0.000000493
408,1024,0.000000547
409,1024,0.000000506
410,1024,0.000000510
411,1024,0.000000496
412,1024,0.000000524
413,1024,0.000000506
414,1024,0.000000509
415,1024,0.000000492
416,1024,0.000000545
417,1024,0.000000505
418,1024,0.000000511
419,1024,0.000000493
420,1024,0.000000537
421,1024,0.000000504
422,1024,0.000000501
423,1024,0.000000495
424,1024,0.000000535
425,1024,0.000000498
426,1024,0.000000492
427,1024,0.000000499
428,1024,0.000000521
429,1024,0.000000503
430,1024,0.000000500
431,1024,0.000000493
432,1024,0.000000524
433,1024,0.000000503
434,1024,0.000000510
435,1024,0.000000491
436,1024,0.000000545
437,1024,0.000000504
438,1024,0.000000506
439,1024,0.000000495
440,1024,0.000000925
441,1024,0.000000503
442,1024,0.000000509
443,1024,0.000000494
444,1024,0.000000526
445,1024,0.000000506
446,1024,0.000000510
447,1024,0.000000494
448,1024,0.000000578
449,1024,0.000000504
450,1024,0.000000510
451,1024,0.000000495
452,1024,0.000000526
453,1024,0.000000503
454,1024,0.000000510
455,1024,0.000000497
456,1024,0.000000544
457,1024,0.000000505
458,1024,0.000000511
459,1024,0.000000496
460,1024,0.000000532
461,1024,0.000000508
462,1024,0.000000556
463,1024,0.000000507
464,1024,0.000000547
465,1024,0.000000505
466,1024,0.000000511
467,1024,0.000000494
468,1024,0.000000529
469,1024,0.000000507
470,1024,0.000000509
471,1024,0.000000556
472,1024,0.000000570
473,1024,0.000000505
474,1024,0.000000510
475,1024,0.000000492
476,1024,0.000000521
477,1024,0.000000503
478,1024,0.000000509
479,1024,0.000000494
480,1024,0.000000611
481,1024,0.000000506
482,1024,0.000000508
483,1024,0.000000495
484,1024,0.000000534
485,1024,0.000000509
486,1024,0.000000493
487,1024,0.000000499
488,1024,0.000000587
489,1024,0.000000505
490,1024,0.000000500
491,1024,0.000000494
492,1024,0.000000523
493,1024,0.000000504
494,1024,0.000000503
495,1024,0.000000494
496,1024,0.000000525
497,1024,0.000000501
498,1024,0.000000510
499,1024,0.000000494
500,1024,0.000000568
501,1024,0.000000503
502,1024,0.000000509
503,1024,0.000000493
504,1024,0.000001034
505,1024,0.000000501
506,1024,0.000000495
507,1024,0.000001232
508,1024,0.000000845
509,1024,0.000000696
510,1024,0.000000676
511,1024,0.000000768
512,1024,0.000000735
513,1024,0.000000859
514,1024,0.000000596
515,1024,0.000000665
516,1024,0.000000741
517,1024,0.000000717
518,1024,0.000000662
519,1024,0.000000753
520,1024,0.000021784
521,1024,0.000000705
522,1024,0.000000800
523,1024,0.000000607
524,1024,0.000000586
525,1024,0.000000519
526,1024,0.000000517
527,1024,0.000000510
528,1024,0.000000575
529,1024,0.000000515
530,1024,0.000000515
531,1024,0.000000510
532,1024,0.000000542
533,1024,0.000000520
534,1024,0.000000515
535,1024,0.000000507
536,1024,0.000014395
537,1024,0.000000503
538,1024,0.000000502
539,1024,0.000000492
540,1024,0.000000573
541,1024,0.000000504
542,1024,0.000000500
543,1024,0.000000493
544,1024,0.000000573
545,1024,0.000000504
546,1024,0.000000509
547,1024,0.000000492
548,1024,0.000000609
549,1024,0.000000509
550,1024,0.000000508
551,1024,0.000000492
552,1024,0.000000536
553,1024,0.000000500
554,1024,0.000000494
555,1024,0.000000498
556,1024,0.000000525
557,1024,0.000000504
558,1024,0.000000510
559,1024,0.000000493
560,1024,0.000000554
561,1024,0.000000507
562,1024,0.000000512
563,1024,0.000000496
564,1024,0.000000605
565,1024,0.000000502
566,1024,0.000000502
567,1024,0.000000494
568,1024,0.000000532
569,1024,0.000000503
570,1024,0.000000498
571,1024,0.000000494
572,1024,0.000000588
573,1024,0.000000505
574,1024,0.000000508
575,1024,0.000000492
576,1024,0.000000526
577,1024,0.000000506
578,1024,0.000000509
579,1024,0.000000491
580,1024,0.000000578
581,1024,0.000000505
582,1024,0.000000507
583,1024,0.000000492
584,1024,0.000000539
585,1024,0.000000504
586,1024,0.000000507
587,1024,0.000000490
588,1024,0.000000601
589,1024,0.000000501
590,1024,0.000000503
591,1024,0.000000490
592,1024,0.000000568
593,1024,0.000000498
594,1024,0.000000492
595,1024,0.000000499
596,1024,0.000000579
597,1024,0.000000505
598,1024,0.000000500
599,1024,0.000000492
600,1024,0.000000550
601,1024,0.000000502
602,1024,0.000000500
603,1024,0.000000490
604,1024,0.000000608
605,1024,0.000000507
606,1024,0.000000501
607,1024,0.000000492
608,1024,0.000000575
609,1024,0.000000504
610,1024,0.000000492
611,1024,0.000000498
612,1024,0.000000541
613,1024,0.000000502
614,1024,0.000000512
615,1024,0.000000492
616,1024,0.000000524
617,1024,0.000000503
618,1024,0.000000501
619,1024,0.000000492
620,1024,0.000000610
621,1024,0.000000503
622,1024,0.000000503
623,1024,0.000000492
624,1024,0.000000567
625,1024,0.000000505
626,1024,0.000000501
627,1024,0.000000493
628,1024,0.000000611
629,1024,0.000000501
630,1024,0.000000501
631,1024,0.000000492
632,1024,0.000000877
633,1024,0.000000502
634,1024,0.000000501
635,1024,0.000000492
636,1024,0.000000552
637,1024,0.000000500
638,1024,0.000000508
639,1024,0.000000491
640,1024,0.000000526
641,1024,0.000000501
642,1024,0.000000508
643,1024,0.000000492
644,1024,0.000000524
645,1024,0.000000503
646,1024,0.000000500
647,1024,0.000000492
648,1024,0.000000525
649,1024,0.000000499
650,1024,0.000000501
651,1024,0.000000491
652,1024,0.000000523
653,1024,0.000000504
654,1024,0.000000509
655,1024,0.000000491
656,1024,0.000000549
657,1024,0.000000502
658,1024,0.000000502
659,1024,0.000000492
660,1024,0.000000530
661,1024,0.000000504
662,1024,0.000000505
663,1024,0.000000494
664,1024,0.000000666
665,1024,0.000000503
666,1024,0.000000509
667,1024,0.000000492
668,1024,0.000000534
669,1024,0.000000498
670,1024,0.000000494
671,1024,0.000000493
672,1024,0.000000568
673,1024,0.000000505
674,1024,0.000000510
675,1024,0.000000493
676,1024,0.000000549
677,1024,0.000000506
678,1024,0.000000502
679,1024,0.000000495
680,1024,0.000000577
681,1024,0.000000502
682,1024,0.000000502
683,1024,0.000000491
684,1024,0.000000529
685,1024,0.000000503
686,1024,0.000000502
687,1024,0.000000493
688,1024,0.000000607
689,1024,0.000000505
690,1024,0.000000500
691,1024,0.000000491
692,1024,0.000000575
693,1024,0.000000507
694,1024,0.000000492
695,1024,0.000000500
696,1024,0.000000574
697,1024,0.000000504
698,1024,0.000000508
699,1024,0.000000492
700,1024,0.000000529
701,1024,0.000000503
702,1024,0.000000508
703,1024,0.000000490
704,1024,0.000000524
705,1024,0.000000502
706,1024,0.000000500
707,1024,0.000000492
708,1024,0.000000552
709,1024,0.000000502
710,1024,0.000000502
711,1024,0.000000491
712,1024,0.000000592
713,1024,0.000000503
714,1024,0.000000501
715,1024,0.000000491
716,1024,0.000000575
717,1024,0.000000502
718,1024,0.000000502
719,1024,0.000000493
720,1024,0.000000609
721,1024,0.000000503
722,1024,0.000000509
723,1024,0.000000493
724,1024,0.000000525
725,1024,0.000000505
726,1024,0.000000510
727,1024,0.000000492
728,1024,0.000000569
729,1024,0.000000504
730,1024,0.000000508
731,1024,0.000000492
732,1024,0.000000557
733,1024,0.000000502
734,1024,0.000000509
735,1024,0.000000495
736,1024,0.000000528
737,1024,0.000000505
738,1024,0.000000511
739,1024,0.000000492
740,1024,0.000000551
741,1024,0.000000506
742,1024,0.000000502
743,1024,0.000000505
744,1024,0.000000630
745,1024,0.000000501
746,1024,0.000000505
747,1024,0.000000492
748,1024,0.000000526
749,1024,0.000000496
750,1024,0.000000508
751,1024,0.000000496
752,1024,0.000000738
753,1024,0.000000565
754,1024,0.000000499
755,1024,0.000000490
756,1024,0.000000648
757,1024,0.000000498
758,1024,0.000000491
759,1024,0.000000499
760,1024,0.000001039
761,1024,0.000000494
762,1024,0.000000502
763,1024,0.000000500
764,1024,0.000000619
765,1024,0.000000526
766,1024,0.000000509
767,1024,0.000000512
768,1024,0.000000731
769,1024,0.000000549
770,1024,0.000000553
771,1024,0.000000491
772,1024,0.000000597
773,1024,0.000000663
774,1024,0.000000611
775,1024,0.000000577
776,1024,0.000000736
777,1024,0.000000563
778,1024,0.000000553
779,1024,0.000000493
780,1024,0.000000598
781,1024,0.000000616
782,1024,0.000000606
783,1024,0.000000605
784,1024,0.000000727
785,1024,0.000000560
786,1024,0.000000502
787,1024,0.000000494
788,1024,0.000000602
789,1024,0.000000615
790,1024,0.000000613
791,1024,0.000000609
792,1024,0.000000781
793,1024,0.000000568
794,1024,0.000000501
795,1024,0.000000492
796,1024,0.000000602
797,1024,0.000000608
798,1024,0.000000613
799,1024,0.000000607
800,1024,0.000000665
801,1024,0.000000570
802,1024,0.000000508
803,1024,0.000000491
804,1024,0.000000595
805,1024,0.000000502
806,1024,0.000000499
807,1024,0.000000494
808,1024,0.000000993
809,1024,0.000000503
810,1024,0.000000499
811,1024,0.000000491
812,1024,0.000000600
813,1024,0.000000616
814,1024,0.000000608
815,1024,0.000000577
816,1024,0.000000787
817,1024,0.000000564
818,1024,0.000000499
819,1024,0.000000490
820,1024,0.000000593
821,1024,0.000000613
822,1024,0.000000623
823,1024,0.000000604
824,1024,0.000000724
825,1024,0.000000550
826,1024,0.000000554
827,1024,0.000000492
828,1024,0.000000594
829,1024,0.000000665
830,1024,0.000000729
831,1024,0.000000578
832,1024,0.000000738
833,1024,0.000000506
834,1024,0.000000554
835,1024,0.000000493
836,1024,0.000000584
837,1024,0.000000561
838,1024,0.000000495
839,1024,0.000000492
840,1024,0.000000715
841,1024,0.000000559
842,1024,0.000000500
843,1024,0.000000492
844,1024,0.000000599
845,1024,0.000000612
846,1024,0.000000620
847,1024,0.000000577
848,1024,0.000000727
849,1024,0.000000504
850,1024,0.000000501
851,1024,0.000000492
852,1024,0.000000599
853,1024,0.000000615
854,1024,0.000000613
855,1024,0.000000575
856,1024,0.000000712
857,1024,0.000000506
858,1024,0.000000508
859,1024,0.000000495
860,1024,0.000000601
861,1024,0.000000607
862,1024,0.000000901
863,1024,0.000000577
864,1024,0.000000662
865,1024,0.000000555
866,1024,0.000000497
867,1024,0.000000491
868,1024,0.000000594
869,1024,0.000000612
870,1024,0.000000612
871,1024,0.000000577
872,1024,0.000000718
873,1024,0.000000565
874,1024,0.000000498
875,1024,0.000000492
876,1024,0.000000597
877,1024,0.000000608
878,1024,0.000000655
879,1024,0.000000604
880,1024,0.000000718
881,1024,0.000000548
882,1024,0.000000553
883,1024,0.000000491
884,1024,0.000000613
885,1024,0.000000610
886,1024,0.000000608
887,1024,0.000000604
888,1024,0.000000648
889,1024,0.000000559
890,1024,0.000000498
891,1024,0.000000492
892,1024,0.000000737
893,1024,0.000000567
894,1024,0.000000499
895,1024,0.000000495
896,1024,0.000000630
897,1024,0.000000503
898,1024,0.000000493
899,1024,0.000000499
900,1024,0.000000730
901,1024,0.000000566
902,1024,0.000000500
903,1024,0.000000491
904,1024,0.000000601
905,1024,0.000000614
906,1024,0.000000617
907,1024,0.000000610
908,1024,0.000000735
909,1024,0.000000503
910,1024,0.000000508
911,1024,0.000000491
912,1024,0.000000652
913,1024,0.000000504
914,1024,0.000000498
915,1024,0.000000493
916,1024,0.000000717
917,1024,0.000000505
918,1024,0.000000499
919,1024,0.000000491
920,1024,0.000000591
921,1024,0.000000615
922,1024,0.000000605
923,1024,0.000000575
924,1024,0.000000732
925,1024,0.000000565
926,1024,0.000000497
927,1024,0.000000489
928,1024,0.000000600
929,1024,0.000000666
930,1024,0.000000608
931,1024,0.000000605
932,1024,0.000000658
933,1024,0.000000506
934,1024,0.000000499
935,1024,0.000000492
936,1024,0.000000601
937,1024,0.000000612
938,1024,0.000000575
939,1024,0.000000578
940,1024,0.000000719
941,1024,0.000000501
942,1024,0.000000511
943,1024,0.000000493
944,1024,0.000000594
945,1024,0.000000624
946,1024,0.000000657
947,1024,0.000000576
948,1024,0.000000769
949,1024,0.000000505
950,1024,0.000000502
951,1024,0.000000492
952,1024,0.000000868
953,1024,0.000000609
954,1024,0.000000607
955,1024,0.000000578
956,1024,0.000000683
957,1024,0.000000559
958,1024,0.000000491
959,1024,0.000000493
960,1024,0.000000606
961,1024,0.000000613
962,1024,0.000000609
963,1024,0.000000609
964,1024,0.000000721
965,1024,0.000000560
966,1024,0.000000553
967,1024,0.000000495
968,1024,0.000000595
969,1024,0.000000613
970,1024,0.000000606
971,1024,0.000000577
972,1024,0.000000719
973,1024,0.000000503
974,1024,0.000000500
975,1024,0.000000490
976,1024,0.000000599
977,1024,0.000000609
978,1024,0.000000610
979,1024,0.000000576
980,1024,0.000000723
981,1024,0.000000505
982,1024,0.000000507
983,1024,0.000000491
984,1024,0.000000604
985,1024,0.000000655
986,1024,0.000000617
987,1024,0.000000616
988,1024,0.000000736
989,1024,0.000000559
990,1024,0.000000499
991,1024,0.000000492
992,1024,0.000000601
993,1024,0.000000849
994,1024,0.000000614
995,1024,0.000000572
996,1024,0.000000711
997,1024,0.000000560
998,1024,0.000000500
999,1024,0.000000495
0,1280,0.000001081
1,1280,0.000000546
2,1280,0.000000661
3,1280,0.000000904
4,1280,0.000000678
5,1280,0.000000654
6,1280,0.000000891
7,1280,0.000000677
8,1280,0.000000692
9,1280,0.000000751
10,1280,0.000000690
11,1280,0.000000663
12,1280,0.000001457
13,1280,0.000000683
14,1280,0.000000646
15,1280,0.000000641
16,1280,0.000000964
17,1280,0.000000646
18,1280,0.000000668
19,1280,0.000000766
20,1280,0.000000713
21,1280,0.000000681
22,1280,0.000000903
23,1280,0.000000655
24,1280,0.000000670
25,1280,0.000000870
26,1280,0.000000692
27,1280,0.000000761
28,1280,0.000000908
29,1280,0.000000657
30,1280,0.000000887
31,1280,0.000000653
32,1280,0.000000772
33,1280,0.000000646
34,1280,0.000000814
35,1280,0.000001034
36,1280,0.000000719
37,1280,0.000000669
38,1280,0.000000734
39,1280,0.000000703
40,1280,0.000000662
41,1280,0.000000728
42,1280,0.000000607
43,1280,0.000000625
44,1280,0.000000919
45,1280,0.000000639
46,1280,0.000000603
47,1280,0.000000584
48,1280,0.000000621
49,1280,0.000000752
50,1280,0.000000635
51,1280,0.000000826
52,1280,0.000000854
53,1280,0.000000676
54,1280,0.000000778
55,1280,0.000000634
56,1280,0.000000614
57,1280,0.000000703
58,1280,0.000000606
59,1280,0.000000596
60,1280,0.000000739
61,1280,0.000000634
62,1280,0.000000629
63,1280,0.000000631
64,1280,0.000000681
65,1280,0.000000667
66,1280,0.000000601
67,1280,0.000000748
68,1280,0.000000678
69,1280,0.000000735
70,1280,0.000000740
71,1280,0.000000626
72,1280,0.000000704
73,1280,0.000000751
74,1280,0.000000641
75,1280,0.000000640
76,1280,0.000000788
77,1280,0.000000711
78,1280,0.000000600
79,1280,0.000000617
80,1280,0.000000721
81,1280,0.000000772
82,1280,0.000000582
83,1280,0.000000724
84,1280,0.000000646
85,1280,0.000000706
86,1280,0.000000683
87,1280,0.000000626
88,1280,0.000000602
89,1280,0.000000776
90,1280,0.000000634
91,1280,0.000000638
92,1280,0.000000798
93,1280,0.000000629
94,1280,0.000000601
95,1280,0.000000644
96,1280,0.000000673
97,1280,0.000000604
98,1280,0.000000657
99,1280,0.000000690
100,1280,0.000000589
101,1280,0.000000609
102,1280,0.000000660
103,1280,0.000000622
104,1280,0.000000680
105,1280,0.000000897
106,1280,0.000000661
107,1280,0.000000616
108,1280,0.000000815
109,1280,0.000000661
110,1280,0.000000599
111,1280,0.000000605
112,1280,0.000000791
113,1280,0.000000612
114,1280,0.000000605
115,1280,0.000000694
116,1280,0.000000720
117,1280,0.000000606
118,1280,0.000000776
119,1280,0.000000636
120,1280,0.000000589
121,1280,0.000000763
122,1280,0.000000708
123,1280,0.000000630
124,1280,0.000000727
125,1280,0.000000795
126,1280,0.000000701
127,1280,0.000000655
128,1280,0.000000751
129,1280,0.000000607
130,1280,0.000000642
131,1280,0.000000692
132,1280,0.000000620
133,1280,0.000000593
134,1280,0.000000744
135,1280,0.000000630
136,1280,0.000000676
137,1280,0.000000900
138,1280,0.000000659
139,1280,0.000000620
140,1280,0.000000736
141,1280,0.000000627
142,1280,0.000000597
143,1280,0.000000619
144,1280,0.000000789
145,1280,0.000000629
146,1280,0.000000573
147,1280,0.000000737
148,1280,0.000000656
149,1280,0.000000668
150,1280,0.000000956
151,1280,0.000000684
152,1280,0.000000680
153,1280,0.000000815
154,1280,0.000000726
155,1280,0.000000627
156,1280,0.000001009
157,1280,0.000000609
158,1280,0.000000642
159,1280,0.000000632
160,1280,0.000000752
161,1280,0.000000627
162,1280,0.000000653
163,1280,0.000000898
164,1280,0.000000679
165,1280,0.000000576
166,1280,0.000000748
167,1280,0.000000683
168,1280,0.000000861
169,1280,0.000000722
170,1280,0.000000845
171,1280,0.000000584
172,1280,0.000000958
173,1280,0.000000820
174,1280,0.000000855
175,1280,0.000000710
176,1280,0.000000737
177,1280,0.000000541
178,1280,0.000000757
179,1280,0.000000722
180,1280,0.000000570
181,1280,0.000000763
182,1280,0.000000877
183,1280,0.000000880
184,1280,0.000000569
185,1280,0.000000877
186,1280,0.000000764
187,1280,0.000000708
188,1280,0.000000933
189,1280,0.000000778
190,1280,0.000000693
191,1280,0.000000666
192,1280,0.000000836
193,1280,0.000000708
194,1280,0.000000644
195,1280,0.000000891
196,1280,0.000000637
197,1280,0.000000634
198,1280,0.000000812
199,1280,0.000000615
200,1280,0.000000720
201,1280,0.000000865
202,1280,0.000000667
203,1280,0.000000628
204,1280,0.000000708
205,1280,0.000000639
206,1280,0.000000622
207,1280,0.000000576
208,1280,0.000000733
209,1280,0.000000674
210,1280,0.000000652
211,1280,0.000000776
212,1280,0.000000672
213,1280,0.000000676
214,1280,0.000000801
215,1280,0.000000729
216,1280,0.000000569
217,1280,0.000000691
218,1280,0.000000635
219,1280,0.000000640
220,1280,0.000000990
221,1280,0.000000664
222,1280,0.000000746
223,1280,0.000000689
224,1280,0.000000623
225,1280,0.000000654
226,1280,0.000000659
227,1280,0.000000686
228,1280,0.000000640
229,1280,0.000000618
230,1280,0.000000765
231,1280,0.000000696
232,1280,0.000000584
233,1280,0.000000767
234,1280,0.000000669
235,1280,0.000000648
236,1280,0.000000724
237,1280,0.000000582
238,1280,0.000000704
239,1280,0.000000662
240,1280,0.000000793
241,1280,0.000000643
242,1280,0.000000729
243,1280,0.000000717
244,1280,0.000000607
245,1280,0.000000580
246,1280,0.000000805
247,1280,0.000000682
248,1280,0.000000625
249,1280,0.000000697
250,1280,0.000000670
251,1280,0.000000766
252,1280,0.000000720
253,1280,0.000000640
254,1280,0.000000665
255,1280,0.000000641
256,1280,0.000000652
257,1280,0.000000709
258,1280,0.000000760
259,1280,0.000000748
260,1280,0.000000959
261,1280,0.000000756
262,1280,0.000000731
263,1280,0.000000621
264,1280,0.000000643
265,1280,0.000000866
266,1280,0.000000761
267,1280,0.000000713
268,1280,0.000000760
269,1280,0.000000673
270,1280,0.000000821
271,1280,0.000000657
272,1280,0.000000712
273,1280,0.000000591
274,1280,0.000000655
275,1280,0.000000729
276,1280,0.000000722
277,1280,0.000000592
278,1280,0.000001043
279,1280,0.000000643
280,1280,0.000000664
281,1280,0.000000795
282,1280,0.000000653
283,1280,0.000000820
284,1280,0.000000957
285,1280,0.000000737
286,1280,0.000000713
287,1280,0.000000661
288,1280,0.000000749
289,1280,0.000000698
290,1280,0.000000678
291,1280,0.000000809
292,1280,0.000000629
293,1280,0.000000635
294,1280,0.000000815
295,1280,0.000000669
296,1280,0.000000689
297,1280,0.000000796
298,1280,0.000000805
299,1280,0.000000735
300,1280,0.000000754
301,1280,0.000000692
302,1280,0.000000697
303,1280,0.000000702
304,1280,0.000000779
305,1280,0.000000679
306,1280,0.000000699
307,1280,0.000000798
308,1280,0.000000686
309,1280,0.000000670
310,1280,0.000000899
311,1280,0.000000671
312,1280,0.000000693
313,1280,0.000000783
314,1280,0.000000682
315,1280,0.000000696
316,1280,0.000000814
317,1280,0.000000756
318,1280,0.000000669
319,1280,0.000000673
320,1280,0.000000767
321,1280,0.000000678
322,1280,0.000000660
323,1280,0.000000813
324,1280,0.000000685
325,1280,0.000000667
326,1280,0.000000769
327,1280,0.000000671
328,1280,0.000000675
329,1280,0.000000802
330,1280,0.000000670
331,1280,0.000000676
332,1280,0.000000794
333,1280,0.000000676
334,1280,0.000000669
335,1280,0.000000703
336,1280,0.000000805
337,1280,0.000000671
338,1280,0.000000676
339,1280,0.000000786
340,1280,0.000000678
341,1280,0.000000668
342,1280,0.000000788
343,1280,0.000000693
344,1280,0.000000670
345,1280,0.000000806
346,1280,0.000000673
347,1280,0.000000672
348,1280,0.000000794
349,1280,0.000000931
350,1280,0.000000678
351,1280,0.000000682
352,1280,0.000000784
353,1280,0.000000683
354,1280,0.000000666
355,1280,0.000000940
356,1280,0.000000673
357,1280,0.000000713
358,1280,0.000000856
359,1280,0.000000689
360,1280,0.000000671
361,1280,0.000000769
362,1280,0.000000684
363,1280,0.000000679
364,1280,0.000000818
365,1280,0.000000668
366,1280,0.000000666
367,1280,0.000000673
368,1280,0.000000713
369,1280,0.000000671
370,1280,0.000000701
371,1280,0.000000799
372,1280,0.000000682
373,1280,0.000000684
374,1280,0.000000777
375,1280,0.000000672
376,1280,0.000000671
377,1280,0.000000781
378,1280,0.000000728
379,1280,0.000000661
380,1280,0.000000756
381,1280,0.000000742
382,1280,0.000000669
383,1280,0.000000652
384,1280,0.000000822
385,1280,0.000000695
386,1280,0.000000664
387,1280,0.000000772
388,1280,0.000000680
389,1280,0.000000674
390,1280,0.000000844
391,1280,0.000000678
392,1280,0.000000673
393,1280,0.000000778
394,1280,0.000000695
395,1280,0.000000667
396,1280,0.000000867
397,1280,0.000000680
398,1280,0.000000667
399,1280,0.000000659
400,1280,0.000000739
401,1280,0.000000677
402,1280,0.000000702
403,1280,0.000000758
404,1280,0.000000698
405,1280,0.000000707
406,1280,0.000000923
407,1280,0.000000694
408,1280,0.000000694
409,1280,0.000000853
410,1280,0.000000708
411,1280,0.000000674
412,1280,0.000000798
413,1280,0.000000672
414,1280,0.000000675
415,1280,0.000000673
416,1280,0.000000711
417,1280,0.000000707
418,1280,0.000000705
419,1280,0.000000844
420,1280,0.000021775
421,1280,0.000000692
422,1280,0.000000801
423,1280,0.000000707
424,1280,0.000000715
425,1280,0.000000826
426,1280,0.000000697
427,1280,0.000000711
428,1280,0.000000774
429,1280,0.000000781
430,1280,0.000000675
431,1280,0.000000677
432,1280,0.000013174
433,1280,0.000000676
434,1280,0.000000686
435,1280,0.000000860
436,1280,0.000000705
437,1280,0.000000688
438,1280,0.000000849
439,1280,0.000000687
440,1280,0.000000664
441,1280,0.000000781
442,1280,0.000000679
443,1280,0.000015022
444,1280,0.000000799
445,1280,0.000000700
446,1280,0.000000697
447,1280,0.000000715
448,1280,0.000000788
449,1280,0.000000701
450,1280,0.000000767
451,1280,0.000000867
452,1280,0.000000729
453,1280,0.000000702
454,1280,0.000000797
455,1280,0.000013161
456,1280,0.000000816
457,1280,0.000001694
458,1280,0.000000560
459,1280,0.000000500
460,1280,0.000000621
461,1280,0.000000507
462,1280,0.000000502
463,1280,0.000000515
464,1280,0.000000589
465,1280,0.000000507
466,1280,0.000000504
467,1280,0.000000585
468,1280,0.000000512
469,1280,0.000000494
470,1280,0.000000653
471,1280,0.000000499
472,1280,0.000000502
473,1280,0.000000579
474,1280,0.000000555
475,1280,0.000000512
476,1280,0.000000587
477,1280,0.000000510
478,1280,0.000000494
479,1280,0.000000506
480,1280,0.000000534
481,1280,0.000000510
482,1280,0.000000495
483,1280,0.000000606
484,1280,0.000000508
485,1280,0.000000506
486,1280,0.000000574
487,1280,0.000000572
488,1280,0.000000564
489,1280,0.000000656
490,1280,0.000000551
491,1280,0.000000505
492,1280,0.000000569
493,1280,0.000000508
494,1280,0.000000498
495,1280,0.000000498
496,1280,0.000000563
497,1280,0.000000511
498,1280,0.000000502
499,1280,0.000000584
500,1280,0.000000515
501,1280,0.000000496
502,1280,0.000000649
503,1280,0.000000561
504,1280,0.000000501
505,1280,0.000000634
506,1280,0.000000777
507,1280,0.000000501
508,1280,0.000000672
509,1280,0.000000551
510,1280,0.000000504
511,1280,0.000000502
512,1280,0.000000537
513,1280,0.000000510
514,1280,0.000000495
515,1280,0.000000646
516,1280,0.000000498
517,1280,0.000000506
518,1280,0.000000574
519,1280,0.000000510
520,1280,0.000000510
521,1280,0.000000607
522,1280,0.000000500
523,1280,0.000000501
524,1280,0.000000610
525,1280,0.000000504
526,1280,0.000000501
527,1280,0.000000509
528,1280,0.000000534
529,1280,0.000000508
530,1280,0.000000498
531,1280,0.000000643
532,1280,0.000000506
533,1280,0.000000507
534,1280,0.000000590
535,1280,0.000000508
536,1280,0.000000508
537,1280,0.000000601
538,1280,0.000000554
539,1280,0.000000503
540,1280,0.000000569
541,1280,0.000000507
542,1280,0.000000503
543,1280,0.000000503
544,1280,0.000000596
545,1280,0.000000504
546,1280,0.000000505
547,1280,0.000000584
548,1280,0.000000512
549,1280,0.000000571
550,1280,0.000000740
551,1280,0.000000501
552,1280,0.000000507
553,1280,0.000000583
554,1280,0.000000558
555,1280,0.000000510
556,1280,0.000000646
557,1280,0.000000554
558,1280,0.000000502
559,1280,0.000000499
560,1280,0.000000562
561,1280,0.000000561
562,1280,0.000000497
563,1280,0.000000579
564,1280,0.000000505
565,1280,0.000000509
566,1280,0.000000600
567,1280,0.000000500
568,1280,0.000000504
569,1280,0.000000600
570,1280,0.000000503
571,1280,0.000000502
572,1280,0.000000572
573,1280,0.000000560
574,1280,0.000000500
575,1280,0.000000496
576,1280,0.000000599
577,1280,0.000000504
578,1280,0.000000508
579,1280,0.000000588
580,1280,0.000000512
581,1280,0.000000501
582,1280,0.000000597
583,1280,0.000000550
584,1280,0.000000504
585,1280,0.000000578
586,1280,0.000000504
587,1280,0.000000500
588,1280,0.000000595
589,1280,0.000000509
590,1280,0.000000501
591,1280,0.000000506
592,1280,0.000000540
593,1280,0.000000510
594,1280,0.000000496
595,1280,0.000000650
596,1280,0.000000506
597,1280,0.000000507
598,1280,0.000000627
599,1280,0.000000508
600,1280,0.000000510
601,1280,0.000000645
602,1280,0.000000502
603,1280,0.000000503
604,1280,0.000000575
605,1280,0.000000512
606,1280,0.000000504
607,1280,0.000000498
608,1280,0.000000545
609,1280,0.000000511
610,1280,0.000000507
611,1280,0.000000635
612,1280,0.000000530
613,1280,0.000000513
614,1280,0.000000621
615,1280,0.000000500
616,1280,0.000000511
617,1280,0.000000578
618,1280,0.000000509
619,1280,0.000000496
620,1280,0.000000663
621,1280,0.000000553
622,1280,0.000000500
623,1280,0.000000507
624,1280,0.000000532
625,1280,0.000000511
626,1280,0.000000500
627,1280,0.000000633
628,1280,0.000000505
629,1280,0.000000509
630,1280,0.000000575
631,1280,0.000000568
632,1280,0.000000509
633,1280,0.000000599
634,1280,0.000000499
635,1280,0.000000501
636,1280,0.000000581
637,1280,0.000000506
638,1280,0.000000500
639,1280,0.000000506
640,1280,0.000000583
641,1280,0.000000565
642,1280,0.000000559
643,1280,0.000000623
644,1280,0.000000509
645,1280,0.000000505
646,1280,0.000000641
647,1280,0.000000501
648,1280,0.000000502
649,1280,0.000000584
650,1280,0.000000507
651,1280,0.000000504
652,1280,0.000000676
653,1280,0.000000555
654,1280,0.000000502
655,1280,0.000000506
656,1280,0.000000582
657,1280,0.000000500
658,1280,0.000000498
659,1280,0.000000598
660,1280,0.000000508
661,1280,0.000000507
662,1280,0.000000592
663,1280,0.000000513
664,1280,0.000000509
665,1280,0.000000612
666,1280,0.000000504
667,1280,0.000000513
668,1280,0.000000564
669,1280,0.000000507
670,1280,0.000000502
671,1280,0.000000507
672,1280,0.000000552
673,1280,0.000000504
674,1280,0.000000497
675,1280,0.000000585
676,1280,0.000000514
677,1280,0.000000495
678,1280,0.000000599
679,1280,0.000000500
680,1280,0.000000506
681,1280,0.000000575
682,1280,0.000000508
683,1280,0.000000509
684,1280,0.000000589
685,1280,0.000000506
686,1280,0.000000502
687,1280,0.000000508
688,1280,0.000000581
689,1280,0.000000507
690,1280,0.000000496
691,1280,0.000000594
692,1280,0.000000505
693,1280,0.000000508
694,1280,0.000000575
695,1280,0.000000508
696,1280,0.000000508
697,1280,0.000000601
698,1280,0.000000505
699,1280,0.000000501
700,1280,0.000000629
701,1280,0.000000506
702,1280,0.000000504
703,1280,0.000000496
704,1280,0.000000548
705,1280,0.000000507
706,1280,0.000000500
707,1280,0.000000583
708,1280,0.000000513
709,1280,0.000000496
710,1280,0.000000634
711,1280,0.000000503
712,1280,0.000000506
713,1280,0.000000600
714,1280,0.000000502
715,1280,0.000000511
716,1280,0.000000571
717,1280,0.000000515
718,1280,0.000000505
719,1280,0.000000501
720,1280,0.000000552
721,1280,0.000000504
722,1280,0.000000498
723,1280,0.000000584
724,1280,0.000000514
725,1280,0.000000496
726,1280,0.000000600
727,1280,0.000000502
728,1280,0.000000508
729,1280,0.000000579
730,1280,0.000000509
731,1280,0.000000502
732,1280,0.000000595
733,1280,0.000000509
734,1280,0.000000501
735,1280,0.000000498
736,1280,0.000000591
737,1280,0.000011709
738,1280,0.000000542
739,1280,0.000000610
740,1280,0.000000501
741,1280,0.000000509
742,1280,0.000000625
743,1280,0.000000557
744,1280,0.000000509
745,1280,0.000000606
746,1280,0.000000561
747,1280,0.000000497
748,1280,0.000000579
749,1280,0.000000519
750,1280,0.000000497
751,1280,0.000000501
752,1280,0.000000600
753,1280,0.000000508
754,1280,0.000000504
755,1280,0.000000587
756,1280,0.000000514
757,1280,0.000000498
758,1280,0.000000667
759,1280,0.000000503
760,1280,0.000000507
761,1280,0.000000643
762,1280,0.000000678
763,1280,0.000000504
764,1280,0.000000598
765,1280,0.000000511
766,1280,0.000000503
767,1280,0.000000510
768,1280,0.000000536
769,1280,0.000000514
770,1280,0.000000497
771,1280,0.000000608
772,1280,0.000000556
773,1280,0.000000506
774,1280,0.000000629
775,1280,0.000000511
776,1280,0.000000506
777,1280,0.000000642
778,1280,0.000000507
779,1280,0.000000501
780,1280,0.000000629
781,1280,0.000000510
782,1280,0.000000505
783,1280,0.000000501
784,1280,0.000000554
785,1280,0.000000506
786,1280,0.000000505
787,1280,0.000000588
788,1280,0.000000513
789,1280,0.000000496
790,1280,0.000000647
791,1280,0.000000501
792,1280,0.000000510
793,1280,0.000000632
794,1280,0.000000509
795,1280,0.000000497
796,1280,0.000000604
797,1280,0.000000501
798,1280,0.000000502
799,1280,0.000000500
800,1280,0.000000740
801,1280,0.000000510
802,1280,0.000000515
803,1280,0.000000768
804,1280,0.000000600
805,1280,0.000000509
806,1280,0.000000940
807,1280,0.000000552
808,1280,0.000000513
809,1280,0.000000634
810,1280,0.000000571
811,1280,0.000000505
812,1280,0.000000730
813,1280,0.000000572
814,1280,0.000000503
815,1280,0.000000511
816,1280,0.000000624
817,1280,0.000000531
818,1280,0.000000519
819,1280,0.000000739
820,1280,0.000000579
821,1280,0.000000508
822,1280,0.000000657
823,1280,0.000000510
824,1280,0.000000508
825,1280,0.000000767
826,1280,0.000000567
827,1280,0.000000502
828,1280,0.000000639
829,1280,0.000000573
830,1280,0.000000498
831,1280,0.000000496
832,1280,0.000009487
833,1280,0.000001041
834,1280,0.000000559
835,1280,0.000000649
836,1280,0.000000568
837,1280,0.000000508
838,1280,0.000000936
839,1280,0.000000569
840,1280,0.000000504
841,1280,0.000000640
842,1280,0.000015272
843,1280,0.000000736
844,1280,0.000000885
845,1280,0.000000628
846,1280,0.000000642
847,1280,0.000000588
848,1280,0.000000614
849,1280,0.000000646
850,1280,0.000000520
851,1280,0.000000967
852,1280,0.000000613
853,1280,0.000000519
854,1280,0.000000689
855,1280,0.000013143
856,1280,0.000000544
857,1280,0.000000767
858,1280,0.000000577
859,1280,0.000000502
860,1280,0.000000642
861,1280,0.000000580
862,1280,0.000000508
863,1280,0.000000500
864,1280,0.000000835
865,1280,0.000000503
866,1280,0.000000504
867,1280,0.000000758
868,1280,0.000000504
869,1280,0.000000497
870,1280,0.000000791
871,1280,0.000000555
872,1280,0.000000503
873,1280,0.000000645
874,1280,0.000000563
875,1280,0.000000500
876,1280,0.000000770
877,1280,0.000000920
878,1280,0.000000501
879,1280,0.000000504
880,1280,0.000000646
881,1280,0.000000624
882,1280,0.000000624
883,1280,0.000000847
884,1280,0.000000569
885,1280,0.000000506
886,1280,0.000000643
887,1280,0.000000505
888,1280,0.000000509
889,1280,0.000001047
890,1280,0.000000564
891,1280,0.000000502
892,1280,0.000000774
893,1280,0.000000572
894,1280,0.000000500
895,1280,0.000000505
896,1280,0.000000655
897,1280,0.000000612
898,1280,0.000000622
899,1280,0.000000887
900,1280,0.000000506
901,1280,0.000000510
902,1280,0.000000673
903,1280,0.000000512
904,1280,0.000000513
905,1280,0.000000778
906,1280,0.000000569
907,1280,0.000000503
908,1280,0.000000647
909,1280,0.000000575
910,1280,0.000000502
911,1280,0.000000508
912,1280,0.000000678
913,1280,0.000000572
914,1280,0.000000503
915,1280,0.000000643
916,1280,0.000000567
917,1280,0.000000503
918,1280,0.000000787
919,1280,0.000000551
920,1280,0.000000508
921,1280,0.000000629
922,1280,0.000000567
923,1280,0.000000502
924,1280,0.000000705
925,1280,0.000000573
926,1280,0.000000504
927,1280,0.000000502
928,1280,0.000000592
929,1280,0.000000554
930,1280,0.000000504
931,1280,0.000000774
932,1280,0.000000574
933,1280,0.000000502
934,1280,0.000000667
935,1280,0.000000504
936,1280,0.000000510
937,1280,0.000000761
938,1280,0.000000562
939,1280,0.000000502
940,1280,0.000000639
941,1280,0.000000570
942,1280,0.000000501
943,1280,0.000000509
944,1280,0.000000681
945,1280,0.000000600
946,1280,0.000000502
947,1280,0.000000701
948,1280,0.000000556
949,1280,0.000000506
950,1280,0.000000787
951,1280,0.000000555
952,1280,0.000000505
953,1280,0.000000642
954,1280,0.000000569
955,1280,0.000000503
956,1280,0.000000718
957,1280,0.000000591
958,1280,0.000000504
959,1280,0.000000511
960,1280,0.000000590
961,1280,0.000000568
962,1280,0.000000504
963,1280,0.000000791
964,1280,0.000000504
965,1280,0.000000509
966,1280,0.000000671
967,1280,0.000000510
968,1280,0.000000511
969,1280,0.000000769
970,1280,0.000000560
971,1280,0.000000501
972,1280,0.000000644
973,1280,0.000000573
974,1280,0.000000501
975,1280,0.000000505
976,1280,0.000000785
977,1280,0.000000569
978,1280,0.000000502
979,1280,0.000000672
980,1280,0.000000556
981,1280,0.000000509
982,1280,0.000000780
983,1280,0.000000559
984,1280,0.000000502
985,1280,0.000000636
986,1280,0.000000557
987,1280,0.000000500
988,1280,0.000000713
989,1280,0.000000579
990,1280,0.000000501
991,1280,0.000000504
992,1280,0.000000591
993,1280,0.000000568
994,1280,0.000000500
995,1280,0.000000778
996,1280,0.000000569
997,1280,0.000000504
998,1280,0.000000660
999,1280,0.000000507
0,1536,0.000001269
1,1536,0.000000759
2,1536,0.000000827
3,1536,0.000000719
4,1536,0.000000717
5,1536,0.000000903
6,1536,0.000000686
7,1536,0.000000816
8,1536,0.000000717
9,1536,0.000000676
10,1536,0.000000823
11,1536,0.000000693
12,1536,0.000000687
13,1536,0.000000852
14,1536,0.000000700
15,1536,0.000000841
16,1536,0.000000884
17,1536,0.000000741
18,1536,0.000000915
19,1536,0.000000744
20,1536,0.000000691
21,1536,0.000000853
22,1536,0.000000667
23,1536,0.000000822
24,1536,0.000000780
25,1536,0.000000670
26,1536,0.000000961
27,1536,0.000000756
28,1536,0.000000684
29,1536,0.000000912
30,1536,0.000000702
31,1536,0.000000673
32,1536,0.000000833
33,1536,0.000000687
34,1536,0.000000818
35,1536,0.000000682
36,1536,0.000000680
37,1536,0.000000771
38,1536,0.000000687
39,1536,0.000000667
40,1536,0.000000799
41,1536,0.000000821
42,1536,0.000000790
43,1536,0.000000709
44,1536,0.000000689
45,1536,0.000000871
46,1536,0.000000700
47,1536,0.000000661
48,1536,0.000000704
49,1536,0.000000841
50,1536,0.000000716
51,1536,0.000000638
52,1536,0.000000600
53,1536,0.000000693
54,1536,0.000000676
55,1536,0.000000758
56,1536,0.000000897
57,1536,0.000000875
58,1536,0.000000787
59,1536,0.000000735
60,1536,0.000000633
61,1536,0.000000823
62,1536,0.000000608
63,1536,0.000000666
64,1536,0.000000728
65,1536,0.000000609
66,1536,0.000000787
67,1536,0.000000668
68,1536,0.000000646
69,1536,0.000000693
70,1536,0.000000665
71,1536,0.000000602
72,1536,0.000000674
73,1536,0.000000657
74,1536,0.000000764
75,1536,0.000000656
76,1536,0.000000649
77,1536,0.000000747
78,1536,0.000000677
79,1536,0.000000757
80,1536,0.000000773
81,1536,0.000000716
82,1536,0.000000814
83,1536,0.000000701
84,1536,0.000000646
85,1536,0.000000858
86,1536,0.000000659
87,1536,0.000000682
88,1536,0.000000732
89,1536,0.000000635
90,1536,0.000000807
91,1536,0.000000675
92,1536,0.000000649
93,1536,0.000000732
94,1536,0.000000639
95,1536,0.000000602
96,1536,0.000000671
97,1536,0.000000712
98,1536,0.000000832
99,1536,0.000000719
100,1536,0.000000780
101,1536,0.000000827
102,1536,0.000000742
103,1536,0.000000671
104,1536,0.000000755
105,1536,0.000000669
106,1536,0.000001009
107,1536,0.000000647
108,1536,0.000000599
109,1536,0.000000768
110,1536,0.000001163
111,1536,0.000000628
112,1536,0.000000625
113,1536,0.000000922
114,1536,0.000000709
115,1536,0.000000669
116,1536,0.000000622
117,1536,0.000000690
118,1536,0.000000757
119,1536,0.000000635
120,1536,0.000000724
121,1536,0.000000736
122,1536,0.000000872
123,1536,0.000000795
124,1536,0.000000696
125,1536,0.000001081
126,1536,0.000000939
127,1536,0.000000750
128,1536,0.000000828
129,1536,0.000000740
130,1536,0.000000860
131,1536,0.000000742
132,1536,0.000000695
133,1536,0.000001143
134,1536,0.000000789
135,1536,0.000000736
136,1536,0.000000765
137,1536,0.000000724
138,1536,0.000000755
139,1536,0.000000637
140,1536,0.000000660
141,1536,0.000000739
142,1536,0.000000663
143,1536,0.000000629
144,1536,0.000000875
145,1536,0.000000655
146,1536,0.000000802
147,1536,0.000000699
148,1536,0.000000668
149,1536,0.000001026
150,1536,0.000000706
151,1536,0.000000697
152,1536,0.000000689
153,1536,0.000000621
154,1536,0.000000719
155,1536,0.000000764
156,1536,0.000000636
157,1536,0.000000742
158,1536,0.000000708
159,1536,0.000000701
160,1536,0.000000879
161,1536,0.000000648
162,1536,0.000000799
163,1536,0.000000625
164,1536,0.000000611
165,1536,0.000000843
166,1536,0.000000683
167,1536,0.000000709
168,1536,0.000000842
169,1536,0.000000778
170,1536,0.000000744
171,1536,0.000000780
172,1536,0.000000725
173,1536,0.000000907
174,1536,0.000000700
175,1536,0.000000647
176,1536,0.000000776
177,1536,0.000000724
178,1536,0.000000847
179,1536,0.000000667
180,1536,0.000000738
181,1536,0.000000797
182,1536,0.000000947
183,1536,0.000000745
184,1536,0.000000785
185,1536,0.000000720
186,1536,0.000000791
187,1536,0.000000752
188,1536,0.000000710
189,1536,0.000001133
190,1536,0.000000691
191,1536,0.000000699
192,1536,0.000000703
193,1536,0.000000727
194,1536,0.000000769
195,1536,0.000000750
196,1536,0.000000692
197,1536,0.000000842
198,1536,0.000000795
199,1536,0.000001110
200,1536,0.000000802
201,1536,0.000000748
202,1536,0.000000870
203,1536,0.000000631
204,1536,0.000000685
205,1536,0.000000821
206,1536,0.000000725
207,1536,0.000000718
208,1536,0.000000777
209,1536,0.000000707
210,1536,0.000000839
211,1536,0.000000730
212,1536,0.000000696
213,1536,0.000000793
214,1536,0.000000709
215,1536,0.000000680
216,1536,0.000000748
217,1536,0.000000715
218,1536,0.000001124
219,1536,0.000000717
220,1536,0.000000711
221,1536,0.000000889
222,1536,0.000000713
223,1536,0.000000727
224,1536,0.000000774
225,1536,0.000000716
226,1536,0.000000778
227,1536,0.000000704
228,1536,0.000000617
229,1536,0.000000818
230,1536,0.000000721
231,1536,0.000000703
232,1536,0.000000775
233,1536,0.000000725
234,1536,0.000000833
235,1536,0.000000700
236,1536,0.000000709
237,1536,0.000000814
238,1536,0.000000708
239,1536,0.000000726
240,1536,0.000000747
241,1536,0.000000720
242,1536,0.000000840
243,1536,0.000000725
244,1536,0.000000714
245,1536,0.000000865
246,1536,0.000000749
247,1536,0.000000708
248,1536,0.000000785
249,1536,0.000000720
250,1536,0.000000818
251,1536,0.000000728
252,1536,0.000000704
253,1536,0.000000899
254,1536,0.000000701
255,1536,0.000000715
256,1536,0.000000737
257,1536,0.000000718
258,1536,0.000000792
259,1536,0.000000706
260,1536,0.000000726
261,1536,0.000000837
262,1536,0.000000682
263,1536,0.000000694
264,1536,0.000000827
265,1536,0.000000732
266,1536,0.000000842
267,1536,0.000000732
268,1536,0.000000614
269,1536,0.000001035
270,1536,0.000000724
271,1536,0.000000706
272,1536,0.000000793
273,1536,0.000000754
274,1536,0.000000741
275,1536,0.000000616
276,1536,0.000000653
277,1536,0.000000733
278,1536,0.000000665
279,1536,0.000000659
280,1536,0.000001034
281,1536,0.000000664
282,1536,0.000000774
283,1536,0.000000689
284,1536,0.000000730
285,1536,0.000000830
286,1536,0.000000739
287,1536,0.000000758
288,1536,0.000000835
289,1536,0.000000748
290,1536,0.000000850
291,1536,0.000000756
292,1536,0.000000728
293,1536,0.000000905
294,1536,0.000000730
295,1536,0.000000739
296,1536,0.000000772
297,1536,0.000000751
298,1536,0.000000859
299,1536,0.000000788
300,1536,0.000000670
301,1536,0.000000848
302,1536,0.000000748
303,1536,0.000000727
304,1536,0.000000791
305,1536,0.000000735
306,1536,0.000000814
307,1536,0.000000829
308,1536,0.000000742
309,1536,0.000000844
310,1536,0.000000735
311,1536,0.000000736
312,1536,0.000000672
313,1536,0.000000741
314,1536,0.000000851
315,1536,0.000000749
316,1536,0.000000852
317,1536,0.000000762
318,1536,0.000000639
319,1536,0.000000657
320,1536,0.000000823
321,1536,0.000000736
322,1536,0.000000763
323,1536,0.000000687
324,1536,0.000000729
325,1536,0.000000959
326,1536,0.000000721
327,1536,0.000000629
328,1536,0.000000716
329,1536,0.000001195
330,1536,0.000000744
331,1536,0.000000641
332,1536,0.000000589
333,1536,0.000000850
334,1536,0.000000652
335,1536,0.000000649
336,1536,0.000000733
337,1536,0.000000646
338,1536,0.000000802
339,1536,0.000000691
340,1536,0.000000604
341,1536,0.000000796
342,1536,0.000000739
343,1536,0.000000678
344,1536,0.000000692
345,1536,0.000000693
346,1536,0.000000770
347,1536,0.000000594
348,1536,0.000000581
349,1536,0.000000805
350,1536,0.000000613
351,1536,0.000000681
352,1536,0.000000683
353,1536,0.000000727
354,1536,0.000000724
355,1536,0.000000636
356,1536,0.000000773
357,1536,0.000000785
358,1536,0.000000831
359,1536,0.000000895
360,1536,0.000000735
361,1536,0.000000579
362,1536,0.000000756
363,1536,0.000000592
364,1536,0.000000640
365,1536,0.000000794
366,1536,0.000000612
367,1536,0.000000714
368,1536,0.000000673
369,1536,0.000000678
370,1536,0.000000729
371,1536,0.000000696
372,1536,0.000000688
373,1536,0.000001107
374,1536,0.000000673
375,1536,0.000000695
376,1536,0.000000834
377,1536,0.000000728
378,1536,0.000000789
379,1536,0.000000733
380,1536,0.000000865
381,1536,0.000000830
382,1536,0.000000683
383,1536,0.000000750
384,1536,0.000000849
385,1536,0.000000742
386,1536,0.000000871
387,1536,0.000000731
388,1536,0.000000746
389,1536,0.000000834
390,1536,0.000000746
391,1536,0.000000721
392,1536,0.000001137
393,1536,0.000000710
394,1536,0.000000825
395,1536,0.000000799
396,1536,0.000000741
397,1536,0.000000853
398,1536,0.000000731
399,1536,0.000000723
400,1536,0.000000787
401,1536,0.000000717
402,1536,0.000000883
403,1536,0.000000731
404,1536,0.000000746
405,1536,0.000000905
406,1536,0.000000713
407,1536,0.000000729
408,1536,0.000000940
409,1536,0.000000753
410,1536,0.000000823
411,1536,0.000000783
412,1536,0.000000724
413,1536,0.000000827
414,1536,0.000000686
415,1536,0.000001483
416,1536,0.000000886
417,1536,0.000000730
418,1536,0.000000819
419,1536,0.000000728
420,1536,0.000000671
421,1536,0.000000785
422,1536,0.000000914
423,1536,0.000000762
424,1536,0.000000758
425,1536,0.000000869
426,1536,0.000000733
427,1536,0.000000686
428,1536,0.000000652
429,1536,0.000000837
430,1536,0.000000637
431,1536,0.000000689
432,1536,0.000000843
433,1536,0.000000627
434,1536,0.000000987
435,1536,0.000000650
436,1536,0.000001031
437,1536,0.000000762
438,1536,0.000000685
439,1536,0.000000647
440,1536,0.000000727
441,1536,0.000000732
442,1536,0.000001097
443,1536,0.000000760
444,1536,0.000000650
445,1536,0.000000871
446,1536,0.000000699
447,1536,0.000000672
448,1536,0.000000903
449,1536,0.000000737
450,1536,0.000000777
451,1536,0.000000776
452,1536,0.000000798
453,1536,0.000000849
454,1536,0.000000832
455,1536,0.000000741
456,1536,0.000000732
457,1536,0.000000766
458,1536,0.000000867
459,1536,0.000000760
460,1536,0.000000738
461,1536,0.000000871
462,1536,0.000000737
463,1536,0.000000733
464,1536,0.000000792
465,1536,0.000000740
466,1536,0.000000940
467,1536,0.000000732
468,1536,0.000000726
469,1536,0.000000824
470,1536,0.000000779
471,1536,0.000000739
472,1536,0.000000785
473,1536,0.000000712
474,1536,0.000000841
475,1536,0.000000800
476,1536,0.000000676
477,1536,0.000001780
478,1536,0.000000750
479,1536,0.000000746
480,1536,0.000000754
481,1536,0.000000680
482,1536,0.000000831
483,1536,0.000000908
484,1536,0.000000802
485,1536,0.000000834
486,1536,0.000000704
487,1536,0.000000681
488,1536,0.000000730
489,1536,0.000000737
490,1536,0.000000674
491,1536,0.000000695
492,1536,0.000000596
493,1536,0.000000731
494,1536,0.000000710
495,1536,0.000000597
496,1536,0.000001115
497,1536,0.000000725
498,1536,0.000000846
499,1536,0.000000711
500,1536,0.000000665
501,1536,0.000001375
502,1536,0.000000677
503,1536,0.000000678
504,1536,0.000000670
505,1536,0.000000634
506,1536,0.000013407
507,1536,0.000000694
508,1536,0.000000805
509,1536,0.000000819
510,1536,0.000000715
511,1536,0.000000637
512,1536,0.000000761
513,1536,0.000000743
514,1536,0.000000751
515,1536,0.000000717
516,1536,0.000000664
517,1536,0.000000873
518,1536,0.000000776
519,1536,0.000000680
520,1536,0.000000721
521,1536,0.000000687
522,1536,0.000000880
523,1536,0.000000697
524,1536,0.000000634
525,1536,0.000000825
526,1536,0.000000679
527,1536,0.000000657
528,1536,0.000000846
529,1536,0.000000699
530,1536,0.000000790
531,1536,0.000000874
532,1536,0.000000865
533,1536,0.000000818
534,1536,0.000000769
535,1536,0.000000835
536,1536,0.000013423
537,1536,0.000000672
538,1536,0.000000698
539,1536,0.000000666
540,1536,0.000000666
541,1536,0.000000725
542,1536,0.000000693
543,1536,0.000000686
544,1536,0.000000819
545,1536,0.000000959
546,1536,0.000000789
547,1536,0.000000683
548,1536,0.000000688
549,1536,0.000000788
550,1536,0.000000716
551,1536,0.000000671
552,1536,0.000000908
553,1536,0.000000641
554,1536,0.000000791
555,1536,0.000000677
556,1536,0.000000671
557,1536,0.000000853
558,1536,0.000000722
559,1536,0.000000726
560,1536,0.000000806
561,1536,0.000000709
562,1536,0.000000896
563,1536,0.000000743
564,1536,0.000000739
565,1536,0.000000876
566,1536,0.000000713
567,1536,0.000000719
568,1536,0.000000791
569,1536,0.000000719
570,1536,0.000000841
571,1536,0.000000762
572,1536,0.000000712
573,1536,0.000000899
574,1536,0.000000715
575,1536,0.000000724
576,1536,0.000000788
577,1536,0.000000713
578,1536,0.000000890
579,1536,0.000000820
580,1536,0.000000724
581,1536,0.000000888
582,1536,0.000000897
583,1536,0.000000731
584,1536,0.000000790
585,1536,0.000000740
586,1536,0.000000872
587,1536,0.000000766
588,1536,0.000000735
589,1536,0.000000900
590,1536,0.000000725
591,1536,0.000000803
592,1536,0.000000824
593,1536,0.000000727
594,1536,0.000001050
595,1536,0.000000706
596,1536,0.000000752
597,1536,0.000000879
598,1536,0.000000713
599,1536,0.000000741
600,1536,0.000000831
601,1536,0.000000729
602,1536,0.000000772
603,1536,0.000000795
604,1536,0.000000700
605,1536,0.000000840
606,1536,0.000000899
607,1536,0.000000729
608,1536,0.000000759
609,1536,0.000000732
610,1536,0.000000871
611,1536,0.000000780
612,1536,0.000000740
613,1536,0.000000862
614,1536,0.000000790
615,1536,0.000000829
616,1536,0.000000875
617,1536,0.000000733
618,1536,0.000000845
619,1536,0.000000978
620,1536,0.000000732
621,1536,0.000000908
622,1536,0.000000717
623,1536,0.000000664
624,1536,0.000000788
625,1536,0.000000899
626,1536,0.000000876
627,1536,0.000000679
628,1536,0.000000662
629,1536,0.000000784
630,1536,0.000000655
631,1536,0.000000730
632,1536,0.000000859
633,1536,0.000000683
634,1536,0.000000893
635,1536,0.000001002
636,1536,0.000000674
637,1536,0.000012111
638,1536,0.000001232
639,1536,0.000000757
640,1536,0.000000806
641,1536,0.000000645
642,1536,0.000000804
643,1536,0.000000741
644,1536,0.000000781
645,1536,0.000000958
646,1536,0.000000766
647,1536,0.000000732
648,1536,0.000000959
649,1536,0.000000729
650,1536,0.000000856
651,1536,0.000000776
652,1536,0.000000744
653,1536,0.000000855
654,1536,0.000000744
655,1536,0.000000742
656,1536,0.000000928
657,1536,0.000000780
658,1536,0.000001009
659,1536,0.000000771
660,1536,0.000000711
661,1536,0.000000856
662,1536,0.000000688
663,1536,0.000000680
664,1536,0.000000804
665,1536,0.000000773
666,1536,0.000000871
667,1536,0.000000764
668,1536,0.000000695
669,1536,0.000000922
670,1536,0.000000730
671,1536,0.000000717
672,1536,0.000000981
673,1536,0.000000716
674,1536,0.000000878
675,1536,0.000000816
676,1536,0.000000704
677,1536,0.000000869
678,1536,0.000000885
679,1536,0.000000721
680,1536,0.000000913
681,1536,0.000000747
682,1536,0.000000911
683,1536,0.000000679
684,1536,0.000000759
685,1536,0.000000814
686,1536,0.000000745
687,1536,0.000000716
688,1536,0.000000847
689,1536,0.000000753
690,1536,0.000000813
691,1536,0.000000777
692,1536,0.000000706
693,1536,0.000000940
694,1536,0.000000712
695,1536,0.000000732
696,1536,0.000000839
697,1536,0.000000734
698,1536,0.000000840
699,1536,0.000000702
700,1536,0.000000947
701,1536,0.000000848
702,1536,0.000000759
703,1536,0.000000747
704,1536,0.000000819
705,1536,0.000000753
706,1536,0.000000843
707,1536,0.000000723
708,1536,0.000000781
709,1536,0.000000880
710,1536,0.000000860
711,1536,0.000000759
712,1536,0.000000840
713,1536,0.000000766
714,1536,0.000000873
715,1536,0.000000771
716,1536,0.000000700
717,1536,0.000000920
718,1536,0.000000756
719,1536,0.000000729
720,1536,0.000000907
721,1536,0.000000746
722,1536,0.000000857
723,1536,0.000000775
724,1536,0.000000778
725,1536,0.000000938
726,1536,0.000000713
727,1536,0.000000744
728,1536,0.000000845
729,1536,0.000000719
730,1536,0.000000894
731,1536,0.000000678
732,1536,0.000000740
733,1536,0.000000980
734,1536,0.000000738
735,1536,0.000000708
736,1536,0.000000735
737,1536,0.000000599
738,1536,0.000000806
739,1536,0.000000757
740,1536,0.000000740
741,1536,0.000000800
742,1536,0.000000722
743,1536,0.000000733
744,1536,0.000000703
745,1536,0.000000877
746,1536,0.000000861
747,1536,0.000000809
748,1536,0.000000718
749,1536,0.000000940
750,1536,0.000000683
751,1536,0.000000610
752,1536,0.000000778
753,1536,0.000000584
754,1536,0.000000780
755,1536,0.000000730
756,1536,0.000000709
757,1536,0.000000797
758,1536,0.000000798
759,1536,0.000000777
760,1536,0.000000996
761,1536,0.000000783
762,1536,0.000000858
763,1536,0.000000698
764,1536,0.000000711
765,1536,0.000000885
766,1536,0.000000697
767,1536,0.000000674
768,1536,0.000000746
769,1536,0.000000721
770,1536,0.000000831
771,1536,0.000000764
772,1536,0.000000779
773,1536,0.000000910
774,1536,0.000000914
775,1536,0.000000661
776,1536,0.000013479
777,1536,0.000000715
778,1536,0.000000806
779,1536,0.000000777
780,1536,0.000000727
781,1536,0.000000861
782,1536,0.000000720
783,1536,0.000000698
784,1536,0.000000834
785,1536,0.000000712
786,1536,0.000000916
787,1536,0.000000762
788,1536,0.000000717
789,1536,0.000000851
790,1536,0.000000727
791,1536,0.000000714
792,1536,0.000000894
793,1536,0.000000716
794,1536,0.000000855
795,1536,0.000000781
796,1536,0.000000713
797,1536,0.000000861
798,1536,0.000000819
799,1536,0.000000833
800,1536,0.000000852
801,1536,0.000000691
802,1536,0.000000891
803,1536,0.000000743
804,1536,0.000000758
805,1536,0.000000860
806,1536,0.000000734
807,1536,0.000000745
808,1536,0.000000878
809,1536,0.000000713
810,1536,0.000000910
811,1536,0.000000733
812,1536,0.000000715
813,1536,0.000013354
814,1536,0.000000714
815,1536,0.000000684
816,1536,0.000000762
817,1536,0.000000728
818,1536,0.000000893
819,1536,0.000000733
820,1536,0.000000710
821,1536,0.000000822
822,1536,0.000000723
823,1536,0.000000729
824,1536,0.000000795
825,1536,0.000000679
826,1536,0.000000840
827,1536,0.000000732
828,1536,0.000000708
829,1536,0.000000857
830,1536,0.000000687
831,1536,0.000000732
832,1536,0.000000769
833,1536,0.000000722
834,1536,0.000001028
835,1536,0.000000743
836,1536,0.000000702
837,1536,0.000001059
838,1536,0.000000766
839,1536,0.000000738
840,1536,0.000000832
841,1536,0.000000786
842,1536,0.000000966
843,1536,0.000000749
844,1536,0.000000693
845,1536,0.000000999
846,1536,0.000000780
847,1536,0.000000677
848,1536,0.000001073
849,1536,0.000000772
850,1536,0.000000941
851,1536,0.000000786
852,1536,0.000000700
853,1536,0.000000976
854,1536,0.000000789
855,1536,0.000000730
856,1536,0.000000794
857,1536,0.000000744
858,1536,0.000001042
859,1536,0.000000827
860,1536,0.000000717
861,1536,0.000000949
862,1536,0.000000807
863,1536,0.000001077
864,1536,0.000000863
865,1536,0.000000665
866,1536,0.000000878
867,1536,0.000000981
868,1536,0.000001385
869,1536,0.000000820
870,1536,0.000000573
871,1536,0.000000554
872,1536,0.000000649
873,1536,0.000000574
874,1536,0.000000784
875,1536,0.000000568
876,1536,0.000000509
877,1536,0.000000685
878,1536,0.000000565
879,1536,0.000000504
880,1536,0.000000740
881,1536,0.000000567
882,1536,0.000000650
883,1536,0.000000595
884,1536,0.000000516
885,1536,0.000000820
886,1536,0.000000570
887,1536,0.000000505
888,1536,0.000000672
889,1536,0.000000571
890,1536,0.000000770
891,1536,0.000000571
892,1536,0.000000510
893,1536,0.000000806
894,1536,0.000000599
895,1536,0.000000556
896,1536,0.000000695
897,1536,0.000000567
898,1536,0.000000715
899,1536,0.000000858
900,1536,0.000000510
901,1536,0.000000636
902,1536,0.000000557
903,1536,0.000000504
904,1536,0.000000734
905,1536,0.000000570
906,1536,0.000000636
907,1536,0.000000592
908,1536,0.000000561
909,1536,0.000000788
910,1536,0.000000560
911,1536,0.000000510
912,1536,0.000000650
913,1536,0.000000563
914,1536,0.000000771
915,1536,0.000000568
916,1536,0.000000511
917,1536,0.000000681
918,1536,0.000000509
919,1536,0.000000507
920,1536,0.000000787
921,1536,0.000000594
922,1536,0.000000625
923,1536,0.000000580
924,1536,0.000000507
925,1536,0.000000802
926,1536,0.000000553
927,1536,0.000000508
928,1536,0.000000642
929,1536,0.000000570
930,1536,0.000000773
931,1536,0.000000571
932,1536,0.000000511
933,1536,0.000000677
934,1536,0.000000564
935,1536,0.000000506
936,1536,0.000000736
937,1536,0.000000514
938,1536,0.000000888
939,1536,0.000000588
940,1536,0.000000510
941,1536,0.000000826
942,1536,0.000000551
943,1536,0.000000554
944,1536,0.000000696
945,1536,0.000000674
946,1536,0.000000875
947,1536,0.000000596
948,1536,0.000000511
949,1536,0.000000688
950,1536,0.000000573
951,1536,0.000000509
952,1536,0.000000748
953,1536,0.000000512
954,1536,0.000000637
955,1536,0.000000591
956,1536,0.000000557
957,1536,0.000000880
958,1536,0.000000579
959,1536,0.000000505
960,1536,0.000000701
961,1536,0.000000567
962,1536,0.000000770
963,1536,0.000000608
964,1536,0.000000509
965,1536,0.000000666
966,1536,0.000000549
967,1536,0.000000513
968,1536,0.000000749
969,1536,0.000000514
970,1536,0.000000650
971,1536,0.000000586
972,1536,0.000000512
973,1536,0.000000783
974,1536,0.000000558
975,1536,0.000000510
976,1536,0.000000661
977,1536,0.000000699
978,1536,0.000000776
979,1536,0.000000569
980,1536,0.000000508
981,1536,0.000000710
982,1536,0.000000511
983,1536,0.000000504
984,1536,0.000000746
985,1536,0.000000515
986,1536,0.000000689
987,1536,0.000000587
988,1536,0.000000560
989,1536,0.000000939
990,1536,0.000000573
991,1536,0.000000515
992,1536,0.000000659
993,1536,0.000000568
994,1536,0.000000791
995,1536,0.000000569
996,1536,0.000000508
997,1536,0.000000687
998,1536,0.000000595
999,1536,0.000000507
0,1792,0.000001104
1,1792,0.000000535
2,1792,0.000000680
3,1792,0.000000555
4,1792,0.000000877
5,1792,0.000000980
6,1792,0.000000796
7,1792,0.000000733
8,1792,0.000000692
9,1792,0.000000880
10,1792,0.000000649
11,1792,0.000000871
12,1792,0.000000712
13,1792,0.000000808
14,1792,0.000001349
15,1792,0.000000667
16,1792,0.000000738
17,1792,0.000000656
18,1792,0.000000831
19,1792,0.000000657
20,1792,0.000000791
21,1792,0.000000722
22,1792,0.000000896
23,1792,0.000000805
24,1792,0.000000775
25,1792,0.000000952
26,1792,0.000000689
27,1792,0.000000858
28,1792,0.000000842
29,1792,0.000000885
30,1792,0.000001111
31,1792,0.000000680
32,1792,0.000000690
33,1792,0.000000816
34,1792,0.000000847
35,1792,0.000000657
36,1792,0.000000785
37,1792,0.000000705
38,1792,0.000000985
39,1792,0.000001112
40,1792,0.000000682
41,1792,0.000000841
42,1792,0.000000715
43,1792,0.000000839
44,1792,0.000000694
45,1792,0.000000911
46,1792,0.000000656
47,1792,0.000000718
48,1792,0.000000952
49,1792,0.000000803
50,1792,0.000000946
51,1792,0.000000681
52,1792,0.000000835
53,1792,0.000000682
54,1792,0.000000989
55,1792,0.000000726
56,1792,0.000000656
57,1792,0.000000782
58,1792,0.000000641
59,1792,0.000000818
60,1792,0.000000739
61,1792,0.000000788
62,1792,0.000000885
63,1792,0.000000679
64,1792,0.000000870
65,1792,0.000000648
66,1792,0.000000825
67,1792,0.000000582
68,1792,0.000000828
69,1792,0.000000663
70,1792,0.000000809
71,1792,0.000000789
72,1792,0.000000625
73,1792,0.000000716
74,1792,0.000000601
75,1792,0.000000956
76,1792,0.000000687
77,1792,0.000000772
78,1792,0.000000681
79,1792,0.000000586
80,1792,0.000000872
81,1792,0.000000739
82,1792,0.000000752
83,1792,0.000000712
84,1792,0.000000856
85,1792,0.000000711
86,1792,0.000000843
87,1792,0.000000683
88,1792,0.000000699
89,1792,0.000000970
90,1792,0.000000679
91,1792,0.000001088
92,1792,0.000000664
93,1792,0.000000757
94,1792,0.000000772
95,1792,0.000000717
96,1792,0.000000759
97,1792,0.000000631
98,1792,0.000000863
99,1792,0.000000751
100,1792,0.000000781
101,1792,0.000000915
102,1792,0.000000807
103,1792,0.000000746
104,1792,0.000000702
105,1792,0.000001079
106,1792,0.000000725
107,1792,0.000000958
108,1792,0.000000718
109,1792,0.000000864
110,1792,0.000000859
111,1792,0.000000711
112,1792,0.000000794
113,1792,0.000000699
114,1792,0.000000847
115,1792,0.000000750
116,1792,0.000000859
117,1792,0.000000755
118,1792,0.000000761
119,1792,0.000000865
120,1792,0.000000677
121,1792,0.000000807
122,1792,0.000000688
123,1792,0.000000829
124,1792,0.000000755
125,1792,0.000000852
126,1792,0.000001000
127,1792,0.000000662
128,1792,0.000000787
129,1792,0.000000727
130,1792,0.000000865
131,1792,0.000000762
132,1792,0.000000847
133,1792,0.000000688
134,1792,0.000000820
135,1792,0.000000732
136,1792,0.000000675
137,1792,0.000000859
138,1792,0.000000691
139,1792,0.000000826
140,1792,0.000000698
141,1792,0.000000802
142,1792,0.000000730
143,1792,0.000000674
144,1792,0.000000843
145,1792,0.000000731
146,1792,0.000000889
147,1792,0.000000720
148,1792,0.000000913
149,1792,0.000000940
150,1792,0.000000821
151,1792,0.000000781
152,1792,0.000000676
153,1792,0.000000858
154,1792,0.000000693
155,1792,0.000000801
156,1792,0.000000694
157,1792,0.000000797
158,1792,0.000000690
159,1792,0.000000673
160,1792,0.000000775
161,1792,0.000000694
162,1792,0.000000879
163,1792,0.000000708
164,1792,0.000000799
165,1792,0.000000699
166,1792,0.000000802
167,1792,0.000000971
168,1792,0.000000706
169,1792,0.000000786
170,1792,0.000000697
171,1792,0.000000826
172,1792,0.000000746
173,1792,0.000000840
174,1792,0.000000743
175,1792,0.000000685
176,1792,0.000000778
177,1792,0.000000700
178,1792,0.000000839
179,1792,0.000000698
180,1792,0.000000851
181,1792,0.000000723
182,1792,0.000000765
183,1792,0.000000747
184,1792,0.000000687
185,1792,0.000000860
186,1792,0.000000685
187,1792,0.000000850
188,1792,0.000000754
189,1792,0.000000822
190,1792,0.000000769
191,1792,0.000000718
192,1792,0.000000796
193,1792,0.000000685
194,1792,0.000000867
195,1792,0.000000702
196,1792,0.000000797
197,1792,0.000000724
198,1792,0.000000777
199,1792,0.000000688
200,1792,0.000000708
201,1792,0.000000809
202,1792,0.000000721
203,1792,0.000000880
204,1792,0.000000740
205,1792,0.000000830
206,1792,0.000000727
207,1792,0.000000675
208,1792,0.000001258
209,1792,0.000001423
210,1792,0.000000693
211,1792,0.000000568
212,1792,0.000000683
213,1792,0.000000564
214,1792,0.000000583
215,1792,0.000000515
216,1792,0.000000514
217,1792,0.000000660
218,1792,0.000000516
219,1792,0.000000710
220,1792,0.000000580
221,1792,0.000000664
222,1792,0.000000621
223,1792,0.000000518
224,1792,0.000000582
225,1792,0.000000572
226,1792,0.000000651
227,1792,0.000000516
228,1792,0.000000635
229,1792,0.000000596
230,1792,0.000000652
231,1792,0.000001010
232,1792,0.000000515
233,1792,0.000000639
234,1792,0.000000557
235,1792,0.000000599
236,1792,0.000000518
237,1792,0.000000579
238,1792,0.000000567
239,1792,0.000000513
240,1792,0.000000625
241,1792,0.000000515
242,1792,0.000000595
243,1792,0.000000514
244,1792,0.000000616
245,1792,0.000000508
246,1792,0.000000592
247,1792,0.000000564
248,1792,0.000000513
249,1792,0.000000660
250,1792,0.000000559
251,1792,0.000000662
252,1792,0.000000567
253,1792,0.000000629
254,1792,0.000000564
255,1792,0.000000509
256,1792,0.000000614
257,1792,0.000000512
258,1792,0.000000586
259,1792,0.000000559
260,1792,0.000000648
261,1792,0.000000509
262,1792,0.000000582
263,1792,0.000000567
264,1792,0.000000510
265,1792,0.000000597
266,1792,0.000000520
267,1792,0.000000629
268,1792,0.000000574
269,1792,0.000000661
270,1792,0.000000568
271,1792,0.000000512
272,1792,0.000000584
273,1792,0.000000514
274,1792,0.000000700
275,1792,0.000000520
276,1792,0.000000577
277,1792,0.000000579
278,1792,0.000000783
279,1792,0.000000559
280,1792,0.000000513
281,1792,0.000000621
282,1792,0.000000514
283,1792,0.000000730
284,1792,0.000000561
285,1792,0.000000650
286,1792,0.000000511
287,1792,0.000000514
288,1792,0.000000593
289,1792,0.000000572
290,1792,0.000000720
291,1792,0.000000580
292,1792,0.000000669
293,1792,0.000000579
294,1792,0.000000692
295,1792,0.000000512
296,1792,0.000000514
297,1792,0.000000584
298,1792,0.000000511
299,1792,0.000000651
300,1792,0.000000513
301,1792,0.000000582
302,1792,0.000000572
303,1792,0.000000506
304,1792,0.000000639
305,1792,0.000000520
306,1792,0.000000645
307,1792,0.000000516
308,1792,0.000000721
309,1792,0.000000567
310,1792,0.000000645
311,1792,0.000000583
312,1792,0.000000562
313,1792,0.000000662
314,1792,0.000000514
315,1792,0.000000589
316,1792,0.000000520
317,1792,0.000000578
318,1792,0.000000510
319,1792,0.000000513
320,1792,0.000000611
321,1792,0.000000518
322,1792,0.000000720
323,1792,0.000000519
324,1792,0.000000588
325,1792,0.000000565
326,1792,0.000000711
327,1792,0.000000580
328,1792,0.000000514
329,1792,0.000000635
330,1792,0.000000574
331,1792,0.000000647
332,1792,0.000000517
333,1792,0.000000590
334,1792,0.000000570
335,1792,0.000000511
336,1792,0.000000626
337,1792,0.000000516
338,1792,0.000000641
339,1792,0.000000568
340,1792,0.000000601
341,1792,0.000000566
342,1792,0.000000588
343,1792,0.000000514
344,1792,0.000000514
345,1792,0.000000670
346,1792,0.000000555
347,1792,0.000000650
348,1792,0.000000523
349,1792,0.000000594
350,1792,0.000000571
351,1792,0.000000556
352,1792,0.000000526
353,1792,0.000000517
354,1792,0.000000656
355,1792,0.000000519
356,1792,0.000000589
357,1792,0.000000563
358,1792,0.000000606
359,1792,0.000000868
360,1792,0.000000510
361,1792,0.000000636
362,1792,0.000000575
363,1792,0.000000633
364,1792,0.000000517
365,1792,0.000000580
366,1792,0.000000556
367,1792,0.000000515
368,1792,0.000000565
369,1792,0.000000518
370,1792,0.000000583
371,1792,0.000000515
372,1792,0.000000611
373,1792,0.000000564
374,1792,0.000000668
375,1792,0.000000558
376,1792,0.000000513
377,1792,0.000000624
378,1792,0.000000519
379,1792,0.000000657
380,1792,0.000000568
381,1792,0.000000581
382,1792,0.000000572
383,1792,0.000000512
384,1792,0.000000619
385,1792,0.000000570
386,1792,0.000000625
387,1792,0.000000612
388,1792,0.000000864
389,1792,0.000000509
390,1792,0.000000587
391,1792,0.000000513
392,1792,0.000000512
393,1792,0.000000656
394,1792,0.000000514
395,1792,0.000000646
396,1792,0.000000568
397,1792,0.000000723
398,1792,0.000000554
399,1792,0.000000511
400,1792,0.000000588
401,1792,0.000000571
402,1792,0.000000674
403,1792,0.000000511
404,1792,0.000000591
405,1792,0.000000513
406,1792,0.000000697
407,1792,0.000000563
408,1792,0.000000510
409,1792,0.000000636
410,1792,0.000000510
411,1792,0.000000714
412,1792,0.000000517
413,1792,0.000000579
414,1792,0.000000570
415,1792,0.000000511
416,1792,0.000000636
417,1792,0.000000567
418,1792,0.000000585
419,1792,0.000000572
420,1792,0.000000609
421,1792,0.000000566
422,1792,0.000000580
423,1792,0.000000560
424,1792,0.000000513
425,1792,0.000000671
426,1792,0.000000517
427,1792,0.000000639
428,1792,0.000000573
429,1792,0.000000676
430,1792,0.000000577
431,1792,0.000000521
432,1792,0.000000624
433,1792,0.000000562
434,1792,0.000000600
435,1792,0.000000519
436,1792,0.000000608
437,1792,0.000000533
438,1792,0.000000627
439,1792,0.000000513
440,1792,0.000000514
441,1792,0.000000590
442,1792,0.000000560
443,1792,0.000000769
444,1792,0.000000507
445,1792,0.000000592
446,1792,0.000000509
447,1792,0.000000519
448,1792,0.000000624
449,1792,0.000000514
450,1792,0.000000596
451,1792,0.000000519
452,1792,0.000000609
453,1792,0.000000566
454,1792,0.000000601
455,1792,0.000000557
456,1792,0.000000510
457,1792,0.000000645
458,1792,0.000000623
459,1792,0.000000703
460,1792,0.000000578
461,1792,0.000000622
462,1792,0.000000512
463,1792,0.000000516
464,1792,0.000000545
465,1792,0.000000557
466,1792,0.000000636
467,1792,0.000000520
468,1792,0.000000675
469,1792,0.000000553
470,1792,0.000000607
471,1792,0.000000558
472,1792,0.000000515
473,1792,0.000000583
474,1792,0.000000519
475,1792,0.000000660
476,1792,0.000000510
477,1792,0.000000583
478,1792,0.000000556
479,1792,0.000000515
480,1792,0.000000599
481,1792,0.000000517
482,1792,0.000000644
483,1792,0.000000565
484,1792,0.000000610
485,1792,0.000000558
486,1792,0.000000585
487,1792,0.000000563
488,1792,0.000000520
489,1792,0.000000651
490,1792,0.000000519
491,1792,0.000000640
492,1792,0.000000600
493,1792,0.000000580
494,1792,0.000000509
495,1792,0.000000511
496,1792,0.000000532
497,1792,0.000000519
498,1792,0.000000679
499,1792,0.000000566
500,1792,0.000000623
501,1792,0.000000576
502,1792,0.000000698
503,1792,0.000000559
504,1792,0.000000515
505,1792,0.000000636
506,1792,0.000000575
507,1792,0.000000636
508,1792,0.000000562
509,1792,0.000000617
510,1792,0.000000555
511,1792,0.000000506
512,1792,0.000000576
513,1792,0.000000565
514,1792,0.000000654
515,1792,0.000000556
516,1792,0.000000629
517,1792,0.000000571
518,1792,0.000000690
519,1792,0.000000571
520,1792,0.000000508
521,1792,0.000000648
522,1792,0.000000518
523,1792,0.000000624
524,1792,0.000000521
525,1792,0.000000662
526,1792,0.000000566
527,1792,0.000000513
528,1792,0.000000611
529,1792,0.000000516
530,1792,0.000000637
531,1792,0.000000571
532,1792,0.000000893
533,1792,0.000000559
534,1792,0.000000584
535,1792,0.000000559
536,1792,0.000000514
537,1792,0.000000646
538,1792,0.000000518
539,1792,0.000000599
540,1792,0.000000518
541,1792,0.000000582
542,1792,0.000000557
543,1792,0.000000517
544,1792,0.000000633
545,1792,0.000000514
546,1792,0.000000604
547,1792,0.000000522
548,1792,0.000000631
549,1792,0.000000583
550,1792,0.000000728
551,1792,0.000000514
552,1792,0.000000515
553,1792,0.000000636
554,1792,0.000000516
555,1792,0.000000622
556,1792,0.000000511
557,1792,0.000000660
558,1792,0.000000591
559,1792,0.000000557
560,1792,0.000000562
561,1792,0.000000639
562,1792,0.000000887
563,1792,0.000000748
564,1792,0.000013490
565,1792,0.000000848
566,1792,0.000000863
567,1792,0.000000637
568,1792,0.000000882
569,1792,0.000001058
570,1792,0.000000755
571,1792,0.000000883
572,1792,0.000000775
573,1792,0.000000884
574,1792,0.000000747
575,1792,0.000000706
576,1792,0.000001043
577,1792,0.000001048
578,1792,0.000000648
579,1792,0.000000534
580,1792,0.000024463
581,1792,0.000000697
582,1792,0.000000723
583,1792,0.000000616
584,1792,0.000000528
585,1792,0.000000638
586,1792,0.000000519
587,1792,0.000000658
588,1792,0.000000522
589,1792,0.000000665
590,1792,0.000000510
591,1792,0.000000514
592,1792,0.000000575
593,1792,0.000000562
594,1792,0.000000635
595,1792,0.000000512
596,1792,0.000000577
597,1792,0.000000555
598,1792,0.000000610
599,1792,0.000000840
600,1792,0.000000513
601,1792,0.000000574
602,1792,0.000000517
603,1792,0.000000640
604,1792,0.000000563
605,1792,0.000000628
606,1792,0.000000511
607,1792,0.000000511
608,1792,0.000000684
609,1792,0.000000516
610,1792,0.000000581
611,1792,0.000000503
612,1792,0.000000648
613,1792,0.000000561
614,1792,0.000000590
615,1792,0.000000557
616,1792,0.000000516
617,1792,0.000000656
618,1792,0.000000519
619,1792,0.000000603
620,1792,0.000000518
621,1792,0.000000666
622,1792,0.000000511
623,1792,0.000000510
624,1792,0.000000570
625,1792,0.000000509
626,1792,0.000000657
627,1792,0.000000518
628,1792,0.000000594
629,1792,0.000000516
630,1792,0.000000609
631,1792,0.000000558
632,1792,0.000000517
633,1792,0.000000577
634,1792,0.000000518
635,1792,0.000000604
636,1792,0.000000560
637,1792,0.000000600
638,1792,0.000000509
639,1792,0.000000512
640,1792,0.000000586
641,1792,0.000000564
642,1792,0.000000686
643,1792,0.000000556
644,1792,0.000000572
645,1792,0.000000555
646,1792,0.000000605
647,1792,0.000000576
648,1792,0.000000515
649,1792,0.000000616
650,1792,0.000000519
651,1792,0.000000589
652,1792,0.000000518
653,1792,0.000000616
654,1792,0.000000563
655,1792,0.000000515
656,1792,0.000000572
657,1792,0.000000517
658,1792,0.000000575
659,1792,0.000000522
660,1792,0.000000578
661,1792,0.000000509
662,1792,0.000000587
663,1792,0.000000510
664,1792,0.000000514
665,1792,0.000000576
666,1792,0.000000520
667,1792,0.000000609
668,1792,0.000000511
669,1792,0.000000622
670,1792,0.000000512
671,1792,0.000000513
672,1792,0.000000577
673,1792,0.000000518
674,1792,0.000000576
675,1792,0.000000517
676,1792,0.000000611
677,1792,0.000000509
678,1792,0.000000608
679,1792,0.000000563
680,1792,0.000000516
681,1792,0.000000626
682,1792,0.000000557
683,1792,0.000000581
684,1792,0.000000510
685,1792,0.000000653
686,1792,0.000000570
687,1792,0.000000513
688,1792,0.000000574
689,1792,0.000000517
690,1792,0.000000634
691,1792,0.000000516
692,1792,0.000000650
693,1792,0.000000555
694,1792,0.000000578
695,1792,0.000000518
696,1792,0.000000514
697,1792,0.000000643
698,1792,0.000000510
699,1792,0.000000584
700,1792,0.000000512
701,1792,0.000000618
702,1792,0.000000562
703,1792,0.000000514
704,1792,0.000000530
705,1792,0.000000522
706,1792,0.000000646
707,1792,0.000000515
708,1792,0.000000578
709,1792,0.000000549
710,1792,0.000000660
711,1792,0.000000769
712,1792,0.000000514
713,1792,0.000000589
714,1792,0.000000503
715,1792,0.000000578
716,1792,0.000000577
717,1792,0.000000661
718,1792,0.000000557
719,1792,0.000000511
720,1792,0.000000597
721,1792,0.000000555
722,1792,0.000000667
723,1792,0.000000515
724,1792,0.000000631
725,1792,0.000000524
726,1792,0.000000695
727,1792,0.000000515
728,1792,0.000000515
729,1792,0.000000643
730,1792,0.000000529
731,1792,0.000000598
732,1792,0.000000508
733,1792,0.000000585
734,1792,0.000000513
735,1792,0.000000518
736,1792,0.000000621
737,1792,0.000000560
738,1792,0.000000581
739,1792,0.000000568
740,1792,0.000000665
741,1792,0.000000509
742,1792,0.000000582
743,1792,0.000000561
744,1792,0.000000512
745,1792,0.000000664
746,1792,0.000000520
747,1792,0.000000630
748,1792,0.000000563
749,1792,0.000000605
750,1792,0.000000509
751,1792,0.000000514
752,1792,0.000000541
753,1792,0.000000895
754,1792,0.000000713
755,1792,0.000000564
756,1792,0.000000630
757,1792,0.000000571
758,1792,0.000000645
759,1792,0.000000575
760,1792,0.000000512
761,1792,0.000000661
762,1792,0.000000518
763,1792,0.000000639
764,1792,0.000000560
765,1792,0.000000638
766,1792,0.000000555
767,1792,0.000000513
768,1792,0.000000572
769,1792,0.000000516
770,1792,0.000000755
771,1792,0.000000626
772,1792,0.000000722
773,1792,0.000000569
774,1792,0.000000582
775,1792,0.000000556
776,1792,0.000000515
777,1792,0.000000652
778,1792,0.000000522
779,1792,0.000000641
780,1792,0.000000575
781,1792,0.000000650
782,1792,0.000000573
783,1792,0.000000515
784,1792,0.000000802
785,1792,0.000000517
786,1792,0.000000632
787,1792,0.000000561
788,1792,0.000000652
789,1792,0.000000509
790,1792,0.000000582
791,1792,0.000000566
792,1792,0.000000515
793,1792,0.000000694
794,1792,0.000000520
795,1792,0.000000630
796,1792,0.000000573
797,1792,0.000000609
798,1792,0.000000564
799,1792,0.000000513
800,1792,0.000000577
801,1792,0.000000518
802,1792,0.000000698
803,1792,0.000000558
804,1792,0.000000656
805,1792,0.000000562
806,1792,0.000000648
807,1792,0.000000566
808,1792,0.000000510
809,1792,0.000000679
810,1792,0.000000516
811,1792,0.000000636
812,1792,0.000000567
813,1792,0.000000720
814,1792,0.000000513
815,1792,0.000000520
816,1792,0.000000748
817,1792,0.000000572
818,1792,0.000000678
819,1792,0.000000580
820,1792,0.000000736
821,1792,0.000000571
822,1792,0.000000636
823,1792,0.000000556
824,1792,0.000000513
825,1792,0.000000726
826,1792,0.000000564
827,1792,0.000000648
828,1792,0.000000628
829,1792,0.000000767
830,1792,0.000000564
831,1792,0.000000510
832,1792,0.000000613
833,1792,0.000000517
834,1792,0.000000797
835,1792,0.000000557
836,1792,0.000000648
837,1792,0.000000623
838,1792,0.000000639
839,1792,0.000000573
840,1792,0.000000515
841,1792,0.000000736
842,1792,0.000000579
843,1792,0.000000667
844,1792,0.000000553
845,1792,0.000000657
846,1792,0.000000578
847,1792,0.000000515
848,1792,0.000000696
849,1792,0.000000571
850,1792,0.000000591
851,1792,0.000000572
852,1792,0.000000700
853,1792,0.000000559
854,1792,0.000000737
855,1792,0.000000559
856,1792,0.000000512
857,1792,0.000000852
858,1792,0.000000575
859,1792,0.000000822
860,1792,0.000000578
861,1792,0.000000658
862,1792,0.000000638
863,1792,0.000000515
864,1792,0.000000739
865,1792,0.000000570
866,1792,0.000000744
867,1792,0.000000580
868,1792,0.000000791
869,1792,0.000000842
870,1792,0.000000653
871,1792,0.000000615
872,1792,0.000000515
873,1792,0.000000795
874,1792,0.000000556
875,1792,0.000000919
876,1792,0.000000702
877,1792,0.000000814
878,1792,0.000000600
879,1792,0.000000519
880,1792,0.000000647
881,1792,0.000000564
882,1792,0.000000795
883,1792,0.000000565
884,1792,0.000000686
885,1792,0.000000573
886,1792,0.000000869
887,1792,0.000000713
888,1792,0.000000513
889,1792,0.000000697
890,1792,0.000000581
891,1792,0.000000789
892,1792,0.000000577
893,1792,0.000000650
894,1792,0.000000582
895,1792,0.000000519
896,1792,0.000000742
897,1792,0.000000574
898,1792,0.000000793
899,1792,0.000000569
900,1792,0.000000798
901,1792,0.000000574
902,1792,0.000000857
903,1792,0.000000617
904,1792,0.000000562
905,1792,0.000000795
906,1792,0.000000589
907,1792,0.000000654
908,1792,0.000000660
909,1792,0.000000840
910,1792,0.000000590
911,1792,0.000000513
912,1792,0.000000678
913,1792,0.000000570
914,1792,0.000000798
915,1792,0.000000516
916,1792,0.000000673
917,1792,0.000000571
918,1792,0.000000739
919,1792,0.000000582
920,1792,0.000000511
921,1792,0.000000652
922,1792,0.000000605
923,1792,0.000000753
924,1792,0.000000581
925,1792,0.000000660
926,1792,0.000000606
927,1792,0.000000516
928,1792,0.000000748
929,1792,0.000000571
930,1792,0.000000682
931,1792,0.000000662
932,1792,0.000000858
933,1792,0.000000571
934,1792,0.000000922
935,1792,0.000000599
936,1792,0.000000518
937,1792,0.000000750
938,1792,0.000000581
939,1792,0.000000697
940,1792,0.000000574
941,1792,0.000000786
942,1792,0.000000578
943,1792,0.000000520
944,1792,0.000000657
945,1792,0.000000635
946,1792,0.000000876
947,1792,0.000000557
948,1792,0.000000671
949,1792,0.000000567
950,1792,0.000000842
951,1792,0.000000597
952,1792,0.000000510
953,1792,0.000000693
954,1792,0.000000580
955,1792,0.000000925
956,1792,0.000000574
957,1792,0.000000700
958,1792,0.000000578
959,1792,0.000000518
960,1792,0.000001080
961,1792,0.000000569
962,1792,0.000000691
963,1792,0.000000570
964,1792,0.000000791
965,1792,0.000000576
966,1792,0.000000657
967,1792,0.000000620
968,1792,0.000000561
969,1792,0.000000794
970,1792,0.000000570
971,1792,0.000000654
972,1792,0.000000634
973,1792,0.000000825
974,1792,0.000000581
975,1792,0.000000511
976,1792,0.000000611
977,1792,0.000000517
978,1792,0.000000793
979,1792,0.000000567
980,1792,0.000001080
981,1792,0.000000597
982,1792,0.000000842
983,1792,0.000000600
984,1792,0.000000512
985,1792,0.000000706
986,1792,0.000000581
987,1792,0.000000795
988,1792,0.000000930
989,1792,0.000000659
990,1792,0.000000602
991,1792,0.000000570
992,1792,0.000000749
993,1792,0.000000574
994,1792,0.000000681
995,1792,0.000000580
996,1792,0.000000778
997,1792,0.000000576
998,1792,0.000000652
999,1792,0.000000617
0,2048,0.000001110
1,2048,0.000000528
2,2048,0.000000622
3,2048,0.000000527
4,2048,0.000000638
5,2048,0.000000527
6,2048,0.000000590
7,2048,0.000000523
8,2048,0.000000564
9,2048,0.000000522
10,2048,0.000000626
11,2048,0.000000571
12,2048,0.000000777
13,2048,0.000000525
14,2048,0.000000615
15,2048,0.000000528
16,2048,0.000000613
17,2048,0.000000587
18,2048,0.000000850
19,2048,0.000000521
20,2048,0.000000622
21,2048,0.000001203
22,2048,0.000000780
23,2048,0.000000707
24,2048,0.000000923
25,2048,0.000000720
26,2048,0.000000777
27,2048,0.000000683
28,2048,0.000000778
29,2048,0.000000708
30,2048,0.000001427
31,2048,0.000000667
32,2048,0.000000711
33,2048,0.000000690
34,2048,0.000000793
35,2048,0.000000693
36,2048,0.000000802
37,2048,0.000000845
38,2048,0.000000921
39,2048,0.000000845
40,2048,0.000000777
41,2048,0.000000715
42,2048,0.000000740
43,2048,0.000000815
44,2048,0.000000697
45,2048,0.000000751
46,2048,0.000001367
47,2048,0.000000739
48,2048,0.000000787
49,2048,0.000000704
50,2048,0.000001498
51,2048,0.000000687
52,2048,0.000001103
53,2048,0.000000694
54,2048,0.000000836
55,2048,0.000000833
56,2048,0.000000768
57,2048,0.000000718
58,2048,0.000000833
59,2048,0.000000867
60,2048,0.000000725
61,2048,0.000000657
62,2048,0.000000846
63,2048,0.000000627
64,2048,0.000000675
65,2048,0.000000685
66,2048,0.000000883
67,2048,0.000001121
68,2048,0.000000751
69,2048,0.000000670
70,2048,0.000000923
71,2048,0.000000688
72,2048,0.000000683
73,2048,0.000000645
74,2048,0.000000850
75,2048,0.000000807
76,2048,0.000000726
77,2048,0.000000744
78,2048,0.000000810
79,2048,0.000000653
80,2048,0.000000740
81,2048,0.000000670
82,2048,0.000000748
83,2048,0.000000713
84,2048,0.000000760
85,2048,0.000000659
86,2048,0.000000844
87,2048,0.000000718
88,2048,0.000000797
89,2048,0.000000676
90,2048,0.000000775
91,2048,0.000000691
92,2048,0.000000756
93,2048,0.000000676
94,2048,0.000000919
95,2048,0.000000675
96,2048,0.000000970
97,2048,0.000000797
98,2048,0.000000771
99,2048,0.000000708
100,2048,0.000000836
101,2048,0.000000709
102,2048,0.000000744
103,2048,0.000000675
104,2048,0.000000811
105,2048,0.000000794
106,2048,0.000000853
107,2048,0.000000908
108,2048,0.000000809
109,2048,0.000000727
110,2048,0.000000842
111,2048,0.000000709
112,2048,0.000001152
113,2048,0.000000691
114,2048,0.000000787
115,2048,0.000000738
116,2048,0.000000795
117,2048,0.000000726
118,2048,0.000000785
119,2048,0.000000713
120,2048,0.000000824
121,2048,0.000000702
122,2048,0.000001064
123,2048,0.000000708
124,2048,0.000000777
125,2048,0.000000716
126,2048,0.000000836
127,2048,0.000000750
128,2048,0.000000790
129,2048,0.000000741
130,2048,0.000000817
131,2048,0.000000676
132,2048,0.000000779
133,2048,0.000000703
134,2048,0.000000788
135,2048,0.000000692
136,2048,0.000000736
137,2048,0.000000737
138,2048,0.000000814
139,2048,0.000000696
140,2048,0.000000797
141,2048,0.000000690
142,2048,0.000000877
143,2048,0.000000713
144,2048,0.000000756
145,2048,0.000000699
146,2048,0.000000778
147,2048,0.000000701
148,2048,0.000000777
149,2048,0.000000711
150,2048,0.000000814
151,2048,0.000000690
152,2048,0.000000795
153,2048,0.000000682
154,2048,0.000000759
155,2048,0.000000686
156,2048,0.000000834
157,2048,0.000000695
158,2048,0.000000760
159,2048,0.000000680
160,2048,0.000000764
161,2048,0.000000741
162,2048,0.000000750
163,2048,0.000000694
164,2048,0.000000817
165,2048,0.000000690
166,2048,0.000000777
167,2048,0.000000699
168,2048,0.000000830
169,2048,0.000000735
170,2048,0.000000757
171,2048,0.000000699
172,2048,0.000000768
173,2048,0.000000699
174,2048,0.000000779
175,2048,0.000000700
176,2048,0.000000769
177,2048,0.000000706
178,2048,0.000000797
179,2048,0.000000695
180,2048,0.000000744
181,2048,0.000000731
182,2048,0.000000775
183,2048,0.000000703
184,2048,0.000001096
185,2048,0.000000744
186,2048,0.000000748
187,2048,0.000000705
188,2048,0.000000758
189,2048,0.000000691
190,2048,0.000000787
191,2048,0.000000697
192,2048,0.000000954
193,2048,0.000000727
194,2048,0.000000779
195,2048,0.000000717
196,2048,0.000000953
197,2048,0.000000703
198,2048,0.000000775
199,2048,0.000000694
200,2048,0.000000808
201,2048,0.000000694
202,2048,0.000000845
203,2048,0.000000718
204,2048,0.000000793
205,2048,0.000000700
206,2048,0.000000735
207,2048,0.000000675
208,2048,0.000000765
209,2048,0.000000721
210,2048,0.000000927
211,2048,0.000000758
212,2048,0.000000764
213,2048,0.000000711
214,2048,0.000000750
215,2048,0.000000718
216,2048,0.000001047
217,2048,0.000001462
218,2048,0.000000609
219,2048,0.000000564
220,2048,0.000000610
221,2048,0.000000521
222,2048,0.000000580
223,2048,0.000000574
224,2048,0.000000612
225,2048,0.000000568
226,2048,0.000000581
227,2048,0.000000571
228,2048,0.000000572
229,2048,0.000000511
230,2048,0.000000621
231,2048,0.000000511
232,2048,0.000000618
233,2048,0.000000514
234,2048,0.000000613
235,2048,0.000000561
236,2048,0.000000739
237,2048,0.000000519
238,2048,0.000000582
239,2048,0.000000518
240,2048,0.000000635
241,2048,0.000000516
242,2048,0.000000575
243,2048,0.000000560
244,2048,0.000000718
245,2048,0.000000514
246,2048,0.000000575
247,2048,0.000000515
248,2048,0.000000632
249,2048,0.000000559
250,2048,0.000000586
251,2048,0.000000512
252,2048,0.000000602
253,2048,0.000000518
254,2048,0.000000655
255,2048,0.000000576
256,2048,0.000000606
257,2048,0.000000567
258,2048,0.000000562
259,2048,0.000000514
260,2048,0.000000542
261,2048,0.000000508
262,2048,0.000000576
263,2048,0.000000517
264,2048,0.000000565
265,2048,0.000000512
266,2048,0.000000584
267,2048,0.000000568
268,2048,0.000000627
269,2048,0.000000562
270,2048,0.000000678
271,2048,0.000000517
272,2048,0.000000621
273,2048,0.000000563
274,2048,0.000000567
275,2048,0.000000515
276,2048,0.000000541
277,2048,0.000000506
278,2048,0.000000536
279,2048,0.000000511
280,2048,0.000000591
281,2048,0.000000517
282,2048,0.000000622
283,2048,0.000000520
284,2048,0.000000596
285,2048,0.000000520
286,2048,0.000000620
287,2048,0.000000569
288,2048,0.000000585
289,2048,0.000000518
290,2048,0.000000579
291,2048,0.000000524
292,2048,0.000000558
293,2048,0.000000517
294,2048,0.000000640
295,2048,0.000000577
296,2048,0.000000603
297,2048,0.000000572
298,2048,0.000000615
299,2048,0.000000517
300,2048,0.000000588
301,2048,0.000000559
302,2048,0.000000634
303,2048,0.000000571
304,2048,0.000000588
305,2048,0.000000569
306,2048,0.000000606
307,2048,0.000000558
308,2048,0.000000534
309,2048,0.000000519
310,2048,0.000000611
311,2048,0.000000513
312,2048,0.000000574
313,2048,0.000000508
314,2048,0.000000638
315,2048,0.000000573
316,2048,0.000000604
317,2048,0.000000574
318,2048,0.000000577
319,2048,0.000000515
320,2048,0.000000536
321,2048,0.000000518
322,2048,0.000000573
323,2048,0.000000514
324,2048,0.000000572
325,2048,0.000000512
326,2048,0.000000603
327,2048,0.000000515
328,2048,0.000000612
329,2048,0.000000516
330,2048,0.000000541
331,2048,0.000000510
332,2048,0.000000618
333,2048,0.000000572
334,2048,0.000000608
335,2048,0.000000612
336,2048,0.000000634
337,2048,0.000000570
338,2048,0.000000596
339,2048,0.000000628
340,2048,0.000000563
341,2048,0.000000518
342,2048,0.000000557
343,2048,0.000000518
344,2048,0.000000619
345,2048,0.000000560
346,2048,0.000000602
347,2048,0.000000568
348,2048,0.000000668
349,2048,0.000000516
350,2048,0.000000588
351,2048,0.000000556
352,2048,0.000000561
353,2048,0.000000517
354,2048,0.000000585
355,2048,0.000000509
356,2048,0.000000614
357,2048,0.000000817
358,2048,0.000000603
359,2048,0.000000574
360,2048,0.000000586
361,2048,0.000000517
362,2048,0.000000608
363,2048,0.000000559
364,2048,0.000000648
365,2048,0.000000563
366,2048,0.000000585
367,2048,0.000000576
368,2048,0.000000605
369,2048,0.000000517
370,2048,0.000000577
371,2048,0.000000505
372,2048,0.000000616
373,2048,0.000000520
374,2048,0.000000592
375,2048,0.000000572
376,2048,0.000000621
377,2048,0.000000514
378,2048,0.000000591
379,2048,0.000000575
380,2048,0.000000561
381,2048,0.000000515
382,2048,0.000000558
383,2048,0.000000531
384,2048,0.000000569
385,2048,0.000000517
386,2048,0.000000545
387,2048,0.000000520
388,2048,0.000000577
389,2048,0.000000518
390,2048,0.000000663
391,2048,0.000000516
392,2048,0.000000613
393,2048,0.000000581
394,2048,0.000000542
395,2048,0.000000509
396,2048,0.000000564
397,2048,0.000000518
398,2048,0.000000590
399,2048,0.000000571
400,2048,0.000000586
401,2048,0.000000517
402,2048,0.000000598
403,2048,0.000000515
404,2048,0.000000570
405,2048,0.000000515
406,2048,0.000000545
407,2048,0.000000508
408,2048,0.000000587
409,2048,0.000000511
410,2048,0.000000605
411,2048,0.000000557
412,2048,0.000000540
413,2048,0.000000517
414,2048,0.000000564
415,2048,0.000000514
416,2048,0.000000583
417,2048,0.000000558
418,2048,0.000000531
419,2048,0.000000515
420,2048,0.000000560
421,2048,0.000000514
422,2048,0.000000545
423,2048,0.000000507
424,2048,0.000000565
425,2048,0.000000515
426,2048,0.000000544
427,2048,0.000000505
428,2048,0.000000592
429,2048,0.000000518
430,2048,0.000000574
431,2048,0.000000573
432,2048,0.000000575
433,2048,0.000000517
434,2048,0.000000541
435,2048,0.000000515
436,2048,0.000000619
437,2048,0.000000654
438,2048,0.000000603
439,2048,0.000000567
440,2048,0.000000706
441,2048,0.000000515
442,2048,0.000000571
443,2048,0.000000512
444,2048,0.000000596
445,2048,0.000000517
446,2048,0.000000564
447,2048,0.000000515
448,2048,0.000000545
449,2048,0.000000507
450,2048,0.000000609
451,2048,0.000000570
452,2048,0.000000599
453,2048,0.000000512
454,2048,0.000000642
455,2048,0.000000569
456,2048,0.000000601
457,2048,0.000000576
458,2048,0.000000561
459,2048,0.000000515
460,2048,0.000000545
461,2048,0.000000509
462,2048,0.000000605
463,2048,0.000000518
464,2048,0.000000544
465,2048,0.000000509
466,2048,0.000000601
467,2048,0.000000522
468,2048,0.000000544
469,2048,0.000000508
470,2048,0.000000598
471,2048,0.000000511
472,2048,0.000000544
473,2048,0.000000511
474,2048,0.000000547
475,2048,0.000000518
476,2048,0.000000608
477,2048,0.000000516
478,2048,0.000000600
479,2048,0.000000514
480,2048,0.000000616
481,2048,0.000000508
482,2048,0.000000634
483,2048,0.000000515
484,2048,0.000000600
485,2048,0.000000552
486,2048,0.000000609
487,2048,0.000000516
488,2048,0.000000595
489,2048,0.000000646
490,2048,0.000000538
491,2048,0.000000514
492,2048,0.000000602
493,2048,0.000000515
494,2048,0.000000665
495,2048,0.000000517
496,2048,0.000000586
497,2048,0.000000567
498,2048,0.000000563
499,2048,0.000000518
500,2048,0.000000587
501,2048,0.000000567
502,2048,0.000000670
503,2048,0.000000518
504,2048,0.000000651
505,2048,0.000000518
506,2048,0.000000584
507,2048,0.000000519
508,2048,0.000000561
509,2048,0.000000580
510,2048,0.000000615
511,2048,0.000000574
512,2048,0.000000541
513,2048,0.000000520
514,2048,0.000000565
515,2048,0.000000516
516,2048,0.000000601
517,2048,0.000000519
518,2048,0.000000549
519,2048,0.000000513
520,2048,0.000000581
521,2048,0.000000561
522,2048,0.000000584
523,2048,0.000000516
524,2048,0.000000575
525,2048,0.000000515
526,2048,0.000000883
527,2048,0.000000517
528,2048,0.000000554
529,2048,0.000000519
530,2048,0.000000571
531,2048,0.000000513
532,2048,0.000000647
533,2048,0.000000515
534,2048,0.000000545
535,2048,0.000000510
536,2048,0.000000600
537,2048,0.000000512
538,2048,0.000000539
539,2048,0.000000517
540,2048,0.000000606
541,2048,0.000000517
542,2048,0.000000542
543,2048,0.000000507
544,2048,0.000000622
545,2048,0.000000515
546,2048,0.000000541
547,2048,0.000000507
548,2048,0.000000567
549,2048,0.000000564
550,2048,0.000000541
551,2048,0.000000509
552,2048,0.000000539
553,2048,0.000000516
554,2048,0.000000541
555,2048,0.000000521
556,2048,0.000000570
557,2048,0.000000514
558,2048,0.000000566
559,2048,0.000000515
560,2048,0.000000575
561,2048,0.000000555
562,2048,0.000000621
563,2048,0.000000520
564,2048,0.000000582
565,2048,0.000000517
566,2048,0.000000654
567,2048,0.000000567
568,2048,0.000000580
569,2048,0.000000519
570,2048,0.000000536
571,2048,0.000000515
572,2048,0.000000576
573,2048,0.000000517
574,2048,0.000000537
575,2048,0.000000518
576,2048,0.000000537
577,2048,0.000000517
578,2048,0.000000538
579,2048,0.000000517
580,2048,0.000000540
581,2048,0.000000519
582,2048,0.000000597
583,2048,0.000000516
584,2048,0.000000569
585,2048,0.000000508
586,2048,0.000000593
587,2048,0.000000516
588,2048,0.000000604
589,2048,0.000000561
590,2048,0.000000535
591,2048,0.000000515
592,2048,0.000000565
593,2048,0.000000515
594,2048,0.000000563
595,2048,0.000000514
596,2048,0.000000566
597,2048,0.000000512
598,2048,0.000000538
599,2048,0.000000517
600,2048,0.000000597
601,2048,0.000000517
602,2048,0.000000618
603,2048,0.000000566
604,2048,0.000000602
605,2048,0.000000561
606,2048,0.000000603
607,2048,0.000000514
608,2048,0.000000548
609,2048,0.000000506
610,2048,0.000000605
611,2048,0.000000518
612,2048,0.000000542
613,2048,0.000000511
614,2048,0.000000561
615,2048,0.000000516
616,2048,0.000000567
617,2048,0.000000516
618,2048,0.000000552
619,2048,0.000000523
620,2048,0.000000609
621,2048,0.000000517
622,2048,0.000000538
623,2048,0.000000519
624,2048,0.000000537
625,2048,0.000000519
626,2048,0.000000624
627,2048,0.000000564
628,2048,0.000000604
629,2048,0.000000519
630,2048,0.000000587
631,2048,0.000000606
632,2048,0.000000604
633,2048,0.000000513
634,2048,0.000000585
635,2048,0.000000564
636,2048,0.000000605
637,2048,0.000000517
638,2048,0.000000565
639,2048,0.000000536
640,2048,0.000000564
641,2048,0.000000515
642,2048,0.000000563
643,2048,0.000000522
644,2048,0.000000601
645,2048,0.000000516
646,2048,0.000000541
647,2048,0.000000552
648,2048,0.000000601
649,2048,0.000000580
650,2048,0.000000599
651,2048,0.000000516
652,2048,0.000000596
653,2048,0.000000516
654,2048,0.000000547
655,2048,0.000000574
656,2048,0.000000597
657,2048,0.000000514
658,2048,0.000000545
659,2048,0.000000507
660,2048,0.000000569
661,2048,0.000000516
662,2048,0.000000562
663,2048,0.000000516
664,2048,0.000000537
665,2048,0.000000517
666,2048,0.000000571
667,2048,0.000000519
668,2048,0.000000537
669,2048,0.000000516
670,2048,0.000000537
671,2048,0.000000516
672,2048,0.000000620
673,2048,0.000000512
674,2048,0.000000586
675,2048,0.000000518
676,2048,0.000000590
677,2048,0.000000519
678,2048,0.000000568
679,2048,0.000000519
680,2048,0.000000546
681,2048,0.000000512
682,2048,0.000000615
683,2048,0.000000559
684,2048,0.000010137
685,2048,0.000000639
686,2048,0.000000612
687,2048,0.000000515
688,2048,0.000000810
689,2048,0.000000515
690,2048,0.000000560
691,2048,0.000000516
692,2048,0.000000535
693,2048,0.000000514
694,2048,0.000000593
695,2048,0.000000565
696,2048,0.000000573
697,2048,0.000000519
698,2048,0.000000570
699,2048,0.000000518
700,2048,0.000000580
701,2048,0.000000513
702,2048,0.000000589
703,2048,0.000000516
704,2048,0.000000736
705,2048,0.000000516
706,2048,0.000000573
707,2048,0.000000517
708,2048,0.000000629
709,2048,0.000000515
710,2048,0.000000584
711,2048,0.000000515
712,2048,0.000000565
713,2048,0.000000523
714,2048,0.000000625
715,2048,0.000000565
716,2048,0.000000593
717,2048,0.000000514
718,2048,0.000000538
719,2048,0.000000519
720,2048,0.000000534
721,2048,0.000000516
722,2048,0.000000565
723,2048,0.000000517
724,2048,0.000000583
725,2048,0.000000516
726,2048,0.000000577
727,2048,0.000000517
728,2048,0.000000570
729,2048,0.000000514
730,2048,0.000000599
731,2048,0.000000517
732,2048,0.000000547
733,2048,0.000000509
734,2048,0.000000616
735,2048,0.000000520
736,2048,0.000015302
737,2048,0.000000670
738,2048,0.000000570
739,2048,0.000000529
740,2048,0.000000585
741,2048,0.000000566
742,2048,0.000000613
743,2048,0.000000535
744,2048,0.000000640
745,2048,0.000000523
746,2048,0.000000656
747,2048,0.000000531
748,2048,0.000000553
749,2048,0.000000529
750,2048,0.000000636
751,2048,0.000000529
752,2048,0.000000551
753,2048,0.000000530
754,2048,0.000000550
755,2048,0.000000525
756,2048,0.000000818
757,2048,0.000000523
758,2048,0.000000557
759,2048,0.000000534
760,2048,0.000000596
761,2048,0.000000568
762,2048,0.000001233
763,2048,0.000000728
764,2048,0.000000833
765,2048,0.000000729
766,2048,0.000000814
767,2048,0.000000705
768,2048,0.000001049
769,2048,0.000000763
770,2048,0.000000769
771,2048,0.000000762
772,2048,0.000000787
773,2048,0.000000774
774,2048,0.000000772
775,2048,0.000000727
776,2048,0.000000972
777,2048,0.000001440
778,2048,0.000000624
779,2048,0.000013044
780,2048,0.000000715
781,2048,0.000000516
782,2048,0.000000611
783,2048,0.000000519
784,2048,0.000000535
785,2048,0.000000518
786,2048,0.000000650
787,2048,0.000000517
788,2048,0.000000574
789,2048,0.000000515
790,2048,0.000000667
791,2048,0.000000512
792,2048,0.000000588
793,2048,0.000000519
794,2048,0.000000603
795,2048,0.000000562
796,2048,0.000000597
797,2048,0.000000520
798,2048,0.000000543
799,2048,0.000000511
800,2048,0.000000539
801,2048,0.000000520
802,2048,0.000000611
803,2048,0.000000515
804,2048,0.000000601
805,2048,0.000000519
806,2048,0.000000534
807,2048,0.000000516
808,2048,0.000000590
809,2048,0.000000520
810,2048,0.000000621
811,2048,0.000000514
812,2048,0.000000632
813,2048,0.000000570
814,2048,0.000000575
815,2048,0.000000518
816,2048,0.000000620
817,2048,0.000000575
818,2048,0.000000912
819,2048,0.000000522
820,2048,0.000000574
821,2048,0.000000519
822,2048,0.000000589
823,2048,0.000000510
824,2048,0.000000602
825,2048,0.000000525
826,2048,0.000000627
827,2048,0.000000525
828,2048,0.000000617
829,2048,0.000000522
830,2048,0.000000598
831,2048,0.000000561
832,2048,0.000000574
833,2048,0.000000518
834,2048,0.000000576
835,2048,0.000000513
836,2048,0.000000613
837,2048,0.000000568
838,2048,0.000000578
839,2048,0.000000508
840,2048,0.000000608
841,2048,0.000000557
842,2048,0.000000583
843,2048,0.000000564
844,2048,0.000000566
845,2048,0.000000518
846,2048,0.000000545
847,2048,0.000000509
848,2048,0.000000681
849,2048,0.000000521
850,2048,0.000000551
851,2048,0.000000510
852,2048,0.000000565
853,2048,0.000000522
854,2048,0.000000598
855,2048,0.000000567
856,2048,0.000000572
857,2048,0.000000516
858,2048,0.000000539
859,2048,0.000000521
860,2048,0.000000595
861,2048,0.000000511
862,2048,0.000000595
863,2048,0.000000571
864,2048,0.000000539
865,2048,0.000000519
866,2048,0.000000569
867,2048,0.000000517
868,2048,0.000000598
869,2048,0.000000520
870,2048,0.000000549
871,2048,0.000000508
872,2048,0.000000592
873,2048,0.000000519
874,2048,0.000000539
875,2048,0.000000520
876,2048,0.000000918
877,2048,0.000000588
878,2048,0.000000735
879,2048,0.000000568
880,2048,0.000000984
881,2048,0.000000579
882,2048,0.000000810
883,2048,0.000000671
884,2048,0.000000701
885,2048,0.000000668
886,2048,0.000000689
887,2048,0.000000570
888,2048,0.000000983
889,2048,0.000000675
890,2048,0.000000776
891,2048,0.000000576
892,2048,0.000000696
893,2048,0.000000683
894,2048,0.000000856
895,2048,0.000000595
896,2048,0.000000704
897,2048,0.000000683
898,2048,0.000000764
899,2048,0.000000583
900,2048,0.000000758
901,2048,0.000000579
902,2048,0.000000658
903,2048,0.000000579
904,2048,0.000000703
905,2048,0.000000567
906,2048,0.000000633
907,2048,0.000000572
908,2048,0.000000773
909,2048,0.000000594
910,2048,0.000000964
911,2048,0.000000589
912,2048,0.000000867
913,2048,0.000000578
914,2048,0.000000656
915,2048,0.000000576
916,2048,0.000000797
917,2048,0.000000578
918,2048,0.000000701
919,2048,0.000000671
920,2048,0.000000767
921,2048,0.000000586
922,2048,0.000000666
923,2048,0.000000581
924,2048,0.000000752
925,2048,0.000000584
926,2048,0.000000626
927,2048,0.000000585
928,2048,0.000000790
929,2048,0.000000574
930,2048,0.000000691
931,2048,0.000000674
932,2048,0.000000783
933,2048,0.000000576
934,2048,0.000000681
935,2048,0.000000679
936,2048,0.000000754
937,2048,0.000000673
938,2048,0.000000647
939,2048,0.000000568
940,2048,0.000000834
941,2048,0.000000576
942,2048,0.000000659
943,2048,0.000000573
944,2048,0.000000792
945,2048,0.000000570
946,2048,0.000000669
947,2048,0.000000594
948,2048,0.000000861
949,2048,0.000000580
950,2048,0.000000655
951,2048,0.000000576
952,2048,0.000000895
953,2048,0.000000580
954,2048,0.000000678
955,2048,0.000000699
956,2048,0.000000789
957,2048,0.000000577
958,2048,0.000000679
959,2048,0.000000679
960,2048,0.000001026
961,2048,0.000000580
962,2048,0.000000698
963,2048,0.000000678
964,2048,0.000000796
965,2048,0.000000702
966,2048,0.000000635
967,2048,0.000000579
968,2048,0.000000782
969,2048,0.000000586
970,2048,0.000000704
971,2048,0.000000677
972,2048,0.000000881
973,2048,0.000000577
974,2048,0.000000696
975,2048,0.000000733
976,2048,0.000001138
977,2048,0.000000585
978,2048,0.000000625
979,2048,0.000000581
980,2048,0.000000823
981,2048,0.000000583
982,2048,0.000000790
983,2048,0.000000641
984,2048,0.000000790
985,2048,0.000000624
986,2048,0.000000671
987,2048,0.000000587
988,2048,0.000000657
989,2048,0.000000583
990,2048,0.000000675
991,2048,0.000000568
992,2048,0.000000770
993,2048,0.000000573
994,2048,0.000000666
995,2048,0.000000578
996,2048,0.000000684
997,2048,0.000000583
998,2048,0.000000623
999,2048,0.000000574
0,2304,0.000001330
1,2304,0.000000957
2,2304,0.000000764
3,2304,0.000000874
4,2304,0.000000874
5,2304,0.000000793
6,2304,0.000000756
7,2304,0.000000843
8,2304,0.000000810
9,2304,0.000000910
10,2304,0.000000997
11,2304,0.000000876
12,2304,0.000001054
13,2304,0.000001002
14,2304,0.000000952
15,2304,0.000000747
16,2304,0.000000860
17,2304,0.000000891
18,2304,0.000000772
19,2304,0.000000787
20,2304,0.000000810
21,2304,0.000001049
22,2304,0.000000744
23,2304,0.000001054
24,2304,0.000000830
25,2304,0.000000686
26,2304,0.000000825
27,2304,0.000000746
28,2304,0.000000855
29,2304,0.000000740
30,2304,0.000000917
31,2304,0.000000714
32,2304,0.000000791
33,2304,0.000000946
34,2304,0.000000736
35,2304,0.000000842
36,2304,0.000000730
37,2304,0.000000889
38,2304,0.000000870
39,2304,0.000000892
40,2304,0.000000777
41,2304,0.000000734
42,2304,0.000000909
43,2304,0.000000636
44,2304,0.000000752
45,2304,0.000000716
46,2304,0.000000781
47,2304,0.000000733
48,2304,0.000000781
49,2304,0.000000740
50,2304,0.000000737
51,2304,0.000000998
52,2304,0.000000775
53,2304,0.000000863
54,2304,0.000000696
55,2304,0.000000731
56,2304,0.000000784
57,2304,0.000000613
58,2304,0.000000831
59,2304,0.000000701
60,2304,0.000000764
61,2304,0.000000668
62,2304,0.000000792
63,2304,0.000000662
64,2304,0.000000712
65,2304,0.000000772
66,2304,0.000000777
67,2304,0.000000893
68,2304,0.000000790
69,2304,0.000000967
70,2304,0.000000686
71,2304,0.000000855
72,2304,0.000000808
73,2304,0.000000732
74,2304,0.000000907
75,2304,0.000000675
76,2304,0.000001055
77,2304,0.000000697
78,2304,0.000000864
79,2304,0.000000743
80,2304,0.000000801
81,2304,0.000000769
82,2304,0.000000690
83,2304,0.000000810
84,2304,0.000000829
85,2304,0.000001142
86,2304,0.000000721
87,2304,0.000000817
88,2304,0.000000834
89,2304,0.000000876
90,2304,0.000000843
91,2304,0.000000768
92,2304,0.000000801
93,2304,0.000000723
94,2304,0.000000846
95,2304,0.000000743
96,2304,0.000000936
97,2304,0.000000800
98,2304,0.000000773
99,2304,0.000000828
100,2304,0.000000731
101,2304,0.000000807
102,2304,0.000000749
103,2304,0.000000787
104,2304,0.000000771
105,2304,0.000000745
106,2304,0.000000821
107,2304,0.000000706
108,2304,0.000000853
109,2304,0.000000704
110,2304,0.000000833
111,2304,0.000000691
112,2304,0.000000826
113,2304,0.000000819
114,2304,0.000000723
115,2304,0.000001000
116,2304,0.000000769
117,2304,0.000000821
118,2304,0.000000749
119,2304,0.000000813
120,2304,0.000000802
121,2304,0.000000708
122,2304,0.000000834
123,2304,0.000000738
124,2304,0.000000840
125,2304,0.000000710
126,2304,0.000000869
127,2304,0.000000743
128,2304,0.000000743
129,2304,0.000000809
130,2304,0.000000714
131,2304,0.000000803
132,2304,0.000000720
133,2304,0.000000852
134,2304,0.000000730
135,2304,0.000000875
136,2304,0.000000858
137,2304,0.000000758
138,2304,0.000000892
139,2304,0.000000729
140,2304,0.000000834
141,2304,0.000000870
142,2304,0.000001438
143,2304,0.000000554
144,2304,0.000000551
145,2304,0.000000585
146,2304,0.000000522
147,2304,0.000000634
148,2304,0.000000525
149,2304,0.000000657
150,2304,0.000000517
151,2304,0.000000651
152,2304,0.000000594
153,2304,0.000000554
154,2304,0.000000632
155,2304,0.000000521
156,2304,0.000000616
157,2304,0.000000521
158,2304,0.000000583
159,2304,0.000000519
160,2304,0.000000539
161,2304,0.000000591
162,2304,0.000000512
163,2304,0.000000579
164,2304,0.000000563
165,2304,0.000000636
166,2304,0.000000521
167,2304,0.000000615
168,2304,0.000000608
169,2304,0.000000654
170,2304,0.000000597
171,2304,0.000000582
172,2304,0.000000710
173,2304,0.000000522
174,2304,0.000000625
175,2304,0.000000579
176,2304,0.000000619
177,2304,0.000000638
178,2304,0.000000610
179,2304,0.000000628
180,2304,0.000000521
181,2304,0.000000631
182,2304,0.000000563
183,2304,0.000000582
184,2304,0.000000629
185,2304,0.000000567
186,2304,0.000000598
187,2304,0.000000522
188,2304,0.000000610
189,2304,0.000000521
190,2304,0.000000576
191,2304,0.000000522
192,2304,0.000000563
193,2304,0.000000589
194,2304,0.000000564
195,2304,0.000000661
196,2304,0.000000561
197,2304,0.000000649
198,2304,0.000000574
199,2304,0.000000618
200,2304,0.000000611
201,2304,0.000000564
202,2304,0.000000657
203,2304,0.000000523
204,2304,0.000000587
205,2304,0.000000526
206,2304,0.000000653
207,2304,0.000000525
208,2304,0.000000580
209,2304,0.000000887
210,2304,0.000000520
211,2304,0.000000632
212,2304,0.000000520
213,2304,0.000000637
214,2304,0.000000520
215,2304,0.000000623
216,2304,0.000000655
217,2304,0.000000558
218,2304,0.000000593
219,2304,0.000000520
220,2304,0.000000639
221,2304,0.000000519
222,2304,0.000000593
223,2304,0.000000523
224,2304,0.000000541
225,2304,0.000000675
226,2304,0.000000578
227,2304,0.000000628
228,2304,0.000000530
229,2304,0.000000609
230,2304,0.000000524
231,2304,0.000000597
232,2304,0.000000622
233,2304,0.000000522
234,2304,0.000000597
235,2304,0.000000531
236,2304,0.000000693
237,2304,0.000000526
238,2304,0.000000638
239,2304,0.000000575
240,2304,0.000000627
241,2304,0.000000684
242,2304,0.000000587
243,2304,0.000000650
244,2304,0.000000563
245,2304,0.000000580
246,2304,0.000000529
247,2304,0.000000583
248,2304,0.000000611
249,2304,0.000000522
250,2304,0.000000608
251,2304,0.000000525
252,2304,0.000000598
253,2304,0.000000519
254,2304,0.000000685
255,2304,0.000000566
256,2304,0.000000589
257,2304,0.000000653
258,2304,0.000000520
259,2304,0.000000588
260,2304,0.000000527
261,2304,0.000000730
262,2304,0.000000576
263,2304,0.000000597
264,2304,0.000000667
265,2304,0.000000518
266,2304,0.000000588
267,2304,0.000000530
268,2304,0.000000728
269,2304,0.000000635
270,2304,0.000000648
271,2304,0.000000746
272,2304,0.000000561
273,2304,0.000000590
274,2304,0.000000533
275,2304,0.000000592
276,2304,0.000000521
277,2304,0.000000613
278,2304,0.000000522
279,2304,0.000000626
280,2304,0.000000707
281,2304,0.000000561
282,2304,0.000000640
283,2304,0.000000523
284,2304,0.000000588
285,2304,0.000000525
286,2304,0.000000616
287,2304,0.000000520
288,2304,0.000000542
289,2304,0.000000596
290,2304,0.000000562
291,2304,0.000000582
292,2304,0.000000522
293,2304,0.000000590
294,2304,0.000000522
295,2304,0.000000673
296,2304,0.000000680
297,2304,0.000000870
298,2304,0.000000654
299,2304,0.000000575
300,2304,0.000000637
301,2304,0.000000569
302,2304,0.000000606
303,2304,0.000000525
304,2304,0.000000547
305,2304,0.000000670
306,2304,0.000000585
307,2304,0.000000636
308,2304,0.000000609
309,2304,0.000000973
310,2304,0.000000524
311,2304,0.000000578
312,2304,0.000000622
313,2304,0.000000561
314,2304,0.000000598
315,2304,0.000000529
316,2304,0.000000733
317,2304,0.000000569
318,2304,0.000000636
319,2304,0.000000574
320,2304,0.000000566
321,2304,0.000000588
322,2304,0.000000523
323,2304,0.000000672
324,2304,0.000000584
325,2304,0.000000582
326,2304,0.000000624
327,2304,0.000000681
328,2304,0.000000613
329,2304,0.000000566
330,2304,0.000000671
331,2304,0.000000521
332,2304,0.000000585
333,2304,0.000000525
334,2304,0.000000612
335,2304,0.000000520
336,2304,0.000000545
337,2304,0.000000603
338,2304,0.000000519
339,2304,0.000000632
340,2304,0.000000539
341,2304,0.000000624
342,2304,0.000000523
343,2304,0.000000586
344,2304,0.000000589
345,2304,0.000000562
346,2304,0.000000591
347,2304,0.000000522
348,2304,0.000000603
349,2304,0.000000531
350,2304,0.000000602
351,2304,0.000000520
352,2304,0.000000573
353,2304,0.000000594
354,2304,0.000000515
355,2304,0.000000660
356,2304,0.000000569
357,2304,0.000000635
358,2304,0.000000561
359,2304,0.000000611
360,2304,0.000000599
361,2304,0.000000521
362,2304,0.000000645
363,2304,0.000000572
364,2304,0.000000676
365,2304,0.000000522
366,2304,0.000000577
367,2304,0.000000523
368,2304,0.000000567
369,2304,0.000000641
370,2304,0.000000520
371,2304,0.000000623
372,2304,0.000000521
373,2304,0.000000605
374,2304,0.000000522
375,2304,0.000000588
376,2304,0.000000669
377,2304,0.000000522
378,2304,0.000000597
379,2304,0.000000584
380,2304,0.000000650
381,2304,0.000000522
382,2304,0.000000602
383,2304,0.000000559
384,2304,0.000000546
385,2304,0.000000609
386,2304,0.000000523
387,2304,0.000000669
388,2304,0.000000583
389,2304,0.000000625
390,2304,0.000000622
391,2304,0.000000612
392,2304,0.000000602
393,2304,0.000000528
394,2304,0.000000595
395,2304,0.000000531
396,2304,0.000000613
397,2304,0.000000532
398,2304,0.000000601
399,2304,0.000000521
400,2304,0.000000572
401,2304,0.000000600
402,2304,0.000000532
403,2304,0.000000663
404,2304,0.000000585
405,2304,0.000000627
406,2304,0.000000620
407,2304,0.000000608
408,2304,0.000000647
409,2304,0.000000526
410,2304,0.000000592
411,2304,0.000000576
412,2304,0.000000585
413,2304,0.000000530
414,2304,0.000000600
415,2304,0.000000526
416,2304,0.000000550
417,2304,0.000000605
418,2304,0.000000515
419,2304,0.000000579
420,2304,0.000000528
421,2304,0.000000603
422,2304,0.000000524
423,2304,0.000000617
424,2304,0.000000609
425,2304,0.000000571
426,2304,0.000000638
427,2304,0.000000601
428,2304,0.000000675
429,2304,0.000000530
430,2304,0.000000624
431,2304,0.000000529
432,2304,0.000000564
433,2304,0.000000589
434,2304,0.000000570
435,2304,0.000000582
436,2304,0.000000522
437,2304,0.000000577
438,2304,0.000000524
439,2304,0.000000622
440,2304,0.000000627
441,2304,0.000000528
442,2304,0.000000620
443,2304,0.000000531
444,2304,0.000000644
445,2304,0.000000570
446,2304,0.000000588
447,2304,0.000000539
448,2304,0.000000624
449,2304,0.000000852
450,2304,0.000000521
451,2304,0.000000633
452,2304,0.000000567
453,2304,0.000000660
454,2304,0.000000538
455,2304,0.000000609
456,2304,0.000000598
457,2304,0.000000524
458,2304,0.000000627
459,2304,0.000000531
460,2304,0.000000609
461,2304,0.000000526
462,2304,0.000000624
463,2304,0.000000568
464,2304,0.000000543
465,2304,0.000000594
466,2304,0.000000522
467,2304,0.000000596
468,2304,0.000000528
469,2304,0.000000643
470,2304,0.000000522
471,2304,0.000000621
472,2304,0.000000653
473,2304,0.000000526
474,2304,0.000000597
475,2304,0.000000540
476,2304,0.000000590
477,2304,0.000000531
478,2304,0.000000623
479,2304,0.000000530
480,2304,0.000000600
481,2304,0.000000626
482,2304,0.000000566
483,2304,0.000000621
484,2304,0.000000530
485,2304,0.000000580
486,2304,0.000000536
487,2304,0.000000616
488,2304,0.000000607
489,2304,0.000000524
490,2304,0.000000605
491,2304,0.000000531
492,2304,0.000000586
493,2304,0.000000530
494,2304,0.000000611
495,2304,0.000000519
496,2304,0.000000603
497,2304,0.000000609
498,2304,0.000000522
499,2304,0.000000641
500,2304,0.000000521
501,2304,0.000000629
502,2304,0.000000523
503,2304,0.000000677
504,2304,0.000000696
505,2304,0.000000558
506,2304,0.000000591
507,2304,0.000000524
508,2304,0.000000594
509,2304,0.000000518
510,2304,0.000000582
511,2304,0.000000520
512,2304,0.000000547
513,2304,0.000000610
514,2304,0.000000521
515,2304,0.000000595
516,2304,0.000000521
517,2304,0.000000650
518,2304,0.000000521
519,2304,0.000000623
520,2304,0.000000653
521,2304,0.000000563
522,2304,0.000000652
523,2304,0.000000574
524,2304,0.000000613
525,2304,0.000000521
526,2304,0.000000699
527,2304,0.000000561
528,2304,0.000000567
529,2304,0.000000596
530,2304,0.000000516
531,2304,0.000000604
532,2304,0.000000517
533,2304,0.000000590
534,2304,0.000000567
535,2304,0.000000671
536,2304,0.000000595
537,2304,0.000000577
538,2304,0.000000616
539,2304,0.000000523
540,2304,0.000000607
541,2304,0.000000523
542,2304,0.000000620
543,2304,0.000000523
544,2304,0.000000545
545,2304,0.000000596
546,2304,0.000000523
547,2304,0.000000592
548,2304,0.000000525
549,2304,0.000000600
550,2304,0.000000523
551,2304,0.000000628
552,2304,0.000000586
553,2304,0.000000523
554,2304,0.000000588
555,2304,0.000000557
556,2304,0.000000680
557,2304,0.000000564
558,2304,0.000000630
559,2304,0.000000530
560,2304,0.000000616
561,2304,0.000000622
562,2304,0.000000522
563,2304,0.000000652
564,2304,0.000000583
565,2304,0.000000641
566,2304,0.000000520
567,2304,0.000000616
568,2304,0.000000632
569,2304,0.000000562
570,2304,0.000000586
571,2304,0.000000563
572,2304,0.000000608
573,2304,0.000000521
574,2304,0.000000639
575,2304,0.000000526
576,2304,0.000000568
577,2304,0.000000595
578,2304,0.000000561
579,2304,0.000000634
580,2304,0.000000516
581,2304,0.000000592
582,2304,0.000000522
583,2304,0.000000655
584,2304,0.000000648
585,2304,0.000000561
586,2304,0.000000711
587,2304,0.000000565
588,2304,0.000000604
589,2304,0.000000518
590,2304,0.000000617
591,2304,0.000000518
592,2304,0.000000586
593,2304,0.000000586
594,2304,0.000000562
595,2304,0.000000598
596,2304,0.000000528
597,2304,0.000000587
598,2304,0.000000529
599,2304,0.000000644
600,2304,0.000000650
601,2304,0.000000562
602,2304,0.000000596
603,2304,0.000000522
604,2304,0.000000591
605,2304,0.000000562
606,2304,0.000000646
607,2304,0.000000523
608,2304,0.000000584
609,2304,0.000000634
610,2304,0.000000518
611,2304,0.000000588
612,2304,0.000000520
613,2304,0.000000636
614,2304,0.000000523
615,2304,0.000000623
616,2304,0.000000637
617,2304,0.000000517
618,2304,0.000000595
619,2304,0.000000522
620,2304,0.000000616
621,2304,0.000000523
622,2304,0.000000588
623,2304,0.000000566
624,2304,0.000000546
625,2304,0.000001020
626,2304,0.000000566
627,2304,0.000000667
628,2304,0.000000519
629,2304,0.000000596
630,2304,0.000000514
631,2304,0.000000800
632,2304,0.000000590
633,2304,0.000000567
634,2304,0.000000635
635,2304,0.000000557
636,2304,0.000000628
637,2304,0.000000563
638,2304,0.000000584
639,2304,0.000000525
640,2304,0.000000578
641,2304,0.000000629
642,2304,0.000000568
643,2304,0.000000612
644,2304,0.000000522
645,2304,0.000000661
646,2304,0.000000529
647,2304,0.000000600
648,2304,0.000000636
649,2304,0.000000522
650,2304,0.000000592
651,2304,0.000000533
652,2304,0.000000624
653,2304,0.000000521
654,2304,0.000000636
655,2304,0.000000560
656,2304,0.000000606
657,2304,0.000000600
658,2304,0.000000523
659,2304,0.000000620
660,2304,0.000000526
661,2304,0.000000595
662,2304,0.000000513
663,2304,0.000000655
664,2304,0.000000599
665,2304,0.000000575
666,2304,0.000000594
667,2304,0.000000521
668,2304,0.000000590
669,2304,0.000000526
670,2304,0.000000648
671,2304,0.000000529
672,2304,0.000000543
673,2304,0.000000622
674,2304,0.000000522
675,2304,0.000000622
676,2304,0.000000566
677,2304,0.000000603
678,2304,0.000000515
679,2304,0.000000652
680,2304,0.000000636
681,2304,0.000000543
682,2304,0.000000629
683,2304,0.000000520
684,2304,0.000000590
685,2304,0.000000522
686,2304,0.000000613
687,2304,0.000000516
688,2304,0.000000543
689,2304,0.000000633
690,2304,0.000000521
691,2304,0.000000599
692,2304,0.000000526
693,2304,0.000000665
694,2304,0.000000523
695,2304,0.000000595
696,2304,0.000000610
697,2304,0.000000520
698,2304,0.000000617
699,2304,0.000000525
700,2304,0.000000638
701,2304,0.000000561
702,2304,0.000000632
703,2304,0.000000565
704,2304,0.000000606
705,2304,0.000000652
706,2304,0.000000573
707,2304,0.000000613
708,2304,0.000000522
709,2304,0.000000607
710,2304,0.000000511
711,2304,0.000000591
712,2304,0.000000621
713,2304,0.000000518
714,2304,0.000000657
715,2304,0.000000523
716,2304,0.000000591
717,2304,0.000000521
718,2304,0.000000581
719,2304,0.000000523
720,2304,0.000000610
721,2304,0.000000652
722,2304,0.000000570
723,2304,0.000000632
724,2304,0.000000575
725,2304,0.000000622
726,2304,0.000000567
727,2304,0.000000592
728,2304,0.000000598
729,2304,0.000000517
730,2304,0.000000587
731,2304,0.000000553
732,2304,0.000000644
733,2304,0.000000563
734,2304,0.000000664
735,2304,0.000000558
736,2304,0.000000597
737,2304,0.000000648
738,2304,0.000000567
739,2304,0.000000587
740,2304,0.000000519
741,2304,0.000000625
742,2304,0.000000518
743,2304,0.000000610
744,2304,0.000000605
745,2304,0.000000562
746,2304,0.000000627
747,2304,0.000000525
748,2304,0.000000603
749,2304,0.000000519
750,2304,0.000000612
751,2304,0.000000524
752,2304,0.000000593
753,2304,0.000000616
754,2304,0.000000522
755,2304,0.000000597
756,2304,0.000000525
757,2304,0.000000601
758,2304,0.000000527
759,2304,0.000000633
760,2304,0.000000597
761,2304,0.000000564
762,2304,0.000000596
763,2304,0.000000528
764,2304,0.000000616
765,2304,0.000000524
766,2304,0.000000598
767,2304,0.000000574
768,2304,0.000000541
769,2304,0.000000616
770,2304,0.000000521
771,2304,0.000000622
772,2304,0.000000522
773,2304,0.000000597
774,2304,0.000000514
775,2304,0.000000641
776,2304,0.000000596
777,2304,0.000000558
778,2304,0.000000632
779,2304,0.000000523
780,2304,0.000000601
781,2304,0.000000523
782,2304,0.000000583
783,2304,0.000000519
784,2304,0.000000555
785,2304,0.000000641
786,2304,0.000000524
787,2304,0.000000588
788,2304,0.000000518
789,2304,0.000000664
790,2304,0.000000519
791,2304,0.000000632
792,2304,0.000000593
793,2304,0.000000521
794,2304,0.000000639
795,2304,0.000000544
796,2304,0.000000619
797,2304,0.000000522
798,2304,0.000000885
799,2304,0.000000521
800,2304,0.000000568
801,2304,0.000000601
802,2304,0.000000522
803,2304,0.000000606
804,2304,0.000000525
805,2304,0.000000583
806,2304,0.000000522
807,2304,0.000000589
808,2304,0.000000614
809,2304,0.000000518
810,2304,0.000000662
811,2304,0.000000522
812,2304,0.000000590
813,2304,0.000000560
814,2304,0.000000679
815,2304,0.000000562
816,2304,0.000000552
817,2304,0.000000659
818,2304,0.000000559
819,2304,0.000000648
820,2304,0.000000564
821,2304,0.000000626
822,2304,0.000000525
823,2304,0.000000582
824,2304,0.000000673
825,2304,0.000000579
826,2304,0.000000647
827,2304,0.000000530
828,2304,0.000000658
829,2304,0.000000562
830,2304,0.000010170
831,2304,0.000000722
832,2304,0.000000593
833,2304,0.000000584
834,2304,0.000000519
835,2304,0.000000635
836,2304,0.000000522
837,2304,0.000000590
838,2304,0.000000517
839,2304,0.000000623
840,2304,0.000000597
841,2304,0.000000519
842,2304,0.000000592
843,2304,0.000000518
844,2304,0.000000590
845,2304,0.000000520
846,2304,0.000000658
847,2304,0.000000517
848,2304,0.000000581
849,2304,0.000000586
850,2304,0.000000516
851,2304,0.000000617
852,2304,0.000000523
853,2304,0.000000586
854,2304,0.000000524
855,2304,0.000000601
856,2304,0.000000607
857,2304,0.000000521
858,2304,0.000000640
859,2304,0.000000579
860,2304,0.000000615
861,2304,0.000000524
862,2304,0.000000594
863,2304,0.000000517
864,2304,0.000000573
865,2304,0.000000598
866,2304,0.000000520
867,2304,0.000000683
868,2304,0.000000574
869,2304,0.000000641
870,2304,0.000000567
871,2304,0.000000585
872,2304,0.000000612
873,2304,0.000000516
874,2304,0.000000614
875,2304,0.000000521
876,2304,0.000000592
877,2304,0.000000528
878,2304,0.000000591
879,2304,0.000000520
880,2304,0.000000538
881,2304,0.000000598
882,2304,0.000000558
883,2304,0.000000587
884,2304,0.000000524
885,2304,0.000000591
886,2304,0.000000525
887,2304,0.000000583
888,2304,0.000000812
889,2304,0.000000602
890,2304,0.000000865
891,2304,0.000000590
892,2304,0.000000727
893,2304,0.000000594
894,2304,0.000000816
895,2304,0.000000592
896,2304,0.000000870
897,2304,0.000000861
898,2304,0.000000599
899,2304,0.000000659
900,2304,0.000000711
901,2304,0.000000811
902,2304,0.000000580
903,2304,0.000000844
904,2304,0.000000719
905,2304,0.000000604
906,2304,0.000000841
907,2304,0.000000596
908,2304,0.000000785
909,2304,0.000000730
910,2304,0.000000918
911,2304,0.000000584
912,2304,0.000000661
913,2304,0.000000839
914,2304,0.000000766
915,2304,0.000000751
916,2304,0.000000590
917,2304,0.000000796
918,2304,0.000000574
919,2304,0.000000717
920,2304,0.000000861
921,2304,0.000000622
922,2304,0.000000830
923,2304,0.000000581
924,2304,0.000000788
925,2304,0.000000621
926,2304,0.000000705
927,2304,0.000000587
928,2304,0.000000793
929,2304,0.000000703
930,2304,0.000000604
931,2304,0.000000839
932,2304,0.000000592
933,2304,0.000000697
934,2304,0.000000609
935,2304,0.000000753
936,2304,0.000000704
937,2304,0.000000598
938,2304,0.000001143
939,2304,0.000000593
940,2304,0.000000700
941,2304,0.000000604
942,2304,0.000000810
943,2304,0.000000875
944,2304,0.000000657
945,2304,0.000000834
946,2304,0.000000591
947,2304,0.000000720
948,2304,0.000000681
949,2304,0.000000879
950,2304,0.000000579
951,2304,0.000000712
952,2304,0.000000814
953,2304,0.000000600
954,2304,0.000000703
955,2304,0.000000592
956,2304,0.000001110
957,2304,0.000000574
958,2304,0.000000685
959,2304,0.000000587
960,2304,0.000000784
961,2304,0.000001048
962,2304,0.000000628
963,2304,0.000000794
964,2304,0.000000589
965,2304,0.000000694
966,2304,0.000000605
967,2304,0.000000796
968,2304,0.000000717
969,2304,0.000000629
970,2304,0.000000886
971,2304,0.000000596
972,2304,0.000000698
973,2304,0.000000601
974,2304,0.000000776
975,2304,0.000000588
976,2304,0.000000659
977,2304,0.000001064
978,2304,0.000000600
979,2304,0.000000706
980,2304,0.000000597
981,2304,0.000000861
982,2304,0.000000576
983,2304,0.000000721
984,2304,0.000000858
985,2304,0.000000599
986,2304,0.000000680
987,2304,0.000000582
988,2304,0.000000752
989,2304,0.000000605
990,2304,0.000000699
991,2304,0.000000578
992,2304,0.000000766
993,2304,0.000000775
994,2304,0.000000586
995,2304,0.000000851
996,2304,0.000000586
997,2304,0.000000703
998,2304,0.000000580
999,2304,0.000001740
0,2560,0.000001095
1,2560,0.000000651
2,2560,0.000000531
3,2560,0.000000657
4,2560,0.000000607
5,2560,0.000000565
6,2560,0.000000631
7,2560,0.000000526
8,2560,0.000000636
9,2560,0.000000706
10,2560,0.000000585
11,2560,0.000000666
12,2560,0.000000684
13,2560,0.000000571
14,2560,0.000000604
15,2560,0.000000532
16,2560,0.000000610
17,2560,0.000000600
18,2560,0.000000528
19,2560,0.000000631
20,2560,0.000000605
21,2560,0.000000536
22,2560,0.000000621
23,2560,0.000000538
24,2560,0.000000646
25,2560,0.000000657
26,2560,0.000000631
27,2560,0.000000744
28,2560,0.000000653
29,2560,0.000000596
30,2560,0.000000611
31,2560,0.000000533
32,2560,0.000000557
33,2560,0.000000637
34,2560,0.000000528
35,2560,0.000000609
36,2560,0.000000623
37,2560,0.000000568
38,2560,0.000000642
39,2560,0.000000753
40,2560,0.000000807
41,2560,0.000000878
42,2560,0.000000764
43,2560,0.000000903
44,2560,0.000000787
45,2560,0.000000715
46,2560,0.000000787
47,2560,0.000001589
48,2560,0.000000807
49,2560,0.000000759
50,2560,0.000000704
51,2560,0.000000864
52,2560,0.000001376
53,2560,0.000000743
54,2560,0.000000813
55,2560,0.000000802
56,2560,0.000000875
57,2560,0.000000790
58,2560,0.000000685
59,2560,0.000000822
60,2560,0.000001099
61,2560,0.000000797
62,2560,0.000001045
63,2560,0.000000780
64,2560,0.000000771
65,2560,0.000001018
66,2560,0.000000926
67,2560,0.000000904
68,2560,0.000000797
69,2560,0.000000735
70,2560,0.000000812
71,2560,0.000000673
72,2560,0.000000787
73,2560,0.000000879
74,2560,0.000000581
75,2560,0.000000792
76,2560,0.000000898
77,2560,0.000000662
78,2560,0.000000831
79,2560,0.000000683
80,2560,0.000000784
81,2560,0.000001005
82,2560,0.000000737
83,2560,0.000000771
84,2560,0.000000796
85,2560,0.000000633
86,2560,0.000000797
87,2560,0.000000641
88,2560,0.000000792
89,2560,0.000000817
90,2560,0.000000643
91,2560,0.000000776
92,2560,0.000000783
93,2560,0.000000675
94,2560,0.000000761
95,2560,0.000000692
96,2560,0.000000874
97,2560,0.000000856
98,2560,0.000000706
99,2560,0.000000932
100,2560,0.000000904
101,2560,0.000000689
102,2560,0.000000785
103,2560,0.000000745
104,2560,0.000000940
105,2560,0.000000876
106,2560,0.000000925
107,2560,0.000000839
108,2560,0.000000779
109,2560,0.000000723
110,2560,0.000000870
111,2560,0.000000757
112,2560,0.000000792
113,2560,0.000000841
114,2560,0.000000854
115,2560,0.000000807
116,2560,0.000000780
117,2560,0.000000716
118,2560,0.000000786
119,2560,0.000000729
120,2560,0.000000849
121,2560,0.000000899
122,2560,0.000000844
123,2560,0.000000834
124,2560,0.000000834
125,2560,0.000001034
126,2560,0.000000809
127,2560,0.000001043
128,2560,0.000000722
129,2560,0.000000954
130,2560,0.000000698
131,2560,0.000000849
132,2560,0.000000866
133,2560,0.000000713
134,2560,0.000000895
135,2560,0.000000763
136,2560,0.000000753
137,2560,0.000000845
138,2560,0.000000713
139,2560,0.000000800
140,2560,0.000000831
141,2560,0.000000723
142,2560,0.000000845
143,2560,0.000000711
144,2560,0.000000767
145,2560,0.000000814
146,2560,0.000000681
147,2560,0.000000829
148,2560,0.000000814
149,2560,0.000000695
150,2560,0.000000870
151,2560,0.000000723
152,2560,0.000000793
153,2560,0.000000815
154,2560,0.000000736
155,2560,0.000000823
156,2560,0.000000788
157,2560,0.000000701
158,2560,0.000000886
159,2560,0.000000747
160,2560,0.000000795
161,2560,0.000000874
162,2560,0.000000691
163,2560,0.000000888
164,2560,0.000000807
165,2560,0.000000709
166,2560,0.000000825
167,2560,0.000000696
168,2560,0.000000792
169,2560,0.000000822
170,2560,0.000000699
171,2560,0.000000841
172,2560,0.000000822
173,2560,0.000000687
174,2560,0.000000837
175,2560,0.000000691
176,2560,0.000000790
177,2560,0.000000814
178,2560,0.000000770
179,2560,0.000000800
180,2560,0.000000877
181,2560,0.000000728
182,2560,0.000000797
183,2560,0.000000710
184,2560,0.000000720
185,2560,0.000000805
186,2560,0.000000690
187,2560,0.000000826
188,2560,0.000000836
189,2560,0.000000730
190,2560,0.000000807
191,2560,0.000000691
192,2560,0.000000775
193,2560,0.000000831
194,2560,0.000000729
195,2560,0.000000836
196,2560,0.000000795
197,2560,0.000000711
198,2560,0.000000824
199,2560,0.000000721
200,2560,0.000000810
201,2560,0.000000817
202,2560,0.000000683
203,2560,0.000000832
204,2560,0.000000839
205,2560,0.000000704
206,2560,0.000000810
207,2560,0.000000722
208,2560,0.000000765
209,2560,0.000000843
210,2560,0.000000694
211,2560,0.000000802
212,2560,0.000000800
213,2560,0.000000758
214,2560,0.000000867
215,2560,0.000000988
216,2560,0.000000810
217,2560,0.000000882
218,2560,0.000000718
219,2560,0.000000813
220,2560,0.000000806
221,2560,0.000000701
222,2560,0.000000865
223,2560,0.000000714
224,2560,0.000001167
225,2560,0.000000814
226,2560,0.000000675
227,2560,0.000000990
228,2560,0.000001213
229,2560,0.000000588
230,2560,0.000000585
231,2560,0.000000634
232,2560,0.000000571
233,2560,0.000000594
234,2560,0.000000577
235,2560,0.000000691
236,2560,0.000000645
237,2560,0.000000575
238,2560,0.000000610
239,2560,0.000000536
240,2560,0.000000556
241,2560,0.000000682
242,2560,0.000000574
243,2560,0.000000648
244,2560,0.000000668
245,2560,0.000000566
246,2560,0.000000582
247,2560,0.000000528
248,2560,0.000000613
249,2560,0.000000590
250,2560,0.000000589
251,2560,0.000000617
252,2560,0.000000644
253,2560,0.000000529
254,2560,0.000000674
255,2560,0.000000528
256,2560,0.000000583
257,2560,0.000000660
258,2560,0.000000519
259,2560,0.000000643
260,2560,0.000000619
261,2560,0.000000531
262,2560,0.000000614
263,2560,0.000000530
264,2560,0.000000557
265,2560,0.000000692
266,2560,0.000000648
267,2560,0.000000702
268,2560,0.000000895
269,2560,0.000000590
270,2560,0.000000632
271,2560,0.000000587
272,2560,0.000000572
273,2560,0.000000593
274,2560,0.000000530
275,2560,0.000000682
276,2560,0.000000592
277,2560,0.000000574
278,2560,0.000000649
279,2560,0.000000537
280,2560,0.000000556
281,2560,0.000000613
282,2560,0.000000520
283,2560,0.000000592
284,2560,0.000000660
285,2560,0.000000583
286,2560,0.000000648
287,2560,0.000000622
288,2560,0.000000587
289,2560,0.000000591
290,2560,0.000000529
291,2560,0.000000692
292,2560,0.000000690
293,2560,0.000000584
294,2560,0.000000610
295,2560,0.000000533
296,2560,0.000000559
297,2560,0.000000614
298,2560,0.000000523
299,2560,0.000000679
300,2560,0.000000627
301,2560,0.000000529
302,2560,0.000000588
303,2560,0.000000536
304,2560,0.000000573
305,2560,0.000000654
306,2560,0.000000555
307,2560,0.000000619
308,2560,0.000000596
309,2560,0.000000534
310,2560,0.000000582
311,2560,0.000000523
312,2560,0.000000542
313,2560,0.000000627
314,2560,0.000000523
315,2560,0.000000589
316,2560,0.000000608
317,2560,0.000000525
318,2560,0.000000590
319,2560,0.000000519
320,2560,0.000000590
321,2560,0.000000645
322,2560,0.000000568
323,2560,0.000000610
324,2560,0.000000593
325,2560,0.000000529
326,2560,0.000000652
327,2560,0.000000563
328,2560,0.000000601
329,2560,0.000000585
330,2560,0.000000521
331,2560,0.000000609
332,2560,0.000000623
333,2560,0.000000524
334,2560,0.000000577
335,2560,0.000000519
336,2560,0.000000596
337,2560,0.000000608
338,2560,0.000000523
339,2560,0.000000618
340,2560,0.000000596
341,2560,0.000000527
342,2560,0.000000650
343,2560,0.000000519
344,2560,0.000000552
345,2560,0.000000584
346,2560,0.000000523
347,2560,0.000000586
348,2560,0.000000676
349,2560,0.000000569
350,2560,0.000000948
351,2560,0.000000583
352,2560,0.000000564
353,2560,0.000000594
354,2560,0.000000530
355,2560,0.000000644
356,2560,0.000000621
357,2560,0.000000528
358,2560,0.000000594
359,2560,0.000000514
360,2560,0.000000607
361,2560,0.000000587
362,2560,0.000000530
363,2560,0.000000655
364,2560,0.000000716
365,2560,0.000000566
366,2560,0.000000595
367,2560,0.000000559
368,2560,0.000000550
369,2560,0.000000586
370,2560,0.000000559
371,2560,0.000000616
372,2560,0.000000609
373,2560,0.000000528
374,2560,0.000000589
375,2560,0.000000514
376,2560,0.000000573
377,2560,0.000000585
378,2560,0.000000524
379,2560,0.000000607
380,2560,0.000000622
381,2560,0.000000569
382,2560,0.000000655
383,2560,0.000000522
384,2560,0.000000600
385,2560,0.000000625
386,2560,0.000000525
387,2560,0.000000612
388,2560,0.000000614
389,2560,0.000000526
390,2560,0.000000600
391,2560,0.000000567
392,2560,0.000000547
393,2560,0.000000617
394,2560,0.000000568
395,2560,0.000000705
396,2560,0.000000647
397,2560,0.000000520
398,2560,0.000000606
399,2560,0.000000523
400,2560,0.000000589
401,2560,0.000000656
402,2560,0.000000522
403,2560,0.000000685
404,2560,0.000000682
405,2560,0.000000559
406,2560,0.000000623
407,2560,0.000000517
408,2560,0.000000595
409,2560,0.000000627
410,2560,0.000000520
411,2560,0.000000600
412,2560,0.000000613
413,2560,0.000000527
414,2560,0.000000595
415,2560,0.000000563
416,2560,0.000000599
417,2560,0.000000653
418,2560,0.000000521
419,2560,0.000000584
420,2560,0.000000589
421,2560,0.000000529
422,2560,0.000000593
423,2560,0.000000534
424,2560,0.000000543
425,2560,0.000000704
426,2560,0.000000750
427,2560,0.000000591
428,2560,0.000000614
429,2560,0.000000522
430,2560,0.000000589
431,2560,0.000000519
432,2560,0.000000600
433,2560,0.000000591
434,2560,0.000000530
435,2560,0.000000650
436,2560,0.000000621
437,2560,0.000000529
438,2560,0.000000610
439,2560,0.000000526
440,2560,0.000000580
441,2560,0.000000611
442,2560,0.000000521
443,2560,0.000000590
444,2560,0.000000613
445,2560,0.000000527
446,2560,0.000000643
447,2560,0.000000523
448,2560,0.000000554
449,2560,0.000000710
450,2560,0.000000573
451,2560,0.000000630
452,2560,0.000000670
453,2560,0.000000582
454,2560,0.000000633
455,2560,0.000000575
456,2560,0.000000575
457,2560,0.000000585
458,2560,0.000000522
459,2560,0.000000671
460,2560,0.000000592
461,2560,0.000000523
462,2560,0.000000622
463,2560,0.000000525
464,2560,0.000000545
465,2560,0.000000620
466,2560,0.000000564
467,2560,0.000000631
468,2560,0.000000611
469,2560,0.000000564
470,2560,0.000000924
471,2560,0.000000561
472,2560,0.000000549
473,2560,0.000000610
474,2560,0.000000562
475,2560,0.000000651
476,2560,0.000000591
477,2560,0.000000559
478,2560,0.000000598
479,2560,0.000000521
480,2560,0.000000584
481,2560,0.000000665
482,2560,0.000000586
483,2560,0.000000654
484,2560,0.000000656
485,2560,0.000000525
486,2560,0.000000592
487,2560,0.000000528
488,2560,0.000000603
489,2560,0.000000596
490,2560,0.000000535
491,2560,0.000000596
492,2560,0.000000594
493,2560,0.000000527
494,2560,0.000000652
495,2560,0.000000563
496,2560,0.000000600
497,2560,0.000000606
498,2560,0.000000536
499,2560,0.000000599
500,2560,0.000000721
501,2560,0.000000578
502,2560,0.000000621
503,2560,0.000000525
504,2560,0.000000559
505,2560,0.000000654
506,2560,0.000000560
507,2560,0.000000652
508,2560,0.000000642
509,2560,0.000000523
510,2560,0.000000627
511,2560,0.000000559
512,2560,0.000000571
513,2560,0.000000597
514,2560,0.000000525
515,2560,0.000000616
516,2560,0.000000651
517,2560,0.000000531
518,2560,0.000000656
519,2560,0.000000567
520,2560,0.000000896
521,2560,0.000000669
522,2560,0.000000521
523,2560,0.000000605
524,2560,0.000000613
525,2560,0.000000583
526,2560,0.000000600
527,2560,0.000000530
528,2560,0.000000568
529,2560,0.000000601
530,2560,0.000000522
531,2560,0.000000587
532,2560,0.000000634
533,2560,0.000000535
534,2560,0.000000586
535,2560,0.000000527
536,2560,0.000000549
537,2560,0.000000591
538,2560,0.000000527
539,2560,0.000000615
540,2560,0.000000644
541,2560,0.000000528
542,2560,0.000000610
543,2560,0.000000530
544,2560,0.000000584
545,2560,0.000000671
546,2560,0.000000524
547,2560,0.000000638
548,2560,0.000000628
549,2560,0.000000566
550,2560,0.000000635
551,2560,0.000000534
552,2560,0.000000560
553,2560,0.000000600
554,2560,0.000000523
555,2560,0.000000828
556,2560,0.000000683
557,2560,0.000000574
558,2560,0.000000626
559,2560,0.000000532
560,2560,0.000000614
561,2560,0.000000638
562,2560,0.000000524
563,2560,0.000000699
564,2560,0.000000740
565,2560,0.000000533
566,2560,0.000000603
567,2560,0.000000607
568,2560,0.000000604
569,2560,0.000000653
570,2560,0.000000525
571,2560,0.000000623
572,2560,0.000000610
573,2560,0.000000530
574,2560,0.000000683
575,2560,0.000000531
576,2560,0.000000895
577,2560,0.000000679
578,2560,0.000011327
579,2560,0.000000701
580,2560,0.000000624
581,2560,0.000000580
582,2560,0.000000593
583,2560,0.000000528
584,2560,0.000000601
585,2560,0.000000601
586,2560,0.000000525
587,2560,0.000000652
588,2560,0.000000653
589,2560,0.000000587
590,2560,0.000000605
591,2560,0.000000533
592,2560,0.000000552
593,2560,0.000000744
594,2560,0.000000520
595,2560,0.000000588
596,2560,0.000000681
597,2560,0.000000744
598,2560,0.000000637
599,2560,0.000000589
600,2560,0.000000637
601,2560,0.000000651
602,2560,0.000000519
603,2560,0.000000652
604,2560,0.000000623
605,2560,0.000000535
606,2560,0.000000585
607,2560,0.000000539
608,2560,0.000000579
609,2560,0.000000597
610,2560,0.000000525
611,2560,0.000000672
612,2560,0.000000655
613,2560,0.000000543
614,2560,0.000000882
615,2560,0.000000522
616,2560,0.000000563
617,2560,0.000000624
618,2560,0.000000568
619,2560,0.000000634
620,2560,0.000000705
621,2560,0.000000535
622,2560,0.000000596
623,2560,0.000000534
624,2560,0.000000640
625,2560,0.000000601
626,2560,0.000000534
627,2560,0.000000600
628,2560,0.000000624
629,2560,0.000000527
630,2560,0.000000633
631,2560,0.000000562
632,2560,0.000000554
633,2560,0.000000630
634,2560,0.000000522
635,2560,0.000000687
636,2560,0.000000676
637,2560,0.000000564
638,2560,0.000000591
639,2560,0.000000532
640,2560,0.000000574
641,2560,0.000000604
642,2560,0.000000556
643,2560,0.000000667
644,2560,0.000000590
645,2560,0.000000525
646,2560,0.000000652
647,2560,0.000000524
648,2560,0.000000596
649,2560,0.000000684
650,2560,0.000000586
651,2560,0.000000679
652,2560,0.000000734
653,2560,0.000000579
654,2560,0.000000638
655,2560,0.000000518
656,2560,0.000000629
657,2560,0.000000646
658,2560,0.000000573
659,2560,0.000000688
660,2560,0.000000696
661,2560,0.000000604
662,2560,0.000000675
663,2560,0.000000617
664,2560,0.000000615
665,2560,0.000000629
666,2560,0.000000529
667,2560,0.000000627
668,2560,0.000000620
669,2560,0.000000556
670,2560,0.000000609
671,2560,0.000000571
672,2560,0.000000614
673,2560,0.000000613
674,2560,0.000000597
675,2560,0.000000599
676,2560,0.000000631
677,2560,0.000000560
678,2560,0.000000625
679,2560,0.000000533
680,2560,0.000000551
681,2560,0.000000629
682,2560,0.000000525
683,2560,0.000000669
684,2560,0.000000601
685,2560,0.000000574
686,2560,0.000000625
687,2560,0.000000531
688,2560,0.000000594
689,2560,0.000000664
690,2560,0.000000598
691,2560,0.000000626
692,2560,0.000000626
693,2560,0.000000562
694,2560,0.000000596
695,2560,0.000000531
696,2560,0.000000570
697,2560,0.000000610
698,2560,0.000000565
699,2560,0.000000594
700,2560,0.000000629
701,2560,0.000000600
702,2560,0.000000601
703,2560,0.000000529
704,2560,0.000000543
705,2560,0.000000600
706,2560,0.000000603
707,2560,0.000000601
708,2560,0.000000616
709,2560,0.000000615
710,2560,0.000000656
711,2560,0.000000574
712,2560,0.000000584
713,2560,0.000000598
714,2560,0.000000523
715,2560,0.000000670
716,2560,0.000000668
717,2560,0.000000571
718,2560,0.000000656
719,2560,0.000000521
720,2560,0.000000636
721,2560,0.000000662
722,2560,0.000000523
723,2560,0.000000649
724,2560,0.000000681
725,2560,0.000000591
726,2560,0.000000663
727,2560,0.000000576
728,2560,0.000000555
729,2560,0.000000661
730,2560,0.000000525
731,2560,0.000000612
732,2560,0.000013156
733,2560,0.000000877
734,2560,0.000000629
735,2560,0.000000533
736,2560,0.000001034
737,2560,0.000000606
738,2560,0.000000611
739,2560,0.000000730
740,2560,0.000000680
741,2560,0.000000592
742,2560,0.000000744
743,2560,0.000000589
744,2560,0.000000621
745,2560,0.000000669
746,2560,0.000000595
747,2560,0.000000621
748,2560,0.000000650
749,2560,0.000000593
750,2560,0.000000641
751,2560,0.000000606
752,2560,0.000000564
753,2560,0.000000609
754,2560,0.000000538
755,2560,0.000000657
756,2560,0.000000665
757,2560,0.000000576
758,2560,0.000000614
759,2560,0.000000575
760,2560,0.000000648
761,2560,0.000000674
762,2560,0.000000578
763,2560,0.000000606
764,2560,0.000000638
765,2560,0.000000611
766,2560,0.000000667
767,2560,0.000000589
768,2560,0.000000607
769,2560,0.000000619
770,2560,0.000000535
771,2560,0.000000672
772,2560,0.000000679
773,2560,0.000000588
774,2560,0.000000679
775,2560,0.000000579
776,2560,0.000000588
777,2560,0.000000661
778,2560,0.000000576
779,2560,0.000000642
780,2560,0.000000768
781,2560,0.000000614
782,2560,0.000000660
783,2560,0.000000582
784,2560,0.000000581
785,2560,0.000000650
786,2560,0.000000581
787,2560,0.000000657
788,2560,0.000000634
789,2560,0.000000569
790,2560,0.000000679
791,2560,0.000000535
792,2560,0.000000604
793,2560,0.000000677
794,2560,0.000000601
795,2560,0.000000649
796,2560,0.000000661
797,2560,0.000000591
798,2560,0.000000655
799,2560,0.000000576
800,2560,0.000000650
801,2560,0.000000666
802,2560,0.000000537
803,2560,0.000000603
804,2560,0.000000617
805,2560,0.000000544
806,2560,0.000000678
807,2560,0.000000585
808,2560,0.000000624
809,2560,0.000000675
810,2560,0.000000610
811,2560,0.000000674
812,2560,0.000000698
813,2560,0.000000548
814,2560,0.000000688
815,2560,0.000000610
816,2560,0.000000699
817,2560,0.000000723
818,2560,0.000000595
819,2560,0.000000700
820,2560,0.000000619
821,2560,0.000000618
822,2560,0.000000679
823,2560,0.000000545
824,2560,0.000000790
825,2560,0.000000766
826,2560,0.000000591
827,2560,0.000000658
828,2560,0.000000678
829,2560,0.000000548
830,2560,0.000000635
831,2560,0.000000576
832,2560,0.000000684
833,2560,0.000000705
834,2560,0.000000572
835,2560,0.000000707
836,2560,0.000000657
837,2560,0.000000543
838,2560,0.000000700
839,2560,0.000000594
840,2560,0.000000619
841,2560,0.000000702
842,2560,0.000000664
843,2560,0.000000716
844,2560,0.000000687
845,2560,0.000000680
846,2560,0.000000646
847,2560,0.000000595
848,2560,0.000000682
849,2560,0.000000726
850,2560,0.000000604
851,2560,0.000000644
852,2560,0.000000699
853,2560,0.000000594
854,2560,0.000000678
855,2560,0.000000594
856,2560,0.000000645
857,2560,0.000000689
858,2560,0.000000598
859,2560,0.000000684
860,2560,0.000000756
861,2560,0.000000578
862,2560,0.000000641
863,2560,0.000000599
864,2560,0.000000646
865,2560,0.000000636
866,2560,0.000000579
867,2560,0.000000666
868,2560,0.000000689
869,2560,0.000000603
870,2560,0.000000632
871,2560,0.000000547
872,2560,0.000000613
873,2560,0.000000680
874,2560,0.000000580
875,2560,0.000000657
876,2560,0.000000627
877,2560,0.000000755
878,2560,0.000000647
879,2560,0.000000599
880,2560,0.000000647
881,2560,0.000000737
882,2560,0.000000613
883,2560,0.000000715
884,2560,0.000000627
885,2560,0.000000545
886,2560,0.000000750
887,2560,0.000000602
888,2560,0.000000622
889,2560,0.000000673
890,2560,0.000000587
891,2560,0.000000658
892,2560,0.000000610
893,2560,0.000000596
894,2560,0.000000680
895,2560,0.000000617
896,2560,0.000001419
897,2560,0.000000953
898,2560,0.000000808
899,2560,0.000000974
900,2560,0.000001345
901,2560,0.000000972
902,2560,0.000000915
903,2560,0.000000783
904,2560,0.000001042
905,2560,0.000001068
906,2560,0.000000800
907,2560,0.000000947
908,2560,0.000001385
909,2560,0.000000644
910,2560,0.000000731
911,2560,0.000000615
912,2560,0.000000796
913,2560,0.000000733
914,2560,0.000000698
915,2560,0.000001176
916,2560,0.000000719
917,2560,0.000000899
918,2560,0.000000838
919,2560,0.000000602
920,2560,0.000000813
921,2560,0.000001079
922,2560,0.000000605
923,2560,0.000000714
924,2560,0.000000793
925,2560,0.000013445
926,2560,0.000000700
927,2560,0.000000586
928,2560,0.000000781
929,2560,0.000000729
930,2560,0.000000690
931,2560,0.000000888
932,2560,0.000000702
933,2560,0.000000608
934,2560,0.000001044
935,2560,0.000000694
936,2560,0.000000652
937,2560,0.000000741
938,2560,0.000000597
939,2560,0.000000691
940,2560,0.000000857
941,2560,0.000000616
942,2560,0.000000773
943,2560,0.000000614
944,2560,0.000000806
945,2560,0.000000717
946,2560,0.000001010
947,2560,0.000000972
948,2560,0.000000709
949,2560,0.000000640
950,2560,0.000000765
951,2560,0.000000587
952,2560,0.000000660
953,2560,0.000000851
954,2560,0.000000595
955,2560,0.000000730
956,2560,0.000000963
957,2560,0.000000618
958,2560,0.000000711
959,2560,0.000000603
960,2560,0.000000800
961,2560,0.000000720
962,2560,0.000000689
963,2560,0.000000767
964,2560,0.000000718
965,2560,0.000000617
966,2560,0.000000741
967,2560,0.000000589
968,2560,0.000000650
969,2560,0.000001126
970,2560,0.000000594
971,2560,0.000000689
972,2560,0.000000897
973,2560,0.000000609
974,2560,0.000000703
975,2560,0.000000602
976,2560,0.000000929
977,2560,0.000000763
978,2560,0.000000586
979,2560,0.000000820
980,2560,0.000000716
981,2560,0.000000652
982,2560,0.000000835
983,2560,0.000000742
984,2560,0.000000651
985,2560,0.000000898
986,2560,0.000000589
987,2560,0.000000703
988,2560,0.000000789
989,2560,0.000000612
990,2560,0.000000662
991,2560,0.000000592
992,2560,0.000000802
993,2560,0.000000723
994,2560,0.000000691
995,2560,0.000000893
996,2560,0.000000713
997,2560,0.000000614
998,2560,0.000000910
999,2560,0.000000590
0,2816,0.000001657
1,2816,0.000001289
2,2816,0.000000807
3,2816,0.000000704
4,2816,0.000000789
5,2816,0.000000776
6,2816,0.000000745
7,2816,0.000000799
8,2816,0.000000863
9,2816,0.000000973
10,2816,0.000000849
11,2816,0.000000845
12,2816,0.000000956
13,2816,0.000000943
14,2816,0.000000934
15,2816,0.000000693
16,2816,0.000001255
17,2816,0.000000992
18,2816,0.000000843
19,2816,0.000000690
20,2816,0.000000761
21,2816,0.000000895
22,2816,0.000000773
23,2816,0.000000819
24,2816,0.000000828
25,2816,0.000000739
26,2816,0.000000862
27,2816,0.000001169
28,2816,0.000000809
29,2816,0.000000879
30,2816,0.000000896
31,2816,0.000000740
32,2816,0.000000778
33,2816,0.000000777
34,2816,0.000001434
35,2816,0.000000744
36,2816,0.000000943
37,2816,0.000000912
38,2816,0.000000824
39,2816,0.000000848
40,2816,0.000000862
41,2816,0.000000723
42,2816,0.000000793
43,2816,0.000000834
44,2816,0.000000831
45,2816,0.000000825
46,2816,0.000000737
47,2816,0.000000894
48,2816,0.000000926
49,2816,0.000000886
50,2816,0.000000875
51,2816,0.000000700
52,2816,0.000000821
53,2816,0.000000872
54,2816,0.000000773
55,2816,0.000000751
56,2816,0.000000910
57,2816,0.000000757
58,2816,0.000000830
59,2816,0.000000985
60,2816,0.000000679
61,2816,0.000000737
62,2816,0.000000786
63,2816,0.000000966
64,2816,0.000000719
65,2816,0.000001156
66,2816,0.000000740
67,2816,0.000000884
68,2816,0.000000963
69,2816,0.000000880
70,2816,0.000000738
71,2816,0.000000788
72,2816,0.000000887
73,2816,0.000000765
74,2816,0.000000769
75,2816,0.000000765
76,2816,0.000000966
77,2816,0.000000800
78,2816,0.000001071
79,2816,0.000000624
80,2816,0.000000788
81,2816,0.000001060
82,2816,0.000000839
83,2816,0.000000757
84,2816,0.000000818
85,2816,0.000000759
86,2816,0.000000718
87,2816,0.000000919
88,2816,0.000000712
89,2816,0.000000838
90,2816,0.000000849
91,2816,0.000001037
92,2816,0.000001044
93,2816,0.000000896
94,2816,0.000000905
95,2816,0.000000809
96,2816,0.000000782
97,2816,0.000000963
98,2816,0.000000894
99,2816,0.000000852
100,2816,0.000001040
101,2816,0.000000891
102,2816,0.000000734
103,2816,0.000000873
104,2816,0.000000817
105,2816,0.000000795
106,2816,0.000000902
107,2816,0.000000752
108,2816,0.000000698
109,2816,0.000001013
110,2816,0.000000917
111,2816,0.000001048
112,2816,0.000000942
113,2816,0.000000924
114,2816,0.000000855
115,2816,0.000001173
116,2816,0.000000785
117,2816,0.000000881
118,2816,0.000000705
119,2816,0.000000755
120,2816,0.000000947
121,2816,0.000000741
122,2816,0.000000892
123,2816,0.000000869
124,2816,0.000000732
125,2816,0.000000776
126,2816,0.000000795
127,2816,0.000000723
128,2816,0.000000888
129,2816,0.000000842
130,2816,0.000001016
131,2816,0.000000843
132,2816,0.000000813
133,2816,0.000000944
134,2816,0.000000774
135,2816,0.000001117
136,2816,0.000000829
137,2816,0.000000741
138,2816,0.000000851
139,2816,0.000000844
140,2816,0.000000748
141,2816,0.000000845
142,2816,0.000000758
143,2816,0.000000749
144,2816,0.000000870
145,2816,0.000000904
146,2816,0.000000883
147,2816,0.000000722
148,2816,0.000000812
149,2816,0.000000823
150,2816,0.000000756
151,2816,0.000000864
152,2816,0.000000960
153,2816,0.000000975
154,2816,0.000000939
155,2816,0.000000838
156,2816,0.000000755
157,2816,0.000000848
158,2816,0.000001074
159,2816,0.000001077
160,2816,0.000000944
161,2816,0.000000827
162,2816,0.000000874
163,2816,0.000000790
164,2816,0.000000839
165,2816,0.000000872
166,2816,0.000000761
167,2816,0.000000851
168,2816,0.000000846
169,2816,0.000000724
170,2816,0.000000961
171,2816,0.000000921
172,2816,0.000000700
173,2816,0.000000952
174,2816,0.000001390
175,2816,0.000000790
176,2816,0.000000884
177,2816,0.000000972
178,2816,0.000000879
179,2816,0.000000768
180,2816,0.000000927
181,2816,0.000000885
182,2816,0.000000726
183,2816,0.000000803
184,2816,0.000000943
185,2816,0.000000813
186,2816,0.000000896
187,2816,0.000000859
188,2816,0.000000793
189,2816,0.000001148
190,2816,0.000000903
191,2816,0.000000977
192,2816,0.000000795
193,2816,0.000000896
194,2816,0.000000838
195,2816,0.000000797
196,2816,0.000000988
197,2816,0.000011417
198,2816,0.000001512
199,2816,0.000000933
200,2816,0.000000806
201,2816,0.000000725
202,2816,0.000000831
203,2816,0.000000841
204,2816,0.000000726
205,2816,0.000000855
206,2816,0.000000796
207,2816,0.000000719
208,2816,0.000000889
209,2816,0.000001183
210,2816,0.000000884
211,2816,0.000000765
212,2816,0.000000840
213,2816,0.000000906
214,2816,0.000000812
215,2816,0.000000835
216,2816,0.000000831
217,2816,0.000000749
218,2816,0.000000861
219,2816,0.000000923
220,2816,0.000000748
221,2816,0.000000878
222,2816,0.000000919
223,2816,0.000000771
224,2816,0.000000835
225,2816,0.000000921
226,2816,0.000000864
227,2816,0.000000789
228,2816,0.000000882
229,2816,0.000000900
230,2816,0.000000780
231,2816,0.000000860
232,2816,0.000000784
233,2816,0.000000710
234,2816,0.000000880
235,2816,0.000000808
236,2816,0.000000749
237,2816,0.000000855
238,2816,0.000000913
239,2816,0.000000749
240,2816,0.000000792
241,2816,0.000000874
242,2816,0.000000890
243,2816,0.000000794
244,2816,0.000000880
245,2816,0.000000879
246,2816,0.000000794
247,2816,0.000000915
248,2816,0.000000799
249,2816,0.000001098
250,2816,0.000000957
251,2816,0.000000911
252,2816,0.000000787
253,2816,0.000000935
254,2816,0.000000877
255,2816,0.000000777
256,2816,0.000000803
257,2816,0.000000849
258,2816,0.000000916
259,2816,0.000000806
260,2816,0.000000909
261,2816,0.000000822
262,2816,0.000000574
263,2816,0.000000591
264,2816,0.000000679
265,2816,0.000000747
266,2816,0.000000660
267,2816,0.000000672
268,2816,0.000000589
269,2816,0.000000647
270,2816,0.000000648
271,2816,0.000000581
272,2816,0.000000617
273,2816,0.000000670
274,2816,0.000000692
275,2816,0.000000581
276,2816,0.000000648
277,2816,0.000000659
278,2816,0.000000599
279,2816,0.000000668
280,2816,0.000000660
281,2816,0.000000548
282,2816,0.000001057
283,2816,0.000000633
284,2816,0.000000589
285,2816,0.000000659
286,2816,0.000000588
287,2816,0.000000586
288,2816,0.000000690
289,2816,0.000000646
290,2816,0.000000700
291,2816,0.000000583
292,2816,0.000000653
293,2816,0.000000668
294,2816,0.000000573
295,2816,0.000000639
296,2816,0.000001163
297,2816,0.000000604
298,2816,0.000000699
299,2816,0.000000780
300,2816,0.000000578
301,2816,0.000000654
302,2816,0.000000682
303,2816,0.000000586
304,2816,0.000000601
305,2816,0.000000665
306,2816,0.000000643
307,2816,0.000000602
308,2816,0.000000684
309,2816,0.000000593
310,2816,0.000000604
311,2816,0.000000660
312,2816,0.000000584
313,2816,0.000000590
314,2816,0.000000711
315,2816,0.000000638
316,2816,0.000000546
317,2816,0.000000797
318,2816,0.000000699
319,2816,0.000000629
320,2816,0.000000607
321,2816,0.000000593
322,2816,0.000000699
323,2816,0.000000569
324,2816,0.000000652
325,2816,0.000000600
326,2816,0.000000604
327,2816,0.000000670
328,2816,0.000000821
329,2816,0.000000627
330,2816,0.000000719
331,2816,0.000000701
332,2816,0.000000677
333,2816,0.000000764
334,2816,0.000000608
335,2816,0.000000575
336,2816,0.000000621
337,2816,0.000000642
338,2816,0.000000658
339,2816,0.000000601
340,2816,0.000000586
341,2816,0.000000659
342,2816,0.000000581
343,2816,0.000000594
344,2816,0.000000661
345,2816,0.000000538
346,2816,0.000000705
347,2816,0.000000783
348,2816,0.000000578
349,2816,0.000000730
350,2816,0.000000785
351,2816,0.000000583
352,2816,0.000000620
353,2816,0.000000613
354,2816,0.000000686
355,2816,0.000000609
356,2816,0.000000608
357,2816,0.000000600
358,2816,0.000000584
359,2816,0.000000728
360,2816,0.000000643
361,2816,0.000000624
362,2816,0.000000743
363,2816,0.000000737
364,2816,0.000000584
365,2816,0.000000867
366,2816,0.000000821
367,2816,0.000000601
368,2816,0.000000657
369,2816,0.000000680
370,2816,0.000000706
371,2816,0.000000619
372,2816,0.000000701
373,2816,0.000000609
374,2816,0.000000584
375,2816,0.000000654
376,2816,0.000000635
377,2816,0.000000629
378,2816,0.000000734
379,2816,0.000000650
380,2816,0.000000591
381,2816,0.000000650
382,2816,0.000000628
383,2816,0.000000572
384,2816,0.000000604
385,2816,0.000000630
386,2816,0.000000683
387,2816,0.000000577
388,2816,0.000000652
389,2816,0.000000662
390,2816,0.000000574
391,2816,0.000000656
392,2816,0.000000766
393,2816,0.000000584
394,2816,0.000000648
395,2816,0.000000783
396,2816,0.000000535
397,2816,0.000000664
398,2816,0.000000742
399,2816,0.000000595
400,2816,0.000000594
401,2816,0.000000685
402,2816,0.000000644
403,2816,0.000000578
404,2816,0.000000670
405,2816,0.000000622
406,2816,0.000000678
407,2816,0.000000662
408,2816,0.000001057
409,2816,0.000000600
410,2816,0.000000733
411,2816,0.000000795
412,2816,0.000000609
413,2816,0.000000921
414,2816,0.000000724
415,2816,0.000000583
416,2816,0.000000614
417,2816,0.000000811
418,2816,0.000000638
419,2816,0.000000561
420,2816,0.000000646
421,2816,0.000000590
422,2816,0.000000567
423,2816,0.000000670
424,2816,0.000000630
425,2816,0.000000587
426,2816,0.000000670
427,2816,0.000000664
428,2816,0.000000599
429,2816,0.000000660
430,2816,0.000000908
431,2816,0.000000635
432,2816,0.000000628
433,2816,0.000000640
434,2816,0.000000713
435,2816,0.000000601
436,2816,0.000000664
437,2816,0.000000703
438,2816,0.000000616
439,2816,0.000000661
440,2816,0.000000764
441,2816,0.000000542
442,2816,0.000000624
443,2816,0.000000788
444,2816,0.000000589
445,2816,0.000000642
446,2816,0.000000672
447,2816,0.000000592
448,2816,0.000000610
449,2816,0.000000670
450,2816,0.000000695
451,2816,0.000000619
452,2816,0.000000649
453,2816,0.000000631
454,2816,0.000000601
455,2816,0.000000754
456,2816,0.000000715
457,2816,0.000000581
458,2816,0.000000737
459,2816,0.000000789
460,2816,0.000000595
461,2816,0.000000711
462,2816,0.000000776
463,2816,0.000000589
464,2816,0.000000584
465,2816,0.000000679
466,2816,0.000000655
467,2816,0.000000594
468,2816,0.000000661
469,2816,0.000000633
470,2816,0.000000587
471,2816,0.000000730
472,2816,0.000000699
473,2816,0.000000597
474,2816,0.000000689
475,2816,0.000000585
476,2816,0.000000592
477,2816,0.000000686
478,2816,0.000000692
479,2816,0.000000650
480,2816,0.000000628
481,2816,0.000000647
482,2816,0.000000735
483,2816,0.000000582
484,2816,0.000000854
485,2816,0.000000749
486,2816,0.000000596
487,2816,0.000000699
488,2816,0.000000602
489,2816,0.000000586
490,2816,0.000000714
491,2816,0.000000653
492,2816,0.000000581
493,2816,0.000000673
494,2816,0.000000641
495,2816,0.000000590
496,2816,0.000000643
497,2816,0.000000699
498,2816,0.000000773
499,2816,0.000000596
500,2816,0.000000644
501,2816,0.000000713
502,2816,0.000000595
503,2816,0.000000653
504,2816,0.000000683
505,2816,0.000000615
506,2816,0.000000643
507,2816,0.000000708
508,2816,0.000000572
509,2816,0.000000677
510,2816,0.000000729
511,2816,0.000000575
512,2816,0.000000670
513,2816,0.000000665
514,2816,0.000000697
515,2816,0.000000588
516,2816,0.000000683
517,2816,0.000000676
518,2816,0.000000576
519,2816,0.000000657
520,2816,0.000000645
521,2816,0.000000633
522,2816,0.000000829
523,2816,0.000000602
524,2816,0.000000533
525,2816,0.000000684
526,2816,0.000000705
527,2816,0.000000687
528,2816,0.000000670
529,2816,0.000000594
530,2816,0.000000668
531,2816,0.000000613
532,2816,0.000000632
533,2816,0.000000800
534,2816,0.000000591
535,2816,0.000000741
536,2816,0.000000797
537,2816,0.000000608
538,2816,0.000000595
539,2816,0.000000699
540,2816,0.000000580
541,2816,0.000000662
542,2816,0.000015152
543,2816,0.000000779
544,2816,0.000000675
545,2816,0.000000691
546,2816,0.000000688
547,2816,0.000000593
548,2816,0.000000688
549,2816,0.000000724
550,2816,0.000000587
551,2816,0.000000609
552,2816,0.000000805
553,2816,0.000000594
554,2816,0.000000669
555,2816,0.000000778
556,2816,0.000000574
557,2816,0.000000770
558,2816,0.000000709
559,2816,0.000000591
560,2816,0.000000653
561,2816,0.000000732
562,2816,0.000000733
563,2816,0.000000590
564,2816,0.000000771
565,2816,0.000000676
566,2816,0.000000589
567,2816,0.000000698
568,2816,0.000000921
569,2816,0.000000864
570,2816,0.000000899
571,2816,0.000000957
572,2816,0.000000814
573,2816,0.000001033
574,2816,0.000001081
575,2816,0.000000774
576,2816,0.000000879
577,2816,0.000000917
578,2816,0.000000898
579,2816,0.000000878
580,2816,0.000000993
581,2816,0.000000943
582,2816,0.000000737
583,2816,0.000000663
584,2816,0.000000748
585,2816,0.000000629
586,2816,0.000000632
587,2816,0.000000697
588,2816,0.000000630
589,2816,0.000013340
590,2816,0.000001027
591,2816,0.000000880
592,2816,0.000000660
593,2816,0.000000833
594,2816,0.000000665
595,2816,0.000000593
596,2816,0.000000741
597,2816,0.000000698
598,2816,0.000000599
599,2816,0.000000677
600,2816,0.000000751
601,2816,0.000000606
602,2816,0.000000690
603,2816,0.000000676
604,2816,0.000000603
605,2816,0.000000656
606,2816,0.000000593
607,2816,0.000000588
608,2816,0.000000658
609,2816,0.000000639
610,2816,0.000000741
611,2816,0.000000599
612,2816,0.000000661
613,2816,0.000000682
614,2816,0.000000540
615,2816,0.000000640
616,2816,0.000000678
617,2816,0.000000568
618,2816,0.000000591
619,2816,0.000000677
620,2816,0.000000578
621,2816,0.000000693
622,2816,0.000000728
623,2816,0.000000573
624,2816,0.000000605
625,2816,0.000001052
626,2816,0.000000708
627,2816,0.000000605
628,2816,0.000000720
629,2816,0.000000600
630,2816,0.000000586
631,2816,0.000000669
632,2816,0.000000650
633,2816,0.000000591
634,2816,0.000000650
635,2816,0.000000659
636,2816,0.000000580
637,2816,0.000000711
638,2816,0.000000709
639,2816,0.000000575
640,2816,0.000000602
641,2816,0.000000660
642,2816,0.000000998
643,2816,0.000000577
644,2816,0.000000672
645,2816,0.000000692
646,2816,0.000000591
647,2816,0.000000796
648,2816,0.000000700
649,2816,0.000000593
650,2816,0.000000724
651,2816,0.000000622
652,2816,0.000000635
653,2816,0.000000663
654,2816,0.000000683
655,2816,0.000000589
656,2816,0.000000719
657,2816,0.000000670
658,2816,0.000000693
659,2816,0.000000567
660,2816,0.000000716
661,2816,0.000000653
662,2816,0.000000600
663,2816,0.000000745
664,2816,0.000000712
665,2816,0.000000615
666,2816,0.000000691
667,2816,0.000000604
668,2816,0.000000590
669,2816,0.000000718
670,2816,0.000000694
671,2816,0.000000608
672,2816,0.000000661
673,2816,0.000000657
674,2816,0.000000805
675,2816,0.000000615
676,2816,0.000000642
677,2816,0.000000776
678,2816,0.000000612
679,2816,0.000000600
680,2816,0.000000674
681,2816,0.000000623
682,2816,0.000000633
683,2816,0.000000667
684,2816,0.000000581
685,2816,0.000000660
686,2816,0.000000767
687,2816,0.000000837
688,2816,0.000000958
689,2816,0.000000902
690,2816,0.000000934
691,2816,0.000000949
692,2816,0.000001099
693,2816,0.000000801
694,2816,0.000000623
695,2816,0.000000706
696,2816,0.000000764
697,2816,0.000000639
698,2816,0.000000818
699,2816,0.000000785
700,2816,0.000000724
701,2816,0.000001089
702,2816,0.000000819
703,2816,0.000000634
704,2816,0.000000750
705,2816,0.000000835
706,2816,0.000000944
707,2816,0.000000775
708,2816,0.000000759
709,2816,0.000000842
710,2816,0.000000805
711,2816,0.000000911
712,2816,0.000000765
713,2816,0.000000815
714,2816,0.000001027
715,2816,0.000001087
716,2816,0.000000715
717,2816,0.000000859
718,2816,0.000000822
719,2816,0.000000933
720,2816,0.000000807
721,2816,0.000000870
722,2816,0.000000820
723,2816,0.000000777
724,2816,0.000000806
725,2816,0.000000873
726,2816,0.000000879
727,2816,0.000000963
728,2816,0.000000961
729,2816,0.000001039
730,2816,0.000000807
731,2816,0.000000981
732,2816,0.000000754
733,2816,0.000000841
734,2816,0.000001075
735,2816,0.000000730
736,2816,0.000000772
737,2816,0.000000845
738,2816,0.000000939
739,2816,0.000000762
740,2816,0.000000861
741,2816,0.000000972
742,2816,0.000000783
743,2816,0.000001112
744,2816,0.000001161
745,2816,0.000000589
746,2816,0.000000708
747,2816,0.000000786
748,2816,0.000000596
749,2816,0.000000707
750,2816,0.000000736
751,2816,0.000000589
752,2816,0.000000711
753,2816,0.000000678
754,2816,0.000000610
755,2816,0.000000596
756,2816,0.000000909
757,2816,0.000000653
758,2816,0.000000582
759,2816,0.000000686
760,2816,0.000000659
761,2816,0.000000594
762,2816,0.000000784
763,2816,0.000000722
764,2816,0.000000607
765,2816,0.000000789
766,2816,0.000000782
767,2816,0.000000597
768,2816,0.000000650
769,2816,0.000000698
770,2816,0.000000724
771,2816,0.000000686
772,2816,0.000000750
773,2816,0.000000764
774,2816,0.000000614
775,2816,0.000000723
776,2816,0.000001006
777,2816,0.000000612
778,2816,0.000000678
779,2816,0.000000749
780,2816,0.000000629
781,2816,0.000000696
782,2816,0.000000722
783,2816,0.000000571
784,2816,0.000000860
785,2816,0.000000741
786,2816,0.000000656
787,2816,0.000000601
788,2816,0.000000659
789,2816,0.000000694
790,2816,0.000000597
791,2816,0.000000686
792,2816,0.000000700
793,2816,0.000000627
794,2816,0.000000793
795,2816,0.000000685
796,2816,0.000000660
797,2816,0.000000693
798,2816,0.000000639
799,2816,0.000000590
800,2816,0.000000884
801,2816,0.000000654
802,2816,0.000000855
803,2816,0.000000589
804,2816,0.000000658
805,2816,0.000000789
806,2816,0.000000612
807,2816,0.000000663
808,2816,0.000000656
809,2816,0.000000579
810,2816,0.000000652
811,2816,0.000000651
812,2816,0.000000687
813,2816,0.000000674
814,2816,0.000000707
815,2816,0.000000592
816,2816,0.000000660
817,2816,0.000000676
818,2816,0.000000720
819,2816,0.000000588
820,2816,0.000000694
821,2816,0.000000685
822,2816,0.000000583
823,2816,0.000000643
824,2816,0.000000662
825,2816,0.000000569
826,2816,0.000000683
827,2816,0.000000696
828,2816,0.000000650
829,2816,0.000000677
830,2816,0.000000654
831,2816,0.000000572
832,2816,0.000000624
833,2816,0.000000644
834,2816,0.000000864
835,2816,0.000000579
836,2816,0.000000657
837,2816,0.000000855
838,2816,0.000000592
839,2816,0.000000648
840,2816,0.000000761
841,2816,0.000000688
842,2816,0.000000738
843,2816,0.000000781
844,2816,0.000000584
845,2816,0.000001051
846,2816,0.000000800
847,2816,0.000000885
848,2816,0.000000655
849,2816,0.000000710
850,2816,0.000000713
851,2816,0.000000596
852,2816,0.000000725
853,2816,0.000000658
854,2816,0.000000596
855,2816,0.000000982
856,2816,0.000000658
857,2816,0.000000588
858,2816,0.000000731
859,2816,0.000000699
860,2816,0.000000596
861,2816,0.000000701
862,2816,0.000000645
863,2816,0.000000578
864,2816,0.000000696
865,2816,0.000000620
866,2816,0.000000674
867,2816,0.000000617
868,2816,0.000000715
869,2816,0.000000801
870,2816,0.000000584
871,2816,0.000000628
872,2816,0.000000672
873,2816,0.000000583
874,2816,0.000000628
875,2816,0.000000644
876,2816,0.000000674
877,2816,0.000000735
878,2816,0.000000828
879,2816,0.000000640
880,2816,0.000000653
881,2816,0.000000759
882,2816,0.000000654
883,2816,0.000000591
884,2816,0.000000715
885,2816,0.000000695
886,2816,0.000000621
887,2816,0.000000730
888,2816,0.000000607
889,2816,0.000000660
890,2816,0.000000745
891,2816,0.000000970
892,2816,0.000000592
893,2816,0.000000697
894,2816,0.000000659
895,2816,0.000000590
896,2816,0.000000692
897,2816,0.000000717
898,2816,0.000000711
899,2816,0.000000581
900,2816,0.000000628
901,2816,0.000000733
902,2816,0.000000593
903,2816,0.000000686
904,2816,0.000000786
905,2816,0.000000602
906,2816,0.000000688
907,2816,0.000000845
908,2816,0.000000601
909,2816,0.000000866
910,2816,0.000000917
911,2816,0.000000700
912,2816,0.000000687
913,2816,0.000000797
914,2816,0.000000703
915,2816,0.000000617
916,2816,0.000000823
917,2816,0.000000800
918,2816,0.000000620
919,2816,0.000000757
920,2816,0.000000722
921,2816,0.000000611
922,2816,0.000000805
923,2816,0.000000715
924,2816,0.000000613
925,2816,0.000000820
926,2816,0.000000762
927,2816,0.000000634
928,2816,0.000000803
929,2816,0.000000915
930,2816,0.000001031
931,2816,0.000000626
932,2816,0.000000697
933,2816,0.000000814
934,2816,0.000000613
935,2816,0.000000721
936,2816,0.000000798
937,2816,0.000000605
938,2816,0.000000933
939,2816,0.000000866
940,2816,0.000000947
941,2816,0.000000693
942,2816,0.000000791
943,2816,0.000000634
944,2816,0.000000668
945,2816,0.000001050
946,2816,0.000000709
947,2816,0.000000628
948,2816,0.000000763
949,2816,0.000000718
950,2816,0.000000649
951,2816,0.000000820
952,2816,0.000000759
953,2816,0.000000601
954,2816,0.000000835
955,2816,0.000000751
956,2816,0.000000621
957,2816,0.000000822
958,2816,0.000000757
959,2816,0.000000617
960,2816,0.000000781
961,2816,0.000000754
962,2816,0.000000864
963,2816,0.000000662
964,2816,0.000000723
965,2816,0.000001109
966,2816,0.000000620
967,2816,0.000000732
968,2816,0.000000860
969,2816,0.000000608
970,2816,0.000000690
971,2816,0.000000772
972,2816,0.000000609
973,2816,0.000000699
974,2816,0.000000855
975,2816,0.000000595
976,2816,0.000000731
977,2816,0.000000945
978,2816,0.000000718
979,2816,0.000000650
980,2816,0.000000838
981,2816,0.000000723
982,2816,0.000000647
983,2816,0.000000848
984,2816,0.000000738
985,2816,0.000000603
986,2816,0.000000825
987,2816,0.000000707
988,2816,0.000000618
989,2816,0.000000829
990,2816,0.000000754
991,2816,0.000000612
992,2816,0.000000787
993,2816,0.000000716
994,2816,0.000000868
995,2816,0.000000615
996,2816,0.000001130
997,2816,0.000000718
998,2816,0.000000620
999,2816,0.000000790
0,3072,0.000001640
1,3072,0.000000931
2,3072,0.000001012
3,3072,0.000000795
4,3072,0.000000903
5,3072,0.000000916
6,3072,0.000000928
7,3072,0.000000816
8,3072,0.000000952
9,3072,0.000001152
10,3072,0.000000919
11,3072,0.000000780
12,3072,0.000000988
13,3072,0.000000909
14,3072,0.000000920
15,3072,0.000000779
16,3072,0.000000958
17,3072,0.000000918
18,3072,0.000000897
19,3072,0.000000778
20,3072,0.000000951
21,3072,0.000000881
22,3072,0.000000974
23,3072,0.000000791
24,3072,0.000000855
25,3072,0.000000904
26,3072,0.000000926
27,3072,0.000000780
28,3072,0.000000978
29,3072,0.000000876
30,3072,0.000000908
31,3072,0.000000799
32,3072,0.000000852
33,3072,0.000001060
34,3072,0.000000890
35,3072,0.000000784
36,3072,0.000000834
37,3072,0.000001202
38,3072,0.000000913
39,3072,0.000000791
40,3072,0.000000867
41,3072,0.000000819
42,3072,0.000000893
43,3072,0.000000776
44,3072,0.000000996
45,3072,0.000000894
46,3072,0.000000981
47,3072,0.000000782
48,3072,0.000000836
49,3072,0.000000916
50,3072,0.000000893
51,3072,0.000000798
52,3072,0.000000880
53,3072,0.000000888
54,3072,0.000000929
55,3072,0.000000784
56,3072,0.000000827
57,3072,0.000000893
58,3072,0.000000883
59,3072,0.000000735
60,3072,0.000000910
61,3072,0.000000876
62,3072,0.000001042
63,3072,0.000000801
64,3072,0.000000879
65,3072,0.000000905
66,3072,0.000000908
67,3072,0.000000827
68,3072,0.000000858
69,3072,0.000000950
70,3072,0.000000887
71,3072,0.000000780
72,3072,0.000000888
73,3072,0.000000893
74,3072,0.000000913
75,3072,0.000000792
76,3072,0.000000863
77,3072,0.000000967
78,3072,0.000000898
79,3072,0.000000778
80,3072,0.000000906
81,3072,0.000000870
82,3072,0.000000926
83,3072,0.000000804
84,3072,0.000000946
85,3072,0.000000946
86,3072,0.000000940
87,3072,0.000000785
88,3072,0.000001187
89,3072,0.000001022
90,3072,0.000000850
91,3072,0.000000760
92,3072,0.000001034
93,3072,0.000000859
94,3072,0.000000963
95,3072,0.000000773
96,3072,0.000000830
97,3072,0.000000903
98,3072,0.000000933
99,3072,0.000000787
100,3072,0.000000865
101,3072,0.000000884
102,3072,0.000000942
103,3072,0.000000785
104,3072,0.000000831
105,3072,0.000000869
106,3072,0.000000955
107,3072,0.000000783
108,3072,0.000000905
109,3072,0.000001062
110,3072,0.000000904
111,3072,0.000000799
112,3072,0.000000876
113,3072,0.000000892
114,3072,0.000000890
115,3072,0.000000768
116,3072,0.000000842
117,3072,0.000000858
118,3072,0.000000905
119,3072,0.000000775
120,3072,0.000000825
121,3072,0.000000951
122,3072,0.000000951
123,3072,0.000000777
124,3072,0.000000865
125,3072,0.000000865
126,3072,0.000000935
127,3072,0.000000773
128,3072,0.000000898
129,3072,0.000000891
130,3072,0.000000840
131,3072,0.000000774
132,3072,0.000000898
133,3072,0.000000892
134,3072,0.000000996
135,3072,0.000000857
136,3072,0.000000867
137,3072,0.000000886
138,3072,0.000000899
139,3072,0.000000768
140,3072,0.000000900
141,3072,0.000001208
142,3072,0.000000894
143,3072,0.000000751
144,3072,0.000000858
145,3072,0.000001235
146,3072,0.000000995
147,3072,0.000000801
148,3072,0.000000881
149,3072,0.000000897
150,3072,0.000000844
151,3072,0.000000831
152,3072,0.000000817
153,3072,0.000000865
154,3072,0.000000948
155,3072,0.000000794
156,3072,0.000000877
157,3072,0.000000866
158,3072,0.000000891
159,3072,0.000000784
160,3072,0.000000998
161,3072,0.000000888
162,3072,0.000001217
163,3072,0.000000775
164,3072,0.000000828
165,3072,0.000000979
166,3072,0.000000970
167,3072,0.000000768
168,3072,0.000000823
169,3072,0.000001004
170,3072,0.000000928
171,3072,0.000000766
172,3072,0.000001243
173,3072,0.000000874
174,3072,0.000000930
175,3072,0.000000795
176,3072,0.000000841
177,3072,0.000000995
178,3072,0.000001134
179,3072,0.000000797
180,3072,0.000000934
181,3072,0.000000880
182,3072,0.000000912
183,3072,0.000000786
184,3072,0.000000820
185,3072,0.000000833
186,3072,0.000000895
187,3072,0.000000765
188,3072,0.000000841
189,3072,0.000000881
190,3072,0.000000964
191,3072,0.000000792
192,3072,0.000000875
193,3072,0.000001119
194,3072,0.000000949
195,3072,0.000000806
196,3072,0.000000891
197,3072,0.000000896
198,3072,0.000000920
199,3072,0.000001089
200,3072,0.000000842
201,3072,0.000000867
202,3072,0.000000893
203,3072,0.000000693
204,3072,0.000000750
205,3072,0.000000843
206,3072,0.000001044
207,3072,0.000000757
208,3072,0.000001033
209,3072,0.000000950
210,3072,0.000001081
211,3072,0.000001004
212,3072,0.000000751
213,3072,0.000000754
214,3072,0.000000894
215,3072,0.000000681
216,3072,0.000000731
217,3072,0.000000951
218,3072,0.000000922
219,3072,0.000000748
220,3072,0.000000964
221,3072,0.000000882
222,3072,0.000000933
223,3072,0.000000795
224,3072,0.000000864
225,3072,0.000000883
226,3072,0.000015560
227,3072,0.000000835
228,3072,0.000001057
229,3072,0.000001024
230,3072,0.000000843
231,3072,0.000000775
232,3072,0.000000981
233,3072,0.000000815
234,3072,0.000000915
235,3072,0.000000719
236,3072,0.000000994
237,3072,0.000000898
238,3072,0.000000808
239,3072,0.000000811
240,3072,0.000000948
241,3072,0.000000897
242,3072,0.000000906
243,3072,0.000000810
244,3072,0.000000866
245,3072,0.000000860
246,3072,0.000000876
247,3072,0.000000830
248,3072,0.000001039
249,3072,0.000001369
250,3072,0.000000924
251,3072,0.000000772
252,3072,0.000000928
253,3072,0.000000906
254,3072,0.000000902
255,3072,0.000000797
256,3072,0.000000969
257,3072,0.000001284
258,3072,0.000000942
259,3072,0.000000795
260,3072,0.000000845
261,3072,0.000000921
262,3072,0.000000940
263,3072,0.000000783
264,3072,0.000013379
265,3072,0.000000878
266,3072,0.000000963
267,3072,0.000000848
268,3072,0.000000936
269,3072,0.000000866
270,3072,0.000000832
271,3072,0.000000830
272,3072,0.000000995
273,3072,0.000000937
274,3072,0.000000981
275,3072,0.000000718
276,3072,0.000000818
277,3072,0.000001030
278,3072,0.000001070
279,3072,0.000000769
280,3072,0.000000816
281,3072,0.000000904
282,3072,0.000000887
283,3072,0.000000772
284,3072,0.000000837
285,3072,0.000000961
286,3072,0.000000929
287,3072,0.000000844
288,3072,0.000001201
289,3072,0.000000979
290,3072,0.000000965
291,3072,0.000000804
292,3072,0.000000888
293,3072,0.000001038
294,3072,0.000000938
295,3072,0.000000791
296,3072,0.000001024
297,3072,0.000000993
298,3072,0.000000887
299,3072,0.000000833
300,3072,0.000000912
301,3072,0.000000903
302,3072,0.000000996
303,3072,0.000000987
304,3072,0.000000922
305,3072,0.000000938
306,3072,0.000000892
307,3072,0.000000798
308,3072,0.000000906
309,3072,0.000000824
310,3072,0.000000958
311,3072,0.000000852
312,3072,0.000001258
313,3072,0.000000923
314,3072,0.000000876
315,3072,0.000000756
316,3072,0.000001234
317,3072,0.000000881
318,3072,0.000000967
319,3072,0.000000788
320,3072,0.000000911
321,3072,0.000000932
322,3072,0.000000858
323,3072,0.000000812
324,3072,0.000000875
325,3072,0.000000918
326,3072,0.000000909
327,3072,0.000000814
328,3072,0.000000938
329,3072,0.000000995
330,3072,0.000000962
331,3072,0.000000783
332,3072,0.000000909
333,3072,0.000001021
334,3072,0.000000986
335,3072,0.000000722
336,3072,0.000000958
337,3072,0.000000879
338,3072,0.000000944
339,3072,0.000000815
340,3072,0.000000915
341,3072,0.000000973
342,3072,0.000000855
343,3072,0.000000780
344,3072,0.000000936
345,3072,0.000000929
346,3072,0.000000937
347,3072,0.000000741
348,3072,0.000000867
349,3072,0.000000929
350,3072,0.000000906
351,3072,0.000000793
352,3072,0.000000835
353,3072,0.000000829
354,3072,0.000000973
355,3072,0.000000819
356,3072,0.000000864
357,3072,0.000000897
358,3072,0.000000834
359,3072,0.000000785
360,3072,0.000001014
361,3072,0.000000786
362,3072,0.000001085
363,3072,0.000000697
364,3072,0.000000861
365,3072,0.000001122
366,3072,0.000001147
367,3072,0.000000694
368,3072,0.000000765
369,3072,0.000000823
370,3072,0.000000953
371,3072,0.000000822
372,3072,0.000001022
373,3072,0.000001010
374,3072,0.000001163
375,3072,0.000000782
376,3072,0.000000838
377,3072,0.000000996
378,3072,0.000000877
379,3072,0.000000768
380,3072,0.000000886
381,3072,0.000000761
382,3072,0.000001077
383,3072,0.000000896
384,3072,0.000000765
385,3072,0.000000916
386,3072,0.000000921
387,3072,0.000000739
388,3072,0.000000811
389,3072,0.000000821
390,3072,0.000000976
391,3072,0.000000809
392,3072,0.000000916
393,3072,0.000000932
394,3072,0.000000934
395,3072,0.000000933
396,3072,0.000000907
397,3072,0.000000826
398,3072,0.000001213
399,3072,0.000000733
400,3072,0.000000842
401,3072,0.000000848
402,3072,0.000000917
403,3072,0.000000778
404,3072,0.000000952
405,3072,0.000000796
406,3072,0.000001110
407,3072,0.000000960
408,3072,0.000000916
409,3072,0.000000796
410,3072,0.000000801
411,3072,0.000000711
412,3072,0.000000915
413,3072,0.000000934
414,3072,0.000000874
415,3072,0.000000760
416,3072,0.000000819
417,3072,0.000000909
418,3072,0.000001059
419,3072,0.000000766
420,3072,0.000000878
421,3072,0.000001008
422,3072,0.000000959
423,3072,0.000000845
424,3072,0.000001030
425,3072,0.000000830
426,3072,0.000000904
427,3072,0.000000731
428,3072,0.000000956
429,3072,0.000001043
430,3072,0.000000852
431,3072,0.000000712
432,3072,0.000001271
433,3072,0.000000806
434,3072,0.000000892
435,3072,0.000000739
436,3072,0.000000827
437,3072,0.000000964
438,3072,0.000000906
439,3072,0.000000892
440,3072,0.000000803
441,3072,0.000000828
442,3072,0.000001059
443,3072,0.000001000
444,3072,0.000000842
445,3072,0.000001127
446,3072,0.000000978
447,3072,0.000000704
448,3072,0.000000803
449,3072,0.000000899
450,3072,0.000000796
451,3072,0.000001080
452,3072,0.000000920
453,3072,0.000000996
454,3072,0.000000914
455,3072,0.000000996
456,3072,0.000000853
457,3072,0.000000836
458,3072,0.000000899
459,3072,0.000000827
460,3072,0.000000998
461,3072,0.000001261
462,3072,0.000001010
463,3072,0.000000851
464,3072,0.000000923
465,3072,0.000001064
466,3072,0.000000909
467,3072,0.000000764
468,3072,0.000001082
469,3072,0.000000985
470,3072,0.000000965
471,3072,0.000001143
472,3072,0.000001088
473,3072,0.000000961
474,3072,0.000000879
475,3072,0.000000741
476,3072,0.000000912
477,3072,0.000000897
478,3072,0.000000975
479,3072,0.000000724
480,3072,0.000000825
481,3072,0.000001153
482,3072,0.000001007
483,3072,0.000000727
484,3072,0.000000884
485,3072,0.000000821
486,3072,0.000000920
487,3072,0.000001038
488,3072,0.000000793
489,3072,0.000001258
490,3072,0.000000954
491,3072,0.000000945
492,3072,0.000000975
493,3072,0.000000849
494,3072,0.000000920
495,3072,0.000000659
496,3072,0.000000875
497,3072,0.000001019
498,3072,0.000000838
499,3072,0.000000769
500,3072,0.000000974
501,3072,0.000000883
502,3072,0.000000894
503,3072,0.000000695
504,3072,0.000000863
505,3072,0.000000729
506,3072,0.000001020
507,3072,0.000000702
508,3072,0.000000852
509,3072,0.000001033
510,3072,0.000001046
511,3072,0.000000770
512,3072,0.000001049
513,3072,0.000000918
514,3072,0.000000852
515,3072,0.000000900
516,3072,0.000000833
517,3072,0.000000915
518,3072,0.000000873
519,3072,0.000000756
520,3072,0.000000851
521,3072,0.000001079
522,3072,0.000000867
523,3072,0.000000743
524,3072,0.000000857
525,3072,0.000000934
526,3072,0.000000945
527,3072,0.000000754
528,3072,0.000000839
529,3072,0.000000933
530,3072,0.000000799
531,3072,0.000000861
532,3072,0.000000799
533,3072,0.000000908
534,3072,0.000000868
535,3072,0.000000719
536,3072,0.000001035
537,3072,0.000000752
538,3072,0.000000879
539,3072,0.000000945
540,3072,0.000000849
541,3072,0.000001232
542,3072,0.000000849
543,3072,0.000000729
544,3072,0.000000899
545,3072,0.000000918
546,3072,0.000001114
547,3072,0.000000750
548,3072,0.000000860
549,3072,0.000001190
550,3072,0.000000886
551,3072,0.000000828
552,3072,0.000000971
553,3072,0.000001051
554,3072,0.000001261
555,3072,0.000000844
556,3072,0.000000979
557,3072,0.000001178
558,3072,0.000001009
559,3072,0.000001223
560,3072,0.000001134
561,3072,0.000000952
562,3072,0.000001047
563,3072,0.000001113
564,3072,0.000000877
565,3072,0.000000916
566,3072,0.000000885
567,3072,0.000001007
568,3072,0.000000895
569,3072,0.000000891
570,3072,0.000000857
571,3072,0.000000687
572,3072,0.000000701
573,3072,0.000000995
574,3072,0.000001099
575,3072,0.000000877
576,3072,0.000001189
577,3072,0.000000849
578,3072,0.000001025
579,3072,0.000000688
580,3072,0.000000989
581,3072,0.000000919
582,3072,0.000000769
583,3072,0.000000666
584,3072,0.000000935
585,3072,0.000000995
586,3072,0.000000773
587,3072,0.000000734
588,3072,0.000000850
589,3072,0.000000804
590,3072,0.000000898
591,3072,0.000000760
592,3072,0.000000919
593,3072,0.000001267
594,3072,0.000000911
595,3072,0.000000713
596,3072,0.000000935
597,3072,0.000000810
598,3072,0.000000939
599,3072,0.000000790
600,3072,0.000000946
601,3072,0.000000883
602,3072,0.000000948
603,3072,0.000000854
604,3072,0.000000887
605,3072,0.000001020
606,3072,0.000001139
607,3072,0.000000882
608,3072,0.000001000
609,3072,0.000000942
610,3072,0.000001031
611,3072,0.000000745
612,3072,0.000000969
613,3072,0.000000915
614,3072,0.000001034
615,3072,0.000000814
616,3072,0.000000952
617,3072,0.000000934
618,3072,0.000001067
619,3072,0.000000817
620,3072,0.000001139
621,3072,0.000001029
622,3072,0.000000938
623,3072,0.000000804
624,3072,0.000000851
625,3072,0.000000923
626,3072,0.000000982
627,3072,0.000000747
628,3072,0.000000809
629,3072,0.000000911
630,3072,0.000000857
631,3072,0.000000814
632,3072,0.000001048
633,3072,0.000000886
634,3072,0.000000939
635,3072,0.000000856
636,3072,0.000000989
637,3072,0.000000862
638,3072,0.000000898
639,3072,0.000000732
640,3072,0.000000898
641,3072,0.000000908
642,3072,0.000001065
643,3072,0.000000875
644,3072,0.000000918
645,3072,0.000000909
646,3072,0.000000912
647,3072,0.000000810
648,3072,0.000000951
649,3072,0.000000879
650,3072,0.000001176
651,3072,0.000000874
652,3072,0.000000871
653,3072,0.000000979
654,3072,0.000000928
655,3072,0.000000773
656,3072,0.000000978
657,3072,0.000000824
658,3072,0.000000905
659,3072,0.000000817
660,3072,0.000000852
661,3072,0.000000971
662,3072,0.000001002
663,3072,0.000000821
664,3072,0.000000911
665,3072,0.000001149
666,3072,0.000000958
667,3072,0.000000946
668,3072,0.000001044
669,3072,0.000000841
670,3072,0.000000990
671,3072,0.000000824
672,3072,0.000000910
673,3072,0.000000984
674,3072,0.000000921
675,3072,0.000000851
676,3072,0.000001006
677,3072,0.000001106
678,3072,0.000000947
679,3072,0.000000778
680,3072,0.000001106
681,3072,0.000001108
682,3072,0.000000984
683,3072,0.000000765
684,3072,0.000000929
685,3072,0.000001046
686,3072,0.000000990
687,3072,0.000000820
688,3072,0.000001008
689,3072,0.000001079
690,3072,0.000000970
691,3072,0.000000825
692,3072,0.000000870
693,3072,0.000001044
694,3072,0.000000923
695,3072,0.000000806
696,3072,0.000000978
697,3072,0.000000919
698,3072,0.000000915
699,3072,0.000000813
700,3072,0.000000903
701,3072,0.000001032
702,3072,0.000000897
703,3072,0.000000749
704,3072,0.000000922
705,3072,0.000000870
706,3072,0.000001067
707,3072,0.000000735
708,3072,0.000000969
709,3072,0.000013469
710,3072,0.000001039
711,3072,0.000000771
712,3072,0.000001155
713,3072,0.000001018
714,3072,0.000001156
715,3072,0.000000798
716,3072,0.000000893
717,3072,0.000000980
718,3072,0.000001036
719,3072,0.000000833
720,3072,0.000001066
721,3072,0.000001035
722,3072,0.000001046
723,3072,0.000000824
724,3072,0.000001001
725,3072,0.000001001
726,3072,0.000000958
727,3072,0.000000876
728,3072,0.000001038
729,3072,0.000000950
730,3072,0.000013435
731,3072,0.000000803
732,3072,0.000000890
733,3072,0.000000974
734,3072,0.000000951
735,3072,0.000000805
736,3072,0.000001129
737,3072,0.000000929
738,3072,0.000001054
739,3072,0.000000837
740,3072,0.000013634
741,3072,0.000001029
742,3072,0.000001022
743,3072,0.000000899
744,3072,0.000001090
745,3072,0.000000962
746,3072,0.000001122
747,3072,0.000000886
748,3072,0.000000950
749,3072,0.000001005
750,3072,0.000001036
751,3072,0.000001149
752,3072,0.000000908
753,3072,0.000000985
754,3072,0.000001069
755,3072,0.000000855
756,3072,0.000001109
757,3072,0.000001077
758,3072,0.000000900
759,3072,0.000000863
760,3072,0.000000981
761,3072,0.000000923
762,3072,0.000001026
763,3072,0.000000863
764,3072,0.000001013
765,3072,0.000001179
766,3072,0.000001266
767,3072,0.000000858
768,3072,0.000001372
769,3072,0.000000935
770,3072,0.000013661
771,3072,0.000000827
772,3072,0.000000867
773,3072,0.000001072
774,3072,0.000000935
775,3072,0.000000817
776,3072,0.000001029
777,3072,0.000000972
778,3072,0.000000989
779,3072,0.000000812
780,3072,0.000000821
781,3072,0.000001075
782,3072,0.000000954
783,3072,0.000000839
784,3072,0.000001074
785,3072,0.000000950
786,3072,0.000001053
787,3072,0.000000900
788,3072,0.000000885
789,3072,0.000000969
790,3072,0.000000919
791,3072,0.000000821
792,3072,0.000000955
793,3072,0.000000913
794,3072,0.000001095
795,3072,0.000000772
796,3072,0.000000922
797,3072,0.000001026
798,3072,0.000000941
799,3072,0.000000833
800,3072,0.000001012
801,3072,0.000000891
802,3072,0.000000956
803,3072,0.000000945
804,3072,0.000000925
805,3072,0.000001048
806,3072,0.000001047
807,3072,0.000000830
808,3072,0.000000966
809,3072,0.000001010
810,3072,0.000001091
811,3072,0.000000837
812,3072,0.000000865
813,3072,0.000000935
814,3072,0.000000921
815,3072,0.000000802
816,3072,0.000001098
817,3072,0.000001027
818,3072,0.000001094
819,3072,0.000000827
820,3072,0.000000947
821,3072,0.000001084
822,3072,0.000001000
823,3072,0.000000804
824,3072,0.000000965
825,3072,0.000000985
826,3072,0.000001291
827,3072,0.000000814
828,3072,0.000000866
829,3072,0.000001037
830,3072,0.000001049
831,3072,0.000000780
832,3072,0.000001371
833,3072,0.000001021
834,3072,0.000001054
835,3072,0.000000837
836,3072,0.000000895
837,3072,0.000001237
838,3072,0.000000987
839,3072,0.000000807
840,3072,0.000000993
841,3072,0.000000924
842,3072,0.000001037
843,3072,0.000000942
844,3072,0.000000909
845,3072,0.000001079
846,3072,0.000000949
847,3072,0.000000859
848,3072,0.000000938
849,3072,0.000000990
850,3072,0.000001103
851,3072,0.000000909
852,3072,0.000000925
853,3072,0.000001141
854,3072,0.000001020
855,3072,0.000000835
856,3072,0.000001083
857,3072,0.000001015
858,3072,0.000001033
859,3072,0.000000756
860,3072,0.000000960
861,3072,0.000001050
862,3072,0.000000931
863,3072,0.000000802
864,3072,0.000000969
865,3072,0.000000892
866,3072,0.000001111
867,3072,0.000000794
868,3072,0.000000950
869,3072,0.000001011
870,3072,0.000001029
871,3072,0.000000843
872,3072,0.000000973
873,3072,0.000000937
874,3072,0.000001042
875,3072,0.000000818
876,3072,0.000000897
877,3072,0.000000981
878,3072,0.000000934
879,3072,0.000000878
880,3072,0.000000925
881,3072,0.000001005
882,3072,0.000001088
883,3072,0.000000843
884,3072,0.000000906
885,3072,0.000001027
886,3072,0.000001006
887,3072,0.000000809
888,3072,0.000001023
889,3072,0.000000956
890,3072,0.000001066
891,3072,0.000000809
892,3072,0.000000862
893,3072,0.000001089
894,3072,0.000001262
895,3072,0.000000909
896,3072,0.000000894
897,3072,0.000000984
898,3072,0.000000986
899,3072,0.000000820
900,3072,0.000000861
901,3072,0.000001102
902,3072,0.000001459
903,3072,0.000000821
904,3072,0.000001192
905,3072,0.000001077
906,3072,0.000001068
907,3072,0.000001119
908,3072,0.000001071
909,3072,0.000001098
910,3072,0.000001037
911,3072,0.000000820
912,3072,0.000001050
913,3072,0.000001264
914,3072,0.000000998
915,3072,0.000000823
916,3072,0.000016928
917,3072,0.000001398
918,3072,0.000001016
919,3072,0.000000798
920,3072,0.000000927
921,3072,0.000000910
922,3072,0.000001110
923,3072,0.000000840
924,3072,0.000000876
925,3072,0.000001059
926,3072,0.000000900
927,3072,0.000000833
928,3072,0.000001009
929,3072,0.000000965
930,3072,0.000001145
931,3072,0.000000822
932,3072,0.000000889
933,3072,0.000001106
934,3072,0.000001060
935,3072,0.000000810
936,3072,0.000000927
937,3072,0.000000938
938,3072,0.000000942
939,3072,0.000000737
940,3072,0.000000860
941,3072,0.000001013
942,3072,0.000000891
943,3072,0.000000838
944,3072,0.000001048
945,3072,0.000000837
946,3072,0.000001536
947,3072,0.000000644
948,3072,0.000000992
949,3072,0.000001156
950,3072,0.000024000
951,3072,0.000001701
952,3072,0.000001122
953,3072,0.000000802
954,3072,0.000001078
955,3072,0.000001065
956,3072,0.000000799
957,3072,0.000001222
958,3072,0.000000878
959,3072,0.000000749
960,3072,0.000001075
961,3072,0.000000944
962,3072,0.000000977
963,3072,0.000001024
964,3072,0.000001114
965,3072,0.000013341
966,3072,0.000000924
967,3072,0.000000900
968,3072,0.000001322
969,3072,0.000000866
970,3072,0.000000975
971,3072,0.000000763
972,3072,0.000000744
973,3072,0.000000969
974,3072,0.000000851
975,3072,0.000000719
976,3072,0.000001421
977,3072,0.000001050
978,3072,0.000000978
979,3072,0.000000706
980,3072,0.000001200
981,3072,0.000000928
982,3072,0.000001025
983,3072,0.000000800
984,3072,0.000001105
985,3072,0.000000946
986,3072,0.000001024
987,3072,0.000000712
988,3072,0.000000826
989,3072,0.000000991
990,3072,0.000000973
991,3072,0.000000738
992,3072,0.000000769
993,3072,0.000000956
994,3072,0.000000762
995,3072,0.000000920
996,3072,0.000001285
997,3072,0.000000979
998,3072,0.000001108
999,3072,0.000000902
0,3328,0.000001809
1,3328,0.000001049
2,3328,0.000000987
3,3328,0.000000918
4,3328,0.000000914
5,3328,0.000001561
6,3328,0.000001097
7,3328,0.000000926
8,3328,0.000001036
9,3328,0.000000940
10,3328,0.000000782
11,3328,0.000001052
12,3328,0.000001048
13,3328,0.000001079
14,3328,0.000001096
15,3328,0.000000752
16,3328,0.000001026
17,3328,0.000000954
18,3328,0.000001579
19,3328,0.000000870
20,3328,0.000001032
21,3328,0.000000802
22,3328,0.000000982
23,3328,0.000001058
24,3328,0.000000918
25,3328,0.000001472
26,3328,0.000000764
27,3328,0.000000913
28,3328,0.000000975
29,3328,0.000000930
30,3328,0.000001086
31,3328,0.000000988
32,3328,0.000000914
33,3328,0.000000942
34,3328,0.000000962
35,3328,0.000001115
36,3328,0.000000887
37,3328,0.000000778
38,3328,0.000000824
39,3328,0.000000992
40,3328,0.000001023
41,3328,0.000001230
42,3328,0.000000811
43,3328,0.000001295
44,3328,0.000000930
45,3328,0.000001073
46,3328,0.000000929
47,3328,0.000000901
48,3328,0.000000936
49,3328,0.000001068
50,3328,0.000001006
51,3328,0.000000986
52,3328,0.000000905
53,3328,0.000000700
54,3328,0.000000812
55,3328,0.000001045
56,3328,0.000000904
57,3328,0.000001016
58,3328,0.000000764
59,3328,0.000000853
60,3328,0.000001033
61,3328,0.000000873
62,3328,0.000000909
63,3328,0.000000928
64,3328,0.000000822
65,3328,0.000000781
66,3328,0.000001019
67,3328,0.000000950
68,3328,0.000001002
69,3328,0.000000742
70,3328,0.000000860
71,3328,0.000000823
72,3328,0.000000970
73,3328,0.000000988
74,3328,0.000000822
75,3328,0.000001024
76,3328,0.000001108
77,3328,0.000001028
78,3328,0.000000965
79,3328,0.000000829
80,3328,0.000000948
81,3328,0.000000899
82,3328,0.000001013
83,3328,0.000000892
84,3328,0.000001043
85,3328,0.000001013
86,3328,0.000000864
87,3328,0.000000871
88,3328,0.000000900
89,3328,0.000000935
90,3328,0.000000788
91,3328,0.000000865
92,3328,0.000000978
93,3328,0.000000919
94,3328,0.000001024
95,3328,0.000000784
96,3328,0.000000858
97,3328,0.000000925
98,3328,0.000000916
99,3328,0.000001159
100,3328,0.000000862
101,3328,0.000000808
102,3328,0.000000937
103,3328,0.000001021
104,3328,0.000001023
105,3328,0.000000899
106,3328,0.000000795
107,3328,0.000000962
108,3328,0.000000944
109,3328,0.000000951
110,3328,0.000000906
111,3328,0.000000831
112,3328,0.000000923
113,3328,0.000000905
114,3328,0.000000977
115,3328,0.000000922
116,3328,0.000000945
117,3328,0.000000811
118,3328,0.000001097
119,3328,0.000000874
120,3328,0.000000926
121,3328,0.000000951
122,3328,0.000000963
123,3328,0.000000876
124,3328,0.000001012
125,3328,0.000000914
126,3328,0.000001070
127,3328,0.000000780
128,3328,0.000000871
129,3328,0.000000928
130,3328,0.000001234
131,3328,0.000000890
132,3328,0.000000855
133,3328,0.000000809
134,3328,0.000001081
135,3328,0.000000968
136,3328,0.000000924
137,3328,0.000001010
138,3328,0.000000773
139,3328,0.000000876
140,3328,0.000001012
141,3328,0.000000846
142,3328,0.000000925
143,3328,0.000000788
144,3328,0.000000885
145,3328,0.000000937
146,3328,0.000000942
147,3328,0.000001056
148,3328,0.000000916
149,3328,0.000000817
150,3328,0.000001043
151,3328,0.000000881
152,3328,0.000000957
153,3328,0.000001016
154,3328,0.000000760
155,3328,0.000000857
156,3328,0.000001076
157,3328,0.000000880
158,3328,0.000000981
159,3328,0.000000787
160,3328,0.000000880
161,3328,0.000000980
162,3328,0.000000937
163,3328,0.000001026
164,3328,0.000000989
165,3328,0.000000811
166,3328,0.000001079
167,3328,0.000000949
168,3328,0.000000947
169,3328,0.000000918
170,3328,0.000000790
171,3328,0.000000894
172,3328,0.000000910
173,3328,0.000000947
174,3328,0.000000878
175,3328,0.000000953
176,3328,0.000001028
177,3328,0.000000944
178,3328,0.000001028
179,3328,0.000000908
180,3328,0.000000966
181,3328,0.000000811
182,3328,0.000000895
183,3328,0.000000954
184,3328,0.000000861
185,3328,0.000000961
186,3328,0.000000830
187,3328,0.000000915
188,3328,0.000000912
189,3328,0.000000957
190,3328,0.000000991
191,3328,0.000000821
192,3328,0.000000820
193,3328,0.000001040
194,3328,0.000000925
195,3328,0.000001033
196,3328,0.000000892
197,3328,0.000000820
198,3328,0.000000963
199,3328,0.000000889
200,3328,0.000000879
201,3328,0.000001225
202,3328,0.000000784
203,3328,0.000000912
204,3328,0.000000936
205,3328,0.000001028
206,3328,0.000000991
207,3328,0.000000804
208,3328,0.000000894
209,3328,0.000000959
210,3328,0.000000906
211,3328,0.000001004
212,3328,0.000000947
213,3328,0.000001078
214,3328,0.000000942
215,3328,0.000000900
216,3328,0.000000957
217,3328,0.000000999
218,3328,0.000000809
219,3328,0.000000931
220,3328,0.000000927
221,3328,0.000001047
222,3328,0.000000886
223,3328,0.000000778
224,3328,0.000001011
225,3328,0.000001057
226,3328,0.000000918
227,3328,0.000001034
228,3328,0.000000915
229,3328,0.000000823
230,3328,0.000000939
231,3328,0.000000973
232,3328,0.000000907
233,3328,0.000000906
234,3328,0.000000755
235,3328,0.000000925
236,3328,0.000001047
237,3328,0.000000920
238,3328,0.000000980
239,3328,0.000000776
240,3328,0.000000835
241,3328,0.000000973
242,3328,0.000000879
243,3328,0.000000944
244,3328,0.000000893
245,3328,0.000000822
246,3328,0.000000934
247,3328,0.000000897
248,3328,0.000000968
249,3328,0.000000847
250,3328,0.000000804
251,3328,0.000001001
252,3328,0.000000880
253,3328,0.000001070
254,3328,0.000000989
255,3328,0.000001044
256,3328,0.000000974
257,3328,0.000000906
258,3328,0.000001170
259,3328,0.000001533
260,3328,0.000000689
261,3328,0.000000650
262,3328,0.000000667
263,3328,0.000000775
264,3328,0.000000738
265,3328,0.000000907
266,3328,0.000000618
267,3328,0.000000664
268,3328,0.000000768
269,3328,0.000000751
270,3328,0.000000843
271,3328,0.000000607
272,3328,0.000000678
273,3328,0.000000757
274,3328,0.000001042
275,3328,0.000000663
276,3328,0.000000743
277,3328,0.000000647
278,3328,0.000000773
279,3328,0.000000785
280,3328,0.000000756
281,3328,0.000000833
282,3328,0.000000630
283,3328,0.000000779
284,3328,0.000000937
285,3328,0.000000746
286,3328,0.000000783
287,3328,0.000000636
288,3328,0.000000630
289,3328,0.000000831
290,3328,0.000000631
291,3328,0.000000821
292,3328,0.000000717
293,3328,0.000000648
294,3328,0.000000702
295,3328,0.000000712
296,3328,0.000000814
297,3328,0.000000719
298,3328,0.000000693
299,3328,0.000000728
300,3328,0.000000754
301,3328,0.000000815
302,3328,0.000000701
303,3328,0.000000724
304,3328,0.000000748
305,3328,0.000000777
306,3328,0.000000848
307,3328,0.000000793
308,3328,0.000000737
309,3328,0.000000628
310,3328,0.000000832
311,3328,0.000000672
312,3328,0.000000793
313,3328,0.000000746
314,3328,0.000000658
315,3328,0.000000727
316,3328,0.000000728
317,3328,0.000000826
318,3328,0.000000722
319,3328,0.000000732
320,3328,0.000000697
321,3328,0.000000727
322,3328,0.000000744
323,3328,0.000000705
324,3328,0.000000725
325,3328,0.000000629
326,3328,0.000000709
327,3328,0.000000783
328,3328,0.000000757
329,3328,0.000000691
330,3328,0.000000759
331,3328,0.000000740
332,3328,0.000000808
333,3328,0.000000667
334,3328,0.000000867
335,3328,0.000000675
336,3328,0.000000778
337,3328,0.000000738
338,3328,0.000000713
339,3328,0.000000750
340,3328,0.000000646
341,3328,0.000000629
342,3328,0.000000723
343,3328,0.000000728
344,3328,0.000001051
345,3328,0.000000893
346,3328,0.000000638
347,3328,0.000000775
348,3328,0.000000836
349,3328,0.000000736
350,3328,0.000000916
351,3328,0.000000616
352,3328,0.000000642
353,3328,0.000000717
354,3328,0.000000681
355,3328,0.000000983
356,3328,0.000000765
357,3328,0.000000611
358,3328,0.000000779
359,3328,0.000000680
360,3328,0.000000729
361,3328,0.000000718
362,3328,0.000000715
363,3328,0.000000708
364,3328,0.000000732
365,3328,0.000000755
366,3328,0.000000710
367,3328,0.000000725
368,3328,0.000000763
369,3328,0.000000729
370,3328,0.000000742
371,3328,0.000000737
372,3328,0.000000790
373,3328,0.000000714
374,3328,0.000000669
375,3328,0.000000703
376,3328,0.000000614
377,3328,0.000000744
378,3328,0.000000617
379,3328,0.000000727
380,3328,0.000000754
381,3328,0.000000796
382,3328,0.000000735
383,3328,0.000000625
384,3328,0.000000685
385,3328,0.000000866
386,3328,0.000001055
387,3328,0.000000746
388,3328,0.000001144
389,3328,0.000000644
390,3328,0.000000767
391,3328,0.000000766
392,3328,0.000000797
393,3328,0.000000753
394,3328,0.000000643
395,3328,0.000000762
396,3328,0.000000783
397,3328,0.000000707
398,3328,0.000000783
399,3328,0.000000635
400,3328,0.000000675
401,3328,0.000000769
402,3328,0.000000714
403,3328,0.000001011
404,3328,0.000000721
405,3328,0.000000657
406,3328,0.000000693
407,3328,0.000000661
408,3328,0.000000862
409,3328,0.000000662
410,3328,0.000000638
411,3328,0.000000755
412,3328,0.000000829
413,3328,0.000000649
414,3328,0.000000822
415,3328,0.000000625
416,3328,0.000000662
417,3328,0.000000710
418,3328,0.000000758
419,3328,0.000000833
420,3328,0.000000720
421,3328,0.000000651
422,3328,0.000000767
423,3328,0.000000709
424,3328,0.000000780
425,3328,0.000000702
426,3328,0.000000623
427,3328,0.000000790
428,3328,0.000000745
429,3328,0.000000876
430,3328,0.000000730
431,3328,0.000000625
432,3328,0.000000724
433,3328,0.000000701
434,3328,0.000000699
435,3328,0.000000721
436,3328,0.000000740
437,3328,0.000000649
438,3328,0.000000764
439,3328,0.000000762
440,3328,0.000000720
441,3328,0.000000792
442,3328,0.000000606
443,3328,0.000000676
444,3328,0.000000829
445,3328,0.000000778
446,3328,0.000000805
447,3328,0.000000700
448,3328,0.000000634
449,3328,0.000000758
450,3328,0.000000673
451,3328,0.000000797
452,3328,0.000000978
453,3328,0.000000646
454,3328,0.000000755
455,3328,0.000000683
456,3328,0.000000777
457,3328,0.000000706
458,3328,0.000000615
459,3328,0.000000743
460,3328,0.000000725
461,3328,0.000000741
462,3328,0.000001078
463,3328,0.000000624
464,3328,0.000000666
465,3328,0.000000751
466,3328,0.000000703
467,3328,0.000000815
468,3328,0.000000734
469,3328,0.000000636
470,3328,0.000000872
471,3328,0.000000890
472,3328,0.000000754
473,3328,0.000000738
474,3328,0.000000615
475,3328,0.000000775
476,3328,0.000000760
477,3328,0.000000907
478,3328,0.000000665
479,3328,0.000000571
480,3328,0.000000673
481,3328,0.000000704
482,3328,0.000000682
483,3328,0.000000799
484,3328,0.000000768
485,3328,0.000000640
486,3328,0.000000929
487,3328,0.000000727
488,3328,0.000000724
489,3328,0.000000734
490,3328,0.000000642
491,3328,0.000000738
492,3328,0.000000864
493,3328,0.000000714
494,3328,0.000000853
495,3328,0.000000787
496,3328,0.000000631
497,3328,0.000000790
498,3328,0.000000724
499,3328,0.000000810
500,3328,0.000000719
501,3328,0.000000662
502,3328,0.000000786
503,3328,0.000000718
504,3328,0.000000829
505,3328,0.000000702
506,3328,0.000000629
507,3328,0.000000707
508,3328,0.000000701
509,3328,0.000000766
510,3328,0.000000737
511,3328,0.000000621
512,3328,0.000000733
513,3328,0.000000661
514,3328,0.000000772
515,3328,0.000000742
516,3328,0.000000739
517,3328,0.000000634
518,3328,0.000000726
519,3328,0.000000671
520,3328,0.000000702
521,3328,0.000000677
522,3328,0.000000607
523,3328,0.000000653
524,3328,0.000000702
525,3328,0.000000670
526,3328,0.000000756
527,3328,0.000000622
528,3328,0.000000611
529,3328,0.000000760
530,3328,0.000000788
531,3328,0.000000771
532,3328,0.000000601
533,3328,0.000000611
534,3328,0.000000736
535,3328,0.000000612
536,3328,0.000000841
537,3328,0.000000708
538,3328,0.000000634
539,3328,0.000000889
540,3328,0.000000728
541,3328,0.000000668
542,3328,0.000000733
543,3328,0.000000617
544,3328,0.000000636
545,3328,0.000000692
546,3328,0.000000717
547,3328,0.000000741
548,3328,0.000000966
549,3328,0.000000625
550,3328,0.000000822
551,3328,0.000000667
552,3328,0.000000746
553,3328,0.000000800
554,3328,0.000000625
555,3328,0.000000702
556,3328,0.000000690
557,3328,0.000000716
558,3328,0.000000856
559,3328,0.000000625
560,3328,0.000000726
561,3328,0.000000849
562,3328,0.000000749
563,3328,0.000001034
564,3328,0.000000663
565,3328,0.000000658
566,3328,0.000000722
567,3328,0.000000678
568,3328,0.000000789
569,3328,0.000000711
570,3328,0.000000679
571,3328,0.000000730
572,3328,0.000000692
573,3328,0.000000918
574,3328,0.000000720
575,3328,0.000000617
576,3328,0.000000643
577,3328,0.000000650
578,3328,0.000000707
579,3328,0.000000721
580,3328,0.000000679
581,3328,0.000000638
582,3328,0.000000688
583,3328,0.000000685
584,3328,0.000000648
585,3328,0.000000797
586,3328,0.000000633
587,3328,0.000000679
588,3328,0.000000671
589,3328,0.000000699
590,3328,0.000000746
591,3328,0.000000624
592,3328,0.000000653
593,3328,0.000000702
594,3328,0.000000728
595,3328,0.000000888
596,3328,0.000000700
597,3328,0.000000669
598,3328,0.000000720
599,3328,0.000000654
600,3328,0.000000748
601,3328,0.000000704
602,3328,0.000000630
603,3328,0.000000842
604,3328,0.000000723
605,3328,0.000000860
606,3328,0.000000698
607,3328,0.000000610
608,3328,0.000000673
609,3328,0.000000676
610,3328,0.000000749
611,3328,0.000000812
612,3328,0.000000661
613,3328,0.000000633
614,3328,0.000000725
615,3328,0.000000698
616,3328,0.000000861
617,3328,0.000000648
618,3328,0.000000621
619,3328,0.000000832
620,3328,0.000000676
621,3328,0.000001019
622,3328,0.000000699
623,3328,0.000000628
624,3328,0.000000702
625,3328,0.000000764
626,3328,0.000001064
627,3328,0.000000877
628,3328,0.000000818
629,3328,0.000000654
630,3328,0.000000768
631,3328,0.000000734
632,3328,0.000000853
633,3328,0.000000719
634,3328,0.000000640
635,3328,0.000000803
636,3328,0.000000726
637,3328,0.000000754
638,3328,0.000000729
639,3328,0.000000633
640,3328,0.000000660
641,3328,0.000000692
642,3328,0.000000757
643,3328,0.000000752
644,3328,0.000000760
645,3328,0.000000638
646,3328,0.000000746
647,3328,0.000000769
648,3328,0.000000724
649,3328,0.000000728
650,3328,0.000000617
651,3328,0.000000723
652,3328,0.000000832
653,3328,0.000000720
654,3328,0.000000915
655,3328,0.000000640
656,3328,0.000000680
657,3328,0.000000808
658,3328,0.000000758
659,3328,0.000000850
660,3328,0.000000718
661,3328,0.000000639
662,3328,0.000000692
663,3328,0.000000726
664,3328,0.000000754
665,3328,0.000000729
666,3328,0.000000660
667,3328,0.000000698
668,3328,0.000000673
669,3328,0.000000719
670,3328,0.000000715
671,3328,0.000000609
672,3328,0.000001178
673,3328,0.000000679
674,3328,0.000000710
675,3328,0.000000656
676,3328,0.000000693
677,3328,0.000000806
678,3328,0.000000656
679,3328,0.000000799
680,3328,0.000000705
681,3328,0.000000816
682,3328,0.000000644
683,3328,0.000000730
684,3328,0.000000746
685,3328,0.000000648
686,3328,0.000000769
687,3328,0.000000640
688,3328,0.000000661
689,3328,0.000000786
690,3328,0.000000819
691,3328,0.000000759
692,3328,0.000000742
693,3328,0.000000615
694,3328,0.000000715
695,3328,0.000000892
696,3328,0.000000649
697,3328,0.000000773
698,3328,0.000000617
699,3328,0.000000803
700,3328,0.000000641
701,3328,0.000000737
702,3328,0.000000716
703,3328,0.000000606
704,3328,0.000000658
705,3328,0.000000684
706,3328,0.000000866
707,3328,0.000000748
708,3328,0.000001203
709,3328,0.000000636
710,3328,0.000001014
711,3328,0.000000794
712,3328,0.000000716
713,3328,0.000000850
714,3328,0.000000620
715,3328,0.000000738
716,3328,0.000000808
717,3328,0.000000735
718,3328,0.000000738
719,3328,0.000000603
720,3328,0.000000629
721,3328,0.000000825
722,3328,0.000000698
723,3328,0.000000802
724,3328,0.000000673
725,3328,0.000000609
726,3328,0.000000798
727,3328,0.000000660
728,3328,0.000000750
729,3328,0.000000704
730,3328,0.000000621
731,3328,0.000000743
732,3328,0.000000638
733,3328,0.000000714
734,3328,0.000000763
735,3328,0.000000609
736,3328,0.000000688
737,3328,0.000000651
738,3328,0.000000838
739,3328,0.000000653
740,3328,0.000000694
741,3328,0.000000625
742,3328,0.000000764
743,3328,0.000000818
744,3328,0.000000664
745,3328,0.000000800
746,3328,0.000000616
747,3328,0.000000710
748,3328,0.000000792
749,3328,0.000000669
750,3328,0.000000675
751,3328,0.000000610
752,3328,0.000000690
753,3328,0.000000810
754,3328,0.000000715
755,3328,0.000000721
756,3328,0.000000798
757,3328,0.000000611
758,3328,0.000000789
759,3328,0.000000723
760,3328,0.000000775
761,3328,0.000000656
762,3328,0.000000607
763,3328,0.000000759
764,3328,0.000000673
765,3328,0.000001178
766,3328,0.000000714
767,3328,0.000000718
768,3328,0.000000810
769,3328,0.000000813
770,3328,0.000000787
771,3328,0.000000804
772,3328,0.000000810
773,3328,0.000000632
774,3328,0.000000715
775,3328,0.000000823
776,3328,0.000000794
777,3328,0.000000948
778,3328,0.000000609
779,3328,0.000000678
780,3328,0.000000773
781,3328,0.000000717
782,3328,0.000000853
783,3328,0.000000613
784,3328,0.000000679
785,3328,0.000000856
786,3328,0.000000770
787,3328,0.000000878
788,3328,0.000000691
789,3328,0.000000640
790,3328,0.000000787
791,3328,0.000000703
792,3328,0.000001070
793,3328,0.000000835
794,3328,0.000000631
795,3328,0.000000780
796,3328,0.000000660
797,3328,0.000000843
798,3328,0.000000703
799,3328,0.000000633
800,3328,0.000000764
801,3328,0.000000722
802,3328,0.000000910
803,3328,0.000000719
804,3328,0.000000908
805,3328,0.000000637
806,3328,0.000000667
807,3328,0.000000754
808,3328,0.000000671
809,3328,0.000000745
810,3328,0.000000610
811,3328,0.000000754
812,3328,0.000001122
813,3328,0.000000750
814,3328,0.000001123
815,3328,0.000000607
816,3328,0.000000696
817,3328,0.000000691
818,3328,0.000000709
819,3328,0.000001075
820,3328,0.000000734
821,3328,0.000000947
822,3328,0.000000761
823,3328,0.000000697
824,3328,0.000000773
825,3328,0.000000648
826,3328,0.000000606
827,3328,0.000000780
828,3328,0.000000713
829,3328,0.000000907
830,3328,0.000000728
831,3328,0.000000622
832,3328,0.000000792
833,3328,0.000000701
834,3328,0.000000802
835,3328,0.000000701
836,3328,0.000001205
837,3328,0.000000650
838,3328,0.000000794
839,3328,0.000000898
840,3328,0.000000753
841,3328,0.000000773
842,3328,0.000000636
843,3328,0.000001216
844,3328,0.000000694
845,3328,0.000001115
846,3328,0.000000928
847,3328,0.000000641
848,3328,0.000000729
849,3328,0.000000702
850,3328,0.000000733
851,3328,0.000000810
852,3328,0.000000942
853,3328,0.000000658
854,3328,0.000000793
855,3328,0.000000709
856,3328,0.000000849
857,3328,0.000000715
858,3328,0.000000641
859,3328,0.000000970
860,3328,0.000000761
861,3328,0.000000916
862,3328,0.000000739
863,3328,0.000000748
864,3328,0.000000845
865,3328,0.000000784
866,3328,0.000000945
867,3328,0.000000724
868,3328,0.000000869
869,3328,0.000000664
870,3328,0.000000770
871,3328,0.000001093
872,3328,0.000000727
873,3328,0.000000788
874,3328,0.000000636
875,3328,0.000000859
876,3328,0.000000830
877,3328,0.000000761
878,3328,0.000001005
879,3328,0.000000638
880,3328,0.000000693
881,3328,0.000000801
882,3328,0.000000784
883,3328,0.000000966
884,3328,0.000000725
885,3328,0.000000635
886,3328,0.000000818
887,3328,0.000000841
888,3328,0.000000944
889,3328,0.000000728
890,3328,0.000000652
891,3328,0.000000823
892,3328,0.000000698
893,3328,0.000000878
894,3328,0.000000736
895,3328,0.000000725
896,3328,0.000000817
897,3328,0.000000796
898,3328,0.000000738
899,3328,0.000000705
900,3328,0.000000874
901,3328,0.000000662
902,3328,0.000000773
903,3328,0.000000803
904,3328,0.000000754
905,3328,0.000000885
906,3328,0.000000641
907,3328,0.000000767
908,3328,0.000000872
909,3328,0.000000745
910,3328,0.000000904
911,3328,0.000000624
912,3328,0.000000980
913,3328,0.000000816
914,3328,0.000000804
915,3328,0.000000718
916,3328,0.000000792
917,3328,0.000000680
918,3328,0.000000780
919,3328,0.000000780
920,3328,0.000000741
921,3328,0.000000824
922,3328,0.000000642
923,3328,0.000000869
924,3328,0.000000730
925,3328,0.000000843
926,3328,0.000000756
927,3328,0.000000638
928,3328,0.000000867
929,3328,0.000000737
930,3328,0.000000876
931,3328,0.000000768
932,3328,0.000000881
933,3328,0.000000658
934,3328,0.000000778
935,3328,0.000000812
936,3328,0.000001049
937,3328,0.000000790
938,3328,0.000000650
939,3328,0.000000727
940,3328,0.000000906
941,3328,0.000000782
942,3328,0.000000880
943,3328,0.000000909
944,3328,0.000000762
945,3328,0.000001215
946,3328,0.000000715
947,3328,0.000001108
948,3328,0.000000727
949,3328,0.000000649
950,3328,0.000000829
951,3328,0.000000741
952,3328,0.000000938
953,3328,0.000000731
954,3328,0.000000644
955,3328,0.000000837
956,3328,0.000000736
957,3328,0.000000882
958,3328,0.000000751
959,3328,0.000000654
960,3328,0.000000800
961,3328,0.000000729
962,3328,0.000000900
963,3328,0.000000778
964,3328,0.000000887
965,3328,0.000000657
966,3328,0.000000754
967,3328,0.000000823
968,3328,0.000000782
969,3328,0.000000892
970,3328,0.000000648
971,3328,0.000000709
972,3328,0.000000849
973,3328,0.000000807
974,3328,0.000001063
975,3328,0.000000641
976,3328,0.000000965
977,3328,0.000000806
978,3328,0.000000676
979,3328,0.000000868
980,3328,0.000000726
981,3328,0.000000823
982,3328,0.000000899
983,3328,0.000014263
984,3328,0.000000958
985,3328,0.000001203
986,3328,0.000000669
987,3328,0.000000748
988,3328,0.000000892
989,3328,0.000000797
990,3328,0.000000889
991,3328,0.000000659
992,3328,0.000000794
993,3328,0.000000941
994,3328,0.000000807
995,3328,0.000000880
996,3328,0.000000748
997,3328,0.000000668
998,3328,0.000000905
999,3328,0.000000756
0,3584,0.000001724
1,3584,0.000001089
2,3584,0.000000965
3,3584,0.000001306
4,3584,0.000001561
5,3584,0.000000973
6,3584,0.000001004
7,3584,0.000000763
8,3584,0.000000842
9,3584,0.000000876
10,3584,0.000000962
11,3584,0.000000962
12,3584,0.000000893
13,3584,0.000001117
14,3584,0.000001260
15,3584,0.000000843
16,3584,0.000000825
17,3584,0.000000980
18,3584,0.000000872
19,3584,0.000000903
20,3584,0.000000855
21,3584,0.000001180
22,3584,0.000000831
23,3584,0.000000825
24,3584,0.000000936
25,3584,0.000000887
26,3584,0.000001037
27,3584,0.000000884
28,3584,0.000000968
29,3584,0.000000996
30,3584,0.000001068
31,3584,0.000000808
32,3584,0.000000848
33,3584,0.000000829
34,3584,0.000000956
35,3584,0.000000937
36,3584,0.000000847
37,3584,0.000001277
38,3584,0.000001019
39,3584,0.000000740
40,3584,0.000000871
41,3584,0.000001046
42,3584,0.000001043
43,3584,0.000001087
44,3584,0.000001345
45,3584,0.000000875
46,3584,0.000000842
47,3584,0.000000722
48,3584,0.000000759
49,3584,0.000000879
50,3584,0.000000898
51,3584,0.000000904
52,3584,0.000000837
53,3584,0.000001021
54,3584,0.000000910
55,3584,0.000000808
56,3584,0.000000867
57,3584,0.000001035
58,3584,0.000000889
59,3584,0.000000822
60,3584,0.000000840
61,3584,0.000001200
62,3584,0.000000906
63,3584,0.000000820
64,3584,0.000000893
65,3584,0.000000886
66,3584,0.000000828
67,3584,0.000000792
68,3584,0.000001092
69,3584,0.000000794
70,3584,0.000000915
71,3584,0.000000766
72,3584,0.000000905
73,3584,0.000000977
74,3584,0.000000931
75,3584,0.000000994
76,3584,0.000001252
77,3584,0.000000813
78,3584,0.000001020
79,3584,0.000000691
80,3584,0.000001117
81,3584,0.000000843
82,3584,0.000000985
83,3584,0.000000835
84,3584,0.000000858
85,3584,0.000001049
86,3584,0.000000821
87,3584,0.000000702
88,3584,0.000000912
89,3584,0.000000858
90,3584,0.000000854
91,3584,0.000000892
92,3584,0.000000993
93,3584,0.000001025
94,3584,0.000000913
95,3584,0.000000752
96,3584,0.000000989
97,3584,0.000000796
98,3584,0.000000847
99,3584,0.000000919
100,3584,0.000000987
101,3584,0.000001079
102,3584,0.000000768
103,3584,0.000000672
104,3584,0.000000832
105,3584,0.000000802
106,3584,0.000000944
107,3584,0.000001188
108,3584,0.000000869
109,3584,0.000000863
110,3584,0.000000844
111,3584,0.000000721
112,3584,0.000000816
113,3584,0.000000852
114,3584,0.000000963
115,3584,0.000001097
116,3584,0.000001030
117,3584,0.000001089
118,3584,0.000000835
119,3584,0.000000783
120,3584,0.000001026
121,3584,0.000000964
122,3584,0.000000777
123,3584,0.000000761
124,3584,0.000000941
125,3584,0.000001057
126,3584,0.000001116
127,3584,0.000000740
128,3584,0.000000912
129,3584,0.000000841
130,3584,0.000000788
131,3584,0.000000850
132,3584,0.000000913
133,3584,0.000000955
134,3584,0.000001048
135,3584,0.000000807
136,3584,0.000000992
137,3584,0.000001089
138,3584,0.000000958
139,3584,0.000001119
140,3584,0.000001196
141,3584,0.000001003
142,3584,0.000001086
143,3584,0.000000844
144,3584,0.000001069
145,3584,0.000001560
146,3584,0.000000965
147,3584,0.000000946
148,3584,0.000000813
149,3584,0.000001000
150,3584,0.000001075
151,3584,0.000000851
152,3584,0.000001081
153,3584,0.000000861
154,3584,0.000000989
155,3584,0.000000959
156,3584,0.000000985
157,3584,0.000001000
158,3584,0.000001076
159,3584,0.000000729
160,3584,0.000000849
161,3584,0.000000946
162,3584,0.000000859
163,3584,0.000001022
164,3584,0.000000918
165,3584,0.000001193
166,3584,0.000000954
167,3584,0.000000759
168,3584,0.000000835
169,3584,0.000000890
170,3584,0.000001097
171,3584,0.000000962
172,3584,0.000000952
173,3584,0.000000939
174,3584,0.000001026
175,3584,0.000000814
176,3584,0.000000853
177,3584,0.000000946
178,3584,0.000000831
179,3584,0.000000985
180,3584,0.000000956
181,3584,0.000001171
182,3584,0.000000911
183,3584,0.000000818
184,3584,0.000000988
185,3584,0.000000973
186,3584,0.000000916
187,3584,0.000001074
188,3584,0.000000850
189,3584,0.000000924
190,3584,0.000000938
191,3584,0.000000769
192,3584,0.000001200
193,3584,0.000000965
194,3584,0.000000889
195,3584,0.000000922
196,3584,0.000000973
197,3584,0.000000803
198,3584,0.000000868
199,3584,0.000001082
200,3584,0.000000861
201,3584,0.000001043
202,3584,0.000000876
203,3584,0.000001004
204,3584,0.000000895
205,3584,0.000000945
206,3584,0.000000795
207,3584,0.000001021
208,3584,0.000000939
209,3584,0.000000909
210,3584,0.000000999
211,3584,0.000000884
212,3584,0.000000923
213,3584,0.000001275
214,3584,0.000001029
215,3584,0.000000859
216,3584,0.000001094
217,3584,0.000000946
218,3584,0.000000984
219,3584,0.000001073
220,3584,0.000001027
221,3584,0.000001070
222,3584,0.000001296
223,3584,0.000000795
224,3584,0.000001094
225,3584,0.000000790
226,3584,0.000001070
227,3584,0.000000770
228,3584,0.000000768
229,3584,0.000000813
230,3584,0.000000953
231,3584,0.000000882
232,3584,0.000000838
233,3584,0.000000998
234,3584,0.000000978
235,3584,0.000000967
236,3584,0.000000754
237,3584,0.000000891
238,3584,0.000000810
239,3584,0.000000706
240,3584,0.000000888
241,3584,0.000001018
242,3584,0.000000989
243,3584,0.000000893
244,3584,0.000001004
245,3584,0.000000800
246,3584,0.000001022
247,3584,0.000000805
248,3584,0.000000798
249,3584,0.000000922
250,3584,0.000000919
251,3584,0.000000927
252,3584,0.000000848
253,3584,0.000001044
254,3584,0.000000974
255,3584,0.000000689
256,3584,0.000000779
257,3584,0.000000887
258,3584,0.000001017
259,3584,0.000000910
260,3584,0.000000834
261,3584,0.000000834
262,3584,0.000000952
263,3584,0.000000885
264,3584,0.000001126
265,3584,0.000000855
266,3584,0.000000877
267,3584,0.000000860
268,3584,0.000000838
269,3584,0.000001018
270,3584,0.000001237
271,3584,0.000000713
272,3584,0.000001041
273,3584,0.000000838
274,3584,0.000000831
275,3584,0.000000835
276,3584,0.000000869
277,3584,0.000001119
278,3584,0.000000885
279,3584,0.000000785
280,3584,0.000000862
281,3584,0.000000892
282,3584,0.000000954
283,3584,0.000000956
284,3584,0.000001085
285,3584,0.000000978
286,3584,0.000000946
287,3584,0.000000759
288,3584,0.000001071
289,3584,0.000000905
290,3584,0.000001155
291,3584,0.000000961
292,3584,0.000000967
293,3584,0.000000978
294,3584,0.000001007
295,3584,0.000000803
296,3584,0.000000921
297,3584,0.000001036
298,3584,0.000000914
299,3584,0.000000932
300,3584,0.000001090
301,3584,0.000000875
302,3584,0.000000923
303,3584,0.000000836
304,3584,0.000000905
305,3584,0.000001261
306,3584,0.000000926
307,3584,0.000000821
308,3584,0.000000955
309,3584,0.000000830
310,3584,0.000001041
311,3584,0.000000803
312,3584,0.000000854
313,3584,0.000000985
314,3584,0.000000907
315,3584,0.000000904
316,3584,0.000000859
317,3584,0.000000942
318,3584,0.000000897
319,3584,0.000000813
320,3584,0.000000868
321,3584,0.000001059
322,3584,0.000001216
323,3584,0.000000962
324,3584,0.000000926
325,3584,0.000001019
326,3584,0.000001016
327,3584,0.000000803
328,3584,0.000000871
329,3584,0.000000929
330,3584,0.000000918
331,3584,0.000000857
332,3584,0.000000981
333,3584,0.000000914
334,3584,0.000000990
335,3584,0.000000810
336,3584,0.000000858
337,3584,0.000000915
338,3584,0.000001072
339,3584,0.000000894
340,3584,0.000000879
341,3584,0.000000985
342,3584,0.000001044
343,3584,0.000000806
344,3584,0.000001088
345,3584,0.000000931
346,3584,0.000001008
347,3584,0.000000903
348,3584,0.000000937
349,3584,0.000000906
350,3584,0.000000929
351,3584,0.000000802
352,3584,0.000001052
353,3584,0.000000924
354,3584,0.000000894
355,3584,0.000000891
356,3584,0.000000867
357,3584,0.000001078
358,3584,0.000001001
359,3584,0.000000805
360,3584,0.000000870
361,3584,0.000000988
362,3584,0.000001051
363,3584,0.000000947
364,3584,0.000001091
365,3584,0.000000972
366,3584,0.000000921
367,3584,0.000000811
368,3584,0.000000871
369,3584,0.000000910
370,3584,0.000001006
371,3584,0.000000914
372,3584,0.000000989
373,3584,0.000000931
374,3584,0.000000943
375,3584,0.000000798
376,3584,0.000000868
377,3584,0.000000977
378,3584,0.000000871
379,3584,0.000000957
380,3584,0.000000884
381,3584,0.000000932
382,3584,0.000001004
383,3584,0.000000784
384,3584,0.000000831
385,3584,0.000001082
386,3584,0.000000988
387,3584,0.000001165
388,3584,0.000000867
389,3584,0.000000968
390,3584,0.000000917
391,3584,0.000000836
392,3584,0.000000880
393,3584,0.000000912
394,3584,0.000000896
395,3584,0.000000866
396,3584,0.000000974
397,3584,0.000000919
398,3584,0.000000947
399,3584,0.000000770
400,3584,0.000000835
401,3584,0.000000954
402,3584,0.000000931
403,3584,0.000000942
404,3584,0.000000909
405,3584,0.000000934
406,3584,0.000000945
407,3584,0.000000817
408,3584,0.000001013
409,3584,0.000001029
410,3584,0.000000997
411,3584,0.000000849
412,3584,0.000000932
413,3584,0.000000905
414,3584,0.000000998
415,3584,0.000000820
416,3584,0.000000894
417,3584,0.000000976
418,3584,0.000000853
419,3584,0.000001006
420,3584,0.000000906
421,3584,0.000001039
422,3584,0.000000937
423,3584,0.000000788
424,3584,0.000000918
425,3584,0.000000856
426,3584,0.000000919
427,3584,0.000000875
428,3584,0.000000931
429,3584,0.000001090
430,3584,0.000000875
431,3584,0.000000953
432,3584,0.000000943
433,3584,0.000000880
434,3584,0.000001017
435,3584,0.000000919
436,3584,0.000000960
437,3584,0.000000976
438,3584,0.000000926
439,3584,0.000000761
440,3584,0.000000804
441,3584,0.000000930
442,3584,0.000000885
443,3584,0.000000945
444,3584,0.000000912
445,3584,0.000000896
446,3584,0.000000907
447,3584,0.000000806
448,3584,0.000000838
449,3584,0.000000977
450,3584,0.000001009
451,3584,0.000000863
452,3584,0.000000941
453,3584,0.000000902
454,3584,0.000000927
455,3584,0.000000798
456,3584,0.000000864
457,3584,0.000001006
458,3584,0.000000890
459,3584,0.000001032
460,3584,0.000000879
461,3584,0.000000993
462,3584,0.000000908
463,3584,0.000000804
464,3584,0.000000936
465,3584,0.000000894
466,3584,0.000001213
467,3584,0.000000880
468,3584,0.000000950
469,3584,0.000000900
470,3584,0.000000920
471,3584,0.000000804
472,3584,0.000000981
473,3584,0.000000907
474,3584,0.000001120
475,3584,0.000001110
476,3584,0.000000927
477,3584,0.000001006
478,3584,0.000001018
479,3584,0.000001000
480,3584,0.000001886
481,3584,0.000000710
482,3584,0.000000698
483,3584,0.000000651
484,3584,0.000000727
485,3584,0.000000674
486,3584,0.000000772
487,3584,0.000000613
488,3584,0.000000692
489,3584,0.000000689
490,3584,0.000000656
491,3584,0.000000750
492,3584,0.000000790
493,3584,0.000000818
494,3584,0.000000646
495,3584,0.000000611
496,3584,0.000000707
497,3584,0.000000661
498,3584,0.000000818
499,3584,0.000000790
500,3584,0.000000860
501,3584,0.000000729
502,3584,0.000000684
503,3584,0.000000622
504,3584,0.000000629
505,3584,0.000000748
506,3584,0.000000756
507,3584,0.000000730
508,3584,0.000000826
509,3584,0.000001062
510,3584,0.000000956
511,3584,0.000000651
512,3584,0.000000670
513,3584,0.000000712
514,3584,0.000000749
515,3584,0.000000747
516,3584,0.000000789
517,3584,0.000000702
518,3584,0.000000780
519,3584,0.000000623
520,3584,0.000000621
521,3584,0.000000815
522,3584,0.000000745
523,3584,0.000000818
524,3584,0.000000745
525,3584,0.000000781
526,3584,0.000000727
527,3584,0.000000680
528,3584,0.000001016
529,3584,0.000000728
530,3584,0.000000794
531,3584,0.000000748
532,3584,0.000000920
533,3584,0.000000715
534,3584,0.000000791
535,3584,0.000000635
536,3584,0.000000636
537,3584,0.000000793
538,3584,0.000000738
539,3584,0.000000761
540,3584,0.000000722
541,3584,0.000000731
542,3584,0.000000668
543,3584,0.000000607
544,3584,0.000000740
545,3584,0.000000719
546,3584,0.000000715
547,3584,0.000000697
548,3584,0.000000752
549,3584,0.000000709
550,3584,0.000000739
551,3584,0.000000636
552,3584,0.000000675
553,3584,0.000000704
554,3584,0.000000753
555,3584,0.000000905
556,3584,0.000000751
557,3584,0.000000771
558,3584,0.000000757
559,3584,0.000000628
560,3584,0.000000673
561,3584,0.000000664
562,3584,0.000000812
563,3584,0.000000715
564,3584,0.000000813
565,3584,0.000000885
566,3584,0.000000724
567,3584,0.000000630
568,3584,0.000013435
569,3584,0.000000733
570,3584,0.000000698
571,3584,0.000000742
572,3584,0.000000873
573,3584,0.000000633
574,3584,0.000001023
575,3584,0.000000654
576,3584,0.000000646
577,3584,0.000000824
578,3584,0.000000678
579,3584,0.000013225
580,3584,0.000000884
581,3584,0.000000713
582,3584,0.000000981
583,3584,0.000000637
584,3584,0.000000703
585,3584,0.000000709
586,3584,0.000000723
587,3584,0.000000740
588,3584,0.000000781
589,3584,0.000000736
590,3584,0.000000723
591,3584,0.000000679
592,3584,0.000000678
593,3584,0.000000694
594,3584,0.000000689
595,3584,0.000000631
596,3584,0.000000749
597,3584,0.000000736
598,3584,0.000001068
599,3584,0.000000639
600,3584,0.000000687
601,3584,0.000000784
602,3584,0.000000686
603,3584,0.000000694
604,3584,0.000000757
605,3584,0.000000828
606,3584,0.000000732
607,3584,0.000000650
608,3584,0.000000697
609,3584,0.000000728
610,3584,0.000000761
611,3584,0.000000747
612,3584,0.000000901
613,3584,0.000000713
614,3584,0.000000706
615,3584,0.000000607
616,3584,0.000000645
617,3584,0.000000703
618,3584,0.000000721
619,3584,0.000001012
620,3584,0.000000711
621,3584,0.000000828
622,3584,0.000000697
623,3584,0.000000611
624,3584,0.000000647
625,3584,0.000000667
626,3584,0.000000675
627,3584,0.000000645
628,3584,0.000000826
629,3584,0.000000626
630,3584,0.000000843
631,3584,0.000000599
632,3584,0.000000632
633,3584,0.000000781
634,3584,0.000000726
635,3584,0.000000798
636,3584,0.000000692
637,3584,0.000000689
638,3584,0.000000716
639,3584,0.000000603
640,3584,0.000000761
641,3584,0.000000775
642,3584,0.000000824
643,3584,0.000000759
644,3584,0.000000747
645,3584,0.000000733
646,3584,0.000000687
647,3584,0.000000615
648,3584,0.000000658
649,3584,0.000000714
650,3584,0.000000652
651,3584,0.000000663
652,3584,0.000000650
653,3584,0.000000983
654,3584,0.000000708
655,3584,0.000000659
656,3584,0.000000726
657,3584,0.000000753
658,3584,0.000001078
659,3584,0.000000665
660,3584,0.000000769
661,3584,0.000000717
662,3584,0.000000844
663,3584,0.000000646
664,3584,0.000000647
665,3584,0.000000728
666,3584,0.000000696
667,3584,0.000000779
668,3584,0.000000654
669,3584,0.000000713
670,3584,0.000000703
671,3584,0.000000634
672,3584,0.000000699
673,3584,0.000000675
674,3584,0.000000832
675,3584,0.000000715
676,3584,0.000000721
677,3584,0.000000744
678,3584,0.000000818
679,3584,0.000000632
680,3584,0.000000604
681,3584,0.000000700
682,3584,0.000000682
683,3584,0.000000705
684,3584,0.000000728
685,3584,0.000000734
686,3584,0.000000650
687,3584,0.000000606
688,3584,0.000000652
689,3584,0.000000686
690,3584,0.000000692
691,3584,0.000000729
692,3584,0.000000967
693,3584,0.000000701
694,3584,0.000000746
695,3584,0.000000635
696,3584,0.000000672
697,3584,0.000000680
698,3584,0.000000676
699,3584,0.000000751
700,3584,0.000000716
701,3584,0.000000729
702,3584,0.000000749
703,3584,0.000000625
704,3584,0.000000740
705,3584,0.000000683
706,3584,0.000000729
707,3584,0.000000680
708,3584,0.000000709
709,3584,0.000000672
710,3584,0.000000787
711,3584,0.000000617
712,3584,0.000000643
713,3584,0.000000810
714,3584,0.000000730
715,3584,0.000000768
716,3584,0.000000654
717,3584,0.000000790
718,3584,0.000000696
719,3584,0.000000651
720,3584,0.000000676
721,3584,0.000000686
722,3584,0.000000709
723,3584,0.000000723
724,3584,0.000000737
725,3584,0.000000713
726,3584,0.000001119
727,3584,0.000000616
728,3584,0.000000621
729,3584,0.000000772
730,3584,0.000000728
731,3584,0.000000753
732,3584,0.000000683
733,3584,0.000000791
734,3584,0.000000723
735,3584,0.000000625
736,3584,0.000000650
737,3584,0.000000773
738,3584,0.000000712
739,3584,0.000000664
740,3584,0.000000742
741,3584,0.000000718
742,3584,0.000000714
743,3584,0.000000624
744,3584,0.000000647
745,3584,0.000000687
746,3584,0.000000732
747,3584,0.000000978
748,3584,0.000000724
749,3584,0.000000728
750,3584,0.000000660
751,3584,0.000000615
752,3584,0.000000757
753,3584,0.000000693
754,3584,0.000000838
755,3584,0.000000932
756,3584,0.000000732
757,3584,0.000000652
758,3584,0.000000743
759,3584,0.000000649
760,3584,0.000000895
761,3584,0.000000706
762,3584,0.000000751
763,3584,0.000000730
764,3584,0.000000720
765,3584,0.000000740
766,3584,0.000000645
767,3584,0.000000613
768,3584,0.000000740
769,3584,0.000000704
770,3584,0.000000702
771,3584,0.000000720
772,3584,0.000000727
773,3584,0.000000704
774,3584,0.000000832
775,3584,0.000000610
776,3584,0.000000632
777,3584,0.000000728
778,3584,0.000000716
779,3584,0.000000776
780,3584,0.000000716
781,3584,0.000000789
782,3584,0.000000808
783,3584,0.000000620
784,3584,0.000000658
785,3584,0.000000706
786,3584,0.000001099
787,3584,0.000000720
788,3584,0.000000742
789,3584,0.000000829
790,3584,0.000000759
791,3584,0.000000625
792,3584,0.000000677
793,3584,0.000000752
794,3584,0.000000745
795,3584,0.000000835
796,3584,0.000000700
797,3584,0.000000754
798,3584,0.000000718
799,3584,0.000000622
800,3584,0.000000725
801,3584,0.000000671
802,3584,0.000000748
803,3584,0.000000732
804,3584,0.000000792
805,3584,0.000000666
806,3584,0.000000741
807,3584,0.000000620
808,3584,0.000000616
809,3584,0.000000692
810,3584,0.000000664
811,3584,0.000000964
812,3584,0.000000821
813,3584,0.000000747
814,3584,0.000000692
815,3584,0.000000616
816,3584,0.000000707
817,3584,0.000000702
818,3584,0.000000710
819,3584,0.000000655
820,3584,0.000000739
821,3584,0.000000705
822,3584,0.000000611
823,3584,0.000000618
824,3584,0.000000676
825,3584,0.000000976
826,3584,0.000000732
827,3584,0.000000871
828,3584,0.000000655
829,3584,0.000000727
830,3584,0.000000672
831,3584,0.000000649
832,3584,0.000000719
833,3584,0.000000738
834,3584,0.000000784
835,3584,0.000000705
836,3584,0.000000750
837,3584,0.000000673
838,3584,0.000000741
839,3584,0.000000629
840,3584,0.000000682
841,3584,0.000000694
842,3584,0.000000714
843,3584,0.000000979
844,3584,0.000000665
845,3584,0.000000686
846,3584,0.000000707
847,3584,0.000000644
848,3584,0.000000709
849,3584,0.000000688
850,3584,0.000000666
851,3584,0.000000867
852,3584,0.000000749
853,3584,0.000000719
854,3584,0.000000721
855,3584,0.000000617
856,3584,0.000000766
857,3584,0.000000703
858,3584,0.000000730
859,3584,0.000000875
860,3584,0.000000669
861,3584,0.000000810
862,3584,0.000000709
863,3584,0.000000650
864,3584,0.000000758
865,3584,0.000000738
866,3584,0.000000685
867,3584,0.000000736
868,3584,0.000000800
869,3584,0.000000705
870,3584,0.000000739
871,3584,0.000000646
872,3584,0.000000629
873,3584,0.000000684
874,3584,0.000000742
875,3584,0.000000751
876,3584,0.000000719
877,3584,0.000000739
878,3584,0.000000710
879,3584,0.000000618
880,3584,0.000000646
881,3584,0.000000656
882,3584,0.000000703
883,3584,0.000000649
884,3584,0.000000917
885,3584,0.000000835
886,3584,0.000000735
887,3584,0.000000615
888,3584,0.000000631
889,3584,0.000000686
890,3584,0.000000738
891,3584,0.000000804
892,3584,0.000000759
893,3584,0.000000829
894,3584,0.000000704
895,3584,0.000000632
896,3584,0.000000667
897,3584,0.000000669
898,3584,0.000000897
899,3584,0.000000727
900,3584,0.000000772
901,3584,0.000000698
902,3584,0.000000732
903,3584,0.000000617
904,3584,0.000000633
905,3584,0.000000752
906,3584,0.000000687
907,3584,0.000000758
908,3584,0.000000782
909,3584,0.000000762
910,3584,0.000000805
911,3584,0.000000649
912,3584,0.000000657
913,3584,0.000000736
914,3584,0.000000775
915,3584,0.000000705
916,3584,0.000000719
917,3584,0.000000738
918,3584,0.000000734
919,3584,0.000000641
920,3584,0.000000710
921,3584,0.000000749
922,3584,0.000000815
923,3584,0.000000738
924,3584,0.000000923
925,3584,0.000000725
926,3584,0.000000809
927,3584,0.000000615
928,3584,0.000000678
929,3584,0.000000825
930,3584,0.000000860
931,3584,0.000001079
932,3584,0.000000890
933,3584,0.000000987
934,3584,0.000000990
935,3584,0.000000792
936,3584,0.000000701
937,3584,0.000001210
938,3584,0.000000730
939,3584,0.000001355
940,3584,0.000000775
941,3584,0.000000829
942,3584,0.000000730
943,3584,0.000000638
944,3584,0.000000830
945,3584,0.000000738
946,3584,0.000000928
947,3584,0.000000795
948,3584,0.000001131
949,3584,0.000000857
950,3584,0.000001192
951,3584,0.000000640
952,3584,0.000000688
953,3584,0.000000989
954,3584,0.000000747
955,3584,0.000000873
956,3584,0.000000796
957,3584,0.000000859
958,3584,0.000000750
959,3584,0.000000684
960,3584,0.000000811
961,3584,0.000000743
962,3584,0.000000926
963,3584,0.000000774
964,3584,0.000001061
965,3584,0.000000799
966,3584,0.000001088
967,3584,0.000000631
968,3584,0.000000695
969,3584,0.000000859
970,3584,0.000000746
971,3584,0.000000882
972,3584,0.000000728
973,3584,0.000000822
974,3584,0.000000857
975,3584,0.000000649
976,3584,0.000000749
977,3584,0.000000734
978,3584,0.000001074
979,3584,0.000000745
980,3584,0.000001238
981,3584,0.000000777
982,3584,0.000000875
983,3584,0.000000636
984,3584,0.000000700
985,3584,0.000000791
986,3584,0.000000724
987,3584,0.000000894
988,3584,0.000000810
989,3584,0.000000872
990,3584,0.000000745
991,3584,0.000000645
992,3584,0.000000840
993,3584,0.000000900
994,3584,0.000000957
995,3584,0.000000723
996,3584,0.000001135
997,3584,0.000000767
998,3584,0.000001026
999,3584,0.000000636
0,3840,0.000001830
1,3840,0.000000938
2,3840,0.000001026
3,3840,0.000000924
4,3840,0.000000816
5,3840,0.000000994
6,3840,0.000001126
7,3840,0.000001013
8,3840,0.000001113
9,3840,0.000001160
10,3840,0.000001074
11,3840,0.000001044
12,3840,0.000001031
13,3840,0.000001041
14,3840,0.000000909
15,3840,0.000000896
16,3840,0.000001015
17,3840,0.000000979
18,3840,0.000001014
19,3840,0.000000991
20,3840,0.000000926
21,3840,0.000000976
22,3840,0.000001025
23,3840,0.000000951
24,3840,0.000000937
25,3840,0.000000988
26,3840,0.000001011
27,3840,0.000000986
28,3840,0.000000966
29,3840,0.000001015
30,3840,0.000001012
31,3840,0.000000897
32,3840,0.000000968
33,3840,0.000000996
34,3840,0.000000916
35,3840,0.000001034
36,3840,0.000000912
37,3840,0.000000989
38,3840,0.000000931
39,3840,0.000000979
40,3840,0.000000951
41,3840,0.000001064
42,3840,0.000000971
43,3840,0.000001010
44,3840,0.000000961
45,3840,0.000001046
46,3840,0.000000938
47,3840,0.000000825
48,3840,0.000000960
49,3840,0.000000957
50,3840,0.000001112
51,3840,0.000000955
52,3840,0.000000997
53,3840,0.000001138
54,3840,0.000001263
55,3840,0.000000989
56,3840,0.000000856
57,3840,0.000000983
58,3840,0.000000989
59,3840,0.000001024
60,3840,0.000000978
61,3840,0.000001141
62,3840,0.000000997
63,3840,0.000000956
64,3840,0.000000996
65,3840,0.000000963
66,3840,0.000001021
67,3840,0.000001075
68,3840,0.000000952
69,3840,0.000001002
70,3840,0.000000931
71,3840,0.000001036
72,3840,0.000000938
73,3840,0.000000956
74,3840,0.000000998
75,3840,0.000001080
76,3840,0.000000916
77,3840,0.000000988
78,3840,0.000001041
79,3840,0.000000879
80,3840,0.000000860
81,3840,0.000000971
82,3840,0.000000933
83,3840,0.000000920
84,3840,0.000001100
85,3840,0.000000911
86,3840,0.000001014
87,3840,0.000000942
88,3840,0.000001021
89,3840,0.000001020
90,3840,0.000001288
91,3840,0.000000924
92,3840,0.000000930
93,3840,0.000000975
94,3840,0.000000992
95,3840,0.000000811
96,3840,0.000001020
97,3840,0.000001036
98,3840,0.000001021
99,3840,0.000000975
100,3840,0.000000920
101,3840,0.000000994
102,3840,0.000000891
103,3840,0.000001006
104,3840,0.000000880
105,3840,0.000000988
106,3840,0.000000953
107,3840,0.000001017
108,3840,0.000000949
109,3840,0.000001020
110,3840,0.000000969
111,3840,0.000000975
112,3840,0.000000974
113,3840,0.000001020
114,3840,0.000000966
115,3840,0.000000913
116,3840,0.000000942
117,3840,0.000001019
118,3840,0.000000975
119,3840,0.000000925
120,3840,0.000000884
121,3840,0.000000980
122,3840,0.000000860
123,3840,0.000000979
124,3840,0.000000997
125,3840,0.000000972
126,3840,0.000000998
127,3840,0.000000862
128,3840,0.000001049
129,3840,0.000000945
130,3840,0.000001022
131,3840,0.000001080
132,3840,0.000001350
133,3840,0.000000938
134,3840,0.000001078
135,3840,0.000001154
136,3840,0.000001021
137,3840,0.000001032
138,3840,0.000000890
139,3840,0.000001397
140,3840,0.000000973
141,3840,0.000001044
142,3840,0.000001046
143,3840,0.000000951
144,3840,0.000001061
145,3840,0.000001009
146,3840,0.000000979
147,3840,0.000000914
148,3840,0.000000942
149,3840,0.000001195
150,3840,0.000001245
151,3840,0.000001079
152,3840,0.000001139
153,3840,0.000000994
154,3840,0.000001112
155,3840,0.000001395
156,3840,0.000001020
157,3840,0.000000997
158,3840,0.000001099
159,3840,0.000000788
160,3840,0.000000949
161,3840,0.000000938
162,3840,0.000000984
163,3840,0.000001371
164,3840,0.000001002
165,3840,0.000001062
166,3840,0.000000955
167,3840,0.000000975
168,3840,0.000000936
169,3840,0.000001112
170,3840,0.000000940
171,3840,0.000001140
172,3840,0.000001069
173,3840,0.000001436
174,3840,0.000001029
175,3840,0.000000863
176,3840,0.000000864
177,3840,0.000001104
178,3840,0.000000977
179,3840,0.000001035
180,3840,0.000001221
181,3840,0.000001098
182,3840,0.000001252
183,3840,0.000001042
184,3840,0.000001053
185,3840,0.000001065
186,3840,0.000000995
187,3840,0.000001058
188,3840,0.000000912
189,3840,0.000001014
190,3840,0.000001012
191,3840,0.000000856
192,3840,0.000000912
193,3840,0.000000933
194,3840,0.000001076
195,3840,0.000001059
196,3840,0.000001032
197,3840,0.000001117
198,3840,0.000001054
199,3840,0.000001043
200,3840,0.000000943
201,3840,0.000001005
202,3840,0.000000956
203,3840,0.000000959
204,3840,0.000001028
205,3840,0.000001053
206,3840,0.000000980
207,3840,0.000000826
208,3840,0.000000982
209,3840,0.000001119
210,3840,0.000000967
211,3840,0.000000849
212,3840,0.000000800
213,3840,0.000000977
214,3840,0.000001014
215,3840,0.000000927
216,3840,0.000000866
217,3840,0.000001044
218,3840,0.000000916
219,3840,0.000000974
220,3840,0.000000855
221,3840,0.000000890
222,3840,0.000000802
223,3840,0.000000857
224,3840,0.000000775
225,3840,0.000000876
226,3840,0.000000863
227,3840,0.000000837
228,3840,0.000000881
229,3840,0.000001015
230,3840,0.000001036
231,3840,0.000000762
232,3840,0.000001275
233,3840,0.000000896
234,3840,0.000000980
235,3840,0.000000902
236,3840,0.000000855
237,3840,0.000001131
238,3840,0.000000859
239,3840,0.000000792
240,3840,0.000000855
241,3840,0.000000816
242,3840,0.000000937
243,3840,0.000000821
244,3840,0.000001012
245,3840,0.000000848
246,3840,0.000000979
247,3840,0.000000854
248,3840,0.000000907
249,3840,0.000000891
250,3840,0.000000919
251,3840,0.000000844
252,3840,0.000001289
253,3840,0.000000941
254,3840,0.000001030
255,3840,0.000000928
256,3840,0.000000896
257,3840,0.000000919
258,3840,0.000000951
259,3840,0.000000895
260,3840,0.000000930
261,3840,0.000001016
262,3840,0.000000963
263,3840,0.000001296
264,3840,0.000000982
265,3840,0.000000935
266,3840,0.000000946
267,3840,0.000001208
268,3840,0.000000974
269,3840,0.000000907
270,3840,0.000001071
271,3840,0.000000818
272,3840,0.000001185
273,3840,0.000000980
274,3840,0.000000844
275,3840,0.000001207
276,3840,0.000000811
277,3840,0.000001153
278,3840,0.000000834
279,3840,0.000000846
280,3840,0.000000959
281,3840,0.000000954
282,3840,0.000000915
283,3840,0.000000952
284,3840,0.000000827
285,3840,0.000001048
286,3840,0.000000771
287,3840,0.000001034
288,3840,0.000000866
289,3840,0.000000919
290,3840,0.000000956
291,3840,0.000000760
292,3840,0.000000880
293,3840,0.000001085
294,3840,0.000000814
295,3840,0.000000705
296,3840,0.000000969
297,3840,0.000000939
298,3840,0.000000859
299,3840,0.000000948
300,3840,0.000000841
301,3840,0.000001029
302,3840,0.000000960
303,3840,0.000000791
304,3840,0.000000981
305,3840,0.000000941
306,3840,0.000001433
307,3840,0.000000774
308,3840,0.000000887
309,3840,0.000000993
310,3840,0.000000872
311,3840,0.000000879
312,3840,0.000000896
313,3840,0.000000855
314,3840,0.000000822
315,3840,0.000000881
316,3840,0.000001077
317,3840,0.000001201
318,3840,0.000001050
319,3840,0.000000995
320,3840,0.000000917
321,3840,0.000000998
322,3840,0.000000967
323,3840,0.000000901
324,3840,0.000000938
325,3840,0.000000939
326,3840,0.000000803
327,3840,0.000001092
328,3840,0.000000988
329,3840,0.000001160
330,3840,0.000001107
331,3840,0.000000918
332,3840,0.000000937
333,3840,0.000001093
334,3840,0.000000987
335,3840,0.000000804
336,3840,0.000000884
337,3840,0.000000926
338,3840,0.000000941
339,3840,0.000000922
340,3840,0.000000944
341,3840,0.000001029
342,3840,0.000000987
343,3840,0.000000990
344,3840,0.000000941
345,3840,0.000001051
346,3840,0.000001086
347,3840,0.000000962
348,3840,0.000000934
349,3840,0.000000970
350,3840,0.000001067
351,3840,0.000000872
352,3840,0.000001104
353,3840,0.000000947
354,3840,0.000000875
355,3840,0.000000992
356,3840,0.000000964
357,3840,0.000001194
358,3840,0.000000857
359,3840,0.000001022
360,3840,0.000000846
361,3840,0.000001516
362,3840,0.000000928
363,3840,0.000001088
364,3840,0.000000865
365,3840,0.000000929
366,3840,0.000000834
367,3840,0.000000858
368,3840,0.000000873
369,3840,0.000001233
370,3840,0.000001087
371,3840,0.000001289
372,3840,0.000001102
373,3840,0.000000798
374,3840,0.000000870
375,3840,0.000000885
376,3840,0.000000980
377,3840,0.000001156
378,3840,0.000001203
379,3840,0.000001017
380,3840,0.000001067
381,3840,0.000000985
382,3840,0.000001002
383,3840,0.000000870
384,3840,0.000001036
385,3840,0.000001050
386,3840,0.000000931
387,3840,0.000001029
388,3840,0.000000927
389,3840,0.000001022
390,3840,0.000000925
391,3840,0.000001062
392,3840,0.000000873
393,3840,0.000001010
394,3840,0.000000940
395,3840,0.000001188
396,3840,0.000000884
397,3840,0.000000998
398,3840,0.000000932
399,3840,0.000001076
400,3840,0.000000917
401,3840,0.000000890
402,3840,0.000001107
403,3840,0.000001166
404,3840,0.000000854
405,3840,0.000001040
406,3840,0.000001236
407,3840,0.000001012
408,3840,0.000000978
409,3840,0.000000841
410,3840,0.000001264
411,3840,0.000000914
412,3840,0.000001116
413,3840,0.000000931
414,3840,0.000000877
415,3840,0.000000787
416,3840,0.000000833
417,3840,0.000000895
418,3840,0.000000852
419,3840,0.000000858
420,3840,0.000001056
421,3840,0.000001028
422,3840,0.000000875
423,3840,0.000000891
424,3840,0.000000900
425,3840,0.000000783
426,3840,0.000000888
427,3840,0.000001077
428,3840,0.000000930
429,3840,0.000001026
430,3840,0.000001014
431,3840,0.000000755
432,3840,0.000000758
433,3840,0.000000970
434,3840,0.000000906
435,3840,0.000001032
436,3840,0.000000797
437,3840,0.000000949
438,3840,0.000000820
439,3840,0.000000916
440,3840,0.000000906
441,3840,0.000001031
442,3840,0.000000956
443,3840,0.000001010
444,3840,0.000000762
445,3840,0.000001190
446,3840,0.000000894
447,3840,0.000000898
448,3840,0.000000917
449,3840,0.000000995
450,3840,0.000000883
451,3840,0.000001064
452,3840,0.000001015
453,3840,0.000000831
454,3840,0.000000920
455,3840,0.000000929
456,3840,0.000000981
457,3840,0.000000903
458,3840,0.000000967
459,3840,0.000000985
460,3840,0.000000999
461,3840,0.000000891
462,3840,0.000001008
463,3840,0.000001179
464,3840,0.000000822
465,3840,0.000000891
466,3840,0.000001271
467,3840,0.000001075
468,3840,0.000000883
469,3840,0.000000848
470,3840,0.000000917
471,3840,0.000001179
472,3840,0.000000956
473,3840,0.000001123
474,3840,0.000000982
475,3840,0.000000973
476,3840,0.000000989
477,3840,0.000000991
478,3840,0.000001074
479,3840,0.000000811
480,3840,0.000000883
481,3840,0.000001345
482,3840,0.000000924
483,3840,0.000000939
484,3840,0.000000882
485,3840,0.000000895
486,3840,0.000001057
487,3840,0.000001210
488,3840,0.000000921
489,3840,0.000000945
490,3840,0.000001062
491,3840,0.000000992
492,3840,0.000000976
493,3840,0.000000984
494,3840,0.000001064
495,3840,0.000000853
496,3840,0.000000970
497,3840,0.000000965
498,3840,0.000000894
499,3840,0.000000911
500,3840,0.000000914
501,3840,0.000000966
502,3840,0.000000917
503,3840,0.000000882
504,3840,0.000000907
505,3840,0.000000962
506,3840,0.000000880
507,3840,0.000000958
508,3840,0.000000892
509,3840,0.000000899
510,3840,0.000000884
511,3840,0.000000816
512,3840,0.000000879
513,3840,0.000000896
514,3840,0.000000948
515,3840,0.000000969
516,3840,0.000000887
517,3840,0.000000969
518,3840,0.000000967
519,3840,0.000000861
520,3840,0.000000980
521,3840,0.000001009
522,3840,0.000000908
523,3840,0.000000825
524,3840,0.000000961
525,3840,0.000000934
526,3840,0.000000883
527,3840,0.000000835
528,3840,0.000000835
529,3840,0.000000986
530,3840,0.000001191
531,3840,0.000001065
532,3840,0.000000907
533,3840,0.000000912
534,3840,0.000000946
535,3840,0.000000825
536,3840,0.000000883
537,3840,0.000000941
538,3840,0.000000958
539,3840,0.000000884
540,3840,0.000000939
541,3840,0.000000922
542,3840,0.000000959
543,3840,0.000000895
544,3840,0.000001107
545,3840,0.000000923
546,3840,0.000000960
547,3840,0.000001006
548,3840,0.000000889
549,3840,0.000000989
550,3840,0.000000935
551,3840,0.000000930
552,3840,0.000000887
553,3840,0.000000928
554,3840,0.000000916
555,3840,0.000000872
556,3840,0.000000923
557,3840,0.000000924
558,3840,0.000000987
559,3840,0.000000850
560,3840,0.000000936
561,3840,0.000000970
562,3840,0.000000982
563,3840,0.000000905
564,3840,0.000000943
565,3840,0.000000965
566,3840,0.000000923
567,3840,0.000001252
568,3840,0.000000936
569,3840,0.000000964
570,3840,0.000000909
571,3840,0.000000908
572,3840,0.000000915
573,3840,0.000000970
574,3840,0.000000943
575,3840,0.000000844
576,3840,0.000000881
577,3840,0.000000909
578,3840,0.000000914
579,3840,0.000000915
580,3840,0.000000917
581,3840,0.000001159
582,3840,0.000014547
583,3840,0.000001121
584,3840,0.000000958
585,3840,0.000000818
586,3840,0.000000951
587,3840,0.000000934
588,3840,0.000001062
589,3840,0.000000878
590,3840,0.000000926
591,3840,0.000000858
592,3840,0.000000875
593,3840,0.000000926
594,3840,0.000000852
595,3840,0.000000915
596,3840,0.000000898
597,3840,0.000001115
598,3840,0.000000942
599,3840,0.000000886
600,3840,0.000000889
601,3840,0.000000946
602,3840,0.000000986
603,3840,0.000023913
604,3840,0.000000949
605,3840,0.000000962
606,3840,0.000000958
607,3840,0.000000858
608,3840,0.000000981
609,3840,0.000001418
610,3840,0.000000819
611,3840,0.000000833
612,3840,0.000000854
613,3840,0.000000781
614,3840,0.000000908
615,3840,0.000000723
616,3840,0.000000755
617,3840,0.000000734
618,3840,0.000000763
619,3840,0.000000753
620,3840,0.000000868
621,3840,0.000000777
622,3840,0.000000796
623,3840,0.000000635
624,3840,0.000000684
625,3840,0.000000759
626,3840,0.000000838
627,3840,0.000000718
628,3840,0.000000706
629,3840,0.000000715
630,3840,0.000000773
631,3840,0.000000712
632,3840,0.000000812
633,3840,0.000000866
634,3840,0.000000745
635,3840,0.000000804
636,3840,0.000000770
637,3840,0.000000846
638,3840,0.000000747
639,3840,0.000000668
640,3840,0.000000704
641,3840,0.000000701
642,3840,0.000000741
643,3840,0.000001033
644,3840,0.000000729
645,3840,0.000000686
646,3840,0.000000802
647,3840,0.000000783
648,3840,0.000000764
649,3840,0.000000831
650,3840,0.000000800
651,3840,0.000000752
652,3840,0.000000805
653,3840,0.000000770
654,3840,0.000000784
655,3840,0.000000632
656,3840,0.000000637
657,3840,0.000000818
658,3840,0.000000725
659,3840,0.000000807
660,3840,0.000000676
661,3840,0.000000762
662,3840,0.000000675
663,3840,0.000000838
664,3840,0.000000744
665,3840,0.000001092
666,3840,0.000000773
667,3840,0.000000803
668,3840,0.000000727
669,3840,0.000000760
670,3840,0.000000734
671,3840,0.000000687
672,3840,0.000000724
673,3840,0.000000723
674,3840,0.000000789
675,3840,0.000000774
676,3840,0.000000783
677,3840,0.000000839
678,3840,0.000000717
679,3840,0.000000700
680,3840,0.000001055
681,3840,0.000000840
682,3840,0.000000949
683,3840,0.000000754
684,3840,0.000000755
685,3840,0.000000776
686,3840,0.000000795
687,3840,0.000010390
688,3840,0.000001101
689,3840,0.000000822
690,3840,0.000000687
691,3840,0.000001085
692,3840,0.000000787
693,3840,0.000000812
694,3840,0.000000813
695,3840,0.000000776
696,3840,0.000000697
697,3840,0.000000851
698,3840,0.000001009
699,3840,0.000000767
700,3840,0.000001047
701,3840,0.000013538
702,3840,0.000000797
703,3840,0.000000669
704,3840,0.000000815
705,3840,0.000000809
706,3840,0.000000800
707,3840,0.000000786
708,3840,0.000001116
709,3840,0.000000762
710,3840,0.000001104
711,3840,0.000000789
712,3840,0.000000793
713,3840,0.000000734
714,3840,0.000000840
715,3840,0.000000714
716,3840,0.000000775
717,3840,0.000000756
718,3840,0.000000842
719,3840,0.000000652
720,3840,0.000013929
721,3840,0.000000853
722,3840,0.000000700
723,3840,0.000000755
724,3840,0.000000753
725,3840,0.000000793
726,3840,0.000000736
727,3840,0.000000759
728,3840,0.000000917
729,3840,0.000000815
730,3840,0.000000872
731,3840,0.000000770
732,3840,0.000000791
733,3840,0.000000863
734,3840,0.000000778
735,3840,0.000000664
736,3840,0.000000729
737,3840,0.000000672
738,3840,0.000000829
739,3840,0.000000830
740,3840,0.000000954
741,3840,0.000000764
742,3840,0.000000816
743,3840,0.000000732
744,3840,0.000000815
745,3840,0.000000801
746,3840,0.000000894
747,3840,0.000000753
748,3840,0.000000962
749,3840,0.000000851
750,3840,0.000000833
751,3840,0.000000654
752,3840,0.000000667
753,3840,0.000000840
754,3840,0.000000700
755,3840,0.000000773
756,3840,0.000000682
757,3840,0.000000870
758,3840,0.000000779
759,3840,0.000000893
760,3840,0.000000726
761,3840,0.000000886
762,3840,0.000000742
763,3840,0.000013342
764,3840,0.000000762
765,3840,0.000000825
766,3840,0.000000691
767,3840,0.000000643
768,3840,0.000000716
769,3840,0.000000741
770,3840,0.000000756
771,3840,0.000000699
772,3840,0.000000760
773,3840,0.000000670
774,3840,0.000000798
775,3840,0.000000858
776,3840,0.000000808
777,3840,0.000000772
778,3840,0.000000836
779,3840,0.000000722
780,3840,0.000000834
781,3840,0.000000765
782,3840,0.000000762
783,3840,0.000000646
784,3840,0.000000695
785,3840,0.000000730
786,3840,0.000000685
787,3840,0.000000680
788,3840,0.000000693
789,3840,0.000000692
790,3840,0.000001003
791,3840,0.000000697
792,3840,0.000000724
793,3840,0.000000672
794,3840,0.000000724
795,3840,0.000000993
796,3840,0.000000727
797,3840,0.000000725
798,3840,0.000000854
799,3840,0.000000759
800,3840,0.000000670
801,3840,0.000000682
802,3840,0.000000851
803,3840,0.000000689
804,3840,0.000000829
805,3840,0.000000781
806,3840,0.000000840
807,3840,0.000000748
808,3840,0.000000760
809,3840,0.000000779
810,3840,0.000000884
811,3840,0.000000774
812,3840,0.000000805
813,3840,0.000000749
814,3840,0.000000707
815,3840,0.000000634
816,3840,0.000000618
817,3840,0.000000704
818,3840,0.000000774
819,3840,0.000000757
820,3840,0.000000749
821,3840,0.000000735
822,3840,0.000000716
823,3840,0.000000705
824,3840,0.000000680
825,3840,0.000000941
826,3840,0.000000696
827,3840,0.000000873
828,3840,0.000000679
829,3840,0.000000737
830,3840,0.000000750
831,3840,0.000000656
832,3840,0.000000744
833,3840,0.000000739
834,3840,0.000000736
835,3840,0.000000691
836,3840,0.000000694
837,3840,0.000000767
838,3840,0.000000777
839,3840,0.000000778
840,3840,0.000000974
841,3840,0.000000700
842,3840,0.000000753
843,3840,0.000000717
844,3840,0.000000739
845,3840,0.000000749
846,3840,0.000000812
847,3840,0.000000643
848,3840,0.000000681
849,3840,0.000000850
850,3840,0.000000727
851,3840,0.000000793
852,3840,0.000000749
853,3840,0.000000838
854,3840,0.000000753
855,3840,0.000000737
856,3840,0.000000878
857,3840,0.000000747
858,3840,0.000000831
859,3840,0.000000764
860,3840,0.000000791
861,3840,0.000000728
862,3840,0.000001169
863,3840,0.000000652
864,3840,0.000000938
865,3840,0.000000751
866,3840,0.000000779
867,3840,0.000000704
868,3840,0.000000772
869,3840,0.000000748
870,3840,0.000000851
871,3840,0.000000702
872,3840,0.000000847
873,3840,0.000000710
874,3840,0.000000846
875,3840,0.000000729
876,3840,0.000001028
877,3840,0.000000764
878,3840,0.000000773
879,3840,0.000000754
880,3840,0.000000669
881,3840,0.000000805
882,3840,0.000000785
883,3840,0.000001176
884,3840,0.000000807
885,3840,0.000000789
886,3840,0.000000690
887,3840,0.000000782
888,3840,0.000000744
889,3840,0.000000809
890,3840,0.000000713
891,3840,0.000000843
892,3840,0.000000725
893,3840,0.000000828
894,3840,0.000000784
895,3840,0.000000660
896,3840,0.000000706
897,3840,0.000000743
898,3840,0.000000787
899,3840,0.000000749
900,3840,0.000000768
901,3840,0.000000746
902,3840,0.000000828
903,3840,0.000000713
904,3840,0.000000770
905,3840,0.000000803
906,3840,0.000000823
907,3840,0.000000680
908,3840,0.000000792
909,3840,0.000000729
910,3840,0.000000757
911,3840,0.000000646
912,3840,0.000000646
913,3840,0.000000759
914,3840,0.000000682
915,3840,0.000000805
916,3840,0.000000786
917,3840,0.000000826
918,3840,0.000000658
919,3840,0.000000732
920,3840,0.000000662
921,3840,0.000000852
922,3840,0.000000730
923,3840,0.000000824
924,3840,0.000000701
925,3840,0.000000744
926,3840,0.000000896
927,3840,0.000000639
928,3840,0.000000743
929,3840,0.000000737
930,3840,0.000000820
931,3840,0.000000732
932,3840,0.000000864
933,3840,0.000000860
934,3840,0.000000845
935,3840,0.000001012
936,3840,0.000000876
937,3840,0.000000909
938,3840,0.000000890
939,3840,0.000000807
940,3840,0.000000873
941,3840,0.000001038
942,3840,0.000000835
943,3840,0.000000661
944,3840,0.000000783
945,3840,0.000000806
946,3840,0.000000899
947,3840,0.000000916
948,3840,0.000000900
949,3840,0.000000813
950,3840,0.000000945
951,3840,0.000000948
952,3840,0.000000909
953,3840,0.000000867
954,3840,0.000001088
955,3840,0.000000905
956,3840,0.000000942
957,3840,0.000000825
958,3840,0.000000897
959,3840,0.000000660
960,3840,0.000000829
961,3840,0.000000729
962,3840,0.000000870
963,3840,0.000000746
964,3840,0.000000795
965,3840,0.000001249
966,3840,0.000000774
967,3840,0.000000830
968,3840,0.000000783
969,3840,0.000000784
970,3840,0.000000951
971,3840,0.000000744
972,3840,0.000000900
973,3840,0.000000751
974,3840,0.000000802
975,3840,0.000000665
976,3840,0.000000850
977,3840,0.000000726
978,3840,0.000000740
979,3840,0.000001052
980,3840,0.000000744
981,3840,0.000000830
982,3840,0.000000833
983,3840,0.000000728
984,3840,0.000000764
985,3840,0.000000781
986,3840,0.000000891
987,3840,0.000000779
988,3840,0.000000782
989,3840,0.000000752
990,3840,0.000000896
991,3840,0.000000647
992,3840,0.000000827
993,3840,0.000000720
994,3840,0.000000773
995,3840,0.000000824
996,3840,0.000000728
997,3840,0.000000845
998,3840,0.000001198
999,3840,0.000000783
0,4096,0.000001782
1,4096,0.000001167
2,4096,0.000001088
3,4096,0.000000947
4,4096,0.000000892
5,4096,0.000001139
6,4096,0.000001012
7,4096,0.000001285
8,4096,0.000001313
9,4096,0.000001046
10,4096,0.000000965
11,4096,0.000000944
12,4096,0.000000949
13,4096,0.000000879
14,4096,0.000000964
15,4096,0.000001247
16,4096,0.000000846
17,4096,0.000000934
18,4096,0.000000882
19,4096,0.000000855
20,4096,0.000000879
21,4096,0.000001009
22,4096,0.000000814
23,4096,0.000000943
24,4096,0.000000829
25,4096,0.000000910
26,4096,0.000000845
27,4096,0.000000855
28,4096,0.000000836
29,4096,0.000015479
30,4096,0.000001105
31,4096,0.000000868
32,4096,0.000000866
33,4096,0.000000959
34,4096,0.000001158
35,4096,0.000001013
36,4096,0.000001161
37,4096,0.000000937
38,4096,0.000001286
39,4096,0.000000919
40,4096,0.000000942
41,4096,0.000000866
42,4096,0.000000807
43,4096,0.000001003
44,4096,0.000000846
45,4096,0.000001212
46,4096,0.000000891
47,4096,0.000000916
48,4096,0.000001088
49,4096,0.000000906
50,4096,0.000000871
51,4096,0.000000820
52,4096,0.000001021
53,4096,0.000000827
54,4096,0.000001016
55,4096,0.000000926
56,4096,0.000000905
57,4096,0.000001000
58,4096,0.000013784
59,4096,0.000000887
60,4096,0.000000956
61,4096,0.000000941
62,4096,0.000000868
63,4096,0.000001259
64,4096,0.000000880
65,4096,0.000001027
66,4096,0.000000977
67,4096,0.000000915
68,4096,0.000000778
69,4096,0.000000882
70,4096,0.000000946
71,4096,0.000000915
72,4096,0.000001038
73,4096,0.000000856
74,4096,0.000000957
75,4096,0.000000917
76,4096,0.000000850
77,4096,0.000000950
78,4096,0.000000853
79,4096,0.000000904
80,4096,0.000001003
81,4096,0.000001090
82,4096,0.000000842
83,4096,0.000000917
84,4096,0.000000875
85,4096,0.000000900
86,4096,0.000000830
87,4096,0.000000856
88,4096,0.000000813
89,4096,0.000000878
90,4096,0.000000866
91,4096,0.000000914
92,4096,0.000000863
93,4096,0.000000898
94,4096,0.000000834
95,4096,0.000000871
96,4096,0.000000853
97,4096,0.000000898
98,4096,0.000000839
99,4096,0.000000886
100,4096,0.000000932
101,4096,0.000000930
102,4096,0.000000881
103,4096,0.000000846
104,4096,0.000000860
105,4096,0.000000897
106,4096,0.000000819
107,4096,0.000000836
108,4096,0.000000854
109,4096,0.000000925
110,4096,0.000000945
111,4096,0.000000870
112,4096,0.000000891
113,4096,0.000000846
114,4096,0.000000832
115,4096,0.000000862
116,4096,0.000000822
117,4096,0.000000885
118,4096,0.000000896
119,4096,0.000000836
120,4096,0.000001016
121,4096,0.000000908
122,4096,0.000000924
123,4096,0.000000823
124,4096,0.000000936
125,4096,0.000000999
126,4096,0.000000826
127,4096,0.000001280
128,4096,0.000000846
129,4096,0.000000922
130,4096,0.000000792
131,4096,0.000000916
132,4096,0.000000822
133,4096,0.000000965
134,4096,0.000000844
135,4096,0.000001042
136,4096,0.000000867
137,4096,0.000000884
138,4096,0.000000865
139,4096,0.000000834
140,4096,0.000000886
141,4096,0.000000923
142,4096,0.000000821
143,4096,0.000000981
144,4096,0.000000898
145,4096,0.000001074
146,4096,0.000000870
147,4096,0.000000870
148,4096,0.000000882
149,4096,0.000000859
150,4096,0.000001106
151,4096,0.000000880
152,4096,0.000000874
153,4096,0.000000863
154,4096,0.000000857
155,4096,0.000000915
156,4096,0.000000872
157,4096,0.000000939
158,4096,0.000000880
159,4096,0.000000947
160,4096,0.000000832
161,4096,0.000000983
162,4096,0.000000837
163,4096,0.000000877
164,4096,0.000000922
165,4096,0.000000866
166,4096,0.000001009
167,4096,0.000000879
168,4096,0.000000938
169,4096,0.000000871
170,4096,0.000000873
171,4096,0.000000868
172,4096,0.000000941
173,4096,0.000000841
174,4096,0.000000940
175,4096,0.000001012
176,4096,0.000000900
177,4096,0.000000857
178,4096,0.000000892
179,4096,0.000000866
180,4096,0.000000903
181,4096,0.000001159
182,4096,0.000001028
183,4096,0.000000891
184,4096,0.000000861
185,4096,0.000000845
186,4096,0.000000897
187,4096,0.000000889
188,4096,0.000000958
189,4096,0.000000904
190,4096,0.000000887
191,4096,0.000000851
192,4096,0.000000901
193,4096,0.000000842
194,4096,0.000000930
195,4096,0.000000843
196,4096,0.000000944
197,4096,0.000000873
198,4096,0.000000842
199,4096,0.000000866
200,4096,0.000000897
201,4096,0.000000880
202,4096,0.000000937
203,4096,0.000000813
204,4096,0.000001049
205,4096,0.000000842
206,4096,0.000000932
207,4096,0.000000849
208,4096,0.000000968
209,4096,0.000000864
210,4096,0.000000918
211,4096,0.000000837
212,4096,0.000000878
213,4096,0.000000845
214,4096,0.000000886
215,4096,0.000000860
216,4096,0.000000882
217,4096,0.000000898
218,4096,0.000000914
219,4096,0.000000914
220,4096,0.000000839
221,4096,0.000000839
222,4096,0.000000859
223,4096,0.000001238
224,4096,0.000000803
225,4096,0.000000864
226,4096,0.000000855
227,4096,0.000001091
228,4096,0.000001129
229,4096,0.000000926
230,4096,0.000000856
231,4096,0.000000949
232,4096,0.000000869
233,4096,0.000000873
234,4096,0.000000806
235,4096,0.000000870
236,4096,0.000000798
237,4096,0.000001322
238,4096,0.000000874
239,4096,0.000000966
240,4096,0.000000886
241,4096,0.000000986
242,4096,0.000000870
243,4096,0.000001033
244,4096,0.000000887
245,4096,0.000000879
246,4096,0.000000842
247,4096,0.000001158
248,4096,0.000000865
249,4096,0.000000919
250,4096,0.000000846
251,4096,0.000000931
252,4096,0.000001013
253,4096,0.000000931
254,4096,0.000001031
255,4096,0.000001083
256,4096,0.000000850
257,4096,0.000000905
258,4096,0.000012363
259,4096,0.000001011
260,4096,0.000000693
261,4096,0.000000675
262,4096,0.000000666
263,4096,0.000000610
264,4096,0.000000666
265,4096,0.000000665
266,4096,0.000000721
267,4096,0.000000680
268,4096,0.000000662
269,4096,0.000000668
270,4096,0.000000989
271,4096,0.000000618
272,4096,0.000000685
273,4096,0.000000629
274,4096,0.000000701
275,4096,0.000000660
276,4096,0.000000629
277,4096,0.000000637
278,4096,0.000000658
279,4096,0.000000660
280,4096,0.000000677
281,4096,0.000000739
282,4096,0.000000676
283,4096,0.000000703
284,4096,0.000000638
285,4096,0.000000657
286,4096,0.000000632
287,4096,0.000000770
288,4096,0.000000631
289,4096,0.000000778
290,4096,0.000000868
291,4096,0.000000682
292,4096,0.000000647
293,4096,0.000000656
294,4096,0.000000684
295,4096,0.000000690
296,4096,0.000000656
297,4096,0.000000666
298,4096,0.000000673
299,4096,0.000000802
300,4096,0.000000701
301,4096,0.000000713
302,4096,0.000000674
303,4096,0.000000768
304,4096,0.000000629
305,4096,0.000000689
306,4096,0.000000617
307,4096,0.000000710
308,4096,0.000000661
309,4096,0.000000808
310,4096,0.000000670
311,4096,0.000000702
312,4096,0.000000679
313,4096,0.000000825
314,4096,0.000000753
315,4096,0.000000696
316,4096,0.000000739
317,4096,0.000000705
318,4096,0.000000730
319,4096,0.000000663
320,4096,0.000000750
321,4096,0.000000700
322,4096,0.000000681
323,4096,0.000000648
324,4096,0.000001033
325,4096,0.000000680
326,4096,0.000000716
327,4096,0.000000633
328,4096,0.000000779
329,4096,0.000000764
330,4096,0.000000717
331,4096,0.000000609
332,4096,0.000000691
333,4096,0.000000717
334,4096,0.000000680
335,4096,0.000000728
336,4096,0.000000615
337,4096,0.000000693
338,4096,0.000000683
339,4096,0.000000699
340,4096,0.000000693
341,4096,0.000000716
342,4096,0.000000683
343,4096,0.000000628
344,4096,0.000000645
345,4096,0.000001099
346,4096,0.000000667
347,4096,0.000000765
348,4096,0.000000685
349,4096,0.000000638
350,4096,0.000000934
351,4096,0.000000769
352,4096,0.000000678
353,4096,0.000000694
354,4096,0.000000622
355,4096,0.000000709
356,4096,0.000000706
357,4096,0.000000750
358,4096,0.000000663
359,4096,0.000000657
360,4096,0.000000663
361,4096,0.000000691
362,4096,0.000000700
363,4096,0.000000782
364,4096,0.000000647
365,4096,0.000000724
366,4096,0.000000617
367,4096,0.000000762
368,4096,0.000000697
369,4096,0.000000723
370,4096,0.000000646
371,4096,0.000000716
372,4096,0.000000626
373,4096,0.000000781
374,4096,0.000000689
375,4096,0.000000700
376,4096,0.000000739
377,4096,0.000000663
378,4096,0.000000653
379,4096,0.000000618
380,4096,0.000000807
381,4096,0.000000653
382,4096,0.000000727
383,4096,0.000000675
384,4096,0.000000640
385,4096,0.000000670
386,4096,0.000000736
387,4096,0.000000722
388,4096,0.000000733
389,4096,0.000000650
390,4096,0.000000706
391,4096,0.000000643
392,4096,0.000000640
393,4096,0.000000997
394,4096,0.000000782
395,4096,0.000000698
396,4096,0.000000655
397,4096,0.000000659
398,4096,0.000000938
399,4096,0.000000642
400,4096,0.000000811
401,4096,0.000000679
402,4096,0.000000789
403,4096,0.000000657
404,4096,0.000000752
405,4096,0.000000675
406,4096,0.000000711
407,4096,0.000000674
408,4096,0.000000761
409,4096,0.000000688
410,4096,0.000000650
411,4096,0.000000648
412,4096,0.000000641
413,4096,0.000000653
414,4096,0.000000738
415,4096,0.000000709
416,4096,0.000000696
417,4096,0.000000621
418,4096,0.000000758
419,4096,0.000000669
420,4096,0.000000696
421,4096,0.000000663
422,4096,0.000000649
423,4096,0.000000637
424,4096,0.000000620
425,4096,0.000000638
426,4096,0.000000650
427,4096,0.000000702
428,4096,0.000000734
429,4096,0.000000618
430,4096,0.000000802
431,4096,0.000000696
432,4096,0.000000719
433,4096,0.000000622
434,4096,0.000000668
435,4096,0.000000627
436,4096,0.000001027
437,4096,0.000000642
438,4096,0.000000723
439,4096,0.000000660
440,4096,0.000000612
441,4096,0.000000654
442,4096,0.000000641
443,4096,0.000000649
444,4096,0.000000674
445,4096,0.000000750
446,4096,0.000000648
447,4096,0.000000746
448,4096,0.000000632
449,4096,0.000000765
450,4096,0.000000654
451,4096,0.000000653
452,4096,0.000000649
453,4096,0.000000671
454,4096,0.000000646
455,4096,0.000000631
456,4096,0.000000742
457,4096,0.000000677
458,4096,0.000000715
459,4096,0.000000678
460,4096,0.000000721
461,4096,0.000000709
462,4096,0.000000682
463,4096,0.000000676
464,4096,0.000000699
465,4096,0.000000631
466,4096,0.000000952
467,4096,0.000000674
468,4096,0.000000634
469,4096,0.000000623
470,4096,0.000000682
471,4096,0.000000623
472,4096,0.000000703
473,4096,0.000000635
474,4096,0.000000660
475,4096,0.000000620
476,4096,0.000000663
477,4096,0.000000883
478,4096,0.000000640
479,4096,0.000000637
480,4096,0.000000702
481,4096,0.000000620
482,4096,0.000000795
483,4096,0.000000673
484,4096,0.000000646
485,4096,0.000000699
486,4096,0.000000666
487,4096,0.000000610
488,4096,0.000000643
489,4096,0.000000621
490,4096,0.000000629
491,4096,0.000000618
492,4096,0.000000712
493,4096,0.000000638
494,4096,0.000000659
495,4096,0.000000657
496,4096,0.000000704
497,4096,0.000000695
498,4096,0.000000670
499,4096,0.000000632
500,4096,0.000000664
501,4096,0.000000724
502,4096,0.000000602
503,4096,0.000000743
504,4096,0.000000654
505,4096,0.000000657
506,4096,0.000000638
507,4096,0.000000680
508,4096,0.000000664
509,4096,0.000000836
510,4096,0.000000746
511,4096,0.000000657
512,4096,0.000000671
513,4096,0.000000909
514,4096,0.000000646
515,4096,0.000000633
516,4096,0.000000695
517,4096,0.000000668
518,4096,0.000000633
519,4096,0.000000663
520,4096,0.000000618
521,4096,0.000000643
522,4096,0.000000667
523,4096,0.000000646
524,4096,0.000000704
525,4096,0.000000674
526,4096,0.000000778
527,4096,0.000000701
528,4096,0.000000655
529,4096,0.000000659
530,4096,0.000000631
531,4096,0.000000654
532,4096,0.000000641
533,4096,0.000000622
534,4096,0.000000704
535,4096,0.000000657
536,4096,0.000000739
537,4096,0.000000655
538,4096,0.000000674
539,4096,0.000000634
540,4096,0.000000700
541,4096,0.000000764
542,4096,0.000000655
543,4096,0.000000637
544,4096,0.000000688
545,4096,0.000000621
546,4096,0.000000661
547,4096,0.000000624
548,4096,0.000000681
549,4096,0.000000608
550,4096,0.000000676
551,4096,0.000000647
552,4096,0.000000769
553,4096,0.000000625
554,4096,0.000000808
555,4096,0.000000686
556,4096,0.000000668
557,4096,0.000000624
558,4096,0.000000664
559,4096,0.000000650
560,4096,0.000000768
561,4096,0.000000663
562,4096,0.000000644
563,4096,0.000000649
564,4096,0.000000687
565,4096,0.000000612
566,4096,0.000000635
567,4096,0.000000610
568,4096,0.000000719
569,4096,0.000000689
570,4096,0.000000655
571,4096,0.000000664
572,4096,0.000000695
573,4096,0.000000661
574,4096,0.000000748
575,4096,0.000000660
576,4096,0.000000798
577,4096,0.000000610
578,4096,0.000000688
579,4096,0.000000636
580,4096,0.000000752
581,4096,0.000000644
582,4096,0.000000666
583,4096,0.000000660
584,4096,0.000000631
585,4096,0.000000615
586,4096,0.000000691
587,4096,0.000000666
588,4096,0.000000664
589,4096,0.000000624
590,4096,0.000000648
591,4096,0.000000635
592,4096,0.000000686
593,4096,0.000000671
594,4096,0.000000755
595,4096,0.000000606
596,4096,0.000000688
597,4096,0.000000637
598,4096,0.000000724
599,4096,0.000000776
600,4096,0.000000670
601,4096,0.000000640
602,4096,0.000000648
603,4096,0.000000677
604,4096,0.000000659
605,4096,0.000000675
606,4096,0.000000663
607,4096,0.000000680
608,4096,0.000000700
609,4096,0.000000691
610,4096,0.000000642
611,4096,0.000000651
612,4096,0.000000726
613,4096,0.000000677
614,4096,0.000000802
615,4096,0.000000637
616,4096,0.000000744
617,4096,0.000000664
618,4096,0.000000689
619,4096,0.000000628
620,4096,0.000000720
621,4096,0.000000624
622,4096,0.000000785
623,4096,0.000000637
624,4096,0.000001039
625,4096,0.000000689
626,4096,0.000000759
627,4096,0.000000626
628,4096,0.000000678
629,4096,0.000000688
630,4096,0.000000725
631,4096,0.000000663
632,4096,0.000000814
633,4096,0.000000681
634,4096,0.000000694
635,4096,0.000000662
636,4096,0.000000684
637,4096,0.000000643
638,4096,0.000000843
639,4096,0.000000703
640,4096,0.000000716
641,4096,0.000000642
642,4096,0.000000807
643,4096,0.000000692
644,4096,0.000000660
645,4096,0.000000653
646,4096,0.000000674
647,4096,0.000000634
648,4096,0.000000699
649,4096,0.000000678
650,4096,0.000000680
651,4096,0.000000651
652,4096,0.000000693
653,4096,0.000000640
654,4096,0.000000690
655,4096,0.000000624
656,4096,0.000000693
657,4096,0.000000642
658,4096,0.000000661
659,4096,0.000000744
660,4096,0.000000764
661,4096,0.000000644
662,4096,0.000000715
663,4096,0.000000647
664,4096,0.000000651
665,4096,0.000000705
666,4096,0.000000697
667,4096,0.000000678
668,4096,0.000000733
669,4096,0.000000646
670,4096,0.000000759
671,4096,0.000000608
672,4096,0.000000677
673,4096,0.000000672
674,4096,0.000000626
675,4096,0.000000650
676,4096,0.000000638
677,4096,0.000000632
678,4096,0.000000741
679,4096,0.000000644
680,4096,0.000000708
681,4096,0.000000668
682,4096,0.000000688
683,4096,0.000000660
684,4096,0.000000644
685,4096,0.000000739
686,4096,0.000000673
687,4096,0.000000637
688,4096,0.000000670
689,4096,0.000000643
690,4096,0.000000656
691,4096,0.000000616
692,4096,0.000000652
693,4096,0.000000723
694,4096,0.000000766
695,4096,0.000000960
696,4096,0.000000700
697,4096,0.000000624
698,4096,0.000000676
699,4096,0.000000699
700,4096,0.000000672
701,4096,0.000000636
702,4096,0.000000757
703,4096,0.000000928
704,4096,0.000000658
705,4096,0.000000652
706,4096,0.000000741
707,4096,0.000000640
708,4096,0.000000719
709,4096,0.000000611
710,4096,0.000000694
711,4096,0.000000847
712,4096,0.000000653
713,4096,0.000000617
714,4096,0.000000830
715,4096,0.000000665
716,4096,0.000000692
717,4096,0.000000729
718,4096,0.000000722
719,4096,0.000000616
720,4096,0.000000713
721,4096,0.000000695
722,4096,0.000000702
723,4096,0.000000662
724,4096,0.000000728
725,4096,0.000000639
726,4096,0.000000765
727,4096,0.000000637
728,4096,0.000000738
729,4096,0.000000663
730,4096,0.000000717
731,4096,0.000000719
732,4096,0.000000710
733,4096,0.000000649
734,4096,0.000000693
735,4096,0.000000986
736,4096,0.000000671
737,4096,0.000000631
738,4096,0.000000635
739,4096,0.000000625
740,4096,0.000000633
741,4096,0.000000652
742,4096,0.000000618
743,4096,0.000000637
744,4096,0.000000619
745,4096,0.000000737
746,4096,0.000000648
747,4096,0.000000653
748,4096,0.000000658
749,4096,0.000000749
750,4096,0.000000663
751,4096,0.000000622
752,4096,0.000000809
753,4096,0.000000707
754,4096,0.000000688
755,4096,0.000000652
756,4096,0.000000770
757,4096,0.000000675
758,4096,0.000000673
759,4096,0.000000675
760,4096,0.000000645
761,4096,0.000000621
762,4096,0.000000795
763,4096,0.000000645
764,4096,0.000000641
765,4096,0.000000615
766,4096,0.000000633
767,4096,0.000000684
768,4096,0.000000704
769,4096,0.000000673
770,4096,0.000000697
771,4096,0.000000881
772,4096,0.000000666
773,4096,0.000000617
774,4096,0.000000738
775,4096,0.000000607
776,4096,0.000000679
777,4096,0.000000604
778,4096,0.000000718
779,4096,0.000000684
780,4096,0.000000678
781,4096,0.000000646
782,4096,0.000000673
783,4096,0.000000611
784,4096,0.000000643
785,4096,0.000000607
786,4096,0.000000655
787,4096,0.000000626
788,4096,0.000000761
789,4096,0.000000613
790,4096,0.000000697
791,4096,0.000000608
792,4096,0.000000633
793,4096,0.000000604
794,4096,0.000000671
795,4096,0.000000684
796,4096,0.000000689
797,4096,0.000000622
798,4096,0.000000653
799,4096,0.000000626
800,4096,0.000000668
801,4096,0.000000641
802,4096,0.000000646
803,4096,0.000000606
804,4096,0.000000631
805,4096,0.000000633
806,4096,0.000000669
807,4096,0.000000617
808,4096,0.000000919
809,4096,0.000000692
810,4096,0.000000653
811,4096,0.000000697
812,4096,0.000000674
813,4096,0.000000638
814,4096,0.000000625
815,4096,0.000000619
816,4096,0.000000721
817,4096,0.000000646
818,4096,0.000000690
819,4096,0.000000602
820,4096,0.000000680
821,4096,0.000000630
822,4096,0.000000851
823,4096,0.000000627
824,4096,0.000000735
825,4096,0.000000611
826,4096,0.000000668
827,4096,0.000000619
828,4096,0.000000672
829,4096,0.000000636
830,4096,0.000000674
831,4096,0.000000645
832,4096,0.000000666
833,4096,0.000000634
834,4096,0.000000665
835,4096,0.000000698
836,4096,0.000000750
837,4096,0.000000616
838,4096,0.000000627
839,4096,0.000000678
840,4096,0.000000663
841,4096,0.000000651
842,4096,0.000000639
843,4096,0.000000612
844,4096,0.000000685
845,4096,0.000000631
846,4096,0.000000629
847,4096,0.000000611
848,4096,0.000000715
849,4096,0.000000637
850,4096,0.000000659
851,4096,0.000000583
852,4096,0.000000687
853,4096,0.000000605
854,4096,0.000000645
855,4096,0.000000617
856,4096,0.000000689
857,4096,0.000000645
858,4096,0.000000713
859,4096,0.000000663
860,4096,0.000000700
861,4096,0.000000588
862,4096,0.000000615
863,4096,0.000000618
864,4096,0.000000751
865,4096,0.000000630
866,4096,0.000000637
867,4096,0.000000584
868,4096,0.000000640
869,4096,0.000000846
870,4096,0.000000654
871,4096,0.000000668
872,4096,0.000000687
873,4096,0.000000619
874,4096,0.000000666
875,4096,0.000000692
876,4096,0.000000738
877,4096,0.000000763
878,4096,0.000000698
879,4096,0.000000703
880,4096,0.000000710
881,4096,0.000000673
882,4096,0.000000684
883,4096,0.000000814
884,4096,0.000000733
885,4096,0.000000708
886,4096,0.000000726
887,4096,0.000000788
888,4096,0.000000704
889,4096,0.000000753
890,4096,0.000000701
891,4096,0.000000678
892,4096,0.000000809
893,4096,0.000000717
894,4096,0.000000726
895,4096,0.000000777
896,4096,0.000000795
897,4096,0.000000804
898,4096,0.000000709
899,4096,0.000000825
900,4096,0.000000785
901,4096,0.000000686
902,4096,0.000000731
903,4096,0.000000702
904,4096,0.000000667
905,4096,0.000000769
906,4096,0.000000740
907,4096,0.000000746
908,4096,0.000000655
909,4096,0.000000619
910,4096,0.000000725
911,4096,0.000000830
912,4096,0.000000652
913,4096,0.000000692
914,4096,0.000000654
915,4096,0.000000763
916,4096,0.000000751
917,4096,0.000000688
918,4096,0.000000766
919,4096,0.000000670
920,4096,0.000000822
921,4096,0.000000685
922,4096,0.000000684
923,4096,0.000000747
924,4096,0.000000688
925,4096,0.000000669
926,4096,0.000000783
927,4096,0.000000662
928,4096,0.000000651
929,4096,0.000000761
930,4096,0.000000809
931,4096,0.000000685
932,4096,0.000000702
933,4096,0.000000699
934,4096,0.000000688
935,4096,0.000000773
936,4096,0.000000741
937,4096,0.000000675
938,4096,0.000000852
939,4096,0.000000700
940,4096,0.000000719
941,4096,0.000000840
942,4096,0.000000774
943,4096,0.000000693
944,4096,0.000000705
945,4096,0.000000707
946,4096,0.000000827
947,4096,0.000000836
948,4096,0.000000997
949,4096,0.000000780
950,4096,0.000000985
951,4096,0.000000927
952,4096,0.000000828
953,4096,0.000000769
954,4096,0.000000847
955,4096,0.000000838
956,4096,0.000001011
957,4096,0.000000857
958,4096,0.000000842
959,4096,0.000001046
960,4096,0.000000780
961,4096,0.000000874
962,4096,0.000000914
963,4096,0.000000891
964,4096,0.000000850
965,4096,0.000000781
966,4096,0.000000789
967,4096,0.000000703
968,4096,0.000000755
969,4096,0.000000694
970,4096,0.000001106
971,4096,0.000000745
972,4096,0.000000834
973,4096,0.000000858
974,4096,0.000000769
975,4096,0.000000704
976,4096,0.000000841
977,4096,0.000000704
978,4096,0.000000851
979,4096,0.000000719
980,4096,0.000000842
981,4096,0.000000696
982,4096,0.000000866
983,4096,0.000000704
984,4096,0.000000834
985,4096,0.000000906
986,4096,0.000000720
987,4096,0.000000883
988,4096,0.000000692
989,4096,0.000000914
990,4096,0.000000842
991,4096,0.000000732
992,4096,0.000000844
993,4096,0.000000835
994,4096,0.000000709
995,4096,0.000000890
996,4096,0.000000712
997,4096,0.000000953
998,4096,0.000000706
999,4096,0.000000858
0,4352,0.000001270
1,4352,0.000000852
2,4352,0.000000816
3,4352,0.000013615
4,4352,0.000001051
5,4352,0.000000780
6,4352,0.000000802
7,4352,0.000000754
8,4352,0.000000810
9,4352,0.000000742
10,4352,0.000000703
11,4352,0.000001064
12,4352,0.000000685
13,4352,0.000000710
14,4352,0.000000721
15,4352,0.000000725
16,4352,0.000001437
17,4352,0.000001016
18,4352,0.000001042
19,4352,0.000001073
20,4352,0.000001016
21,4352,0.000001321
22,4352,0.000001014
23,4352,0.000001124
24,4352,0.000001568
25,4352,0.000000856
26,4352,0.000000860
27,4352,0.000000974
28,4352,0.000000978
29,4352,0.000000816
30,4352,0.000000951
31,4352,0.000001017
32,4352,0.000000971
33,4352,0.000001050
34,4352,0.000001157
35,4352,0.000001008
36,4352,0.000001133
37,4352,0.000000879
38,4352,0.000016001
39,4352,0.000000892
40,4352,0.000000909
41,4352,0.000000789
42,4352,0.000000805
43,4352,0.000001467
44,4352,0.000001290
45,4352,0.000000964
46,4352,0.000001044
47,4352,0.000000934
48,4352,0.000001042
49,4352,0.000000830
50,4352,0.000000968
51,4352,0.000000941
52,4352,0.000014557
53,4352,0.000001071
54,4352,0.000001060
55,4352,0.000000870
56,4352,0.000001105
57,4352,0.000000871
58,4352,0.000001001
59,4352,0.000001092
60,4352,0.000000957
61,4352,0.000001017
62,4352,0.000000979
63,4352,0.000001057
64,4352,0.000000963
65,4352,0.000001076
66,4352,0.000001289
67,4352,0.000001003
68,4352,0.000000924
69,4352,0.000000940
70,4352,0.000001283
71,4352,0.000000866
72,4352,0.000001093
73,4352,0.000001229
74,4352,0.000001048
75,4352,0.000000914
76,4352,0.000000958
77,4352,0.000000910
78,4352,0.000000947
79,4352,0.000001084
80,4352,0.000001007
81,4352,0.000000947
82,4352,0.000000897
83,4352,0.000001372
84,4352,0.000001018
85,4352,0.000001181
86,4352,0.000000930
87,4352,0.000000999
88,4352,0.000000877
89,4352,0.000001004
90,4352,0.000000919
91,4352,0.000000943
92,4352,0.000000919
93,4352,0.000000961
94,4352,0.000000920
95,4352,0.000001022
96,4352,0.000000980
97,4352,0.000000971
98,4352,0.000001019
99,4352,0.000000996
100,4352,0.000000910
101,4352,0.000000924
102,4352,0.000001319
103,4352,0.000001158
104,4352,0.000000914
105,4352,0.000000921
106,4352,0.000000855
107,4352,0.000000931
108,4352,0.000000923
109,4352,0.000000908
110,4352,0.000000927
111,4352,0.000000966
112,4352,0.000001173
113,4352,0.000000991
114,4352,0.000001083
115,4352,0.000000927
116,4352,0.000001036
117,4352,0.000001315
118,4352,0.000000931
119,4352,0.000001043
120,4352,0.000000906
121,4352,0.000000944
122,4352,0.000000879
123,4352,0.000000944
124,4352,0.000000907
125,4352,0.000001012
126,4352,0.000000936
127,4352,0.000001035
128,4352,0.000000985
129,4352,0.000000943
130,4352,0.000000920
131,4352,0.000000956
132,4352,0.000001003
133,4352,0.000000887
134,4352,0.000001012
135,4352,0.000000948
136,4352,0.000001000
137,4352,0.000000908
138,4352,0.000000912
139,4352,0.000000964
140,4352,0.000000893
141,4352,0.000000907
142,4352,0.000000959
143,4352,0.000000923
144,4352,0.000001058
145,4352,0.000001057
146,4352,0.000000929
147,4352,0.000001067
148,4352,0.000001286
149,4352,0.000000991
150,4352,0.000000950
151,4352,0.000000986
152,4352,0.000000894
153,4352,0.000000909
154,4352,0.000000959
155,4352,0.000000900
156,4352,0.000000931
157,4352,0.000000919
158,4352,0.000001051
159,4352,0.000000955
160,4352,0.000001118
161,4352,0.000001043
162,4352,0.000000953
163,4352,0.000001039
164,4352,0.000000945
165,4352,0.000000995
166,4352,0.000001048
167,4352,0.000001082
168,4352,0.000001002
169,4352,0.000001014
170,4352,0.000001027
171,4352,0.000001719
172,4352,0.000001043
173,4352,0.000000746
174,4352,0.000000728
175,4352,0.000000734
176,4352,0.000000916
177,4352,0.000000772
178,4352,0.000001191
179,4352,0.000000757
180,4352,0.000000798
181,4352,0.000000615
182,4352,0.000000809
183,4352,0.000000734
184,4352,0.000000880
185,4352,0.000000801
186,4352,0.000000793
187,4352,0.000000682
188,4352,0.000000721
189,4352,0.000000708
190,4352,0.000000723
191,4352,0.000000667
192,4352,0.000000856
193,4352,0.000000827
194,4352,0.000000701
195,4352,0.000000886
196,4352,0.000000878
197,4352,0.000000788
198,4352,0.000001059
199,4352,0.000000730
200,4352,0.000000696
201,4352,0.000000759
202,4352,0.000000767
203,4352,0.000000803
204,4352,0.000000691
205,4352,0.000000845
206,4352,0.000000693
207,4352,0.000000691
208,4352,0.000000798
209,4352,0.000000790
210,4352,0.000000630
211,4352,0.000000782
212,4352,0.000000759
213,4352,0.000000820
214,4352,0.000000754
215,4352,0.000000804
216,4352,0.000000754
217,4352,0.000001004
218,4352,0.000000786
219,4352,0.000000769
220,4352,0.000000616
221,4352,0.000000745
222,4352,0.000000648
223,4352,0.000000807
224,4352,0.000000797
225,4352,0.000011145
226,4352,0.000000930
227,4352,0.000000780
228,4352,0.000000889
229,4352,0.000000770
230,4352,0.000000857
231,4352,0.000001067
232,4352,0.000000744
233,4352,0.000000786
234,4352,0.000000744
235,4352,0.000000740
236,4352,0.000000762
237,4352,0.000000937
238,4352,0.000000701
239,4352,0.000000783
240,4352,0.000000794
241,4352,0.000000756
242,4352,0.000000803
243,4352,0.000001153
244,4352,0.000000829
245,4352,0.000000728
246,4352,0.000000745
247,4352,0.000000698
248,4352,0.000000699
249,4352,0.000000710
250,4352,0.000000750
251,4352,0.000000752
252,4352,0.000000674
253,4352,0.000000727
254,4352,0.000000811
255,4352,0.000000654
256,4352,0.000000740
257,4352,0.000000812
258,4352,0.000000745
259,4352,0.000000698
260,4352,0.000000705
261,4352,0.000000759
262,4352,0.000000728
263,4352,0.000000725
264,4352,0.000000808
265,4352,0.000000791
266,4352,0.000000775
267,4352,0.000000702
268,4352,0.000000841
269,4352,0.000000666
270,4352,0.000000730
271,4352,0.000000680
272,4352,0.000000744
273,4352,0.000000785
274,4352,0.000000775
275,4352,0.000000774
276,4352,0.000000777
277,4352,0.000000765
278,4352,0.000000715
279,4352,0.000000777
280,4352,0.000000796
281,4352,0.000000811
282,4352,0.000000779
283,4352,0.000000749
284,4352,0.000000774
285,4352,0.000001096
286,4352,0.000000669
287,4352,0.000000726
288,4352,0.000000823
289,4352,0.000000773
290,4352,0.000000792
291,4352,0.000000748
292,4352,0.000000764
293,4352,0.000000716
294,4352,0.000000920
295,4352,0.000000832
296,4352,0.000000752
297,4352,0.000000839
298,4352,0.000000807
299,4352,0.000001124
300,4352,0.000000678
301,4352,0.000000718
302,4352,0.000000719
303,4352,0.000000726
304,4352,0.000001158
305,4352,0.000000737
306,4352,0.000000861
307,4352,0.000000723
308,4352,0.000000755
309,4352,0.000000801
310,4352,0.000000782
311,4352,0.000000700
312,4352,0.000000857
313,4352,0.000000714
314,4352,0.000000816
315,4352,0.000000801
316,4352,0.000000622
317,4352,0.000000819
318,4352,0.000000740
319,4352,0.000000703
320,4352,0.000000774
321,4352,0.000000769
322,4352,0.000000826
323,4352,0.000001059
324,4352,0.000000724
325,4352,0.000000783
326,4352,0.000000806
327,4352,0.000000759
328,4352,0.000000778
329,4352,0.000000690
330,4352,0.000000808
331,4352,0.000000716
332,4352,0.000000742
333,4352,0.000000651
334,4352,0.000000733
335,4352,0.000000721
336,4352,0.000000892
337,4352,0.000000757
338,4352,0.000000683
339,4352,0.000000835
340,4352,0.000000783
341,4352,0.000000852
342,4352,0.000000732
343,4352,0.000000811
344,4352,0.000000713
345,4352,0.000000730
346,4352,0.000000711
347,4352,0.000000772
348,4352,0.000000757
349,4352,0.000000838
350,4352,0.000000927
351,4352,0.000000803
352,4352,0.000000737
353,4352,0.000000837
354,4352,0.000000719
355,4352,0.000000861
356,4352,0.000000613
357,4352,0.000000866
358,4352,0.000000727
359,4352,0.000000793
360,4352,0.000000830
361,4352,0.000000725
362,4352,0.000000735
363,4352,0.000000690
364,4352,0.000000754
365,4352,0.000000768
366,4352,0.000000680
367,4352,0.000000728
368,4352,0.000000722
369,4352,0.000000808
370,4352,0.000000865
371,4352,0.000000755
372,4352,0.000000994
373,4352,0.000000753
374,4352,0.000000865
375,4352,0.000000712
376,4352,0.000000833
377,4352,0.000000678
378,4352,0.000000868
379,4352,0.000000694
380,4352,0.000000782
381,4352,0.000000714
382,4352,0.000000763
383,4352,0.000000719
384,4352,0.000000900
385,4352,0.000000791
386,4352,0.000000715
387,4352,0.000000776
388,4352,0.000000776
389,4352,0.000000848
390,4352,0.000000754
391,4352,0.000001164
392,4352,0.000000674
393,4352,0.000000812
394,4352,0.000000749
395,4352,0.000000782
396,4352,0.000000751
397,4352,0.000000755
398,4352,0.000000667
399,4352,0.000000658
400,4352,0.000000735
401,4352,0.000001058
402,4352,0.000000783
403,4352,0.000000721
404,4352,0.000000735
405,4352,0.000000757
406,4352,0.000000828
407,4352,0.000000662
408,4352,0.000000784
409,4352,0.000000656
410,4352,0.000000809
411,4352,0.000000731
412,4352,0.000000791
413,4352,0.000000703
414,4352,0.000000647
415,4352,0.000000667
416,4352,0.000000743
417,4352,0.000000727
418,4352,0.000000905
419,4352,0.000000743
420,4352,0.000000768
421,4352,0.000000788
422,4352,0.000000779
423,4352,0.000000751
424,4352,0.000000677
425,4352,0.000000729
426,4352,0.000000686
427,4352,0.000000698
428,4352,0.000000730
429,4352,0.000000844
430,4352,0.000000716
431,4352,0.000000966
432,4352,0.000000835
433,4352,0.000000771
434,4352,0.000000835
435,4352,0.000000761
436,4352,0.000000832
437,4352,0.000000742
438,4352,0.000000900
439,4352,0.000000713
440,4352,0.000000771
441,4352,0.000000842
442,4352,0.000000742
443,4352,0.000000781
444,4352,0.000000746
445,4352,0.000000990
446,4352,0.000000662
447,4352,0.000000680
448,4352,0.000000817
449,4352,0.000000713
450,4352,0.000000922
451,4352,0.000000854
452,4352,0.000000727
453,4352,0.000000796
454,4352,0.000000719
455,4352,0.000000727
456,4352,0.000000796
457,4352,0.000000814
458,4352,0.000000661
459,4352,0.000000770
460,4352,0.000000714
461,4352,0.000000662
462,4352,0.000000655
463,4352,0.000000793
464,4352,0.000000772
465,4352,0.000000921
466,4352,0.000000791
467,4352,0.000000778
468,4352,0.000000794
469,4352,0.000000699
470,4352,0.000000704
471,4352,0.000000765
472,4352,0.000001045
473,4352,0.000000782
474,4352,0.000000763
475,4352,0.000000743
476,4352,0.000000705
477,4352,0.000000768
478,4352,0.000000747
479,4352,0.000000717
480,4352,0.000000843
481,4352,0.000000848
482,4352,0.000000710
483,4352,0.000000783
484,4352,0.000001038
485,4352,0.000000748
486,4352,0.000001131
487,4352,0.000000798
488,4352,0.000000700
489,4352,0.000000626
490,4352,0.000000680
491,4352,0.000001069
492,4352,0.000000738
493,4352,0.000000820
494,4352,0.000000811
495,4352,0.000000822
496,4352,0.000000748
497,4352,0.000000744
498,4352,0.000000750
499,4352,0.000000765
500,4352,0.000000773
501,4352,0.000000720
502,4352,0.000000788
503,4352,0.000000923
504,4352,0.000000819
505,4352,0.000000990
506,4352,0.000000751
507,4352,0.000000730
508,4352,0.000000784
509,4352,0.000000725
510,4352,0.000000714
511,4352,0.000000718
512,4352,0.000000749
513,4352,0.000000694
514,4352,0.000000711
515,4352,0.000000651
516,4352,0.000000679
517,4352,0.000000705
518,4352,0.000000650
519,4352,0.000000729
520,4352,0.000000775
521,4352,0.000000802
522,4352,0.000000775
523,4352,0.000000913
524,4352,0.000000667
525,4352,0.000000714
526,4352,0.000000732
527,4352,0.000000748
528,4352,0.000000768
529,4352,0.000000692
530,4352,0.000000730
531,4352,0.000000915
532,4352,0.000000692
533,4352,0.000000651
534,4352,0.000000743
535,4352,0.000000632
536,4352,0.000000771
537,4352,0.000000726
538,4352,0.000000751
539,4352,0.000000786
540,4352,0.000000899
541,4352,0.000000713
542,4352,0.000000808
543,4352,0.000000622
544,4352,0.000000742
545,4352,0.000000740
546,4352,0.000000764
547,4352,0.000000759
548,4352,0.000000729
549,4352,0.000000693
550,4352,0.000000650
551,4352,0.000000669
552,4352,0.000000718
553,4352,0.000000698
554,4352,0.000000641
555,4352,0.000000695
556,4352,0.000000683
557,4352,0.000000723
558,4352,0.000000738
559,4352,0.000000993
560,4352,0.000000762
561,4352,0.000000819
562,4352,0.000000805
563,4352,0.000000725
564,4352,0.000000796
565,4352,0.000000663
566,4352,0.000001024
567,4352,0.000000772
568,4352,0.000000808
569,4352,0.000000781
570,4352,0.000000866
571,4352,0.000000699
572,4352,0.000000679
573,4352,0.000000727
574,4352,0.000000703
575,4352,0.000000663
576,4352,0.000000808
577,4352,0.000000745
578,4352,0.000000712
579,4352,0.000000760
580,4352,0.000000729
581,4352,0.000000932
582,4352,0.000000655
583,4352,0.000000708
584,4352,0.000000709
585,4352,0.000000838
586,4352,0.000000655
587,4352,0.000000740
588,4352,0.000000714
589,4352,0.000000780
590,4352,0.000000722
591,4352,0.000000868
592,4352,0.000000816
593,4352,0.000000757
594,4352,0.000000700
595,4352,0.000000734
596,4352,0.000000821
597,4352,0.000000819
598,4352,0.000001060
599,4352,0.000000661
600,4352,0.000000770
601,4352,0.000000853
602,4352,0.000000767
603,4352,0.000000702
604,4352,0.000000745
605,4352,0.000000726
606,4352,0.000000711
607,4352,0.000000681
608,4352,0.000000860
609,4352,0.000000816
610,4352,0.000000745
611,4352,0.000000798
612,4352,0.000000714
613,4352,0.000000806
614,4352,0.000000712
615,4352,0.000001001
616,4352,0.000000658
617,4352,0.000000687
618,4352,0.000000654
619,4352,0.000000765
620,4352,0.000000705
621,4352,0.000000769
622,4352,0.000000732
623,4352,0.000000739
624,4352,0.000000804
625,4352,0.000000783
626,4352,0.000000787
627,4352,0.000000759
628,4352,0.000000880
629,4352,0.000000724
630,4352,0.000000748
631,4352,0.000000701
632,4352,0.000000725
633,4352,0.000000779
634,4352,0.000000837
635,4352,0.000000662
636,4352,0.000000742
637,4352,0.000000647
638,4352,0.000000723
639,4352,0.000000659
640,4352,0.000001158
641,4352,0.000000760
642,4352,0.000000724
643,4352,0.000000692
644,4352,0.000000841
645,4352,0.000000695
646,4352,0.000000731
647,4352,0.000000730
648,4352,0.000000712
649,4352,0.000000757
650,4352,0.000000660
651,4352,0.000000743
652,4352,0.000000762
653,4352,0.000000791
654,4352,0.000000719
655,4352,0.000000659
656,4352,0.000000785
657,4352,0.000000716
658,4352,0.000000822
659,4352,0.000000682
660,4352,0.000000739
661,4352,0.000000699
662,4352,0.000000776
663,4352,0.000000665
664,4352,0.000000765
665,4352,0.000000678
666,4352,0.000000719
667,4352,0.000000621
668,4352,0.000000711
669,4352,0.000000834
670,4352,0.000000710
671,4352,0.000000668
672,4352,0.000000815
673,4352,0.000000754
674,4352,0.000000664
675,4352,0.000000717
676,4352,0.000000909
677,4352,0.000000723
678,4352,0.000000728
679,4352,0.000000743
680,4352,0.000000802
681,4352,0.000000920
682,4352,0.000000666
683,4352,0.000000784
684,4352,0.000000661
685,4352,0.000000762
686,4352,0.000000704
687,4352,0.000000719
688,4352,0.000000816
689,4352,0.000000684
690,4352,0.000000708
691,4352,0.000000759
692,4352,0.000000740
693,4352,0.000000703
694,4352,0.000000648
695,4352,0.000000686
696,4352,0.000000641
697,4352,0.000000730
698,4352,0.000000726
699,4352,0.000000659
700,4352,0.000000662
701,4352,0.000000663
702,4352,0.000000664
703,4352,0.000000714
704,4352,0.000001148
705,4352,0.000000755
706,4352,0.000000677
707,4352,0.000000876
708,4352,0.000000692
709,4352,0.000000708
710,4352,0.000000725
711,4352,0.000000821
712,4352,0.000000733
713,4352,0.000000750
714,4352,0.000000683
715,4352,0.000000714
716,4352,0.000000697
717,4352,0.000000732
718,4352,0.000000677
719,4352,0.000000681
720,4352,0.000000742
721,4352,0.000000654
722,4352,0.000000795
723,4352,0.000000737
724,4352,0.000000713
725,4352,0.000000724
726,4352,0.000000741
727,4352,0.000000929
728,4352,0.000000769
729,4352,0.000000626
730,4352,0.000000680
731,4352,0.000000614
732,4352,0.000000740
733,4352,0.000000696
734,4352,0.000000676
735,4352,0.000000869
736,4352,0.000000731
737,4352,0.000000659
738,4352,0.000000700
739,4352,0.000000754
740,4352,0.000000746
741,4352,0.000000759
742,4352,0.000000652
743,4352,0.000000697
744,4352,0.000000659
745,4352,0.000000713
746,4352,0.000000745
747,4352,0.000000693
748,4352,0.000000731
749,4352,0.000000880
750,4352,0.000000773
751,4352,0.000000689
752,4352,0.000000770
753,4352,0.000000718
754,4352,0.000000753
755,4352,0.000000697
756,4352,0.000000708
757,4352,0.000000723
758,4352,0.000001081
759,4352,0.000000769
760,4352,0.000000665
761,4352,0.000000810
762,4352,0.000000748
763,4352,0.000000686
764,4352,0.000000716
765,4352,0.000000689
766,4352,0.000000800
767,4352,0.000000739
768,4352,0.000000782
769,4352,0.000000756
770,4352,0.000000688
771,4352,0.000000814
772,4352,0.000000699
773,4352,0.000000722
774,4352,0.000000753
775,4352,0.000000738
776,4352,0.000000658
777,4352,0.000000663
778,4352,0.000000665
779,4352,0.000000727
780,4352,0.000000616
781,4352,0.000000672
782,4352,0.000000679
783,4352,0.000000779
784,4352,0.000000698
785,4352,0.000000758
786,4352,0.000000762
787,4352,0.000000673
788,4352,0.000000730
789,4352,0.000000829
790,4352,0.000000722
791,4352,0.000000717
792,4352,0.000000809
793,4352,0.000000792
794,4352,0.000000954
795,4352,0.000000717
796,4352,0.000000735
797,4352,0.000000659
798,4352,0.000000747
799,4352,0.000000713
800,4352,0.000000779
801,4352,0.000001014
802,4352,0.000000684
803,4352,0.000000728
804,4352,0.000000708
805,4352,0.000000806
806,4352,0.000000706
807,4352,0.000000840
808,4352,0.000000688
809,4352,0.000000741
810,4352,0.000000675
811,4352,0.000000676
812,4352,0.000000677
813,4352,0.000000772
814,4352,0.000000690
815,4352,0.000000650
816,4352,0.000000713
817,4352,0.000000814
818,4352,0.000000765
819,4352,0.000000777
820,4352,0.000000890
821,4352,0.000000750
822,4352,0.000000731
823,4352,0.000000770
824,4352,0.000000734
825,4352,0.000000785
826,4352,0.000000691
827,4352,0.000000724
828,4352,0.000000673
829,4352,0.000000673
830,4352,0.000000703
831,4352,0.000000725
832,4352,0.000000706
833,4352,0.000000741
834,4352,0.000000770
835,4352,0.000000776
836,4352,0.000000770
837,4352,0.000000783
838,4352,0.000000687
839,4352,0.000001080
840,4352,0.000000754
841,4352,0.000000779
842,4352,0.000000834
843,4352,0.000000855
844,4352,0.000000761
845,4352,0.000000691
846,4352,0.000001032
847,4352,0.000000720
848,4352,0.000001282
849,4352,0.000000704
850,4352,0.000000719
851,4352,0.000000811
852,4352,0.000000770
853,4352,0.000000783
854,4352,0.000000630
855,4352,0.000000675
856,4352,0.000000683
857,4352,0.000000639
858,4352,0.000000732
859,4352,0.000000795
860,4352,0.000000682
861,4352,0.000000844
862,4352,0.000000710
863,4352,0.000000713
864,4352,0.000000737
865,4352,0.000000750
866,4352,0.000000762
867,4352,0.000000881
868,4352,0.000000822
869,4352,0.000000816
870,4352,0.000000734
871,4352,0.000000750
872,4352,0.000000792
873,4352,0.000000708
874,4352,0.000000804
875,4352,0.000000776
876,4352,0.000000701
877,4352,0.000000672
878,4352,0.000000738
879,4352,0.000000651
880,4352,0.000000779
881,4352,0.000000728
882,4352,0.000000762
883,4352,0.000000784
884,4352,0.000000733
885,4352,0.000000751
886,4352,0.000000628
887,4352,0.000000713
888,4352,0.000000766
889,4352,0.000000629
890,4352,0.000000685
891,4352,0.000000789
892,4352,0.000000684
893,4352,0.000000755
894,4352,0.000000743
895,4352,0.000000693
896,4352,0.000001201
897,4352,0.000000702
898,4352,0.000000790
899,4352,0.000000676
900,4352,0.000000780
901,4352,0.000000737
902,4352,0.000000753
903,4352,0.000000744
904,4352,0.000000725
905,4352,0.000000763
906,4352,0.000000651
907,4352,0.000000787
908,4352,0.000000712
909,4352,0.000000711
910,4352,0.000000704
911,4352,0.000000713
912,4352,0.000000729
913,4352,0.000000682
914,4352,0.000000755
915,4352,0.000000820
916,4352,0.000000734
917,4352,0.000000742
918,4352,0.000000748
919,4352,0.000000750
920,4352,0.000000788
921,4352,0.000000682
922,4352,0.000000684
923,4352,0.000000654
924,4352,0.000000859
925,4352,0.000000671
926,4352,0.000000732
927,4352,0.000000702
928,4352,0.000000697
929,4352,0.000000714
930,4352,0.000000912
931,4352,0.000000899
932,4352,0.000000810
933,4352,0.000000841
934,4352,0.000000790
935,4352,0.000000785
936,4352,0.000000986
937,4352,0.000000624
938,4352,0.000000807
939,4352,0.000000679
940,4352,0.000000807
941,4352,0.000000819
942,4352,0.000000983
943,4352,0.000000742
944,4352,0.000000955
945,4352,0.000001151
946,4352,0.000000954
947,4352,0.000000954
948,4352,0.000000911
949,4352,0.000000891
950,4352,0.000000825
951,4352,0.000001057
952,4352,0.000000795
953,4352,0.000001122
954,4352,0.000000793
955,4352,0.000000808
956,4352,0.000000787
957,4352,0.000000816
958,4352,0.000000751
959,4352,0.000000885
960,4352,0.000001053
961,4352,0.000000787
962,4352,0.000001037
963,4352,0.000000812
964,4352,0.000001280
965,4352,0.000000952
966,4352,0.000000939
967,4352,0.000000866
968,4352,0.000000909
969,4352,0.000000866
970,4352,0.000000929
971,4352,0.000000784
972,4352,0.000000852
973,4352,0.000000778
974,4352,0.000001333
975,4352,0.000001013
976,4352,0.000001163
977,4352,0.000000921
978,4352,0.000000932
979,4352,0.000000992
980,4352,0.000000970
981,4352,0.000000829
982,4352,0.000000809
983,4352,0.000000959
984,4352,0.000001039
985,4352,0.000000919
986,4352,0.000000801
987,4352,0.000000770
988,4352,0.000000722
989,4352,0.000000881
990,4352,0.000000756
991,4352,0.000000881
992,4352,0.000000972
993,4352,0.000000777
994,4352,0.000000953
995,4352,0.000000846
996,4352,0.000000911
997,4352,0.000001023
998,4352,0.000000894
999,4352,0.000000994
0,4608,0.000001681
1,4608,0.000001020
2,4608,0.000000947
3,4608,0.000000957
4,4608,0.000001683
5,4608,0.000001216
6,4608,0.000000956
7,4608,0.000000960
8,4608,0.000001156
9,4608,0.000000901
10,4608,0.000001009
11,4608,0.000001248
12,4608,0.000001081
13,4608,0.000001187
14,4608,0.000000898
15,4608,0.000000917
16,4608,0.000001191
17,4608,0.000000982
18,4608,0.000000951
19,4608,0.000000865
20,4608,0.000000921
21,4608,0.000010324
22,4608,0.000001317
23,4608,0.000001650
24,4608,0.000001141
25,4608,0.000001095
26,4608,0.000000967
27,4608,0.000000920
28,4608,0.000000915
29,4608,0.000000898
30,4608,0.000000814
31,4608,0.000001204
32,4608,0.000000909
33,4608,0.000001193
34,4608,0.000000908
35,4608,0.000000883
36,4608,0.000001052
37,4608,0.000000879
38,4608,0.000001066
39,4608,0.000000809
40,4608,0.000001064
41,4608,0.000001043
42,4608,0.000000978
43,4608,0.000000886
44,4608,0.000000860
45,4608,0.000000877
46,4608,0.000000924
47,4608,0.000000855
48,4608,0.000001109
49,4608,0.000001034
50,4608,0.000000886
51,4608,0.000000861
52,4608,0.000000913
53,4608,0.000001044
54,4608,0.000000937
55,4608,0.000000976
56,4608,0.000001133
57,4608,0.000000992
58,4608,0.000001091
59,4608,0.000001038
60,4608,0.000001204
61,4608,0.000001174
62,4608,0.000000895
63,4608,0.000001069
64,4608,0.000000979
65,4608,0.000000975
66,4608,0.000001030
67,4608,0.000000909
68,4608,0.000000920
69,4608,0.000001148
70,4608,0.000001087
71,4608,0.000000869
72,4608,0.000001092
73,4608,0.000001258
74,4608,0.000000955
75,4608,0.000000996
76,4608,0.000000845
77,4608,0.000000891
78,4608,0.000000868
79,4608,0.000000922
80,4608,0.000000974
81,4608,0.000000942
82,4608,0.000000984
83,4608,0.000000897
84,4608,0.000000959
85,4608,0.000001088
86,4608,0.000001001
87,4608,0.000000877
88,4608,0.000001032
89,4608,0.000001029
90,4608,0.000000945
91,4608,0.000001131
92,4608,0.000000923
93,4608,0.000001001
94,4608,0.000000893
95,4608,0.000000874
96,4608,0.000001070
97,4608,0.000001069
98,4608,0.000000964
99,4608,0.000000939
100,4608,0.000000889
101,4608,0.000000896
102,4608,0.000000942
103,4608,0.000000933
104,4608,0.000001019
105,4608,0.000000926
106,4608,0.000001368
107,4608,0.000000934
108,4608,0.000001050
109,4608,0.000000926
110,4608,0.000000897
111,4608,0.000001087
112,4608,0.000001067
113,4608,0.000000992
114,4608,0.000000954
115,4608,0.000000929
116,4608,0.000000921
117,4608,0.000001444
118,4608,0.000001061
119,4608,0.000000940
120,4608,0.000001120
121,4608,0.000001139
122,4608,0.000000891
123,4608,0.000000864
124,4608,0.000000900
125,4608,0.000000949
126,4608,0.000000878
127,4608,0.000000978
128,4608,0.000001051
129,4608,0.000000937
130,4608,0.000001360
131,4608,0.000000976
132,4608,0.000000944
133,4608,0.000000899
134,4608,0.000000968
135,4608,0.000001000
136,4608,0.000001150
137,4608,0.000001002
138,4608,0.000000879
139,4608,0.000000986
140,4608,0.000000954
141,4608,0.000001081
142,4608,0.000000869
143,4608,0.000000933
144,4608,0.000000961
145,4608,0.000000987
146,4608,0.000000855
147,4608,0.000000934
148,4608,0.000000988
149,4608,0.000000996
150,4608,0.000001016
151,4608,0.000001041
152,4608,0.000001126
153,4608,0.000001072
154,4608,0.000001033
155,4608,0.000000996
156,4608,0.000001514
157,4608,0.000000678
158,4608,0.000000755
159,4608,0.000000686
160,4608,0.000000756
161,4608,0.000001145
162,4608,0.000000808
163,4608,0.000001008
164,4608,0.000000721
165,4608,0.000000801
166,4608,0.000000710
167,4608,0.000000703
168,4608,0.000000996
169,4608,0.000000726
170,4608,0.000000960
171,4608,0.000000635
172,4608,0.000000706
173,4608,0.000000710
174,4608,0.000000783
175,4608,0.000000694
176,4608,0.000000776
177,4608,0.000000772
178,4608,0.000000736
179,4608,0.000000738
180,4608,0.000000681
181,4608,0.000000835
182,4608,0.000000730
183,4608,0.000000843
184,4608,0.000000790
185,4608,0.000000989
186,4608,0.000000682
187,4608,0.000000711
188,4608,0.000000759
189,4608,0.000000935
190,4608,0.000000807
191,4608,0.000000701
192,4608,0.000000765
193,4608,0.000000785
194,4608,0.000000728
195,4608,0.000000740
196,4608,0.000000666
197,4608,0.000000721
198,4608,0.000000748
199,4608,0.000000633
200,4608,0.000000888
201,4608,0.000000728
202,4608,0.000000776
203,4608,0.000000785
204,4608,0.000000699
205,4608,0.000000966
206,4608,0.000000650
207,4608,0.000000779
208,4608,0.000000745
209,4608,0.000000700
210,4608,0.000000810
211,4608,0.000000718
212,4608,0.000000838
213,4608,0.000000785
214,4608,0.000000788
215,4608,0.000000725
216,4608,0.000000822
217,4608,0.000000807
218,4608,0.000000716
219,4608,0.000000771
220,4608,0.000000800
221,4608,0.000000837
222,4608,0.000000685
223,4608,0.000000684
224,4608,0.000001209
225,4608,0.000000847
226,4608,0.000000817
227,4608,0.000000769
228,4608,0.000000629
229,4608,0.000000800
230,4608,0.000000686
231,4608,0.000000713
232,4608,0.000000818
233,4608,0.000000680
234,4608,0.000000725
235,4608,0.000000683
236,4608,0.000000792
237,4608,0.000000812
238,4608,0.000000762
239,4608,0.000000647
240,4608,0.000000803
241,4608,0.000000770
242,4608,0.000000708
243,4608,0.000000785
244,4608,0.000000936
245,4608,0.000000742
246,4608,0.000000649
247,4608,0.000000730
248,4608,0.000000754
249,4608,0.000000770
250,4608,0.000000735
251,4608,0.000000857
252,4608,0.000000785
253,4608,0.000000825
254,4608,0.000000664
255,4608,0.000000812
256,4608,0.000001109
257,4608,0.000000732
258,4608,0.000001030
259,4608,0.000000726
260,4608,0.000000691
261,4608,0.000000793
262,4608,0.000000760
263,4608,0.000000862
264,4608,0.000000801
265,4608,0.000000755
266,4608,0.000000749
267,4608,0.000000784
268,4608,0.000000742
269,4608,0.000000642
270,4608,0.000000628
271,4608,0.000000699
272,4608,0.000000759
273,4608,0.000000690
274,4608,0.000000786
275,4608,0.000000815
276,4608,0.000000751
277,4608,0.000000689
278,4608,0.000000813
279,4608,0.000000811
280,4608,0.000000850
281,4608,0.000000744
282,4608,0.000000769
283,4608,0.000000746
284,4608,0.000000732
285,4608,0.000000754
286,4608,0.000000679
287,4608,0.000000659
288,4608,0.000000911
289,4608,0.000000753
290,4608,0.000000669
291,4608,0.000000733
292,4608,0.000000807
293,4608,0.000001045
294,4608,0.000000651
295,4608,0.000000686
296,4608,0.000000765
297,4608,0.000000788
298,4608,0.000000664
299,4608,0.000000720
300,4608,0.000000761
301,4608,0.000000728
302,4608,0.000000659
303,4608,0.000000737
304,4608,0.000000824
305,4608,0.000000711
306,4608,0.000000795
307,4608,0.000000723
308,4608,0.000001024
309,4608,0.000000899
310,4608,0.000000727
311,4608,0.000000656
312,4608,0.000000854
313,4608,0.000000802
314,4608,0.000000672
315,4608,0.000000933
316,4608,0.000000782
317,4608,0.000000787
318,4608,0.000000709
319,4608,0.000000687
320,4608,0.000000722
321,4608,0.000000765
322,4608,0.000000796
323,4608,0.000000757
324,4608,0.000000783
325,4608,0.000000658
326,4608,0.000000769
327,4608,0.000000710
328,4608,0.000000859
329,4608,0.000000771
330,4608,0.000000671
331,4608,0.000000775
332,4608,0.000000790
333,4608,0.000000803
334,4608,0.000000709
335,4608,0.000000661
336,4608,0.000000760
337,4608,0.000000794
338,4608,0.000000620
339,4608,0.000000756
340,4608,0.000000892
341,4608,0.000000681
342,4608,0.000000646
343,4608,0.000000692
344,4608,0.000000847
345,4608,0.000000714
346,4608,0.000000828
347,4608,0.000000727
348,4608,0.000000725
349,4608,0.000000817
350,4608,0.000000776
351,4608,0.000000701
352,4608,0.000000811
353,4608,0.000000798
354,4608,0.000000713
355,4608,0.000000669
356,4608,0.000000662
357,4608,0.000000745
358,4608,0.000000673
359,4608,0.000000721
360,4608,0.000000823
361,4608,0.000000772
362,4608,0.000000919
363,4608,0.000000731
364,4608,0.000000700
365,4608,0.000000619
366,4608,0.000000793
367,4608,0.000000689
368,4608,0.000000842
369,4608,0.000000759
370,4608,0.000000700
371,4608,0.000000761
372,4608,0.000000758
373,4608,0.000000793
374,4608,0.000000725
375,4608,0.000000667
376,4608,0.000000716
377,4608,0.000000711
378,4608,0.000000923
379,4608,0.000000747
380,4608,0.000000736
381,4608,0.000000625
382,4608,0.000000733
383,4608,0.000000721
384,4608,0.000000799
385,4608,0.000000743
386,4608,0.000000674
387,4608,0.000000737
388,4608,0.000000796
389,4608,0.000000748
390,4608,0.000000690
391,4608,0.000000653
392,4608,0.000000774
393,4608,0.000001004
394,4608,0.000000772
395,4608,0.000000913
396,4608,0.000000795
397,4608,0.000000847
398,4608,0.000000721
399,4608,0.000000692
400,4608,0.000000700
401,4608,0.000000685
402,4608,0.000000707
403,4608,0.000000735
404,4608,0.000000630
405,4608,0.000000765
406,4608,0.000000678
407,4608,0.000000744
408,4608,0.000001209
409,4608,0.000000756
410,4608,0.000000885
411,4608,0.000000729
412,4608,0.000000831
413,4608,0.000000727
414,4608,0.000000728
415,4608,0.000000713
416,4608,0.000000882
417,4608,0.000000760
418,4608,0.000000667
419,4608,0.000000710
420,4608,0.000000623
421,4608,0.000000657
422,4608,0.000000655
423,4608,0.000000743
424,4608,0.000000758
425,4608,0.000000682
426,4608,0.000000747
427,4608,0.000000676
428,4608,0.000000691
429,4608,0.000000686
430,4608,0.000000683
431,4608,0.000000744
432,4608,0.000000739
433,4608,0.000001084
434,4608,0.000000742
435,4608,0.000000729
436,4608,0.000000623
437,4608,0.000000687
438,4608,0.000000661
439,4608,0.000000717
440,4608,0.000000825
441,4608,0.000000756
442,4608,0.000000735
443,4608,0.000000653
444,4608,0.000000685
445,4608,0.000000744
446,4608,0.000000637
447,4608,0.000000674
448,4608,0.000000828
449,4608,0.000000631
450,4608,0.000000739
451,4608,0.000000711
452,4608,0.000000719
453,4608,0.000000737
454,4608,0.000000740
455,4608,0.000000717
456,4608,0.000000755
457,4608,0.000000633
458,4608,0.000000747
459,4608,0.000000723
460,4608,0.000000701
461,4608,0.000000664
462,4608,0.000000637
463,4608,0.000000621
464,4608,0.000000763
465,4608,0.000000800
466,4608,0.000000728
467,4608,0.000000993
468,4608,0.000000729
469,4608,0.000000734
470,4608,0.000000787
471,4608,0.000000771
472,4608,0.000000881
473,4608,0.000000685
474,4608,0.000001053
475,4608,0.000000757
476,4608,0.000001151
477,4608,0.000000698
478,4608,0.000000678
479,4608,0.000000710
480,4608,0.000000851
481,4608,0.000000803
482,4608,0.000000731
483,4608,0.000000805
484,4608,0.000000663
485,4608,0.000000686
486,4608,0.000000642
487,4608,0.000000689
488,4608,0.000000836
489,4608,0.000000688
490,4608,0.000000721
491,4608,0.000000687
492,4608,0.000000760
493,4608,0.000000665
494,4608,0.000000678
495,4608,0.000000651
496,4608,0.000000821
497,4608,0.000000773
498,4608,0.000000722
499,4608,0.000000990
500,4608,0.000000680
501,4608,0.000000779
502,4608,0.000000708
503,4608,0.000000669
504,4608,0.000000704
505,4608,0.000000666
506,4608,0.000000679
507,4608,0.000000655
508,4608,0.000000674
509,4608,0.000000701
510,4608,0.000000761
511,4608,0.000000720
512,4608,0.000000811
513,4608,0.000000677
514,4608,0.000000666
515,4608,0.000000729
516,4608,0.000000743
517,4608,0.000000738
518,4608,0.000000766
519,4608,0.000000630
520,4608,0.000000667
521,4608,0.000000727
522,4608,0.000000751
523,4608,0.000000716
524,4608,0.000000714
525,4608,0.000000707
526,4608,0.000000689
527,4608,0.000000708
528,4608,0.000000766
529,4608,0.000000737
530,4608,0.000000836
531,4608,0.000000831
532,4608,0.000000704
533,4608,0.000000689
534,4608,0.000000649
535,4608,0.000000667
536,4608,0.000000714
537,4608,0.000000737
538,4608,0.000000822
539,4608,0.000000735
540,4608,0.000000750
541,4608,0.000000716
542,4608,0.000000651
543,4608,0.000000678
544,4608,0.000000752
545,4608,0.000000721
546,4608,0.000000699
547,4608,0.000000691
548,4608,0.000000682
549,4608,0.000000630
550,4608,0.000000651
551,4608,0.000000695
552,4608,0.000000688
553,4608,0.000000769
554,4608,0.000000639
555,4608,0.000000757
556,4608,0.000000777
557,4608,0.000000687
558,4608,0.000000679
559,4608,0.000000709
560,4608,0.000000923
561,4608,0.000000690
562,4608,0.000000665
563,4608,0.000000735
564,4608,0.000000700
565,4608,0.000000746
566,4608,0.000000659
567,4608,0.000000809
568,4608,0.000000828
569,4608,0.000000784
570,4608,0.000000713
571,4608,0.000000713
572,4608,0.000000750
573,4608,0.000000703
574,4608,0.000000659
575,4608,0.000000660
576,4608,0.000000809
577,4608,0.000000723
578,4608,0.000000660
579,4608,0.000000750
580,4608,0.000000676
581,4608,0.000000667
582,4608,0.000000655
583,4608,0.000000709
584,4608,0.000000770
585,4608,0.000000685
586,4608,0.000000707
587,4608,0.000000792
588,4608,0.000000736
589,4608,0.000000648
590,4608,0.000000752
591,4608,0.000000713
592,4608,0.000000809
593,4608,0.000000735
594,4608,0.000000718
595,4608,0.000000812
596,4608,0.000000678
597,4608,0.000000727
598,4608,0.000000652
599,4608,0.000000854
600,4608,0.000000703
601,4608,0.000000669
602,4608,0.000000666
603,4608,0.000000653
604,4608,0.000000736
605,4608,0.000000793
606,4608,0.000001113
607,4608,0.000000660
608,4608,0.000000795
609,4608,0.000000679
610,4608,0.000000733
611,4608,0.000000704
612,4608,0.000000668
613,4608,0.000000666
614,4608,0.000000649
615,4608,0.000000683
616,4608,0.000000798
617,4608,0.000000787
618,4608,0.000000760
619,4608,0.000000660
620,4608,0.000000699
621,4608,0.000000787
622,4608,0.000000765
623,4608,0.000000676
624,4608,0.000000779
625,4608,0.000000715
626,4608,0.000000710
627,4608,0.000000731
628,4608,0.000000683
629,4608,0.000000677
630,4608,0.000000628
631,4608,0.000000737
632,4608,0.000000780
633,4608,0.000000632
634,4608,0.000000749
635,4608,0.000000705
636,4608,0.000000718
637,4608,0.000000999
638,4608,0.000000664
639,4608,0.000000680
640,4608,0.000000786
641,4608,0.000000859
642,4608,0.000000848
643,4608,0.000000800
644,4608,0.000000659
645,4608,0.000000706
646,4608,0.000000711
647,4608,0.000000797
648,4608,0.000000752
649,4608,0.000000751
650,4608,0.000000688
651,4608,0.000000672
652,4608,0.000001026
653,4608,0.000000733
654,4608,0.000000744
655,4608,0.000000665
656,4608,0.000000698
657,4608,0.000000704
658,4608,0.000000694
659,4608,0.000000672
660,4608,0.000000678
661,4608,0.000000690
662,4608,0.000000661
663,4608,0.000000657
664,4608,0.000000745
665,4608,0.000000815
666,4608,0.000000709
667,4608,0.000000664
668,4608,0.000000879
669,4608,0.000000663
670,4608,0.000000970
671,4608,0.000000646
672,4608,0.000000861
673,4608,0.000000781
674,4608,0.000000665
675,4608,0.000000993
676,4608,0.000000656
677,4608,0.000000799
678,4608,0.000000722
679,4608,0.000000691
680,4608,0.000000710
681,4608,0.000000754
682,4608,0.000000681
683,4608,0.000000717
684,4608,0.000000635
685,4608,0.000001059
686,4608,0.000000737
687,4608,0.000000659
688,4608,0.000000792
689,4608,0.000000758
690,4608,0.000000646
691,4608,0.000000661
692,4608,0.000000768
693,4608,0.000000706
694,4608,0.000000657
695,4608,0.000000693
696,4608,0.000000707
697,4608,0.000000678
698,4608,0.000000709
699,4608,0.000000724
700,4608,0.000000794
701,4608,0.000000650
702,4608,0.000000688
703,4608,0.000000643
704,4608,0.000000808
705,4608,0.000000709
706,4608,0.000000902
707,4608,0.000000782
708,4608,0.000000788
709,4608,0.000000730
710,4608,0.000000680
711,4608,0.000000706
712,4608,0.000000707
713,4608,0.000000759
714,4608,0.000000657
715,4608,0.000000756
716,4608,0.000000777
717,4608,0.000000797
718,4608,0.000000647
719,4608,0.000000781
720,4608,0.000000838
721,4608,0.000000735
722,4608,0.000000797
723,4608,0.000000715
724,4608,0.000000793
725,4608,0.000000712
726,4608,0.000000648
727,4608,0.000000703
728,4608,0.000000782
729,4608,0.000000776
730,4608,0.000000816
731,4608,0.000000747
732,4608,0.000000730
733,4608,0.000000702
734,4608,0.000000726
735,4608,0.000000689
736,4608,0.000000830
737,4608,0.000000758
738,4608,0.000000727
739,4608,0.000000702
740,4608,0.000000631
741,4608,0.000000680
742,4608,0.000000684
743,4608,0.000000647
744,4608,0.000000727
745,4608,0.000000741
746,4608,0.000000740
747,4608,0.000000685
748,4608,0.000000767
749,4608,0.000000727
750,4608,0.000000687
751,4608,0.000000672
752,4608,0.000001068
753,4608,0.000000775
754,4608,0.000000749
755,4608,0.000000699
756,4608,0.000000631
757,4608,0.000000675
758,4608,0.000000647
759,4608,0.000000710
760,4608,0.000000811
761,4608,0.000000684
762,4608,0.000000837
763,4608,0.000000731
764,4608,0.000000752
765,4608,0.000000629
766,4608,0.000000677
767,4608,0.000000660
768,4608,0.000000891
769,4608,0.000000756
770,4608,0.000000717
771,4608,0.000000638
772,4608,0.000001202
773,4608,0.000000751
774,4608,0.000000784
775,4608,0.000000764
776,4608,0.000000780
777,4608,0.000000794
778,4608,0.000000687
779,4608,0.000000719
780,4608,0.000000738
781,4608,0.000000734
782,4608,0.000000695
783,4608,0.000000673
784,4608,0.000000827
785,4608,0.000000730
786,4608,0.000000732
787,4608,0.000000634
788,4608,0.000000755
789,4608,0.000000750
790,4608,0.000000701
791,4608,0.000000738
792,4608,0.000000865
793,4608,0.000000776
794,4608,0.000000755
795,4608,0.000000835
796,4608,0.000000827
797,4608,0.000000839
798,4608,0.000000664
799,4608,0.000000644
800,4608,0.000000821
801,4608,0.000000742
802,4608,0.000000736
803,4608,0.000000749
804,4608,0.000000728
805,4608,0.000000686
806,4608,0.000000778
807,4608,0.000000651
808,4608,0.000000758
809,4608,0.000000689
810,4608,0.000000650
811,4608,0.000000750
812,4608,0.000000708
813,4608,0.000000687
814,4608,0.000000726
815,4608,0.000001025
816,4608,0.000000712
817,4608,0.000001104
818,4608,0.000000747
819,4608,0.000000786
820,4608,0.000000743
821,4608,0.000000714
822,4608,0.000000744
823,4608,0.000000791
824,4608,0.000000705
825,4608,0.000000771
826,4608,0.000000835
827,4608,0.000000849
828,4608,0.000000773
829,4608,0.000000661
830,4608,0.000000664
831,4608,0.000000673
832,4608,0.000000954
833,4608,0.000000743
834,4608,0.000001066
835,4608,0.000000685
836,4608,0.000000681
837,4608,0.000000663
838,4608,0.000000715
839,4608,0.000000665
840,4608,0.000000710
841,4608,0.000000804
842,4608,0.000000708
843,4608,0.000000772
844,4608,0.000000760
845,4608,0.000000687
846,4608,0.000000837
847,4608,0.000000721
848,4608,0.000000742
849,4608,0.000001109
850,4608,0.000000778
851,4608,0.000000749
852,4608,0.000000769
853,4608,0.000000803
854,4608,0.000000685
855,4608,0.000000725
856,4608,0.000000792
857,4608,0.000000860
858,4608,0.000000758
859,4608,0.000000784
860,4608,0.000000709
861,4608,0.000000716
862,4608,0.000000697
863,4608,0.000000665
864,4608,0.000000739
865,4608,0.000000746
866,4608,0.000000740
867,4608,0.000000691
868,4608,0.000000667
869,4608,0.000001017
870,4608,0.000000699
871,4608,0.000000677
872,4608,0.000000712
873,4608,0.000000705
874,4608,0.000000758
875,4608,0.000000736
876,4608,0.000000681
877,4608,0.000000669
878,4608,0.000000653
879,4608,0.000000664
880,4608,0.000000803
881,4608,0.000000770
882,4608,0.000000988
883,4608,0.000000747
884,4608,0.000001021
885,4608,0.000000639
886,4608,0.000000829
887,4608,0.000000659
888,4608,0.000000860
889,4608,0.000000774
890,4608,0.000000676
891,4608,0.000000781
892,4608,0.000000781
893,4608,0.000000778
894,4608,0.000000811
895,4608,0.000000740
896,4608,0.000000777
897,4608,0.000000797
898,4608,0.000000847
899,4608,0.000000784
900,4608,0.000000810
901,4608,0.000000665
902,4608,0.000000689
903,4608,0.000000668
904,4608,0.000000858
905,4608,0.000000737
906,4608,0.000000671
907,4608,0.000000760
908,4608,0.000000678
909,4608,0.000000763
910,4608,0.000000678
911,4608,0.000000677
912,4608,0.000000775
913,4608,0.000000692
914,4608,0.000000696
915,4608,0.000000723
916,4608,0.000000706
917,4608,0.000000709
918,4608,0.000000738
919,4608,0.000000665
920,4608,0.000000823
921,4608,0.000000774
922,4608,0.000000917
923,4608,0.000000785
924,4608,0.000000739
925,4608,0.000000745
926,4608,0.000000825
927,4608,0.000001080
928,4608,0.000000854
929,4608,0.000000888
930,4608,0.000000761
931,4608,0.000000777
932,4608,0.000000775
933,4608,0.000000664
934,4608,0.000000672
935,4608,0.000000653
936,4608,0.000000757
937,4608,0.000000765
938,4608,0.000000666
939,4608,0.000000699
940,4608,0.000000735
941,4608,0.000000726
942,4608,0.000000703
943,4608,0.000000740
944,4608,0.000001225
945,4608,0.000000914
946,4608,0.000000816
947,4608,0.000000938
948,4608,0.000000785
949,4608,0.000000726
950,4608,0.000000731
951,4608,0.000000864
952,4608,0.000001355
953,4608,0.000000820
954,4608,0.000000808
955,4608,0.000000800
956,4608,0.000000941
957,4608,0.000000739
958,4608,0.000000868
959,4608,0.000000755
960,4608,0.000000991
961,4608,0.000000942
962,4608,0.000000801
963,4608,0.000001132
964,4608,0.000000978
965,4608,0.000000953
966,4608,0.000000860
967,4608,0.000000834
968,4608,0.000000975
969,4608,0.000000829
970,4608,0.000000928
971,4608,0.000000786
972,4608,0.000000881
973,4608,0.000000783
974,4608,0.000000860
975,4608,0.000000746
976,4608,0.000001136
977,4608,0.000000944
978,4608,0.000000890
979,4608,0.000000917
980,4608,0.000001018
981,4608,0.000000930
982,4608,0.000000727
983,4608,0.000000834
984,4608,0.000000903
985,4608,0.000000821
986,4608,0.000000906
987,4608,0.000000809
988,4608,0.000000905
989,4608,0.000000820
990,4608,0.000000864
991,4608,0.000000769
992,4608,0.000000974
993,4608,0.000000962
994,4608,0.000000807
995,4608,0.000000942
996,4608,0.000000820
997,4608,0.000001329
998,4608,0.000000820
999,4608,0.000001041
0,4864,0.000001736
1,4864,0.000001199
2,4864,0.000000977
3,4864,0.000000971
4,4864,0.000000946
5,4864,0.000001251
6,4864,0.000001095
7,4864,0.000001013
8,4864,0.000001058
9,4864,0.000001229
10,4864,0.000001219
11,4864,0.000001422
12,4864,0.000001099
13,4864,0.000000969
14,4864,0.000001072
15,4864,0.000000903
16,4864,0.000001036
17,4864,0.000000938
18,4864,0.000001403
19,4864,0.000001018
20,4864,0.000001972
21,4864,0.000001533
22,4864,0.000001240
23,4864,0.000000929
24,4864,0.000001193
25,4864,0.000000912
26,4864,0.000000855
27,4864,0.000000868
28,4864,0.000000858
29,4864,0.000000818
30,4864,0.000000919
31,4864,0.000000935
32,4864,0.000001091
33,4864,0.000000954
34,4864,0.000001003
35,4864,0.000000841
36,4864,0.000000952
37,4864,0.000001038
38,4864,0.000000894
39,4864,0.000001077
40,4864,0.000001065
41,4864,0.000000967
42,4864,0.000001176
43,4864,0.000001034
44,4864,0.000000905
45,4864,0.000001234
46,4864,0.000000960
47,4864,0.000000897
48,4864,0.000001219
49,4864,0.000000826
50,4864,0.000001021
51,4864,0.000001085
52,4864,0.000001064
53,4864,0.000001314
54,4864,0.000001187
55,4864,0.000010294
56,4864,0.000001558
57,4864,0.000000758
58,4864,0.000000998
59,4864,0.000001065
60,4864,0.000000813
61,4864,0.000000923
62,4864,0.000001174
63,4864,0.000000876
64,4864,0.000000902
65,4864,0.000000839
66,4864,0.000000884
67,4864,0.000000807
68,4864,0.000000928
69,4864,0.000000994
70,4864,0.000000955
71,4864,0.000013662
72,4864,0.000000974
73,4864,0.000000991
74,4864,0.000001120
75,4864,0.000001123
76,4864,0.000000906
77,4864,0.000001028
78,4864,0.000000938
79,4864,0.000000807
80,4864,0.000000940
81,4864,0.000000965
82,4864,0.000000935
83,4864,0.000000987
84,4864,0.000000879
85,4864,0.000001172
86,4864,0.000000881
87,4864,0.000000879
88,4864,0.000000903
89,4864,0.000000875
90,4864,0.000000865
91,4864,0.000000907
92,4864,0.000000947
93,4864,0.000000844
94,4864,0.000000960
95,4864,0.000000871
96,4864,0.000000882
97,4864,0.000001091
98,4864,0.000001065
99,4864,0.000000898
100,4864,0.000000881
101,4864,0.000001373
102,4864,0.000001199
103,4864,0.000000762
104,4864,0.000000908
105,4864,0.000000927
106,4864,0.000000989
107,4864,0.000001247
108,4864,0.000000946
109,4864,0.000000861
110,4864,0.000001054
111,4864,0.000000870
112,4864,0.000001189
113,4864,0.000001043
114,4864,0.000001021
115,4864,0.000000931
116,4864,0.000000787
117,4864,0.000000934
118,4864,0.000000967
119,4864,0.000000940
120,4864,0.000000942
121,4864,0.000000986
122,4864,0.000001145
123,4864,0.000001015
124,4864,0.000000991
125,4864,0.000001146
126,4864,0.000000874
127,4864,0.000000892
128,4864,0.000001002
129,4864,0.000001268
130,4864,0.000001292
131,4864,0.000000833
132,4864,0.000000875
133,4864,0.000001082
134,4864,0.000000958
135,4864,0.000001015
136,4864,0.000001166
137,4864,0.000000965
138,4864,0.000001029
139,4864,0.000000991
140,4864,0.000001182
141,4864,0.000000928
142,4864,0.000000908
143,4864,0.000001069
144,4864,0.000001078
145,4864,0.000001336
146,4864,0.000001103
147,4864,0.000000981
148,4864,0.000000970
149,4864,0.000000942
150,4864,0.000000927
151,4864,0.000001221
152,4864,0.000000896
153,4864,0.000001093
154,4864,0.000000946
155,4864,0.000001031
156,4864,0.000000939
157,4864,0.000000970
158,4864,0.000001050
159,4864,0.000000894
160,4864,0.000000949
161,4864,0.000000930
162,4864,0.000000790
163,4864,0.000001066
164,4864,0.000000928
165,4864,0.000001204
166,4864,0.000001334
167,4864,0.000000856
168,4864,0.000001018
169,4864,0.000000804
170,4864,0.000001124
171,4864,0.000000959
172,4864,0.000000934
173,4864,0.000001101
174,4864,0.000000898
175,4864,0.000001042
176,4864,0.000000886
177,4864,0.000000896
178,4864,0.000001080
179,4864,0.000000869
180,4864,0.000000914
181,4864,0.000001030
182,4864,0.000000800
183,4864,0.000001003
184,4864,0.000000905
185,4864,0.000000920
186,4864,0.000001602
187,4864,0.000001264
188,4864,0.000000765
189,4864,0.000001368
190,4864,0.000000992
191,4864,0.000000952
192,4864,0.000001485
193,4864,0.000000978
194,4864,0.000001316
195,4864,0.000000918
196,4864,0.000000821
197,4864,0.000000957
198,4864,0.000001053
199,4864,0.000000900
200,4864,0.000001077
201,4864,0.000000948
202,4864,0.000001100
203,4864,0.000000909
204,4864,0.000001138
205,4864,0.000000926
206,4864,0.000000848
207,4864,0.000001162
208,4864,0.000001165
209,4864,0.000000952
210,4864,0.000001068
211,4864,0.000000879
212,4864,0.000001126
213,4864,0.000001092
214,4864,0.000001090
215,4864,0.000000961
216,4864,0.000000845
217,4864,0.000000984
218,4864,0.000000930
219,4864,0.000000873
220,4864,0.000000917
221,4864,0.000000899
222,4864,0.000000883
223,4864,0.000000930
224,4864,0.000001045
225,4864,0.000001016
226,4864,0.000000760
227,4864,0.000000859
228,4864,0.000000823
229,4864,0.000001196
230,4864,0.000000926
231,4864,0.000000808
232,4864,0.000000816
233,4864,0.000000875
234,4864,0.000001104
235,4864,0.000000911
236,4864,0.000001036
237,4864,0.000000966
238,4864,0.000000972
239,4864,0.000000890
240,4864,0.000001098
241,4864,0.000001034
242,4864,0.000000887
243,4864,0.000001000
244,4864,0.000001258
245,4864,0.000001257
246,4864,0.000000910
247,4864,0.000000870
248,4864,0.000000853
249,4864,0.000000903
250,4864,0.000001031
251,4864,0.000000871
252,4864,0.000000934
253,4864,0.000000872
254,4864,0.000001073
255,4864,0.000001051
256,4864,0.000001272
257,4864,0.000000939
258,4864,0.000000904
259,4864,0.000000857
260,4864,0.000001140
261,4864,0.000001313
262,4864,0.000001218
263,4864,0.000001035
264,4864,0.000001040
265,4864,0.000001048
266,4864,0.000001305
267,4864,0.000001067
268,4864,0.000001036
269,4864,0.000001023
270,4864,0.000001216
271,4864,0.000000902
272,4864,0.000001045
273,4864,0.000000952
274,4864,0.000000972
275,4864,0.000001427
276,4864,0.000001221
277,4864,0.000001091
278,4864,0.000000996
279,4864,0.000000943
280,4864,0.000001199
281,4864,0.000000928
282,4864,0.000001099
283,4864,0.000000944
284,4864,0.000000967
285,4864,0.000000949
286,4864,0.000000929
287,4864,0.000000968
288,4864,0.000001059
289,4864,0.000000929
290,4864,0.000000958
291,4864,0.000000947
292,4864,0.000000976
293,4864,0.000001033
294,4864,0.000000908
295,4864,0.000001000
296,4864,0.000001057
297,4864,0.000000991
298,4864,0.000001111
299,4864,0.000001222
300,4864,0.000001034
301,4864,0.000000965
302,4864,0.000001042
303,4864,0.000000908
304,4864,0.000001074
305,4864,0.000001018
306,4864,0.000001005
307,4864,0.000000983
308,4864,0.000000855
309,4864,0.000001251
310,4864,0.000001045
311,4864,0.000000920
312,4864,0.000000960
313,4864,0.000000870
314,4864,0.000001454
315,4864,0.000000956
316,4864,0.000001029
317,4864,0.000000996
318,4864,0.000000979
319,4864,0.000000889
320,4864,0.000001108
321,4864,0.000001037
322,4864,0.000001219
323,4864,0.000001808
324,4864,0.000000719
325,4864,0.000000895
326,4864,0.000000927
327,4864,0.000000694
328,4864,0.000000727
329,4864,0.000000696
330,4864,0.000000838
331,4864,0.000001170
332,4864,0.000000801
333,4864,0.000000837
334,4864,0.000000819
335,4864,0.000000823
336,4864,0.000000842
337,4864,0.000000744
338,4864,0.000000808
339,4864,0.000000736
340,4864,0.000000741
341,4864,0.000000899
342,4864,0.000000780
343,4864,0.000000837
344,4864,0.000000792
345,4864,0.000000757
346,4864,0.000000815
347,4864,0.000000787
348,4864,0.000000903
349,4864,0.000000761
350,4864,0.000000812
351,4864,0.000000664
352,4864,0.000000996
353,4864,0.000000825
354,4864,0.000000764
355,4864,0.000000690
356,4864,0.000000670
357,4864,0.000000774
358,4864,0.000000766
359,4864,0.000001091
360,4864,0.000000754
361,4864,0.000000649
362,4864,0.000000960
363,4864,0.000000929
364,4864,0.000000627
365,4864,0.000000748
366,4864,0.000000665
367,4864,0.000000841
368,4864,0.000000834
369,4864,0.000000760
370,4864,0.000000682
371,4864,0.000000866
372,4864,0.000000744
373,4864,0.000001164
374,4864,0.000000775
375,4864,0.000000782
376,4864,0.000000857
377,4864,0.000000735
378,4864,0.000000887
379,4864,0.000000748
380,4864,0.000000736
381,4864,0.000000708
382,4864,0.000000712
383,4864,0.000000698
384,4864,0.000000816
385,4864,0.000000869
386,4864,0.000000797
387,4864,0.000000842
388,4864,0.000000720
389,4864,0.000001002
390,4864,0.000000841
391,4864,0.000000776
392,4864,0.000001032
393,4864,0.000000687
394,4864,0.000000877
395,4864,0.000000809
396,4864,0.000000683
397,4864,0.000000738
398,4864,0.000000674
399,4864,0.000000703
400,4864,0.000000775
401,4864,0.000000808
402,4864,0.000000791
403,4864,0.000000660
404,4864,0.000000721
405,4864,0.000000829
406,4864,0.000000753
407,4864,0.000000704
408,4864,0.000000718
409,4864,0.000001024
410,4864,0.000000842
411,4864,0.000001109
412,4864,0.000000751
413,4864,0.000000696
414,4864,0.000000749
415,4864,0.000000657
416,4864,0.000000816
417,4864,0.000000777
418,4864,0.000000785
419,4864,0.000000788
420,4864,0.000000722
421,4864,0.000000899
422,4864,0.000000687
423,4864,0.000001052
424,4864,0.000000733
425,4864,0.000000684
426,4864,0.000000738
427,4864,0.000000861
428,4864,0.000000740
429,4864,0.000000863
430,4864,0.000000810
431,4864,0.000000724
432,4864,0.000000795
433,4864,0.000000725
434,4864,0.000000713
435,4864,0.000000801
436,4864,0.000000806
437,4864,0.000000784
438,4864,0.000000717
439,4864,0.000000726
440,4864,0.000000945
441,4864,0.000000837
442,4864,0.000001050
443,4864,0.000000781
444,4864,0.000000704
445,4864,0.000000803
446,4864,0.000000808
447,4864,0.000000776
448,4864,0.000000887
449,4864,0.000000937
450,4864,0.000000722
451,4864,0.000000752
452,4864,0.000000697
453,4864,0.000000832
454,4864,0.000000791
455,4864,0.000000790
456,4864,0.000000844
457,4864,0.000000688
458,4864,0.000000805
459,4864,0.000000749
460,4864,0.000000671
461,4864,0.000000690
462,4864,0.000000662
463,4864,0.000000728
464,4864,0.000000829
465,4864,0.000000750
466,4864,0.000000746
467,4864,0.000000666
468,4864,0.000000694
469,4864,0.000000815
470,4864,0.000000813
471,4864,0.000000792
472,4864,0.000000791
473,4864,0.000000752
474,4864,0.000001074
475,4864,0.000000816
476,4864,0.000000838
477,4864,0.000000671
478,4864,0.000000683
479,4864,0.000000662
480,4864,0.000000821
481,4864,0.000000754
482,4864,0.000000671
483,4864,0.000000822
484,4864,0.000000708
485,4864,0.000000869
486,4864,0.000000701
487,4864,0.000000791
488,4864,0.000000725
489,4864,0.000000714
490,4864,0.000000887
491,4864,0.000000734
492,4864,0.000000698
493,4864,0.000000709
494,4864,0.000000653
495,4864,0.000000700
496,4864,0.000000753
497,4864,0.000000746
498,4864,0.000000758
499,4864,0.000000781
500,4864,0.000000719
501,4864,0.000000800
502,4864,0.000000746
503,4864,0.000000785
504,4864,0.000000708
505,4864,0.000000687
506,4864,0.000000792
507,4864,0.000000744
508,4864,0.000000852
509,4864,0.000000730
510,4864,0.000000866
511,4864,0.000000733
512,4864,0.000000847
513,4864,0.000000779
514,4864,0.000000719
515,4864,0.000000779
516,4864,0.000000792
517,4864,0.000000821
518,4864,0.000001012
519,4864,0.000000705
520,4864,0.000000750
521,4864,0.000000662
522,4864,0.000000823
523,4864,0.000000809
524,4864,0.000000724
525,4864,0.000000749
526,4864,0.000000781
527,4864,0.000000810
528,4864,0.000000759
529,4864,0.000000734
530,4864,0.000000770
531,4864,0.000000749
532,4864,0.000000630
533,4864,0.000000876
534,4864,0.000000763
535,4864,0.000001141
536,4864,0.000000680
537,4864,0.000000778
538,4864,0.000000938
539,4864,0.000000787
540,4864,0.000000770
541,4864,0.000000750
542,4864,0.000000733
543,4864,0.000000725
544,4864,0.000000835
545,4864,0.000000760
546,4864,0.000000750
547,4864,0.000000779
548,4864,0.000000663
549,4864,0.000000755
550,4864,0.000000775
551,4864,0.000000667
552,4864,0.000001065
553,4864,0.000000651
554,4864,0.000000922
555,4864,0.000000774
556,4864,0.000000746
557,4864,0.000000769
558,4864,0.000000722
559,4864,0.000000960
560,4864,0.000000832
561,4864,0.000000791
562,4864,0.000000720
563,4864,0.000000682
564,4864,0.000000779
565,4864,0.000000831
566,4864,0.000000742
567,4864,0.000000835
568,4864,0.000000773
569,4864,0.000000757
570,4864,0.000000797
571,4864,0.000000708
572,4864,0.000000773
573,4864,0.000000773
574,4864,0.000000782
575,4864,0.000000669
576,4864,0.000000845
577,4864,0.000000753
578,4864,0.000000895
579,4864,0.000000713
580,4864,0.000000661
581,4864,0.000000912
582,4864,0.000000787
583,4864,0.000000777
584,4864,0.000000842
585,4864,0.000000686
586,4864,0.000000818
587,4864,0.000000716
588,4864,0.000000780
589,4864,0.000000884
590,4864,0.000000830
591,4864,0.000000800
592,4864,0.000000868
593,4864,0.000000798
594,4864,0.000000751
595,4864,0.000000703
596,4864,0.000000668
597,4864,0.000000880
598,4864,0.000000882
599,4864,0.000000891
600,4864,0.000000665
601,4864,0.000000763
602,4864,0.000000838
603,4864,0.000000734
604,4864,0.000000741
605,4864,0.000000683
606,4864,0.000000704
607,4864,0.000000798
608,4864,0.000000847
609,4864,0.000000814
610,4864,0.000000723
611,4864,0.000000760
612,4864,0.000000701
613,4864,0.000000916
614,4864,0.000000781
615,4864,0.000000751
616,4864,0.000000745
617,4864,0.000000670
618,4864,0.000000836
619,4864,0.000000799
620,4864,0.000000719
621,4864,0.000000691
622,4864,0.000000669
623,4864,0.000000682
624,4864,0.000000793
625,4864,0.000000753
626,4864,0.000000708
627,4864,0.000000699
628,4864,0.000000743
629,4864,0.000000888
630,4864,0.000000830
631,4864,0.000000753
632,4864,0.000000683
633,4864,0.000000791
634,4864,0.000000871
635,4864,0.000000747
636,4864,0.000000766
637,4864,0.000000775
638,4864,0.000000683
639,4864,0.000000696
640,4864,0.000000895
641,4864,0.000000749
642,4864,0.000000718
643,4864,0.000000666
644,4864,0.000000677
645,4864,0.000000990
646,4864,0.000000780
647,4864,0.000000728
648,4864,0.000000737
649,4864,0.000000726
650,4864,0.000000849
651,4864,0.000000795
652,4864,0.000000696
653,4864,0.000000731
654,4864,0.000000664
655,4864,0.000000798
656,4864,0.000000886
657,4864,0.000000742
658,4864,0.000000710
659,4864,0.000000630
660,4864,0.000000743
661,4864,0.000000833
662,4864,0.000000754
663,4864,0.000000784
664,4864,0.000000665
665,4864,0.000000684
666,4864,0.000000820
667,4864,0.000000784
668,4864,0.000000759
669,4864,0.000000784
670,4864,0.000000754
671,4864,0.000000727
672,4864,0.000001065
673,4864,0.000000776
674,4864,0.000001055
675,4864,0.000000761
676,4864,0.000000712
677,4864,0.000000838
678,4864,0.000000807
679,4864,0.000000849
680,4864,0.000000718
681,4864,0.000001104
682,4864,0.000000861
683,4864,0.000000780
684,4864,0.000000780
685,4864,0.000000840
686,4864,0.000000780
687,4864,0.000000798
688,4864,0.000000775
689,4864,0.000000707
690,4864,0.000000820
691,4864,0.000000756
692,4864,0.000000818
693,4864,0.000000871
694,4864,0.000000720
695,4864,0.000000989
696,4864,0.000000716
697,4864,0.000000751
698,4864,0.000000761
699,4864,0.000000746
700,4864,0.000000856
701,4864,0.000000671
702,4864,0.000000689
703,4864,0.000000690
704,4864,0.000000722
705,4864,0.000000969
706,4864,0.000000738
707,4864,0.000000731
708,4864,0.000000718
709,4864,0.000000897
710,4864,0.000000783
711,4864,0.000000698
712,4864,0.000000737
713,4864,0.000000648
714,4864,0.000000885
715,4864,0.000000730
716,4864,0.000000676
717,4864,0.000001042
718,4864,0.000000710
719,4864,0.000000682
720,4864,0.000000832
721,4864,0.000000723
722,4864,0.000001038
723,4864,0.000000818
724,4864,0.000000875
725,4864,0.000000766
726,4864,0.000000716
727,4864,0.000000796
728,4864,0.000000771
729,4864,0.000000766
730,4864,0.000000756
731,4864,0.000001031
732,4864,0.000000747
733,4864,0.000000818
734,4864,0.000000760
735,4864,0.000000737
736,4864,0.000000957
737,4864,0.000000780
738,4864,0.000000811
739,4864,0.000000714
740,4864,0.000000769
741,4864,0.000000888
742,4864,0.000000839
743,4864,0.000000784
744,4864,0.000000759
745,4864,0.000000738
746,4864,0.000000831
747,4864,0.000000792
748,4864,0.000000767
749,4864,0.000000737
750,4864,0.000000812
751,4864,0.000000764
752,4864,0.000001203
753,4864,0.000000836
754,4864,0.000000825
755,4864,0.000000745
756,4864,0.000000666
757,4864,0.000000833
758,4864,0.000000834
759,4864,0.000000755
760,4864,0.000000667
761,4864,0.000000720
762,4864,0.000000837
763,4864,0.000000816
764,4864,0.000000720
765,4864,0.000000676
766,4864,0.000000693
767,4864,0.000000655
768,4864,0.000000782
769,4864,0.000000727
770,4864,0.000000795
771,4864,0.000000739
772,4864,0.000000873
773,4864,0.000000814
774,4864,0.000001089
775,4864,0.000000748
776,4864,0.000000759
777,4864,0.000000682
778,4864,0.000000819
779,4864,0.000000762
780,4864,0.000000856
781,4864,0.000000727
782,4864,0.000000814
783,4864,0.000000840
784,4864,0.000000857
785,4864,0.000000739
786,4864,0.000000718
787,4864,0.000000684
788,4864,0.000000682
789,4864,0.000000869
790,4864,0.000000811
791,4864,0.000000914
792,4864,0.000000814
793,4864,0.000000889
794,4864,0.000000815
795,4864,0.000000692
796,4864,0.000000744
797,4864,0.000000762
798,4864,0.000000840
799,4864,0.000000829
800,4864,0.000000842
801,4864,0.000000749
802,4864,0.000000741
803,4864,0.000000740
804,4864,0.000000719
805,4864,0.000001128
806,4864,0.000000861
807,4864,0.000000986
808,4864,0.000000867
809,4864,0.000000678
810,4864,0.000000807
811,4864,0.000000776
812,4864,0.000000850
813,4864,0.000000752
814,4864,0.000000984
815,4864,0.000000742
816,4864,0.000000790
817,4864,0.000000747
818,4864,0.000000782
819,4864,0.000000796
820,4864,0.000000783
821,4864,0.000000894
822,4864,0.000000735
823,4864,0.000000771
824,4864,0.000000815
825,4864,0.000000805
826,4864,0.000000798
827,4864,0.000000686
828,4864,0.000000768
829,4864,0.000000763
830,4864,0.000000679
831,4864,0.000000708
832,4864,0.000000810
833,4864,0.000000859
834,4864,0.000000762
835,4864,0.000000672
836,4864,0.000000788
837,4864,0.000000953
838,4864,0.000000868
839,4864,0.000000834
840,4864,0.000000974
841,4864,0.000000708
842,4864,0.000000868
843,4864,0.000000740
844,4864,0.000000894
845,4864,0.000000737
846,4864,0.000000738
847,4864,0.000001052
848,4864,0.000000822
849,4864,0.000000715
850,4864,0.000000784
851,4864,0.000000816
852,4864,0.000000750
853,4864,0.000000822
854,4864,0.000000884
855,4864,0.000000675
856,4864,0.000000738
857,4864,0.000000681
858,4864,0.000000888
859,4864,0.000000757
860,4864,0.000000673
861,4864,0.000000802
862,4864,0.000000691
863,4864,0.000000696
864,4864,0.000000926
865,4864,0.000000753
866,4864,0.000000878
867,4864,0.000000779
868,4864,0.000000748
869,4864,0.000000812
870,4864,0.000000760
871,4864,0.000000889
872,4864,0.000000696
873,4864,0.000000762
874,4864,0.000000853
875,4864,0.000000876
876,4864,0.000000813
877,4864,0.000000719
878,4864,0.000000756
879,4864,0.000000728
880,4864,0.000000908
881,4864,0.000000812
882,4864,0.000000772
883,4864,0.000000812
884,4864,0.000000702
885,4864,0.000001178
886,4864,0.000000785
887,4864,0.000000800
888,4864,0.000000795
889,4864,0.000000675
890,4864,0.000000889
891,4864,0.000000772
892,4864,0.000000769
893,4864,0.000000849
894,4864,0.000000796
895,4864,0.000000796
896,4864,0.000000897
897,4864,0.000000831
898,4864,0.000000746
899,4864,0.000000824
900,4864,0.000000781
901,4864,0.000000871
902,4864,0.000000851
903,4864,0.000000712
904,4864,0.000000789
905,4864,0.000000793
906,4864,0.000000831
907,4864,0.000000777
908,4864,0.000000745
909,4864,0.000000766
910,4864,0.000000776
911,4864,0.000000812
912,4864,0.000000875
913,4864,0.000000768
914,4864,0.000000761
915,4864,0.000000811
916,4864,0.000000744
917,4864,0.000000941
918,4864,0.000000752
919,4864,0.000000791
920,4864,0.000000717
921,4864,0.000000754
922,4864,0.000000746
923,4864,0.000000728
924,4864,0.000000773
925,4864,0.000000745
926,4864,0.000000889
927,4864,0.000000677
928,4864,0.000000808
929,4864,0.000000745
930,4864,0.000000716
931,4864,0.000000723
932,4864,0.000000675
933,4864,0.000001066
934,4864,0.000000785
935,4864,0.000000633
936,4864,0.000000787
937,4864,0.000000683
938,4864,0.000000801
939,4864,0.000000766
940,4864,0.000000719
941,4864,0.000000783
942,4864,0.000000751
943,4864,0.000000737
944,4864,0.000000821
945,4864,0.000000759
946,4864,0.000000882
947,4864,0.000000879
948,4864,0.000001254
949,4864,0.000001282
950,4864,0.000000934
951,4864,0.000000791
952,4864,0.000000924
953,4864,0.000000756
954,4864,0.000001031
955,4864,0.000000934
956,4864,0.000000793
957,4864,0.000000876
958,4864,0.000000784
959,4864,0.000000889
960,4864,0.000001014
961,4864,0.000000841
962,4864,0.000000956
963,4864,0.000000906
964,4864,0.000001024
965,4864,0.000001023
966,4864,0.000000854
967,4864,0.000000936
968,4864,0.000000808
969,4864,0.000000993
970,4864,0.000001056
971,4864,0.000000803
972,4864,0.000001018
973,4864,0.000000877
974,4864,0.000000952
975,4864,0.000000766
976,4864,0.000001003
977,4864,0.000000917
978,4864,0.000000969
979,4864,0.000000872
980,4864,0.000000927
981,4864,0.000001036
982,4864,0.000000935
983,4864,0.000000758
984,4864,0.000001098
985,4864,0.000000746
986,4864,0.000001341
987,4864,0.000000948
988,4864,0.000000820
989,4864,0.000000951
990,4864,0.000000821
991,4864,0.000000887
992,4864,0.000000926
993,4864,0.000000782
994,4864,0.000001207
995,4864,0.000000798
996,4864,0.000000909
997,4864,0.000001015
998,4864,0.000000780
999,4864,0.000000957
0,5120,0.000001236
1,5120,0.000000811
2,5120,0.000000830
3,5120,0.000000728
4,5120,0.000000844
5,5120,0.000000795
6,5120,0.000000788
7,5120,0.000000953
8,5120,0.000001010
9,5120,0.000000785
10,5120,0.000000773
11,5120,0.000000664
12,5120,0.000000864
13,5120,0.000000866
14,5120,0.000000822
15,5120,0.000000767
16,5120,0.000001133
17,5120,0.000000702
18,5120,0.000000751
19,5120,0.000000725
20,5120,0.000001333
21,5120,0.000000836
22,5120,0.000000713
23,5120,0.000000734
24,5120,0.000000819
25,5120,0.000000703
26,5120,0.000000735
27,5120,0.000000716
28,5120,0.000000805
29,5120,0.000000817
30,5120,0.000000833
31,5120,0.000000764
32,5120,0.000000806
33,5120,0.000000666
34,5120,0.000000699
35,5120,0.000000632
36,5120,0.000000884
37,5120,0.000001456
38,5120,0.000001040
39,5120,0.000001094
40,5120,0.000001101
41,5120,0.000001055
42,5120,0.000001129
43,5120,0.000001016
44,5120,0.000001119
45,5120,0.000001700
46,5120,0.000001104
47,5120,0.000001127
48,5120,0.000001052
49,5120,0.000001001
50,5120,0.000000974
51,5120,0.000000941
52,5120,0.000001880
53,5120,0.000000969
54,5120,0.000000926
55,5120,0.000000987
56,5120,0.000001112
57,5120,0.000000939
58,5120,0.000001033
59,5120,0.000001066
60,5120,0.000001169
61,5120,0.000001053
62,5120,0.000000994
63,5120,0.000000938
64,5120,0.000000991
65,5120,0.000000919
66,5120,0.000001095
67,5120,0.000001023
68,5120,0.000001534
69,5120,0.000001006
70,5120,0.000000934
71,5120,0.000000922
72,5120,0.000000988
73,5120,0.000001060
74,5120,0.000000959
75,5120,0.000000946
76,5120,0.000001228
77,5120,0.000000900
78,5120,0.000000872
79,5120,0.000001022
80,5120,0.000001082
81,5120,0.000001258
82,5120,0.000000922
83,5120,0.000000880
84,5120,0.000001108
85,5120,0.000000885
86,5120,0.000000861
87,5120,0.000000936
88,5120,0.000001087
89,5120,0.000000955
90,5120,0.000000821
91,5120,0.000000840
92,5120,0.000001039
93,5120,0.000001357
94,5120,0.000000874
95,5120,0.000000991
96,5120,0.000001262
97,5120,0.000000988
98,5120,0.000001201
99,5120,0.000000953
100,5120,0.000001193
101,5120,0.000001101
102,5120,0.000001009
103,5120,0.000000933
104,5120,0.000000982
105,5120,0.000000914
106,5120,0.000001131
107,5120,0.000000871
108,5120,0.000001199
109,5120,0.000000860
110,5120,0.000000930
111,5120,0.000000830
112,5120,0.000000953
113,5120,0.000000877
114,5120,0.000001118
115,5120,0.000001128
116,5120,0.000001115
117,5120,0.000001240
118,5120,0.000000939
119,5120,0.000000920
120,5120,0.000000975
121,5120,0.000000884
122,5120,0.000000848
123,5120,0.000000889
124,5120,0.000001094
125,5120,0.000001011
126,5120,0.000001075
127,5120,0.000000990
128,5120,0.000000883
129,5120,0.000000911
130,5120,0.000001108
131,5120,0.000000876
132,5120,0.000000924
133,5120,0.000000856
134,5120,0.000001061
135,5120,0.000000897
136,5120,0.000000902
137,5120,0.000001025
138,5120,0.000001300
139,5120,0.000000971
140,5120,0.000001058
141,5120,0.000000977
142,5120,0.000001433
143,5120,0.000001206
144,5120,0.000001135
145,5120,0.000001130
146,5120,0.000001061
147,5120,0.000001013
148,5120,0.000001317
149,5120,0.000001003
150,5120,0.000001239
151,5120,0.000001459
152,5120,0.000001083
153,5120,0.000000926
154,5120,0.000000861
155,5120,0.000000984
156,5120,0.000001122
157,5120,0.000000986
158,5120,0.000000966
159,5120,0.000001148
160,5120,0.000001055
161,5120,0.000000853
162,5120,0.000000935
163,5120,0.000000928
164,5120,0.000001489
165,5120,0.000001002
166,5120,0.000001002
167,5120,0.000000953
168,5120,0.000000977
169,5120,0.000001010
170,5120,0.000001181
171,5120,0.000001010
172,5120,0.000001221
173,5120,0.000000894
174,5120,0.000001007
175,5120,0.000000959
176,5120,0.000001192
177,5120,0.000001341
178,5120,0.000000955
179,5120,0.000000792
180,5120,0.000001060
181,5120,0.000001163
182,5120,0.000000979
183,5120,0.000001127
184,5120,0.000001046
185,5120,0.000000888
186,5120,0.000000921
187,5120,0.000000778
188,5120,0.000001011
189,5120,0.000000945
190,5120,0.000001217
191,5120,0.000001030
192,5120,0.000001132
193,5120,0.000000988
194,5120,0.000000911
195,5120,0.000000954
196,5120,0.000001255
197,5120,0.000000989
198,5120,0.000001013
199,5120,0.000001094
200,5120,0.000001100
201,5120,0.000001102
202,5120,0.000000990
203,5120,0.000000904
204,5120,0.000001511
205,5120,0.000000911
206,5120,0.000000896
207,5120,0.000000794
208,5120,0.000001331
209,5120,0.000000909
210,5120,0.000000972
211,5120,0.000000947
212,5120,0.000001087
213,5120,0.000000984
214,5120,0.000000953
215,5120,0.000000875
216,5120,0.000001049
217,5120,0.000000933
218,5120,0.000000959
219,5120,0.000001053
220,5120,0.000000951
221,5120,0.000000888
222,5120,0.000000850
223,5120,0.000000932
224,5120,0.000001085
225,5120,0.000000957
226,5120,0.000001097
227,5120,0.000000901
228,5120,0.000001140
229,5120,0.000001032
230,5120,0.000000936
231,5120,0.000001092
232,5120,0.000001385
233,5120,0.000000964
234,5120,0.000000966
235,5120,0.000000951
236,5120,0.000001056
237,5120,0.000000939
238,5120,0.000000959
239,5120,0.000000973
240,5120,0.000001431
241,5120,0.000001015
242,5120,0.000001055
243,5120,0.000000925
244,5120,0.000001258
245,5120,0.000001313
246,5120,0.000000941
247,5120,0.000000956
248,5120,0.000001104
249,5120,0.000000929
250,5120,0.000001041
251,5120,0.000000937
252,5120,0.000001087
253,5120,0.000000966
254,5120,0.000001370
255,5120,0.000000999
256,5120,0.000001227
257,5120,0.000000951
258,5120,0.000000985
259,5120,0.000001016
260,5120,0.000001064
261,5120,0.000001168
262,5120,0.000000996
263,5120,0.000000965
264,5120,0.000001038
265,5120,0.000000996
266,5120,0.000000944
267,5120,0.000000963
268,5120,0.000001139
269,5120,0.000000980
270,5120,0.000000941
271,5120,0.000000930
272,5120,0.000001037
273,5120,0.000001013
274,5120,0.000000954
275,5120,0.000000914
276,5120,0.000001161
277,5120,0.000001004
278,5120,0.000000944
279,5120,0.000000916
280,5120,0.000001112
281,5120,0.000000998
282,5120,0.000000983
283,5120,0.000000953
284,5120,0.000001113
285,5120,0.000001066
286,5120,0.000000954
287,5120,0.000001001
288,5120,0.000001091
289,5120,0.000000973
290,5120,0.000001063
291,5120,0.000000984
292,5120,0.000001149
293,5120,0.000000989
294,5120,0.000000988
295,5120,0.000001025
296,5120,0.000001137
297,5120,0.000000941
298,5120,0.000001190
299,5120,0.000000960
300,5120,0.000001098
301,5120,0.000000921
302,5120,0.000001011
303,5120,0.000000878
304,5120,0.000001347
305,5120,0.000000913
306,5120,0.000000973
307,5120,0.000001021
308,5120,0.000000972
309,5120,0.000000979
310,5120,0.000001122
311,5120,0.000000985
312,5120,0.000001111
313,5120,0.000001048
314,5120,0.000001103
315,5120,0.000001101
316,5120,0.000001191
317,5120,0.000001053
318,5120,0.000000974
319,5120,0.000000936
320,5120,0.000001182
321,5120,0.000001045
322,5120,0.000000956
323,5120,0.000001043
324,5120,0.000001099
325,5120,0.000001040
326,5120,0.000001089
327,5120,0.000001004
328,5120,0.000001063
329,5120,0.000001314
330,5120,0.000000995
331,5120,0.000001003
332,5120,0.000001070
333,5120,0.000001129
334,5120,0.000001040
335,5120,0.000001008
336,5120,0.000001074
337,5120,0.000001029
338,5120,0.000000998
339,5120,0.000000919
340,5120,0.000001098
341,5120,0.000001075
342,5120,0.000001019
343,5120,0.000000955
344,5120,0.000001186
345,5120,0.000001037
346,5120,0.000000912
347,5120,0.000000980
348,5120,0.000001000
349,5120,0.000001269
350,5120,0.000001060
351,5120,0.000000979
352,5120,0.000000953
353,5120,0.000000984
354,5120,0.000000974
355,5120,0.000000996
356,5120,0.000001129
357,5120,0.000001035
358,5120,0.000001011
359,5120,0.000001029
360,5120,0.000001308
361,5120,0.000001011
362,5120,0.000001017
363,5120,0.000001389
364,5120,0.000001129
365,5120,0.000000964
366,5120,0.000001044
367,5120,0.000001030
368,5120,0.000001148
369,5120,0.000001065
370,5120,0.000000985
371,5120,0.000001085
372,5120,0.000001114
373,5120,0.000001016
374,5120,0.000000963
375,5120,0.000001041
376,5120,0.000001104
377,5120,0.000000979
378,5120,0.000000933
379,5120,0.000001142
380,5120,0.000000979
381,5120,0.000000950
382,5120,0.000000948
383,5120,0.000000950
384,5120,0.000001123
385,5120,0.000001026
386,5120,0.000001017
387,5120,0.000000951
388,5120,0.000001270
389,5120,0.000000980
390,5120,0.000001059
391,5120,0.000000984
392,5120,0.000001391
393,5120,0.000001016
394,5120,0.000001003
395,5120,0.000001019
396,5120,0.000001083
397,5120,0.000001044
398,5120,0.000000896
399,5120,0.000000980
400,5120,0.000001137
401,5120,0.000001174
402,5120,0.000001061
403,5120,0.000001005
404,5120,0.000001097
405,5120,0.000001098
406,5120,0.000001383
407,5120,0.000001024
408,5120,0.000001319
409,5120,0.000001120
410,5120,0.000000973
411,5120,0.000000933
412,5120,0.000001085
413,5120,0.000001035
414,5120,0.000000968
415,5120,0.000000986
416,5120,0.000001009
417,5120,0.000001011
418,5120,0.000000942
419,5120,0.000000994
420,5120,0.000001138
421,5120,0.000001021
422,5120,0.000000950
423,5120,0.000001030
424,5120,0.000001143
425,5120,0.000001132
426,5120,0.000001015
427,5120,0.000000976
428,5120,0.000001216
429,5120,0.000001496
430,5120,0.000000986
431,5120,0.000000949
432,5120,0.000001100
433,5120,0.000001017
434,5120,0.000001003
435,5120,0.000000968
436,5120,0.000001091
437,5120,0.000001186
438,5120,0.000001035
439,5120,0.000000996
440,5120,0.000001138
441,5120,0.000001340
442,5120,0.000000971
443,5120,0.000001305
444,5120,0.000001029
445,5120,0.000001033
446,5120,0.000000977
447,5120,0.000001288
448,5120,0.000001148
449,5120,0.000001054
450,5120,0.000000974
451,5120,0.000001018
452,5120,0.000001258
453,5120,0.000000992
454,5120,0.000001047
455,5120,0.000001461
456,5120,0.000001084
457,5120,0.000001113
458,5120,0.000000965
459,5120,0.000001128
460,5120,0.000001145
461,5120,0.000000944
462,5120,0.000001078
463,5120,0.000000951
464,5120,0.000001159
465,5120,0.000001053
466,5120,0.000001035
467,5120,0.000000965
468,5120,0.000001053
469,5120,0.000000939
470,5120,0.000001021
471,5120,0.000000886
472,5120,0.000001049
473,5120,0.000000899
474,5120,0.000000981
475,5120,0.000000930
476,5120,0.000000896
477,5120,0.000001728
478,5120,0.000000912
479,5120,0.000000888
480,5120,0.000001046
481,5120,0.000000948
482,5120,0.000000997
483,5120,0.000000991
484,5120,0.000001595
485,5120,0.000001011
486,5120,0.000001002
487,5120,0.000000993
488,5120,0.000001174
489,5120,0.000001420
490,5120,0.000000950
491,5120,0.000000996
492,5120,0.000001050
493,5120,0.000001055
494,5120,0.000001122
495,5120,0.000000949
496,5120,0.000001198
497,5120,0.000001061
498,5120,0.000001047
499,5120,0.000000990
500,5120,0.000001145
501,5120,0.000001361
502,5120,0.000001067
503,5120,0.000001000
504,5120,0.000001063
505,5120,0.000001027
506,5120,0.000001012
507,5120,0.000001057
508,5120,0.000001108
509,5120,0.000001039
510,5120,0.000001303
511,5120,0.000001145
512,5120,0.000001242
513,5120,0.000001045
514,5120,0.000001062
515,5120,0.000000948
516,5120,0.000001197
517,5120,0.000000924
518,5120,0.000000890
519,5120,0.000000829
520,5120,0.000001031
521,5120,0.000001017
522,5120,0.000000829
523,5120,0.000001060
524,5120,0.000000928
525,5120,0.000000881
526,5120,0.000001016
527,5120,0.000000880
528,5120,0.000001080
529,5120,0.000000956
530,5120,0.000000910
531,5120,0.000001050
532,5120,0.000000984
533,5120,0.000001071
534,5120,0.000001151
535,5120,0.000000983
536,5120,0.000001076
537,5120,0.000001135
538,5120,0.000001198
539,5120,0.000001654
540,5120,0.000000918
541,5120,0.000001031
542,5120,0.000000951
543,5120,0.000000893
544,5120,0.000001168
545,5120,0.000001097
546,5120,0.000000956
547,5120,0.000000817
548,5120,0.000001377
549,5120,0.000000888
550,5120,0.000000851
551,5120,0.000000870
552,5120,0.000001226
553,5120,0.000001013
554,5120,0.000000868
555,5120,0.000000912
556,5120,0.000001020
557,5120,0.000000828
558,5120,0.000001070
559,5120,0.000001079
560,5120,0.000001118
561,5120,0.000000938
562,5120,0.000001086
563,5120,0.000001127
564,5120,0.000000950
565,5120,0.000000893
566,5120,0.000001066
567,5120,0.000000840
568,5120,0.000001211
569,5120,0.000000984
570,5120,0.000000895
571,5120,0.000001372
572,5120,0.000000970
573,5120,0.000000901
574,5120,0.000001234
575,5120,0.000000873
576,5120,0.000001072
577,5120,0.000000975
578,5120,0.000000867
579,5120,0.000001173
580,5120,0.000001225
581,5120,0.000001115
582,5120,0.000000998
583,5120,0.000001116
584,5120,0.000001251
585,5120,0.000000919
586,5120,0.000000833
587,5120,0.000000964
588,5120,0.000000958
589,5120,0.000000936
590,5120,0.000000908
591,5120,0.000000914
592,5120,0.000000980
593,5120,0.000001004
594,5120,0.000000840
595,5120,0.000000846
596,5120,0.000001072
597,5120,0.000000966
598,5120,0.000000984
599,5120,0.000000983
600,5120,0.000001110
601,5120,0.000001046
602,5120,0.000000987
603,5120,0.000001027
604,5120,0.000001037
605,5120,0.000001000
606,5120,0.000000987
607,5120,0.000000962
608,5120,0.000001020
609,5120,0.000000989
610,5120,0.000000944
611,5120,0.000000929
612,5120,0.000001052
613,5120,0.000001073
614,5120,0.000001098
615,5120,0.000000933
616,5120,0.000001066
617,5120,0.000000971
618,5120,0.000000995
619,5120,0.000001003
620,5120,0.000001031
621,5120,0.000000942
622,5120,0.000000976
623,5120,0.000000982
624,5120,0.000001106
625,5120,0.000000996
626,5120,0.000000914
627,5120,0.000001000
628,5120,0.000001063
629,5120,0.000000958
630,5120,0.000000949
631,5120,0.000001293
632,5120,0.000001051
633,5120,0.000001093
634,5120,0.000000955
635,5120,0.000000964
636,5120,0.000000991
637,5120,0.000001188
638,5120,0.000001014
639,5120,0.000001022
640,5120,0.000001353
641,5120,0.000000934
642,5120,0.000000909
643,5120,0.000000954
644,5120,0.000001094
645,5120,0.000001022
646,5120,0.000000996
647,5120,0.000001041
648,5120,0.000001123
649,5120,0.000000989
650,5120,0.000000934
651,5120,0.000001130
652,5120,0.000001089
653,5120,0.000000944
654,5120,0.000001033
655,5120,0.000000957
656,5120,0.000001138
657,5120,0.000001040
658,5120,0.000000978
659,5120,0.000000978
660,5120,0.000001047
661,5120,0.000000966
662,5120,0.000001094
663,5120,0.000000906
664,5120,0.000001038
665,5120,0.000001011
666,5120,0.000000934
667,5120,0.000000961
668,5120,0.000001064
669,5120,0.000000977
670,5120,0.000001017
671,5120,0.000000928
672,5120,0.000001103
673,5120,0.000001031
674,5120,0.000000988
675,5120,0.000000949
676,5120,0.000001061
677,5120,0.000000930
678,5120,0.000000971
679,5120,0.000000976
680,5120,0.000001015
681,5120,0.000001039
682,5120,0.000000929
683,5120,0.000000943
684,5120,0.000001073
685,5120,0.000000948
686,5120,0.000001057
687,5120,0.000000987
688,5120,0.000001121
689,5120,0.000000967
690,5120,0.000000941
691,5120,0.000001067
692,5120,0.000001087
693,5120,0.000000925
694,5120,0.000000936
695,5120,0.000001127
696,5120,0.000001054
697,5120,0.000001020
698,5120,0.000000937
699,5120,0.000001078
700,5120,0.000001070
701,5120,0.000001015
702,5120,0.000000976
703,5120,0.000000954
704,5120,0.000001265
705,5120,0.000001030
706,5120,0.000000962
707,5120,0.000000975
708,5120,0.000001015
709,5120,0.000001099
710,5120,0.000001005
711,5120,0.000000960
712,5120,0.000001159
713,5120,0.000000990
714,5120,0.000001070
715,5120,0.000001013
716,5120,0.000001225
717,5120,0.000012966
718,5120,0.000001451
719,5120,0.000000970
720,5120,0.000001113
721,5120,0.000000982
722,5120,0.000001027
723,5120,0.000000945
724,5120,0.000001096
725,5120,0.000001033
726,5120,0.000000972
727,5120,0.000000962
728,5120,0.000000977
729,5120,0.000000986
730,5120,0.000000952
731,5120,0.000000918
732,5120,0.000001086
733,5120,0.000000977
734,5120,0.000001063
735,5120,0.000000908
736,5120,0.000001070
737,5120,0.000001009
738,5120,0.000000966
739,5120,0.000000954
740,5120,0.000001097
741,5120,0.000000963
742,5120,0.000001067
743,5120,0.000001011
744,5120,0.000001131
745,5120,0.000001011
746,5120,0.000000997
747,5120,0.000000917
748,5120,0.000001013
749,5120,0.000000945
750,5120,0.000001049
751,5120,0.000000959
752,5120,0.000001200
753,5120,0.000001006
754,5120,0.000000948
755,5120,0.000000929
756,5120,0.000001102
757,5120,0.000001053
758,5120,0.000000921
759,5120,0.000000998
760,5120,0.000001065
761,5120,0.000000999
762,5120,0.000000925
763,5120,0.000000958
764,5120,0.000001062
765,5120,0.000000994
766,5120,0.000001076
767,5120,0.000001103
768,5120,0.000001131
769,5120,0.000000971
770,5120,0.000000924
771,5120,0.000001056
772,5120,0.000001454
773,5120,0.000001026
774,5120,0.000001102
775,5120,0.000000959
776,5120,0.000001187
777,5120,0.000001111
778,5120,0.000001532
779,5120,0.000000916
780,5120,0.000001069
781,5120,0.000001388
782,5120,0.000000989
783,5120,0.000000935
784,5120,0.000001461
785,5120,0.000000981
786,5120,0.000001132
787,5120,0.000001098
788,5120,0.000000975
789,5120,0.000000966
790,5120,0.000000987
791,5120,0.000001105
792,5120,0.000001091
793,5120,0.000000979
794,5120,0.000001074
795,5120,0.000001076
796,5120,0.000001380
797,5120,0.000001008
798,5120,0.000001066
799,5120,0.000000962
800,5120,0.000001037
801,5120,0.000001013
802,5120,0.000001146
803,5120,0.000000922
804,5120,0.000001095
805,5120,0.000001141
806,5120,0.000000923
807,5120,0.000001158
808,5120,0.000001076
809,5120,0.000001129
810,5120,0.000001124
811,5120,0.000000962
812,5120,0.000001006
813,5120,0.000001095
814,5120,0.000001279
815,5120,0.000001184
816,5120,0.000001568
817,5120,0.000000971
818,5120,0.000000895
819,5120,0.000001211
820,5120,0.000000980
821,5120,0.000001236
822,5120,0.000001257
823,5120,0.000000950
824,5120,0.000001274
825,5120,0.000000931
826,5120,0.000015426
827,5120,0.000000934
828,5120,0.000001020
829,5120,0.000000978
830,5120,0.000000983
831,5120,0.000001114
832,5120,0.000001130
833,5120,0.000001144
834,5120,0.000013565
835,5120,0.000000916
836,5120,0.000001026
837,5120,0.000001132
838,5120,0.000001066
839,5120,0.000000950
840,5120,0.000001080
841,5120,0.000000930
842,5120,0.000000910
843,5120,0.000001135
844,5120,0.000000979
845,5120,0.000000936
846,5120,0.000000878
847,5120,0.000000960
848,5120,0.000001228
849,5120,0.000001047
850,5120,0.000001449
851,5120,0.000001011
852,5120,0.000001075
853,5120,0.000000989
854,5120,0.000000955
855,5120,0.000000951
856,5120,0.000001097
857,5120,0.000001403
858,5120,0.000001269
859,5120,0.000000975
860,5120,0.000001094
861,5120,0.000000972
862,5120,0.000001241
863,5120,0.000000889
864,5120,0.000001126
865,5120,0.000001095
866,5120,0.000000944
867,5120,0.000001030
868,5120,0.000000992
869,5120,0.000001127
870,5120,0.000000851
871,5120,0.000000913
872,5120,0.000001232
873,5120,0.000001299
874,5120,0.000000948
875,5120,0.000001316
876,5120,0.000001234
877,5120,0.000000873
878,5120,0.000001120
879,5120,0.000001075
880,5120,0.000001178
881,5120,0.000001024
882,5120,0.000000923
883,5120,0.000001035
884,5120,0.000000987
885,5120,0.000001009
886,5120,0.000001156
887,5120,0.000001163
888,5120,0.000001119
889,5120,0.000000962
890,5120,0.000001018
891,5120,0.000001104
892,5120,0.000001013
893,5120,0.000000820
894,5120,0.000000908
895,5120,0.000000946
896,5120,0.000001055
897,5120,0.000001080
898,5120,0.000001141
899,5120,0.000001445
900,5120,0.000001170
901,5120,0.000000997
902,5120,0.000000950
903,5120,0.000001388
904,5120,0.000001275
905,5120,0.000000996
906,5120,0.000001431
907,5120,0.000000992
908,5120,0.000001257
909,5120,0.000001224
910,5120,0.000001175
911,5120,0.000001069
912,5120,0.000001182
913,5120,0.000001007
914,5120,0.000001056
915,5120,0.000000900
916,5120,0.000001188
917,5120,0.000001109
918,5120,0.000000928
919,5120,0.000001113
920,5120,0.000001215
921,5120,0.000000973
922,5120,0.000001142
923,5120,0.000000946
924,5120,0.000001177
925,5120,0.000001038
926,5120,0.000000984
927,5120,0.000000967
928,5120,0.000001135
929,5120,0.000001015
930,5120,0.000001143
931,5120,0.000000994
932,5120,0.000001315
933,5120,0.000001102
934,5120,0.000000929
935,5120,0.000001132
936,5120,0.000001392
937,5120,0.000001939
938,5120,0.000001157
939,5120,0.000000980
940,5120,0.000001171
941,5120,0.000001191
942,5120,0.000000934
943,5120,0.000001781
944,5120,0.000001045
945,5120,0.000000938
946,5120,0.000001039
947,5120,0.000000882
948,5120,0.000001216
949,5120,0.000001140
950,5120,0.000001399
951,5120,0.000001099
952,5120,0.000001177
953,5120,0.000001198
954,5120,0.000001131
955,5120,0.000001190
956,5120,0.000001260
957,5120,0.000001163
958,5120,0.000001046
959,5120,0.000000864
960,5120,0.000001204
961,5120,0.000001242
962,5120,0.000000993
963,5120,0.000001047
964,5120,0.000001244
965,5120,0.000001017
966,5120,0.000001295
967,5120,0.000001120
968,5120,0.000001086
969,5120,0.000000914
970,5120,0.000000990
971,5120,0.000001105
972,5120,0.000001690
973,5120,0.000001142
974,5120,0.000001065
975,5120,0.000001081
976,5120,0.000001782
977,5120,0.000001180
978,5120,0.000001373
979,5120,0.000001494
980,5120,0.000001597
981,5120,0.000001059
982,5120,0.000001066
983,5120,0.000000969
984,5120,0.000001284
985,5120,0.000001065
986,5120,0.000001010
987,5120,0.000001137
988,5120,0.000001200
989,5120,0.000000983
990,5120,0.000001443
991,5120,0.000000959
992,5120,0.000001385
993,5120,0.000001170
994,5120,0.000000994
995,5120,0.000001039
996,5120,0.000001208
997,5120,0.000001017
998,5120,0.000001130
999,5120,0.000001007
0,5376,0.000001592
1,5376,0.000000985
2,5376,0.000000856
3,5376,0.000001064
4,5376,0.000000904
5,5376,0.000001018
6,5376,0.000001453
7,5376,0.000000921
8,5376,0.000000861
9,5376,0.000001550
10,5376,0.000001080
11,5376,0.000001223
12,5376,0.000001533
13,5376,0.000001052
14,5376,0.000001144
15,5376,0.000001701
16,5376,0.000001270
17,5376,0.000001034
18,5376,0.000000994
19,5376,0.000001189
20,5376,0.000001493
21,5376,0.000001086
22,5376,0.000001222
23,5376,0.000001419
24,5376,0.000000994
25,5376,0.000001246
26,5376,0.000001482
27,5376,0.000001183
28,5376,0.000001233
29,5376,0.000001139
30,5376,0.000013971
31,5376,0.000001068
32,5376,0.000001358
33,5376,0.000001053
34,5376,0.000001091
35,5376,0.000001543
36,5376,0.000001307
37,5376,0.000000989
38,5376,0.000001230
39,5376,0.000001117
40,5376,0.000000828
41,5376,0.000001788
42,5376,0.000001120
43,5376,0.000001080
44,5376,0.000001119
45,5376,0.000001075
46,5376,0.000001060
47,5376,0.000001001
48,5376,0.000001430
49,5376,0.000000994
50,5376,0.000000946
51,5376,0.000001200
52,5376,0.000000939
53,5376,0.000000973
54,5376,0.000001117
55,5376,0.000014079
56,5376,0.000001043
57,5376,0.000001687
58,5376,0.000001024
59,5376,0.000001062
60,5376,0.000001261
61,5376,0.000001133
62,5376,0.000001093
63,5376,0.000001670
64,5376,0.000001231
65,5376,0.000001068
66,5376,0.000001069
67,5376,0.000001252
68,5376,0.000001033
69,5376,0.000001140
70,5376,0.000001245
71,5376,0.000000992
72,5376,0.000001153
73,5376,0.000001541
74,5376,0.000001004
75,5376,0.000001052
76,5376,0.000001170
77,5376,0.000001047
78,5376,0.000001026
79,5376,0.000001028
80,5376,0.000001118
81,5376,0.000000951
82,5376,0.000000990
83,5376,0.000001219
84,5376,0.000001035
85,5376,0.000000988
86,5376,0.000013580
87,5376,0.000001072
88,5376,0.000000988
89,5376,0.000001098
90,5376,0.000001009
91,5376,0.000001172
92,5376,0.000001182
93,5376,0.000000978
94,5376,0.000001056
95,5376,0.000001132
96,5376,0.000001297
97,5376,0.000000992
98,5376,0.000001030
99,5376,0.000001166
100,5376,0.000001088
101,5376,0.000001030
102,5376,0.000001528
103,5376,0.000001091
104,5376,0.000001354
105,5376,0.000001530
106,5376,0.000000794
107,5376,0.000000849
108,5376,0.000000945
109,5376,0.000000816
110,5376,0.000000967
111,5376,0.000000711
112,5376,0.000000873
113,5376,0.000001042
114,5376,0.000000733
115,5376,0.000000949
116,5376,0.000000794
117,5376,0.000000769
118,5376,0.000000998
119,5376,0.000000900
120,5376,0.000000862
121,5376,0.000001362
122,5376,0.000000952
123,5376,0.000000808
124,5376,0.000000869
125,5376,0.000000753
126,5376,0.000000807
127,5376,0.000000783
128,5376,0.000000967
129,5376,0.000000832
130,5376,0.000000683
131,5376,0.000001044
132,5376,0.000001031
133,5376,0.000000793
134,5376,0.000001291
135,5376,0.000000884
136,5376,0.000000770
137,5376,0.000000986
138,5376,0.000001262
139,5376,0.000000846
140,5376,0.000001029
141,5376,0.000000823
142,5376,0.000000814
143,5376,0.000000887
144,5376,0.000000795
145,5376,0.000000762
146,5376,0.000000805
147,5376,0.000000898
148,5376,0.000000772
149,5376,0.000000769
150,5376,0.000000982
151,5376,0.000000785
152,5376,0.000000858
153,5376,0.000000999
154,5376,0.000000752
155,5376,0.000001218
156,5376,0.000000959
157,5376,0.000000760
158,5376,0.000000802
159,5376,0.000000742
160,5376,0.000000840
161,5376,0.000000848
162,5376,0.000000772
163,5376,0.000000890
164,5376,0.000001379
165,5376,0.000000693
166,5376,0.000001170
167,5376,0.000000920
168,5376,0.000000727
169,5376,0.000001020
170,5376,0.000000755
171,5376,0.000000803
172,5376,0.000000870
173,5376,0.000000820
174,5376,0.000000913
175,5376,0.000000715
176,5376,0.000000925
177,5376,0.000000785
178,5376,0.000000658
179,5376,0.000000896
180,5376,0.000000781
181,5376,0.000000777
182,5376,0.000000917
183,5376,0.000000939
184,5376,0.000000858
185,5376,0.000000987
186,5376,0.000000830
187,5376,0.000000768
188,5376,0.000000996
189,5376,0.000000814
190,5376,0.000001006
191,5376,0.000000731
192,5376,0.000000970
193,5376,0.000000848
194,5376,0.000000877
195,5376,0.000000912
196,5376,0.000000877
197,5376,0.000000704
198,5376,0.000000919
199,5376,0.000000794
200,5376,0.000000758
201,5376,0.000001167
202,5376,0.000000863
203,5376,0.000000772
204,5376,0.000000863
205,5376,0.000000831
206,5376,0.000000747
207,5376,0.000000824
208,5376,0.000000831
209,5376,0.000000782
210,5376,0.000000760
211,5376,0.000000875
212,5376,0.000000773
213,5376,0.000000729
214,5376,0.000000975
215,5376,0.000000999
216,5376,0.000000799
217,5376,0.000001068
218,5376,0.000000884
219,5376,0.000000741
220,5376,0.000000900
221,5376,0.000001028
222,5376,0.000000847
223,5376,0.000000890
224,5376,0.000000845
225,5376,0.000000727
226,5376,0.000000748
227,5376,0.000000896
228,5376,0.000000789
229,5376,0.000000798
230,5376,0.000001158
231,5376,0.000000741
232,5376,0.000000876
233,5376,0.000000832
234,5376,0.000000781
235,5376,0.000000846
236,5376,0.000000962
237,5376,0.000000754
238,5376,0.000001053
239,5376,0.000000810
240,5376,0.000001137
241,5376,0.000000824
242,5376,0.000000939
243,5376,0.000000998
244,5376,0.000000799
245,5376,0.000000881
246,5376,0.000000899
247,5376,0.000000793
248,5376,0.000000800
249,5376,0.000001232
250,5376,0.000000812
251,5376,0.000000780
252,5376,0.000000855
253,5376,0.000000746
254,5376,0.000000996
255,5376,0.000000789
256,5376,0.000000802
257,5376,0.000012201
258,5376,0.000001125
259,5376,0.000000872
260,5376,0.000001148
261,5376,0.000000734
262,5376,0.000000934
263,5376,0.000000790
264,5376,0.000000810
265,5376,0.000000863
266,5376,0.000000730
267,5376,0.000000879
268,5376,0.000000923
269,5376,0.000000879
270,5376,0.000000858
271,5376,0.000000806
272,5376,0.000000908
273,5376,0.000000804
274,5376,0.000000715
275,5376,0.000000954
276,5376,0.000000871
277,5376,0.000000741
278,5376,0.000000873
279,5376,0.000000889
280,5376,0.000000775
281,5376,0.000000933
282,5376,0.000001069
283,5376,0.000000725
284,5376,0.000001328
285,5376,0.000000874
286,5376,0.000000839
287,5376,0.000000701
288,5376,0.000000817
289,5376,0.000000907
290,5376,0.000000732
291,5376,0.000001164
292,5376,0.000000830
293,5376,0.000000730
294,5376,0.000000937
295,5376,0.000000866
296,5376,0.000000719
297,5376,0.000000901
298,5376,0.000000941
299,5376,0.000000871
300,5376,0.000001015
301,5376,0.000001152
302,5376,0.000000875
303,5376,0.000000892
304,5376,0.000000921
305,5376,0.000001182
306,5376,0.000000963
307,5376,0.000000964
308,5376,0.000000825
309,5376,0.000000878
310,5376,0.000015792
311,5376,0.000000897
312,5376,0.000000811
313,5376,0.000000896
314,5376,0.000000813
315,5376,0.000000959
316,5376,0.000000946
317,5376,0.000000763
318,5376,0.000000874
319,5376,0.000000760
320,5376,0.000000933
321,5376,0.000000803
322,5376,0.000000790
323,5376,0.000000900
324,5376,0.000000794
325,5376,0.000000791
326,5376,0.000000884
327,5376,0.000000852
328,5376,0.000000958
329,5376,0.000013596
330,5376,0.000000822
331,5376,0.000000746
332,5376,0.000000994
333,5376,0.000000944
334,5376,0.000000774
335,5376,0.000000680
336,5376,0.000000870
337,5376,0.000001055
338,5376,0.000000804
339,5376,0.000015465
340,5376,0.000000862
341,5376,0.000000810
342,5376,0.000000954
343,5376,0.000000882
344,5376,0.000000924
345,5376,0.000000930
346,5376,0.000000803
347,5376,0.000000865
348,5376,0.000000900
349,5376,0.000000868
350,5376,0.000000923
351,5376,0.000000806
352,5376,0.000001004
353,5376,0.000000867
354,5376,0.000000782
355,5376,0.000000999
356,5376,0.000013721
357,5376,0.000000799
358,5376,0.000000958
359,5376,0.000000856
360,5376,0.000000803
361,5376,0.000000923
362,5376,0.000000902
363,5376,0.000001183
364,5376,0.000000901
365,5376,0.000000862
366,5376,0.000015414
367,5376,0.000000780
368,5376,0.000000859
369,5376,0.000000828
370,5376,0.000000848
371,5376,0.000000903
372,5376,0.000000778
373,5376,0.000000867
374,5376,0.000000908
375,5376,0.000000815
376,5376,0.000013508
377,5376,0.000000914
378,5376,0.000000799
379,5376,0.000000820
380,5376,0.000000875
381,5376,0.000000878
382,5376,0.000000666
383,5376,0.000000831
384,5376,0.000000819
385,5376,0.000000769
386,5376,0.000000819
387,5376,0.000000988
388,5376,0.000000845
389,5376,0.000000769
390,5376,0.000000971
391,5376,0.000000801
392,5376,0.000000814
393,5376,0.000000991
394,5376,0.000001012
395,5376,0.000000764
396,5376,0.000000915
397,5376,0.000000794
398,5376,0.000000783
399,5376,0.000000824
400,5376,0.000000896
401,5376,0.000000890
402,5376,0.000000789
403,5376,0.000001164
404,5376,0.000000780
405,5376,0.000000754
406,5376,0.000000909
407,5376,0.000000838
408,5376,0.000000917
409,5376,0.000000888
410,5376,0.000000741
411,5376,0.000000908
412,5376,0.000000891
413,5376,0.000000799
414,5376,0.000000971
415,5376,0.000000727
416,5376,0.000000862
417,5376,0.000000809
418,5376,0.000000929
419,5376,0.000000937
420,5376,0.000000899
421,5376,0.000000734
422,5376,0.000001053
423,5376,0.000000925
424,5376,0.000000769
425,5376,0.000001013
426,5376,0.000000868
427,5376,0.000000797
428,5376,0.000000856
429,5376,0.000000795
430,5376,0.000000832
431,5376,0.000000697
432,5376,0.000000818
433,5376,0.000000774
434,5376,0.000000757
435,5376,0.000000912
436,5376,0.000000776
437,5376,0.000000965
438,5376,0.000000988
439,5376,0.000000757
440,5376,0.000000854
441,5376,0.000001000
442,5376,0.000000817
443,5376,0.000000837
444,5376,0.000000829
445,5376,0.000000718
446,5376,0.000000780
447,5376,0.000000777
448,5376,0.000000878
449,5376,0.000000846
450,5376,0.000000727
451,5376,0.000000948
452,5376,0.000000864
453,5376,0.000000721
454,5376,0.000001337
455,5376,0.000000806
456,5376,0.000000762
457,5376,0.000000868
458,5376,0.000000817
459,5376,0.000000887
460,5376,0.000001034
461,5376,0.000000878
462,5376,0.000000794
463,5376,0.000000801
464,5376,0.000000850
465,5376,0.000000852
466,5376,0.000000821
467,5376,0.000000953
468,5376,0.000000866
469,5376,0.000001224
470,5376,0.000000870
471,5376,0.000000873
472,5376,0.000000770
473,5376,0.000000917
474,5376,0.000000794
475,5376,0.000001214
476,5376,0.000001069
477,5376,0.000000766
478,5376,0.000000909
479,5376,0.000000737
480,5376,0.000000891
481,5376,0.000000735
482,5376,0.000000786
483,5376,0.000001021
484,5376,0.000000855
485,5376,0.000000758
486,5376,0.000001056
487,5376,0.000000881
488,5376,0.000000773
489,5376,0.000001239
490,5376,0.000001007
491,5376,0.000000906
492,5376,0.000000876
493,5376,0.000000885
494,5376,0.000000801
495,5376,0.000000830
496,5376,0.000000844
497,5376,0.000000740
498,5376,0.000000746
499,5376,0.000000847
500,5376,0.000000739
501,5376,0.000000923
502,5376,0.000000963
503,5376,0.000000861
504,5376,0.000000835
505,5376,0.000000920
506,5376,0.000000831
507,5376,0.000000847
508,5376,0.000000875
509,5376,0.000000760
510,5376,0.000000832
511,5376,0.000000684
512,5376,0.000000943
513,5376,0.000000795
514,5376,0.000000754
515,5376,0.000000930
516,5376,0.000000753
517,5376,0.000000876
518,5376,0.000000960
519,5376,0.000000796
520,5376,0.000000780
521,5376,0.000001294
522,5376,0.000000763
523,5376,0.000000905
524,5376,0.000001152
525,5376,0.000000821
526,5376,0.000000705
527,5376,0.000000762
528,5376,0.000000885
529,5376,0.000000814
530,5376,0.000000938
531,5376,0.000000889
532,5376,0.000000776
533,5376,0.000000826
534,5376,0.000001164
535,5376,0.000000806
536,5376,0.000001029
537,5376,0.000000952
538,5376,0.000000910
539,5376,0.000000894
540,5376,0.000000832
541,5376,0.000000795
542,5376,0.000000805
543,5376,0.000000679
544,5376,0.000000892
545,5376,0.000000850
546,5376,0.000000792
547,5376,0.000001236
548,5376,0.000000813
549,5376,0.000000800
550,5376,0.000001026
551,5376,0.000001067
552,5376,0.000000788
553,5376,0.000000948
554,5376,0.000000880
555,5376,0.000001182
556,5376,0.000000963
557,5376,0.000000814
558,5376,0.000000767
559,5376,0.000000874
560,5376,0.000000892
561,5376,0.000000724
562,5376,0.000000711
563,5376,0.000000833
564,5376,0.000000748
565,5376,0.000000704
566,5376,0.000000919
567,5376,0.000000879
568,5376,0.000000846
569,5376,0.000000908
570,5376,0.000000854
571,5376,0.000000781
572,5376,0.000000944
573,5376,0.000000838
574,5376,0.000000855
575,5376,0.000000763
576,5376,0.000000921
577,5376,0.000000873
578,5376,0.000000852
579,5376,0.000000870
580,5376,0.000000789
581,5376,0.000000784
582,5376,0.000000819
583,5376,0.000000862
584,5376,0.000000823
585,5376,0.000000970
586,5376,0.000001065
587,5376,0.000000772
588,5376,0.000000899
589,5376,0.000000923
590,5376,0.000000701
591,5376,0.000000791
592,5376,0.000000783
593,5376,0.000000784
594,5376,0.000000807
595,5376,0.000001159
596,5376,0.000000728
597,5376,0.000000890
598,5376,0.000000829
599,5376,0.000000791
600,5376,0.000000786
601,5376,0.000000848
602,5376,0.000000770
603,5376,0.000000812
604,5376,0.000000875
605,5376,0.000000795
606,5376,0.000000847
607,5376,0.000000835
608,5376,0.000000826
609,5376,0.000000855
610,5376,0.000000852
611,5376,0.000000887
612,5376,0.000000789
613,5376,0.000001149
614,5376,0.000000935
615,5376,0.000000775
616,5376,0.000000925
617,5376,0.000001236
618,5376,0.000000787
619,5376,0.000000813
620,5376,0.000001033
621,5376,0.000001025
622,5376,0.000000734
623,5376,0.000001166
624,5376,0.000000848
625,5376,0.000001095
626,5376,0.000000966
627,5376,0.000001009
628,5376,0.000000735
629,5376,0.000000800
630,5376,0.000000969
631,5376,0.000000765
632,5376,0.000000811
633,5376,0.000000874
634,5376,0.000000747
635,5376,0.000000840
636,5376,0.000000871
637,5376,0.000000743
638,5376,0.000000825
639,5376,0.000000861
640,5376,0.000000937
641,5376,0.000000768
642,5376,0.000000705
643,5376,0.000000902
644,5376,0.000000776
645,5376,0.000001035
646,5376,0.000000987
647,5376,0.000001094
648,5376,0.000000722
649,5376,0.000000916
650,5376,0.000000781
651,5376,0.000000734
652,5376,0.000000897
653,5376,0.000000831
654,5376,0.000000775
655,5376,0.000000791
656,5376,0.000000814
657,5376,0.000000748
658,5376,0.000000896
659,5376,0.000000954
660,5376,0.000000725
661,5376,0.000000794
662,5376,0.000001191
663,5376,0.000000864
664,5376,0.000000918
665,5376,0.000001012
666,5376,0.000000807
667,5376,0.000000807
668,5376,0.000000862
669,5376,0.000000874
670,5376,0.000000762
671,5376,0.000000752
672,5376,0.000000881
673,5376,0.000000869
674,5376,0.000000893
675,5376,0.000000919
676,5376,0.000000862
677,5376,0.000000878
678,5376,0.000000964
679,5376,0.000000796
680,5376,0.000000934
681,5376,0.000001094
682,5376,0.000000962
683,5376,0.000000882
684,5376,0.000000995
685,5376,0.000000835
686,5376,0.000001004
687,5376,0.000000735
688,5376,0.000000836
689,5376,0.000000798
690,5376,0.000000768
691,5376,0.000000900
692,5376,0.000000812
693,5376,0.000000899
694,5376,0.000000840
695,5376,0.000000859
696,5376,0.000000733
697,5376,0.000001011
698,5376,0.000000796
699,5376,0.000000761
700,5376,0.000000793
701,5376,0.000000871
702,5376,0.000000934
703,5376,0.000000825
704,5376,0.000000896
705,5376,0.000000795
706,5376,0.000000723
707,5376,0.000000928
708,5376,0.000000847
709,5376,0.000000787
710,5376,0.000000870
711,5376,0.000000816
712,5376,0.000000891
713,5376,0.000000849
714,5376,0.000000800
715,5376,0.000000817
716,5376,0.000000979
717,5376,0.000000829
718,5376,0.000000831
719,5376,0.000000733
720,5376,0.000000812
721,5376,0.000000839
722,5376,0.000001070
723,5376,0.000000931
724,5376,0.000000904
725,5376,0.000000838
726,5376,0.000000939
727,5376,0.000000817
728,5376,0.000000737
729,5376,0.000000956
730,5376,0.000001280
731,5376,0.000000888
732,5376,0.000000807
733,5376,0.000000832
734,5376,0.000000828
735,5376,0.000000838
736,5376,0.000000844
737,5376,0.000000927
738,5376,0.000000781
739,5376,0.000001190
740,5376,0.000000823
741,5376,0.000000804
742,5376,0.000000928
743,5376,0.000001095
744,5376,0.000000847
745,5376,0.000001284
746,5376,0.000000882
747,5376,0.000000803
748,5376,0.000000975
749,5376,0.000000884
750,5376,0.000000822
751,5376,0.000000930
752,5376,0.000000880
753,5376,0.000001129
754,5376,0.000000739
755,5376,0.000000867
756,5376,0.000000811
757,5376,0.000000805
758,5376,0.000000942
759,5376,0.000000836
760,5376,0.000000769
761,5376,0.000000915
762,5376,0.000000813
763,5376,0.000000793
764,5376,0.000000966
765,5376,0.000000784
766,5376,0.000000845
767,5376,0.000000765
768,5376,0.000000898
769,5376,0.000000765
770,5376,0.000000784
771,5376,0.000000957
772,5376,0.000000740
773,5376,0.000000771
774,5376,0.000000889
775,5376,0.000000743
776,5376,0.000000923
777,5376,0.000000907
778,5376,0.000000763
779,5376,0.000000929
780,5376,0.000000975
781,5376,0.000000786
782,5376,0.000000877
783,5376,0.000000709
784,5376,0.000000858
785,5376,0.000000865
786,5376,0.000000719
787,5376,0.000000897
788,5376,0.000000774
789,5376,0.000000760
790,5376,0.000000914
791,5376,0.000000851
792,5376,0.000000813
793,5376,0.000001040
794,5376,0.000000798
795,5376,0.000000734
796,5376,0.000000910
797,5376,0.000000826
798,5376,0.000000762
799,5376,0.000000774
800,5376,0.000001175
801,5376,0.000000767
802,5376,0.000000790
803,5376,0.000000866
804,5376,0.000000759
805,5376,0.000000780
806,5376,0.000000885
807,5376,0.000000846
808,5376,0.000000862
809,5376,0.000001016
810,5376,0.000000913
811,5376,0.000001119
812,5376,0.000000885
813,5376,0.000000784
814,5376,0.000000801
815,5376,0.000000902
816,5376,0.000000865
817,5376,0.000000781
818,5376,0.000000761
819,5376,0.000000993
820,5376,0.000000747
821,5376,0.000000856
822,5376,0.000000849
823,5376,0.000000808
824,5376,0.000000787
825,5376,0.000000932
826,5376,0.000000778
827,5376,0.000000870
828,5376,0.000001011
829,5376,0.000000776
830,5376,0.000000753
831,5376,0.000000740
832,5376,0.000000896
833,5376,0.000000793
834,5376,0.000000771
835,5376,0.000000979
836,5376,0.000000825
837,5376,0.000000717
838,5376,0.000001313
839,5376,0.000000858
840,5376,0.000000820
841,5376,0.000000928
842,5376,0.000000825
843,5376,0.000000748
844,5376,0.000001321
845,5376,0.000000845
846,5376,0.000001047
847,5376,0.000000887
848,5376,0.000000838
849,5376,0.000000736
850,5376,0.000000805
851,5376,0.000000890
852,5376,0.000000764
853,5376,0.000000840
854,5376,0.000000906
855,5376,0.000000821
856,5376,0.000000877
857,5376,0.000000969
858,5376,0.000000775
859,5376,0.000001047
860,5376,0.000000956
861,5376,0.000000878
862,5376,0.000000831
863,5376,0.000000892
864,5376,0.000000915
865,5376,0.000000750
866,5376,0.000000874
867,5376,0.000000903
868,5376,0.000000868
869,5376,0.000000834
870,5376,0.000000950
871,5376,0.000000800
872,5376,0.000000787
873,5376,0.000000980
874,5376,0.000000806
875,5376,0.000001024
876,5376,0.000001338
877,5376,0.000000806
878,5376,0.000001510
879,5376,0.000000761
880,5376,0.000000911
881,5376,0.000000829
882,5376,0.000000740
883,5376,0.000000944
884,5376,0.000001314
885,5376,0.000000746
886,5376,0.000000930
887,5376,0.000000831
888,5376,0.000000810
889,5376,0.000001068
890,5376,0.000001128
891,5376,0.000000760
892,5376,0.000001079
893,5376,0.000000813
894,5376,0.000001067
895,5376,0.000000764
896,5376,0.000001225
897,5376,0.000000830
898,5376,0.000000933
899,5376,0.000000914
900,5376,0.000000744
901,5376,0.000000796
902,5376,0.000000910
903,5376,0.000000745
904,5376,0.000000886
905,5376,0.000001028
906,5376,0.000000920
907,5376,0.000000874
908,5376,0.000001104
909,5376,0.000000918
910,5376,0.000000805
911,5376,0.000001124
912,5376,0.000000978
913,5376,0.000000835
914,5376,0.000000999
915,5376,0.000001002
916,5376,0.000000800
917,5376,0.000000914
918,5376,0.000001148
919,5376,0.000000810
920,5376,0.000000929
921,5376,0.000000986
922,5376,0.000000835
923,5376,0.000000876
924,5376,0.000000994
925,5376,0.000000925
926,5376,0.000000837
927,5376,0.000000754
928,5376,0.000000960
929,5376,0.000001058
930,5376,0.000000805
931,5376,0.000001059
932,5376,0.000000949
933,5376,0.000000814
934,5376,0.000001026
935,5376,0.000000962
936,5376,0.000000876
937,5376,0.000001091
938,5376,0.000000928
939,5376,0.000000798
940,5376,0.000001011
941,5376,0.000001055
942,5376,0.000000856
943,5376,0.000001283
944,5376,0.000001122
945,5376,0.000000828
946,5376,0.000000886
947,5376,0.000000985
948,5376,0.000000796
949,5376,0.000000864
950,5376,0.000001042
951,5376,0.000000825
952,5376,0.000000905
953,5376,0.000001054
954,5376,0.000000964
955,5376,0.000000995
956,5376,0.000001034
957,5376,0.000000950
958,5376,0.000000843
959,5376,0.000001099
960,5376,0.000000995
961,5376,0.000000851
962,5376,0.000000946
963,5376,0.000001130
964,5376,0.000000816
965,5376,0.000000935
966,5376,0.000001030
967,5376,0.000000827
968,5376,0.000000951
969,5376,0.000001029
970,5376,0.000000846
971,5376,0.000000942
972,5376,0.000001042
973,5376,0.000000881
974,5376,0.000001125
975,5376,0.000000900
976,5376,0.000001662
977,5376,0.000000963
978,5376,0.000001012
979,5376,0.000001028
980,5376,0.000001083
981,5376,0.000000813
982,5376,0.000001044
983,5376,0.000001080
984,5376,0.000000814
985,5376,0.000001057
986,5376,0.000001011
987,5376,0.000000838
988,5376,0.000001034
989,5376,0.000000964
990,5376,0.000000804
991,5376,0.000000810
992,5376,0.000000998
993,5376,0.000000794
994,5376,0.000001196
995,5376,0.000001038
996,5376,0.000000806
997,5376,0.000000934
998,5376,0.000000947
999,5376,0.000000942
0,5632,0.000001735
1,5632,0.000001152
2,5632,0.000001175
3,5632,0.000001138
4,5632,0.000000980
5,5632,0.000001211
6,5632,0.000001345
7,5632,0.000001036
8,5632,0.000001107
9,5632,0.000001012
10,5632,0.000001157
11,5632,0.000000984
12,5632,0.000000942
13,5632,0.000001339
14,5632,0.000000920
15,5632,0.000000996
16,5632,0.000001030
17,5632,0.000001058
18,5632,0.000001200
19,5632,0.000001053
20,5632,0.000001017
21,5632,0.000001301
22,5632,0.000001073
23,5632,0.000001090
24,5632,0.000001987
25,5632,0.000001143
26,5632,0.000001127
27,5632,0.000001039
28,5632,0.000001275
29,5632,0.000001180
30,5632,0.000000912
31,5632,0.000000974
32,5632,0.000001214
33,5632,0.000000931
34,5632,0.000001158
35,5632,0.000000970
36,5632,0.000001049
37,5632,0.000001162
38,5632,0.000001190
39,5632,0.000001044
40,5632,0.000001048
41,5632,0.000000908
42,5632,0.000001076
43,5632,0.000001182
44,5632,0.000001017
45,5632,0.000001248
46,5632,0.000001050
47,5632,0.000001058
48,5632,0.000001086
49,5632,0.000001119
50,5632,0.000001099
51,5632,0.000001362
52,5632,0.000000871
53,5632,0.000001068
54,5632,0.000001041
55,5632,0.000000956
56,5632,0.000001198
57,5632,0.000001063
58,5632,0.000025991
59,5632,0.000001606
60,5632,0.000001193
61,5632,0.000001168
62,5632,0.000001001
63,5632,0.000001061
64,5632,0.000001102
65,5632,0.000001043
66,5632,0.000001341
67,5632,0.000001325
68,5632,0.000000929
69,5632,0.000001121
70,5632,0.000001035
71,5632,0.000001020
72,5632,0.000001103
73,5632,0.000001126
74,5632,0.000001182
75,5632,0.000001067
76,5632,0.000000963
77,5632,0.000001123
78,5632,0.000000985
79,5632,0.000000972
80,5632,0.000013553
81,5632,0.000000975
82,5632,0.000001106
83,5632,0.000001228
84,5632,0.000001018
85,5632,0.000001116
86,5632,0.000000975
87,5632,0.000001079
88,5632,0.000001395
89,5632,0.000000973
90,5632,0.000001317
91,5632,0.000001006
92,5632,0.000001136
93,5632,0.000001486
94,5632,0.000000998
95,5632,0.000000986
96,5632,0.000001139
97,5632,0.000001117
98,5632,0.000001550
99,5632,0.000000895
100,5632,0.000000790
101,5632,0.000000948
102,5632,0.000000871
103,5632,0.000000763
104,5632,0.000001292
105,5632,0.000000920
106,5632,0.000000900
107,5632,0.000000812
108,5632,0.000000928
109,5632,0.000000925
110,5632,0.000015727
111,5632,0.000000908
112,5632,0.000000935
113,5632,0.000000784
114,5632,0.000000960
115,5632,0.000001277
116,5632,0.000000804
117,5632,0.000000941
118,5632,0.000000797
119,5632,0.000001178
120,5632,0.000000820
121,5632,0.000001021
122,5632,0.000001104
123,5632,0.000000911
124,5632,0.000000766
125,5632,0.000000994
126,5632,0.000000988
127,5632,0.000000986
128,5632,0.000000950
129,5632,0.000000824
130,5632,0.000000962
131,5632,0.000000799
132,5632,0.000000943
133,5632,0.000013597
134,5632,0.000000792
135,5632,0.000001117
136,5632,0.000000928
137,5632,0.000000784
138,5632,0.000000959
139,5632,0.000000854
140,5632,0.000000730
141,5632,0.000000952
142,5632,0.000000803
143,5632,0.000000756
144,5632,0.000000856
145,5632,0.000001111
146,5632,0.000000943
147,5632,0.000000763
148,5632,0.000000898
149,5632,0.000000950
150,5632,0.000000727
151,5632,0.000000755
152,5632,0.000000826
153,5632,0.000000756
154,5632,0.000000909
155,5632,0.000000844
156,5632,0.000000798
157,5632,0.000000952
158,5632,0.000000873
159,5632,0.000000796
160,5632,0.000000827
161,5632,0.000000800
162,5632,0.000000834
163,5632,0.000000873
164,5632,0.000000758
165,5632,0.000000943
166,5632,0.000000824
167,5632,0.000000785
168,5632,0.000000918
169,5632,0.000000826
170,5632,0.000000902
171,5632,0.000000944
172,5632,0.000000819
173,5632,0.000000956
174,5632,0.000000840
175,5632,0.000000883
176,5632,0.000000866
177,5632,0.000000861
178,5632,0.000000966
179,5632,0.000000888
180,5632,0.000001114
181,5632,0.000000960
182,5632,0.000000783
183,5632,0.000000861
184,5632,0.000000839
185,5632,0.000000819
186,5632,0.000000872
187,5632,0.000000832
188,5632,0.000000763
189,5632,0.000000852
190,5632,0.000000746
191,5632,0.000000756
192,5632,0.000000873
193,5632,0.000000848
194,5632,0.000000921
195,5632,0.000000722
196,5632,0.000000854
197,5632,0.000000933
198,5632,0.000000717
199,5632,0.000000817
200,5632,0.000000838
201,5632,0.000000761
202,5632,0.000000963
203,5632,0.000000815
204,5632,0.000000966
205,5632,0.000000910
206,5632,0.000000788
207,5632,0.000000838
208,5632,0.000000883
209,5632,0.000000752
210,5632,0.000000921
211,5632,0.000000875
212,5632,0.000000789
213,5632,0.000000917
214,5632,0.000000896
215,5632,0.000000772
216,5632,0.000000915
217,5632,0.000000764
218,5632,0.000000886
219,5632,0.000000825
220,5632,0.000000977
221,5632,0.000000896
222,5632,0.000000735
223,5632,0.000000825
224,5632,0.000000775
225,5632,0.000000841
226,5632,0.000000897
227,5632,0.000001055
228,5632,0.000000770
229,5632,0.000001041
230,5632,0.000000785
231,5632,0.000000880
232,5632,0.000000912
233,5632,0.000000840
234,5632,0.000001043
235,5632,0.000000931
236,5632,0.000000881
237,5632,0.000001239
238,5632,0.000000948
239,5632,0.000000799
240,5632,0.000000915
241,5632,0.000000745
242,5632,0.000000962
243,5632,0.000001191
244,5632,0.000000708
245,5632,0.000000971
246,5632,0.000000786
247,5632,0.000000713
248,5632,0.000000985
249,5632,0.000000816
250,5632,0.000000909
251,5632,0.000000804
252,5632,0.000000831
253,5632,0.000000854
254,5632,0.000000722
255,5632,0.000000849
256,5632,0.000000862
257,5632,0.000000792
258,5632,0.000001061
259,5632,0.000000873
260,5632,0.000000781
261,5632,0.000000854
262,5632,0.000000941
263,5632,0.000001111
264,5632,0.000000912
265,5632,0.000000842
266,5632,0.000000929
267,5632,0.000000867
268,5632,0.000000998
269,5632,0.000001231
270,5632,0.000000691
271,5632,0.000000895
272,5632,0.000000937
273,5632,0.000000727
274,5632,0.000000858
275,5632,0.000000748
276,5632,0.000000972
277,5632,0.000000917
278,5632,0.000000979
279,5632,0.000000697
280,5632,0.000000960
281,5632,0.000000794
282,5632,0.000000860
283,5632,0.000000831
284,5632,0.000000809
285,5632,0.000000966
286,5632,0.000000865
287,5632,0.000000807
288,5632,0.000000870
289,5632,0.000000793
290,5632,0.000000957
291,5632,0.000000844
292,5632,0.000000963
293,5632,0.000001033
294,5632,0.000000841
295,5632,0.000000951
296,5632,0.000000943
297,5632,0.000000785
298,5632,0.000000885
299,5632,0.000000798
300,5632,0.000000776
301,5632,0.000001000
302,5632,0.000000864
303,5632,0.000000718
304,5632,0.000000864
305,5632,0.000000802
306,5632,0.000000891
307,5632,0.000000801
308,5632,0.000000813
309,5632,0.000000851
310,5632,0.000000783
311,5632,0.000000804
312,5632,0.000000827
313,5632,0.000000875
314,5632,0.000000928
315,5632,0.000001056
316,5632,0.000000718
317,5632,0.000000967
318,5632,0.000000980
319,5632,0.000000708
320,5632,0.000000789
321,5632,0.000000825
322,5632,0.000000901
323,5632,0.000000809
324,5632,0.000000797
325,5632,0.000000950
326,5632,0.000000816
327,5632,0.000000794
328,5632,0.000000846
329,5632,0.000000878
330,5632,0.000000934
331,5632,0.000000838
332,5632,0.000000776
333,5632,0.000000997
334,5632,0.000000899
335,5632,0.000000794
336,5632,0.000000945
337,5632,0.000000829
338,5632,0.000000871
339,5632,0.000001180
340,5632,0.000000792
341,5632,0.000001097
342,5632,0.000000745
343,5632,0.000000813
344,5632,0.000000806
345,5632,0.000000716
346,5632,0.000000954
347,5632,0.000000797
348,5632,0.000000739
349,5632,0.000000959
350,5632,0.000000864
351,5632,0.000000871
352,5632,0.000000899
353,5632,0.000000807
354,5632,0.000000859
355,5632,0.000000796
356,5632,0.000000824
357,5632,0.000000851
358,5632,0.000000815
359,5632,0.000000819
360,5632,0.000000827
361,5632,0.000000801
362,5632,0.000000840
363,5632,0.000000785
364,5632,0.000000824
365,5632,0.000000880
366,5632,0.000000760
367,5632,0.000000729
368,5632,0.000000801
369,5632,0.000000912
370,5632,0.000000883
371,5632,0.000000805
372,5632,0.000000857
373,5632,0.000000904
374,5632,0.000000801
375,5632,0.000000880
376,5632,0.000000908
377,5632,0.000000781
378,5632,0.000000846
379,5632,0.000000795
380,5632,0.000000796
381,5632,0.000000968
382,5632,0.000000930
383,5632,0.000000756
384,5632,0.000001095
385,5632,0.000000812
386,5632,0.000000907
387,5632,0.000000819
388,5632,0.000001087
389,5632,0.000000960
390,5632,0.000000801
391,5632,0.000000798
392,5632,0.000000858
393,5632,0.000000860
394,5632,0.000001299
395,5632,0.000000874
396,5632,0.000000709
397,5632,0.000000871
398,5632,0.000000740
399,5632,0.000000724
400,5632,0.000000956
401,5632,0.000000957
402,5632,0.000000958
403,5632,0.000000835
404,5632,0.000000897
405,5632,0.000001021
406,5632,0.000000800
407,5632,0.000000779
408,5632,0.000000853
409,5632,0.000000761
410,5632,0.000000821
411,5632,0.000000741
412,5632,0.000000687
413,5632,0.000000952
414,5632,0.000000748
415,5632,0.000000716
416,5632,0.000000920
417,5632,0.000000961
418,5632,0.000001025
419,5632,0.000000741
420,5632,0.000000745
421,5632,0.000000986
422,5632,0.000000850
423,5632,0.000000882
424,5632,0.000000788
425,5632,0.000000674
426,5632,0.000000981
427,5632,0.000000825
428,5632,0.000000736
429,5632,0.000000937
430,5632,0.000000877
431,5632,0.000000794
432,5632,0.000000876
433,5632,0.000000851
434,5632,0.000001024
435,5632,0.000000736
436,5632,0.000000788
437,5632,0.000000852
438,5632,0.000000803
439,5632,0.000000752
440,5632,0.000000944
441,5632,0.000000775
442,5632,0.000000936
443,5632,0.000001285
444,5632,0.000000797
445,5632,0.000000946
446,5632,0.000000795
447,5632,0.000000750
448,5632,0.000000928
449,5632,0.000000778
450,5632,0.000000819
451,5632,0.000000812
452,5632,0.000000887
453,5632,0.000000937
454,5632,0.000000860
455,5632,0.000001300
456,5632,0.000000954
457,5632,0.000000813
458,5632,0.000000942
459,5632,0.000000767
460,5632,0.000000778
461,5632,0.000000969
462,5632,0.000000908
463,5632,0.000000720
464,5632,0.000001095
465,5632,0.000000962
466,5632,0.000000860
467,5632,0.000000813
468,5632,0.000000749
469,5632,0.000000895
470,5632,0.000000768
471,5632,0.000000885
472,5632,0.000000928
473,5632,0.000000806
474,5632,0.000001013
475,5632,0.000000837
476,5632,0.000000696
477,5632,0.000001212
478,5632,0.000000907
479,5632,0.000000797
480,5632,0.000001079
481,5632,0.000000772
482,5632,0.000000958
483,5632,0.000000837
484,5632,0.000000846
485,5632,0.000000894
486,5632,0.000000801
487,5632,0.000000864
488,5632,0.000000812
489,5632,0.000000846
490,5632,0.000000955
491,5632,0.000000924
492,5632,0.000000685
493,5632,0.000000964
494,5632,0.000000810
495,5632,0.000000794
496,5632,0.000000904
497,5632,0.000000771
498,5632,0.000001007
499,5632,0.000000951
500,5632,0.000000779
501,5632,0.000000883
502,5632,0.000000703
503,5632,0.000000771
504,5632,0.000000851
505,5632,0.000000809
506,5632,0.000000961
507,5632,0.000000898
508,5632,0.000000781
509,5632,0.000000957
510,5632,0.000000991
511,5632,0.000000823
512,5632,0.000000805
513,5632,0.000000838
514,5632,0.000000862
515,5632,0.000000720
516,5632,0.000000880
517,5632,0.000000945
518,5632,0.000000750
519,5632,0.000000802
520,5632,0.000000839
521,5632,0.000000802
522,5632,0.000000974
523,5632,0.000000864
524,5632,0.000000855
525,5632,0.000001018
526,5632,0.000001036
527,5632,0.000000719
528,5632,0.000000937
529,5632,0.000000866
530,5632,0.000000971
531,5632,0.000000797
532,5632,0.000000751
533,5632,0.000000865
534,5632,0.000000839
535,5632,0.000000748
536,5632,0.000000794
537,5632,0.000000790
538,5632,0.000000879
539,5632,0.000000798
540,5632,0.000000709
541,5632,0.000001224
542,5632,0.000000772
543,5632,0.000000764
544,5632,0.000000914
545,5632,0.000000774
546,5632,0.000000940
547,5632,0.000000740
548,5632,0.000000872
549,5632,0.000000894
550,5632,0.000000853
551,5632,0.000000760
552,5632,0.000000991
553,5632,0.000000779
554,5632,0.000001015
555,5632,0.000000789
556,5632,0.000000709
557,5632,0.000001000
558,5632,0.000000877
559,5632,0.000000786
560,5632,0.000000829
561,5632,0.000000846
562,5632,0.000000965
563,5632,0.000000770
564,5632,0.000000841
565,5632,0.000000828
566,5632,0.000000849
567,5632,0.000000874
568,5632,0.000000884
569,5632,0.000000695
570,5632,0.000001075
571,5632,0.000000818
572,5632,0.000000881
573,5632,0.000000873
574,5632,0.000000779
575,5632,0.000000720
576,5632,0.000000909
577,5632,0.000000802
578,5632,0.000000959
579,5632,0.000000798
580,5632,0.000000864
581,5632,0.000000966
582,5632,0.000000859
583,5632,0.000000738
584,5632,0.000000912
585,5632,0.000001147
586,5632,0.000000939
587,5632,0.000000793
588,5632,0.000000921
589,5632,0.000001287
590,5632,0.000000796
591,5632,0.000000734
592,5632,0.000000981
593,5632,0.000001189
594,5632,0.000001015
595,5632,0.000000866
596,5632,0.000001351
597,5632,0.000001127
598,5632,0.000000855
599,5632,0.000000838
600,5632,0.000000873
601,5632,0.000000839
602,5632,0.000000927
603,5632,0.000000812
604,5632,0.000000729
605,5632,0.000000954
606,5632,0.000000788
607,5632,0.000000805
608,5632,0.000000837
609,5632,0.000000791
610,5632,0.000000959
611,5632,0.000000824
612,5632,0.000000803
613,5632,0.000000849
614,5632,0.000000857
615,5632,0.000000808
616,5632,0.000000843
617,5632,0.000000866
618,5632,0.000000954
619,5632,0.000000868
620,5632,0.000000804
621,5632,0.000000869
622,5632,0.000000884
623,5632,0.000000813
624,5632,0.000001002
625,5632,0.000000811
626,5632,0.000000840
627,5632,0.000000752
628,5632,0.000000938
629,5632,0.000000870
630,5632,0.000000716
631,5632,0.000000741
632,5632,0.000001486
633,5632,0.000000803
634,5632,0.000000943
635,5632,0.000000933
636,5632,0.000000827
637,5632,0.000000994
638,5632,0.000000791
639,5632,0.000000753
640,5632,0.000001076
641,5632,0.000000870
642,5632,0.000000921
643,5632,0.000000796
644,5632,0.000000892
645,5632,0.000001062
646,5632,0.000000848
647,5632,0.000000836
648,5632,0.000001212
649,5632,0.000000883
650,5632,0.000001103
651,5632,0.000000978
652,5632,0.000000890
653,5632,0.000001066
654,5632,0.000000955
655,5632,0.000000779
656,5632,0.000001044
657,5632,0.000000847
658,5632,0.000000922
659,5632,0.000000855
660,5632,0.000000731
661,5632,0.000000871
662,5632,0.000000727
663,5632,0.000000716
664,5632,0.000000818
665,5632,0.000001368
666,5632,0.000000935
667,5632,0.000000830
668,5632,0.000000696
669,5632,0.000000917
670,5632,0.000000803
671,5632,0.000000840
672,5632,0.000000827
673,5632,0.000000867
674,5632,0.000000848
675,5632,0.000000867
676,5632,0.000000882
677,5632,0.000000940
678,5632,0.000000809
679,5632,0.000000883
680,5632,0.000001087
681,5632,0.000000893
682,5632,0.000001202
683,5632,0.000000819
684,5632,0.000000861
685,5632,0.000000913
686,5632,0.000000856
687,5632,0.000000702
688,5632,0.000000892
689,5632,0.000000846
690,5632,0.000000931
691,5632,0.000000875
692,5632,0.000000824
693,5632,0.000000855
694,5632,0.000000783
695,5632,0.000001166
696,5632,0.000000893
697,5632,0.000000958
698,5632,0.000000978
699,5632,0.000000790
700,5632,0.000000757
701,5632,0.000001408
702,5632,0.000000808
703,5632,0.000000810
704,5632,0.000000861
705,5632,0.000000787
706,5632,0.000000905
707,5632,0.000000843
708,5632,0.000000826
709,5632,0.000000922
710,5632,0.000000788
711,5632,0.000000805
712,5632,0.000000918
713,5632,0.000000847
714,5632,0.000000950
715,5632,0.000000920
716,5632,0.000000822
717,5632,0.000000926
718,5632,0.000000888
719,5632,0.000000796
720,5632,0.000001175
721,5632,0.000000813
722,5632,0.000001017
723,5632,0.000000889
724,5632,0.000001125
725,5632,0.000000942
726,5632,0.000001045
727,5632,0.000000822
728,5632,0.000000928
729,5632,0.000001028
730,5632,0.000001003
731,5632,0.000000898
732,5632,0.000001008
733,5632,0.000000944
734,5632,0.000000785
735,5632,0.000000838
736,5632,0.000000936
737,5632,0.000000785
738,5632,0.000001338
739,5632,0.000000828
740,5632,0.000000729
741,5632,0.000000985
742,5632,0.000000845
743,5632,0.000000752
744,5632,0.000000961
745,5632,0.000000981
746,5632,0.000000935
747,5632,0.000000812
748,5632,0.000000828
749,5632,0.000001131
750,5632,0.000000739
751,5632,0.000000768
752,5632,0.000000850
753,5632,0.000000747
754,5632,0.000001044
755,5632,0.000001139
756,5632,0.000000793
757,5632,0.000001088
758,5632,0.000000849
759,5632,0.000000746
760,5632,0.000000931
761,5632,0.000001144
762,5632,0.000000878
763,5632,0.000000813
764,5632,0.000000798
765,5632,0.000000891
766,5632,0.000000782
767,5632,0.000000814
768,5632,0.000000939
769,5632,0.000000763
770,5632,0.000000944
771,5632,0.000000947
772,5632,0.000000801
773,5632,0.000001093
774,5632,0.000000774
775,5632,0.000000800
776,5632,0.000000854
777,5632,0.000000878
778,5632,0.000000955
779,5632,0.000000896
780,5632,0.000000689
781,5632,0.000001030
782,5632,0.000000900
783,5632,0.000000773
784,5632,0.000000958
785,5632,0.000001123
786,5632,0.000000923
787,5632,0.000001057
788,5632,0.000000837
789,5632,0.000000911
790,5632,0.000000996
791,5632,0.000000953
792,5632,0.000000886
793,5632,0.000001063
794,5632,0.000000913
795,5632,0.000000949
796,5632,0.000000764
797,5632,0.000001228
798,5632,0.000000771
799,5632,0.000000911
800,5632,0.000000928
801,5632,0.000001505
802,5632,0.000001003
803,5632,0.000000826
804,5632,0.000000805
805,5632,0.000000938
806,5632,0.000000824
807,5632,0.000000877
808,5632,0.000000865
809,5632,0.000000747
810,5632,0.000000912
811,5632,0.000000888
812,5632,0.000000756
813,5632,0.000000893
814,5632,0.000000858
815,5632,0.000000792
816,5632,0.000000883
817,5632,0.000000845
818,5632,0.000000985
819,5632,0.000000793
820,5632,0.000000731
821,5632,0.000001024
822,5632,0.000001146
823,5632,0.000000809
824,5632,0.000001217
825,5632,0.000000806
826,5632,0.000001252
827,5632,0.000000806
828,5632,0.000000850
829,5632,0.000000994
830,5632,0.000000813
831,5632,0.000000864
832,5632,0.000001016
833,5632,0.000000845
834,5632,0.000000946
835,5632,0.000001236
836,5632,0.000000811
837,5632,0.000001066
838,5632,0.000000945
839,5632,0.000000785
840,5632,0.000000969
841,5632,0.000000819
842,5632,0.000000850
843,5632,0.000000760
844,5632,0.000000864
845,5632,0.000001049
846,5632,0.000000735
847,5632,0.000000831
848,5632,0.000000897
849,5632,0.000000783
850,5632,0.000001011
851,5632,0.000001244
852,5632,0.000000806
853,5632,0.000000904
854,5632,0.000000804
855,5632,0.000000685
856,5632,0.000000988
857,5632,0.000000869
858,5632,0.000000855
859,5632,0.000000739
860,5632,0.000000791
861,5632,0.000000944
862,5632,0.000000848
863,5632,0.000000889
864,5632,0.000000985
865,5632,0.000000836
866,5632,0.000000878
867,5632,0.000000854
868,5632,0.000000852
869,5632,0.000001085
870,5632,0.000000812
871,5632,0.000000929
872,5632,0.000000954
873,5632,0.000000849
874,5632,0.000001484
875,5632,0.000000794
876,5632,0.000000728
877,5632,0.000001023
878,5632,0.000000940
879,5632,0.000000805
880,5632,0.000000960
881,5632,0.000000892
882,5632,0.000001313
883,5632,0.000000862
884,5632,0.000000998
885,5632,0.000000956
886,5632,0.000000761
887,5632,0.000000830
888,5632,0.000001068
889,5632,0.000000876
890,5632,0.000001129
891,5632,0.000000914
892,5632,0.000000828
893,5632,0.000001035
894,5632,0.000001193
895,5632,0.000000747
896,5632,0.000000925
897,5632,0.000000825
898,5632,0.000001284
899,5632,0.000000841
900,5632,0.000000996
901,5632,0.000001189
902,5632,0.000000827
903,5632,0.000000907
904,5632,0.000001183
905,5632,0.000000796
906,5632,0.000000914
907,5632,0.000000990
908,5632,0.000000952
909,5632,0.000001048
910,5632,0.000000897
911,5632,0.000000960
912,5632,0.000000937
913,5632,0.000000862
914,5632,0.000001227
915,5632,0.000000947
916,5632,0.000000791
917,5632,0.000000995
918,5632,0.000000922
919,5632,0.000000736
920,5632,0.000000919
921,5632,0.000000919
922,5632,0.000001025
923,5632,0.000000774
924,5632,0.000000906
925,5632,0.000001026
926,5632,0.000001185
927,5632,0.000000940
928,5632,0.000001044
929,5632,0.000000786
930,5632,0.000001083
931,5632,0.000000978
932,5632,0.000000808
933,5632,0.000001058
934,5632,0.000001150
935,5632,0.000000749
936,5632,0.000001041
937,5632,0.000000953
938,5632,0.000001051
939,5632,0.000000847
940,5632,0.000001033
941,5632,0.000001104
942,5632,0.000000859
943,5632,0.000001011
944,5632,0.000000830
945,5632,0.000000853
946,5632,0.000000930
947,5632,0.000000947
948,5632,0.000000790
949,5632,0.000001108
950,5632,0.000000938
951,5632,0.000000814
952,5632,0.000001119
953,5632,0.000000890
954,5632,0.000000949
955,5632,0.000000873
956,5632,0.000000810
957,5632,0.000001147
958,5632,0.000000953
959,5632,0.000000775
960,5632,0.000001345
961,5632,0.000001007
962,5632,0.000001023
963,5632,0.000000876
964,5632,0.000000945
965,5632,0.000000930
966,5632,0.000000889
967,5632,0.000001040
968,5632,0.000001109
969,5632,0.000000884
970,5632,0.000013143
971,5632,0.000001145
972,5632,0.000000748
973,5632,0.000001069
974,5632,0.000000953
975,5632,0.000000901
976,5632,0.000001157
977,5632,0.000000995
978,5632,0.000001028
979,5632,0.000000849
980,5632,0.000000950
981,5632,0.000001016
982,5632,0.000000818
983,5632,0.000000864
984,5632,0.000000905
985,5632,0.000000875
986,5632,0.000001348
987,5632,0.000000971
988,5632,0.000000803
989,5632,0.000001260
990,5632,0.000000893
991,5632,0.000000849
992,5632,0.000001053
993,5632,0.000000967
994,5632,0.000001021
995,5632,0.000000858
996,5632,0.000000954
997,5632,0.000001074
998,5632,0.000001160
999,5632,0.000000988
0,5888,0.000001873
1,5888,0.000001981
2,5888,0.000001309
3,5888,0.000001171
4,5888,0.000001341
5,5888,0.000001214
6,5888,0.000001668
7,5888,0.000001024
8,5888,0.000001102
9,5888,0.000001374
10,5888,0.000001120
11,5888,0.000001228
12,5888,0.000001056
13,5888,0.000001243
14,5888,0.000001159
15,5888,0.000001041
16,5888,0.000001111
17,5888,0.000001069
18,5888,0.000001245
19,5888,0.000000990
20,5888,0.000001216
21,5888,0.000001312
22,5888,0.000001133
23,5888,0.000001022
24,5888,0.000001141
25,5888,0.000001145
26,5888,0.000000995
27,5888,0.000001227
28,5888,0.000001054
29,5888,0.000001031
30,5888,0.000000999
31,5888,0.000001017
32,5888,0.000001197
33,5888,0.000001012
34,5888,0.000001178
35,5888,0.000001007
36,5888,0.000001077
37,5888,0.000001412
38,5888,0.000001534
39,5888,0.000015752
40,5888,0.000001166
41,5888,0.000001409
42,5888,0.000001075
43,5888,0.000001733
44,5888,0.000001150
45,5888,0.000001260
46,5888,0.000001970
47,5888,0.000001359
48,5888,0.000001126
49,5888,0.000001692
50,5888,0.000001103
51,5888,0.000001038
52,5888,0.000001148
53,5888,0.000001187
54,5888,0.000001313
55,5888,0.000001029
56,5888,0.000001000
57,5888,0.000001250
58,5888,0.000001402
59,5888,0.000001406
60,5888,0.000001016
61,5888,0.000000932
62,5888,0.000000955
63,5888,0.000001353
64,5888,0.000001073
65,5888,0.000001521
66,5888,0.000001210
67,5888,0.000001101
68,5888,0.000001214
69,5888,0.000001092
70,5888,0.000001209
71,5888,0.000001022
72,5888,0.000001241
73,5888,0.000001178
74,5888,0.000000983
75,5888,0.000001179
76,5888,0.000001129
77,5888,0.000001213
78,5888,0.000000989
79,5888,0.000000936
80,5888,0.000001115
81,5888,0.000001028
82,5888,0.000001756
83,5888,0.000001134
84,5888,0.000001197
85,5888,0.000001341
86,5888,0.000001370
87,5888,0.000001206
88,5888,0.000001696
89,5888,0.000001509
90,5888,0.000000963
91,5888,0.000001173
92,5888,0.000001012
93,5888,0.000001246
94,5888,0.000001021
95,5888,0.000001172
96,5888,0.000001034
97,5888,0.000001089
98,5888,0.000001175
99,5888,0.000001122
100,5888,0.000001160
101,5888,0.000000984
102,5888,0.000001135
103,5888,0.000001104
104,5888,0.000000927
105,5888,0.000001164
106,5888,0.000001025
107,5888,0.000001125
108,5888,0.000001041
109,5888,0.000001174
110,5888,0.000001043
111,5888,0.000000988
112,5888,0.000001106
113,5888,0.000001024
114,5888,0.000001121
115,5888,0.000001212
116,5888,0.000001185
117,5888,0.000001053
118,5888,0.000001516
119,5888,0.000001081
120,5888,0.000001009
121,5888,0.000001228
122,5888,0.000000970
123,5888,0.000001565
124,5888,0.000001031
125,5888,0.000001123
126,5888,0.000001051
127,5888,0.000001105
128,5888,0.000001098
129,5888,0.000001017
130,5888,0.000001202
131,5888,0.000001003
132,5888,0.000001038
133,5888,0.000000986
134,5888,0.000000995
135,5888,0.000001016
136,5888,0.000001014
137,5888,0.000001149
138,5888,0.000000917
139,5888,0.000001131
140,5888,0.000001027
141,5888,0.000001250
142,5888,0.000001389
143,5888,0.000001152
144,5888,0.000001025
145,5888,0.000000971
146,5888,0.000001078
147,5888,0.000001012
148,5888,0.000001101
149,5888,0.000001249
150,5888,0.000001231
151,5888,0.000001053
152,5888,0.000001008
153,5888,0.000001095
154,5888,0.000000968
155,5888,0.000001139
156,5888,0.000000982
157,5888,0.000001191
158,5888,0.000001055
159,5888,0.000001044
160,5888,0.000001157
161,5888,0.000001400
162,5888,0.000001112
163,5888,0.000001271
164,5888,0.000001907
165,5888,0.000000816
166,5888,0.000000990
167,5888,0.000000837
168,5888,0.000000809
169,5888,0.000000962
170,5888,0.000000837
171,5888,0.000000969
172,5888,0.000000862
173,5888,0.000001070
174,5888,0.000000862
175,5888,0.000001223
176,5888,0.000000917
177,5888,0.000000912
178,5888,0.000000853
179,5888,0.000000846
180,5888,0.000000875
181,5888,0.000000817
182,5888,0.000000880
183,5888,0.000000815
184,5888,0.000000855
185,5888,0.000000948
186,5888,0.000000875
187,5888,0.000000882
188,5888,0.000000756
189,5888,0.000000829
190,5888,0.000000844
191,5888,0.000000766
192,5888,0.000000829
193,5888,0.000001223
194,5888,0.000000936
195,5888,0.000000888
196,5888,0.000000917
197,5888,0.000001022
198,5888,0.000001021
199,5888,0.000000936
200,5888,0.000000738
201,5888,0.000001015
202,5888,0.000000873
203,5888,0.000000902
204,5888,0.000000858
205,5888,0.000000968
206,5888,0.000000813
207,5888,0.000000760
208,5888,0.000000856
209,5888,0.000000841
210,5888,0.000000858
211,5888,0.000000783
212,5888,0.000000912
213,5888,0.000000809
214,5888,0.000000878
215,5888,0.000000802
216,5888,0.000000809
217,5888,0.000001017
218,5888,0.000000803
219,5888,0.000000968
220,5888,0.000000800
221,5888,0.000000997
222,5888,0.000000947
223,5888,0.000000828
224,5888,0.000000902
225,5888,0.000000905
226,5888,0.000000976
227,5888,0.000000919
228,5888,0.000001010
229,5888,0.000000952
230,5888,0.000000855
231,5888,0.000000806
232,5888,0.000000935
233,5888,0.000001119
234,5888,0.000000820
235,5888,0.000000894
236,5888,0.000000790
237,5888,0.000001002
238,5888,0.000000843
239,5888,0.000000758
240,5888,0.000000852
241,5888,0.000000810
242,5888,0.000000824
243,5888,0.000000756
244,5888,0.000001457
245,5888,0.000000837
246,5888,0.000000876
247,5888,0.000000872
248,5888,0.000000914
249,5888,0.000000926
250,5888,0.000000830
251,5888,0.000001000
252,5888,0.000001136
253,5888,0.000000945
254,5888,0.000000757
255,5888,0.000000792
256,5888,0.000000900
257,5888,0.000000774
258,5888,0.000000879
259,5888,0.000000889
260,5888,0.000000905
261,5888,0.000000802
262,5888,0.000000778
263,5888,0.000000756
264,5888,0.000000903
265,5888,0.000001140
266,5888,0.000000845
267,5888,0.000000924
268,5888,0.000000797
269,5888,0.000001035
270,5888,0.000000826
271,5888,0.000000849
272,5888,0.000000863
273,5888,0.000000881
274,5888,0.000001026
275,5888,0.000000863
276,5888,0.000000917
277,5888,0.000000769
278,5888,0.000001086
279,5888,0.000000859
280,5888,0.000000778
281,5888,0.000001008
282,5888,0.000000894
283,5888,0.000000952
284,5888,0.000000798
285,5888,0.000000852
286,5888,0.000000799
287,5888,0.000000829
288,5888,0.000000918
289,5888,0.000000765
290,5888,0.000000884
291,5888,0.000000875
292,5888,0.000001048
293,5888,0.000000909
294,5888,0.000000851
295,5888,0.000000741
296,5888,0.000000731
297,5888,0.000001037
298,5888,0.000000687
299,5888,0.000000975
300,5888,0.000000941
301,5888,0.000000880
302,5888,0.000000766
303,5888,0.000000952
304,5888,0.000000851
305,5888,0.000000716
306,5888,0.000000771
307,5888,0.000000783
308,5888,0.000000891
309,5888,0.000000946
310,5888,0.000000962
311,5888,0.000000831
312,5888,0.000000821
313,5888,0.000000890
314,5888,0.000001002
315,5888,0.000000888
316,5888,0.000000745
317,5888,0.000000948
318,5888,0.000000868
319,5888,0.000000742
320,5888,0.000000872
321,5888,0.000000887
322,5888,0.000000971
323,5888,0.000000880
324,5888,0.000001011
325,5888,0.000000794
326,5888,0.000000946
327,5888,0.000000778
328,5888,0.000000768
329,5888,0.000000835
330,5888,0.000000731
331,5888,0.000000973
332,5888,0.000000868
333,5888,0.000000912
334,5888,0.000001095
335,5888,0.000000791
336,5888,0.000000836
337,5888,0.000000787
338,5888,0.000000884
339,5888,0.000000810
340,5888,0.000000893
341,5888,0.000000715
342,5888,0.000000921
343,5888,0.000000790
344,5888,0.000000798
345,5888,0.000000937
346,5888,0.000000807
347,5888,0.000000843
348,5888,0.000000858
349,5888,0.000000816
350,5888,0.000000955
351,5888,0.000000867
352,5888,0.000001030
353,5888,0.000000876
354,5888,0.000000997
355,5888,0.000000800
356,5888,0.000001086
357,5888,0.000000837
358,5888,0.000000850
359,5888,0.000000832
360,5888,0.000000832
361,5888,0.000000850
362,5888,0.000000720
363,5888,0.000000897
364,5888,0.000000959
365,5888,0.000000853
366,5888,0.000000815
367,5888,0.000001093
368,5888,0.000000852
369,5888,0.000000822
370,5888,0.000000942
371,5888,0.000000855
372,5888,0.000000982
373,5888,0.000000765
374,5888,0.000000979
375,5888,0.000000891
376,5888,0.000000777
377,5888,0.000000964
378,5888,0.000000840
379,5888,0.000000931
380,5888,0.000000743
381,5888,0.000000890
382,5888,0.000000880
383,5888,0.000000778
384,5888,0.000001464
385,5888,0.000000842
386,5888,0.000000888
387,5888,0.000000746
388,5888,0.000001009
389,5888,0.000000821
390,5888,0.000000884
391,5888,0.000000774
392,5888,0.000000820
393,5888,0.000000849
394,5888,0.000000782
395,5888,0.000000825
396,5888,0.000000782
397,5888,0.000001150
398,5888,0.000000844
399,5888,0.000000893
400,5888,0.000000961
401,5888,0.000000823
402,5888,0.000000899
403,5888,0.000000803
404,5888,0.000000896
405,5888,0.000000804
406,5888,0.000000869
407,5888,0.000000755
408,5888,0.000000743
409,5888,0.000000896
410,5888,0.000000964
411,5888,0.000000886
412,5888,0.000000779
413,5888,0.000000897
414,5888,0.000000848
415,5888,0.000000793
416,5888,0.000000855
417,5888,0.000000798
418,5888,0.000000817
419,5888,0.000001205
420,5888,0.000001037
421,5888,0.000000892
422,5888,0.000000825
423,5888,0.000000868
424,5888,0.000000871
425,5888,0.000001153
426,5888,0.000000820
427,5888,0.000000965
428,5888,0.000000842
429,5888,0.000000871
430,5888,0.000000724
431,5888,0.000000787
432,5888,0.000000907
433,5888,0.000000748
434,5888,0.000000957
435,5888,0.000000762
436,5888,0.000000838
437,5888,0.000000744
438,5888,0.000001090
439,5888,0.000000764
440,5888,0.000000727
441,5888,0.000000923
442,5888,0.000000863
443,5888,0.000000995
444,5888,0.000000854
445,5888,0.000000910
446,5888,0.000000872
447,5888,0.000000707
448,5888,0.000000898
449,5888,0.000000783
450,5888,0.000000943
451,5888,0.000000802
452,5888,0.000000906
453,5888,0.000000923
454,5888,0.000000921
455,5888,0.000000865
456,5888,0.000000842
457,5888,0.000000935
458,5888,0.000000827
459,5888,0.000000976
460,5888,0.000000746
461,5888,0.000000939
462,5888,0.000000831
463,5888,0.000000815
464,5888,0.000000837
465,5888,0.000000770
466,5888,0.000000890
467,5888,0.000000851
468,5888,0.000000895
469,5888,0.000000821
470,5888,0.000000947
471,5888,0.000000799
472,5888,0.000000762
473,5888,0.000000941
474,5888,0.000000889
475,5888,0.000000799
476,5888,0.000000816
477,5888,0.000000959
478,5888,0.000000744
479,5888,0.000000742
480,5888,0.000001152
481,5888,0.000000775
482,5888,0.000001078
483,5888,0.000000836
484,5888,0.000001053
485,5888,0.000000970
486,5888,0.000001011
487,5888,0.000000831
488,5888,0.000000875
489,5888,0.000000885
490,5888,0.000000901
491,5888,0.000000941
492,5888,0.000000847
493,5888,0.000000795
494,5888,0.000001231
495,5888,0.000000815
496,5888,0.000000825
497,5888,0.000000789
498,5888,0.000000880
499,5888,0.000000811
500,5888,0.000000854
501,5888,0.000000852
502,5888,0.000000951
503,5888,0.000000848
504,5888,0.000000720
505,5888,0.000001264
506,5888,0.000000836
507,5888,0.000000906
508,5888,0.000000788
509,5888,0.000000822
510,5888,0.000000762
511,5888,0.000000834
512,5888,0.000000833
513,5888,0.000000698
514,5888,0.000000841
515,5888,0.000000757
516,5888,0.000000934
517,5888,0.000000789
518,5888,0.000000924
519,5888,0.000000775
520,5888,0.000000722
521,5888,0.000001082
522,5888,0.000000747
523,5888,0.000001125
524,5888,0.000000856
525,5888,0.000001118
526,5888,0.000000811
527,5888,0.000001002
528,5888,0.000000825
529,5888,0.000001094
530,5888,0.000001075
531,5888,0.000000757
532,5888,0.000000917
533,5888,0.000000834
534,5888,0.000000916
535,5888,0.000000786
536,5888,0.000000786
537,5888,0.000000922
538,5888,0.000000870
539,5888,0.000000866
540,5888,0.000000682
541,5888,0.000000892
542,5888,0.000000829
543,5888,0.000000748
544,5888,0.000001117
545,5888,0.000000750
546,5888,0.000000852
547,5888,0.000000801
548,5888,0.000000867
549,5888,0.000000790
550,5888,0.000000924
551,5888,0.000000914
552,5888,0.000000766
553,5888,0.000000971
554,5888,0.000000772
555,5888,0.000000834
556,5888,0.000000800
557,5888,0.000000927
558,5888,0.000000753
559,5888,0.000000751
560,5888,0.000000878
561,5888,0.000000877
562,5888,0.000001177
563,5888,0.000000799
564,5888,0.000000972
565,5888,0.000000907
566,5888,0.000001055
567,5888,0.000000858
568,5888,0.000000749
569,5888,0.000001002
570,5888,0.000000826
571,5888,0.000000961
572,5888,0.000000872
573,5888,0.000000928
574,5888,0.000000826
575,5888,0.000000727
576,5888,0.000000929
577,5888,0.000000779
578,5888,0.000000961
579,5888,0.000000812
580,5888,0.000000986
581,5888,0.000000918
582,5888,0.000000814
583,5888,0.000000878
584,5888,0.000000934
585,5888,0.000000901
586,5888,0.000000799
587,5888,0.000000868
588,5888,0.000000809
589,5888,0.000000911
590,5888,0.000000836
591,5888,0.000000729
592,5888,0.000000778
593,5888,0.000000705
594,5888,0.000000888
595,5888,0.000000793
596,5888,0.000000966
597,5888,0.000000854
598,5888,0.000001031
599,5888,0.000000770
600,5888,0.000000736
601,5888,0.000000970
602,5888,0.000000867
603,5888,0.000000826
604,5888,0.000000901
605,5888,0.000000967
606,5888,0.000000912
607,5888,0.000000819
608,5888,0.000000923
609,5888,0.000000785
610,5888,0.000000996
611,5888,0.000000780
612,5888,0.000000901
613,5888,0.000000793
614,5888,0.000001004
615,5888,0.000000787
616,5888,0.000000724
617,5888,0.000000984
618,5888,0.000000812
619,5888,0.000000978
620,5888,0.000000818
621,5888,0.000000978
622,5888,0.000000873
623,5888,0.000000871
624,5888,0.000000966
625,5888,0.000000825
626,5888,0.000000987
627,5888,0.000000867
628,5888,0.000000849
629,5888,0.000000805
630,5888,0.000000905
631,5888,0.000000949
632,5888,0.000000731
633,5888,0.000000931
634,5888,0.000000790
635,5888,0.000000830
636,5888,0.000000909
637,5888,0.000000940
638,5888,0.000000783
639,5888,0.000000681
640,5888,0.000000854
641,5888,0.000000779
642,5888,0.000000879
643,5888,0.000000817
644,5888,0.000000823
645,5888,0.000000787
646,5888,0.000001106
647,5888,0.000000926
648,5888,0.000000877
649,5888,0.000000797
650,5888,0.000000854
651,5888,0.000001189
652,5888,0.000000797
653,5888,0.000001203
654,5888,0.000000899
655,5888,0.000000760
656,5888,0.000000799
657,5888,0.000000731
658,5888,0.000001009
659,5888,0.000000827
660,5888,0.000000909
661,5888,0.000000910
662,5888,0.000000849
663,5888,0.000000785
664,5888,0.000000757
665,5888,0.000000966
666,5888,0.000000843
667,5888,0.000001088
668,5888,0.000000785
669,5888,0.000000867
670,5888,0.000000887
671,5888,0.000000866
672,5888,0.000010718
673,5888,0.000001141
674,5888,0.000000904
675,5888,0.000000747
676,5888,0.000000967
677,5888,0.000000833
678,5888,0.000000832
679,5888,0.000000876
680,5888,0.000000868
681,5888,0.000000893
682,5888,0.000000726
683,5888,0.000000958
684,5888,0.000000814
685,5888,0.000001242
686,5888,0.000000862
687,5888,0.000000796
688,5888,0.000000957
689,5888,0.000000787
690,5888,0.000001102
691,5888,0.000001092
692,5888,0.000001060
693,5888,0.000000979
694,5888,0.000000883
695,5888,0.000000936
696,5888,0.000000784
697,5888,0.000001009
698,5888,0.000000745
699,5888,0.000000977
700,5888,0.000000795
701,5888,0.000001203
702,5888,0.000000876
703,5888,0.000000934
704,5888,0.000000893
705,5888,0.000000723
706,5888,0.000000912
707,5888,0.000000808
708,5888,0.000000890
709,5888,0.000000735
710,5888,0.000000972
711,5888,0.000000952
712,5888,0.000000762
713,5888,0.000000880
714,5888,0.000000836
715,5888,0.000000855
716,5888,0.000000778
717,5888,0.000000895
718,5888,0.000000814
719,5888,0.000000779
720,5888,0.000000844
721,5888,0.000000766
722,5888,0.000000969
723,5888,0.000001073
724,5888,0.000001016
725,5888,0.000000914
726,5888,0.000000942
727,5888,0.000001128
728,5888,0.000000771
729,5888,0.000001148
730,5888,0.000000746
731,5888,0.000001251
732,5888,0.000000816
733,5888,0.000000904
734,5888,0.000000833
735,5888,0.000001150
736,5888,0.000000859
737,5888,0.000000810
738,5888,0.000001005
739,5888,0.000000765
740,5888,0.000000930
741,5888,0.000001164
742,5888,0.000000899
743,5888,0.000001144
744,5888,0.000000943
745,5888,0.000000841
746,5888,0.000000674
747,5888,0.000000962
748,5888,0.000000962
749,5888,0.000000869
750,5888,0.000000731
751,5888,0.000000796
752,5888,0.000000911
753,5888,0.000000800
754,5888,0.000000910
755,5888,0.000000896
756,5888,0.000000917
757,5888,0.000000812
758,5888,0.000000869
759,5888,0.000000780
760,5888,0.000000807
761,5888,0.000000873
762,5888,0.000000878
763,5888,0.000000828
764,5888,0.000000749
765,5888,0.000001036
766,5888,0.000000786
767,5888,0.000000734
768,5888,0.000000894
769,5888,0.000000764
770,5888,0.000000838
771,5888,0.000000759
772,5888,0.000000872
773,5888,0.000000818
774,5888,0.000000946
775,5888,0.000000754
776,5888,0.000000822
777,5888,0.000000866
778,5888,0.000000782
779,5888,0.000000980
780,5888,0.000000936
781,5888,0.000000961
782,5888,0.000000781
783,5888,0.000000704
784,5888,0.000000692
785,5888,0.000000778
786,5888,0.000001052
787,5888,0.000000798
788,5888,0.000000930
789,5888,0.000000866
790,5888,0.000000936
791,5888,0.000000818
792,5888,0.000000863
793,5888,0.000000964
794,5888,0.000001058
795,5888,0.000000933
796,5888,0.000000798
797,5888,0.000000935
798,5888,0.000000794
799,5888,0.000000805
800,5888,0.000001041
801,5888,0.000000825
802,5888,0.000000999
803,5888,0.000000737
804,5888,0.000000861
805,5888,0.000000754
806,5888,0.000000871
807,5888,0.000000817
808,5888,0.000000795
809,5888,0.000001201
810,5888,0.000000784
811,5888,0.000000911
812,5888,0.000000748
813,5888,0.000001262
814,5888,0.000000811
815,5888,0.000001200
816,5888,0.000000909
817,5888,0.000000757
818,5888,0.000000909
819,5888,0.000001124
820,5888,0.000000973
821,5888,0.000001102
822,5888,0.000000779
823,5888,0.000000743
824,5888,0.000000905
825,5888,0.000000912
826,5888,0.000000881
827,5888,0.000000895
828,5888,0.000001019
829,5888,0.000000939
830,5888,0.000000806
831,5888,0.000000698
832,5888,0.000000852
833,5888,0.000000730
834,5888,0.000001141
835,5888,0.000000798
836,5888,0.000000933
837,5888,0.000000778
838,5888,0.000000905
839,5888,0.000000827
840,5888,0.000000831
841,5888,0.000001104
842,5888,0.000000790
843,5888,0.000000946
844,5888,0.000000856
845,5888,0.000001030
846,5888,0.000000779
847,5888,0.000000671
848,5888,0.000000881
849,5888,0.000000907
850,5888,0.000000949
851,5888,0.000000893
852,5888,0.000000871
853,5888,0.000001060
854,5888,0.000000958
855,5888,0.000000812
856,5888,0.000000735
857,5888,0.000000903
858,5888,0.000000767
859,5888,0.000000917
860,5888,0.000000826
861,5888,0.000000842
862,5888,0.000000933
863,5888,0.000000686
864,5888,0.000001261
865,5888,0.000000925
866,5888,0.000000985
867,5888,0.000000866
868,5888,0.000001337
869,5888,0.000000927
870,5888,0.000000956
871,5888,0.000000825
872,5888,0.000000822
873,5888,0.000000879
874,5888,0.000000940
875,5888,0.000000944
876,5888,0.000001038
877,5888,0.000000903
878,5888,0.000000784
879,5888,0.000000678
880,5888,0.000000908
881,5888,0.000000827
882,5888,0.000000950
883,5888,0.000000726
884,5888,0.000000896
885,5888,0.000000974
886,5888,0.000000904
887,5888,0.000000683
888,5888,0.000000844
889,5888,0.000001066
890,5888,0.000000777
891,5888,0.000000889
892,5888,0.000000952
893,5888,0.000000867
894,5888,0.000000833
895,5888,0.000000924
896,5888,0.000000870
897,5888,0.000000865
898,5888,0.000000893
899,5888,0.000000839
900,5888,0.000000928
901,5888,0.000000767
902,5888,0.000000927
903,5888,0.000000835
904,5888,0.000000828
905,5888,0.000001032
906,5888,0.000000865
907,5888,0.000001038
908,5888,0.000001257
909,5888,0.000000910
910,5888,0.000001189
911,5888,0.000000794
912,5888,0.000000832
913,5888,0.000000747
914,5888,0.000001251
915,5888,0.000000813
916,5888,0.000000882
917,5888,0.000000817
918,5888,0.000000952
919,5888,0.000000842
920,5888,0.000000786
921,5888,0.000000884
922,5888,0.000000893
923,5888,0.000000889
924,5888,0.000000773
925,5888,0.000001001
926,5888,0.000000858
927,5888,0.000000676
928,5888,0.000000928
929,5888,0.000000884
930,5888,0.000000945
931,5888,0.000000975
932,5888,0.000001083
933,5888,0.000001368
934,5888,0.000000878
935,5888,0.000000823
936,5888,0.000000891
937,5888,0.000000885
938,5888,0.000000730
939,5888,0.000000859
940,5888,0.000000796
941,5888,0.000000783
942,5888,0.000000742
943,5888,0.000000835
944,5888,0.000000966
945,5888,0.000000795
946,5888,0.000001024
947,5888,0.000000913
948,5888,0.000001050
949,5888,0.000000791
950,5888,0.000000949
951,5888,0.000000961
952,5888,0.000000780
953,5888,0.000000921
954,5888,0.000000984
955,5888,0.000000933
956,5888,0.000000895
957,5888,0.000001112
958,5888,0.000000850
959,5888,0.000000969
960,5888,0.000001257
961,5888,0.000000797
962,5888,0.000001123
963,5888,0.000001081
964,5888,0.000001061
965,5888,0.000000896
966,5888,0.000001092
967,5888,0.000000969
968,5888,0.000000842
969,5888,0.000001083
970,5888,0.000000993
971,5888,0.000001064
972,5888,0.000000833
973,5888,0.000001188
974,5888,0.000000984
975,5888,0.000000820
976,5888,0.000000948
977,5888,0.000000983
978,5888,0.000001156
979,5888,0.000000868
980,5888,0.000001038
981,5888,0.000001027
982,5888,0.000001048
983,5888,0.000000893
984,5888,0.000000982
985,5888,0.000001376
986,5888,0.000000839
987,5888,0.000001025
988,5888,0.000001073
989,5888,0.000001133
990,5888,0.000000848
991,5888,0.000000908
992,5888,0.000001354
993,5888,0.000000816
994,5888,0.000001079
995,5888,0.000001290
996,5888,0.000001037
997,5888,0.000000823
998,5888,0.000001103
999,5888,0.000001014
0,6144,0.000001785
1,6144,0.000001199
2,6144,0.000001191
3,6144,0.000001032
4,6144,0.000001678
5,6144,0.000001199
6,6144,0.000001267
7,6144,0.000001008
8,6144,0.000001554
9,6144,0.000001154
10,6144,0.000001131
11,6144,0.000000989
12,6144,0.000001180
13,6144,0.000001166
14,6144,0.000001210
15,6144,0.000001089
16,6144,0.000001095
17,6144,0.000001020
18,6144,0.000001239
19,6144,0.000001087
20,6144,0.000001326
21,6144,0.000000998
22,6144,0.000001239
23,6144,0.000001054
24,6144,0.000001101
25,6144,0.000001068
26,6144,0.000001402
27,6144,0.000001079
28,6144,0.000001027
29,6144,0.000000759
30,6144,0.000001266
31,6144,0.000000976
32,6144,0.000001126
33,6144,0.000000928
34,6144,0.000001252
35,6144,0.000001280
36,6144,0.000001616
37,6144,0.000001090
38,6144,0.000001046
39,6144,0.000001240
40,6144,0.000001214
41,6144,0.000001156
42,6144,0.000001116
43,6144,0.000000950
44,6144,0.000001091
45,6144,0.000000873
46,6144,0.000001009
47,6144,0.000001034
48,6144,0.000001040
49,6144,0.000000923
50,6144,0.000000969
51,6144,0.000000842
52,6144,0.000001270
53,6144,0.000000893
54,6144,0.000001300
55,6144,0.000001155
56,6144,0.000001110
57,6144,0.000000816
58,6144,0.000001044
59,6144,0.000000844
60,6144,0.000001166
61,6144,0.000001472
62,6144,0.000001354
63,6144,0.000001004
64,6144,0.000001101
65,6144,0.000000896
66,6144,0.000001113
67,6144,0.000001074
68,6144,0.000001139
69,6144,0.000001130
70,6144,0.000001023
71,6144,0.000001258
72,6144,0.000001216
73,6144,0.000001258
74,6144,0.000001710
75,6144,0.000001292
76,6144,0.000001035
77,6144,0.000000884
78,6144,0.000001080
79,6144,0.000000933
80,6144,0.000001234
81,6144,0.000000938
82,6144,0.000001020
83,6144,0.000001422
84,6144,0.000001252
85,6144,0.000001044
86,6144,0.000001135
87,6144,0.000000914
88,6144,0.000001197
89,6144,0.000000927
90,6144,0.000001185
91,6144,0.000001085
92,6144,0.000001084
93,6144,0.000000933
94,6144,0.000001260
95,6144,0.000001069
96,6144,0.000001329
97,6144,0.000000832
98,6144,0.000000988
99,6144,0.000001112
100,6144,0.000000989
101,6144,0.000000987
102,6144,0.000001100
103,6144,0.000000934
104,6144,0.000001127
105,6144,0.000001010
106,6144,0.000001252
107,6144,0.000001407
108,6144,0.000001075
109,6144,0.000000864
110,6144,0.000000935
111,6144,0.000001032
112,6144,0.000001273
113,6144,0.000001084
114,6144,0.000001300
115,6144,0.000000906
116,6144,0.000001319
117,6144,0.000001451
118,6144,0.000001037
119,6144,0.000001006
120,6144,0.000001173
121,6144,0.000001142
122,6144,0.000001102
123,6144,0.000000982
124,6144,0.000001299
125,6144,0.000001104
126,6144,0.000001200
127,6144,0.000000998
128,6144,0.000001124
129,6144,0.000001403
130,6144,0.000001093
131,6144,0.000001139
132,6144,0.000001422
133,6144,0.000000981
134,6144,0.000001178
135,6144,0.000000991
136,6144,0.000001215
137,6144,0.000001057
138,6144,0.000001204
139,6144,0.000000897
140,6144,0.000000947
141,6144,0.000001123
142,6144,0.000001650
143,6144,0.000001002
144,6144,0.000001148
145,6144,0.000001241
146,6144,0.000001300
147,6144,0.000000984
148,6144,0.000001129
149,6144,0.000001029
150,6144,0.000001135
151,6144,0.000000962
152,6144,0.000001160
153,6144,0.000000949
154,6144,0.000001440
155,6144,0.000001023
156,6144,0.000001203
157,6144,0.000001092
158,6144,0.000001185
159,6144,0.000001086
160,6144,0.000001068
161,6144,0.000001081
162,6144,0.000001165
163,6144,0.000000955
164,6144,0.000001437
165,6144,0.000001023
166,6144,0.000001197
167,6144,0.000001081
168,6144,0.000001256
169,6144,0.000001137
170,6144,0.000001134
171,6144,0.000000955
172,6144,0.000001090
173,6144,0.000000946
174,6144,0.000001054
175,6144,0.000000907
176,6144,0.000001588
177,6144,0.000001568
178,6144,0.000001116
179,6144,0.000000923
180,6144,0.000001158
181,6144,0.000001011
182,6144,0.000001081
183,6144,0.000000975
184,6144,0.000001054
185,6144,0.000000975
186,6144,0.000001116
187,6144,0.000001081
188,6144,0.000001101
189,6144,0.000000954
190,6144,0.000001100
191,6144,0.000001117
192,6144,0.000001152
193,6144,0.000001106
194,6144,0.000001156
195,6144,0.000001005
196,6144,0.000001077
197,6144,0.000000984
198,6144,0.000001439
199,6144,0.000000967
200,6144,0.000001118
201,6144,0.000001024
202,6144,0.000001087
203,6144,0.000001054
204,6144,0.000001033
205,6144,0.000000999
206,6144,0.000001120
207,6144,0.000000996
208,6144,0.000001177
209,6144,0.000001063
210,6144,0.000001180
211,6144,0.000001014
212,6144,0.000001182
213,6144,0.000001057
214,6144,0.000001218
215,6144,0.000001101
216,6144,0.000001223
217,6144,0.000000995
218,6144,0.000001173
219,6144,0.000001256
220,6144,0.000002275
221,6144,0.000000873
222,6144,0.000000851
223,6144,0.000000892
224,6144,0.000000815
225,6144,0.000000818
226,6144,0.000000824
227,6144,0.000000802
228,6144,0.000000949
229,6144,0.000000752
230,6144,0.000000891
231,6144,0.000000858
232,6144,0.000000840
233,6144,0.000000717
234,6144,0.000000965
235,6144,0.000000849
236,6144,0.000000839
237,6144,0.000000839
238,6144,0.000000987
239,6144,0.000000875
240,6144,0.000000918
241,6144,0.000000824
242,6144,0.000000905
243,6144,0.000001470
244,6144,0.000000843
245,6144,0.000000767
246,6144,0.000000844
247,6144,0.000000848
248,6144,0.000000870
249,6144,0.000000977
250,6144,0.000000947
251,6144,0.000000988
252,6144,0.000000814
253,6144,0.000000835
254,6144,0.000000875
255,6144,0.000000923
256,6144,0.000000806
257,6144,0.000000885
258,6144,0.000000929
259,6144,0.000000761
260,6144,0.000000874
261,6144,0.000000808
262,6144,0.000000956
263,6144,0.000000798
264,6144,0.000000829
265,6144,0.000000816
266,6144,0.000000928
267,6144,0.000000749
268,6144,0.000000939
269,6144,0.000000837
270,6144,0.000000929
271,6144,0.000000813
272,6144,0.000000938
273,6144,0.000000770
274,6144,0.000000826
275,6144,0.000000823
276,6144,0.000000981
277,6144,0.000000735
278,6144,0.000001171
279,6144,0.000000751
280,6144,0.000000898
281,6144,0.000000803
282,6144,0.000000832
283,6144,0.000000767
284,6144,0.000000883
285,6144,0.000000757
286,6144,0.000000822
287,6144,0.000000810
288,6144,0.000000891
289,6144,0.000000813
290,6144,0.000000875
291,6144,0.000001023
292,6144,0.000000884
293,6144,0.000000724
294,6144,0.000000859
295,6144,0.000000815
296,6144,0.000000869
297,6144,0.000000796
298,6144,0.000000998
299,6144,0.000000952
300,6144,0.000000803
301,6144,0.000000875
302,6144,0.000000858
303,6144,0.000000756
304,6144,0.000000947
305,6144,0.000000832
306,6144,0.000000903
307,6144,0.000000806
308,6144,0.000000984
309,6144,0.000000900
310,6144,0.000000890
311,6144,0.000000742
312,6144,0.000000919
313,6144,0.000000865
314,6144,0.000001000
315,6144,0.000000700
316,6144,0.000000834
317,6144,0.000000829
318,6144,0.000000826
319,6144,0.000000735
320,6144,0.000000808
321,6144,0.000000854
322,6144,0.000000841
323,6144,0.000000809
324,6144,0.000001274
325,6144,0.000000838
326,6144,0.000000969
327,6144,0.000000674
328,6144,0.000001187
329,6144,0.000000815
330,6144,0.000000914
331,6144,0.000000818
332,6144,0.000000829
333,6144,0.000000786
334,6144,0.000000873
335,6144,0.000000876
336,6144,0.000000954
337,6144,0.000000780
338,6144,0.000001050
339,6144,0.000000827
340,6144,0.000000984
341,6144,0.000000842
342,6144,0.000000811
343,6144,0.000011704
344,6144,0.000001360
345,6144,0.000000809
346,6144,0.000000848
347,6144,0.000000697
348,6144,0.000001135
349,6144,0.000000858
350,6144,0.000000915
351,6144,0.000000806
352,6144,0.000000908
353,6144,0.000000847
354,6144,0.000000865
355,6144,0.000000783
356,6144,0.000000918
357,6144,0.000000934
358,6144,0.000000847
359,6144,0.000000733
360,6144,0.000000951
361,6144,0.000001078
362,6144,0.000000817
363,6144,0.000000696
364,6144,0.000000916
365,6144,0.000000783
366,6144,0.000000875
367,6144,0.000000785
368,6144,0.000000933
369,6144,0.000000811
370,6144,0.000000892
371,6144,0.000000745
372,6144,0.000001406
373,6144,0.000000844
374,6144,0.000000859
375,6144,0.000000762
376,6144,0.000000820
377,6144,0.000000750
378,6144,0.000000869
379,6144,0.000000703
380,6144,0.000000885
381,6144,0.000000834
382,6144,0.000000934
383,6144,0.000000938
384,6144,0.000000965
385,6144,0.000000935
386,6144,0.000000855
387,6144,0.000000854
388,6144,0.000001054
389,6144,0.000000958
390,6144,0.000000772
391,6144,0.000001085
392,6144,0.000000885
393,6144,0.000001115
394,6144,0.000000837
395,6144,0.000000748
396,6144,0.000000950
397,6144,0.000000882
398,6144,0.000000797
399,6144,0.000000695
400,6144,0.000000895
401,6144,0.000000772
402,6144,0.000001077
403,6144,0.000000872
404,6144,0.000001014
405,6144,0.000000819
406,6144,0.000000864
407,6144,0.000000739
408,6144,0.000000908
409,6144,0.000000834
410,6144,0.000000819
411,6144,0.000000718
412,6144,0.000000849
413,6144,0.000000778
414,6144,0.000000921
415,6144,0.000000727
416,6144,0.000000912
417,6144,0.000000887
418,6144,0.000000923
419,6144,0.000000744
420,6144,0.000000909
421,6144,0.000000714
422,6144,0.000000845
423,6144,0.000000811
424,6144,0.000001241
425,6144,0.000000948
426,6144,0.000001065
427,6144,0.000000782
428,6144,0.000000912
429,6144,0.000000764
430,6144,0.000000994
431,6144,0.000000722
432,6144,0.000000933
433,6144,0.000000822
434,6144,0.000000857
435,6144,0.000000755
436,6144,0.000000912
437,6144,0.000000900
438,6144,0.000001000
439,6144,0.000000809
440,6144,0.000000909
441,6144,0.000000895
442,6144,0.000001292
443,6144,0.000000766
444,6144,0.000000866
445,6144,0.000000994
446,6144,0.000000912
447,6144,0.000000807
448,6144,0.000000979
449,6144,0.000001023
450,6144,0.000000900
451,6144,0.000000879
452,6144,0.000000941
453,6144,0.000000896
454,6144,0.000000882
455,6144,0.000000751
456,6144,0.000000910
457,6144,0.000000785
458,6144,0.000000898
459,6144,0.000000720
460,6144,0.000000825
461,6144,0.000000802
462,6144,0.000000914
463,6144,0.000000817
464,6144,0.000000945
465,6144,0.000000857
466,6144,0.000000963
467,6144,0.000000788
468,6144,0.000000969
469,6144,0.000000826
470,6144,0.000000841
471,6144,0.000000897
472,6144,0.000000866
473,6144,0.000001044
474,6144,0.000000989
475,6144,0.000000678
476,6144,0.000000907
477,6144,0.000000911
478,6144,0.000000854
479,6144,0.000000809
480,6144,0.000000905
481,6144,0.000000875
482,6144,0.000000878
483,6144,0.000000731
484,6144,0.000000966
485,6144,0.000000881
486,6144,0.000000885
487,6144,0.000000806
488,6144,0.000001118
489,6144,0.000000808
490,6144,0.000000864
491,6144,0.000000738
492,6144,0.000000802
493,6144,0.000000755
494,6144,0.000000886
495,6144,0.000000876
496,6144,0.000000888
497,6144,0.000000821
498,6144,0.000000899
499,6144,0.000000844
500,6144,0.000000843
501,6144,0.000000843
502,6144,0.000000899
503,6144,0.000000793
504,6144,0.000000927
505,6144,0.000000872
506,6144,0.000000838
507,6144,0.000000706
508,6144,0.000000991
509,6144,0.000000762
510,6144,0.000000955
511,6144,0.000000856
512,6144,0.000000882
513,6144,0.000000737
514,6144,0.000000815
515,6144,0.000000789
516,6144,0.000000843
517,6144,0.000000760
518,6144,0.000000788
519,6144,0.000000775
520,6144,0.000000915
521,6144,0.000000773
522,6144,0.000000775
523,6144,0.000000692
524,6144,0.000001249
525,6144,0.000000816
526,6144,0.000000833
527,6144,0.000000744
528,6144,0.000000958
529,6144,0.000000814
530,6144,0.000000891
531,6144,0.000000795
532,6144,0.000000816
533,6144,0.000000809
534,6144,0.000000863
535,6144,0.000000767
536,6144,0.000000878
537,6144,0.000000836
538,6144,0.000000992
539,6144,0.000000942
540,6144,0.000000882
541,6144,0.000000799
542,6144,0.000000914
543,6144,0.000000805
544,6144,0.000000905
545,6144,0.000000900
546,6144,0.000000923
547,6144,0.000000790
548,6144,0.000000955
549,6144,0.000000872
550,6144,0.000001067
551,6144,0.000000729
552,6144,0.000000874
553,6144,0.000000802
554,6144,0.000000865
555,6144,0.000000770
556,6144,0.000000947
557,6144,0.000000759
558,6144,0.000000831
559,6144,0.000000761
560,6144,0.000001038
561,6144,0.000000815
562,6144,0.000000827
563,6144,0.000000729
564,6144,0.000000787
565,6144,0.000000805
566,6144,0.000000815
567,6144,0.000000677
568,6144,0.000000844
569,6144,0.000000755
570,6144,0.000000904
571,6144,0.000000831
572,6144,0.000000946
573,6144,0.000000996
574,6144,0.000000816
575,6144,0.000000798
576,6144,0.000000972
577,6144,0.000000841
578,6144,0.000000773
579,6144,0.000000866
580,6144,0.000000974
581,6144,0.000000856
582,6144,0.000000931
583,6144,0.000000844
584,6144,0.000000905
585,6144,0.000000969
586,6144,0.000000894
587,6144,0.000000696
588,6144,0.000001168
589,6144,0.000000787
590,6144,0.000001004
591,6144,0.000000816
592,6144,0.000001299
593,6144,0.000000837
594,6144,0.000000923
595,6144,0.000000842
596,6144,0.000000937
597,6144,0.000000974
598,6144,0.000000874
599,6144,0.000000814
600,6144,0.000000916
601,6144,0.000000756
602,6144,0.000000771
603,6144,0.000000775
604,6144,0.000000917
605,6144,0.000000777
606,6144,0.000000785
607,6144,0.000000685
608,6144,0.000000879
609,6144,0.000000701
610,6144,0.000000851
611,6144,0.000000819
612,6144,0.000000814
613,6144,0.000000788
614,6144,0.000001248
615,6144,0.000000805
616,6144,0.000000949
617,6144,0.000000824
618,6144,0.000000746
619,6144,0.000000853
620,6144,0.000000967
621,6144,0.000000781
622,6144,0.000000838
623,6144,0.000000842
624,6144,0.000000794
625,6144,0.000000835
626,6144,0.000000856
627,6144,0.000000833
628,6144,0.000000862
629,6144,0.000000778
630,6144,0.000000829
631,6144,0.000000903
632,6144,0.000000892
633,6144,0.000000811
634,6144,0.000000904
635,6144,0.000000818
636,6144,0.000001060
637,6144,0.000000768
638,6144,0.000001104
639,6144,0.000000859
640,6144,0.000000976
641,6144,0.000000743
642,6144,0.000001232
643,6144,0.000000881
644,6144,0.000001103
645,6144,0.000000826
646,6144,0.000001021
647,6144,0.000000744
648,6144,0.000001153
649,6144,0.000000835
650,6144,0.000000874
651,6144,0.000000811
652,6144,0.000000930
653,6144,0.000000785
654,6144,0.000000854
655,6144,0.000001022
656,6144,0.000000910
657,6144,0.000000775
658,6144,0.000000859
659,6144,0.000000923
660,6144,0.000000901
661,6144,0.000001071
662,6144,0.000000872
663,6144,0.000000971
664,6144,0.000000908
665,6144,0.000000962
666,6144,0.000000890
667,6144,0.000000778
668,6144,0.000000907
669,6144,0.000001095
670,6144,0.000001054
671,6144,0.000001003
672,6144,0.000000887
673,6144,0.000000804
674,6144,0.000000928
675,6144,0.000001175
676,6144,0.000000857
677,6144,0.000000882
678,6144,0.000000880
679,6144,0.000001159
680,6144,0.000000856
681,6144,0.000000748
682,6144,0.000000894
683,6144,0.000001171
684,6144,0.000000861
685,6144,0.000001062
686,6144,0.000000888
687,6144,0.000000918
688,6144,0.000000982
689,6144,0.000000800
690,6144,0.000000869
691,6144,0.000000798
692,6144,0.000000883
693,6144,0.000000873
694,6144,0.000001065
695,6144,0.000000902
696,6144,0.000000918
697,6144,0.000000821
698,6144,0.000000948
699,6144,0.000000884
700,6144,0.000000858
701,6144,0.000000745
702,6144,0.000000934
703,6144,0.000000796
704,6144,0.000001117
705,6144,0.000000812
706,6144,0.000000873
707,6144,0.000000879
708,6144,0.000000975
709,6144,0.000000838
710,6144,0.000000849
711,6144,0.000000797
712,6144,0.000000910
713,6144,0.000000937
714,6144,0.000000908
715,6144,0.000000693
716,6144,0.000000847
717,6144,0.000000780
718,6144,0.000000995
719,6144,0.000000777
720,6144,0.000000910
721,6144,0.000000844
722,6144,0.000000904
723,6144,0.000000891
724,6144,0.000001071
725,6144,0.000000950
726,6144,0.000000917
727,6144,0.000000765
728,6144,0.000000854
729,6144,0.000000823
730,6144,0.000000820
731,6144,0.000000782
732,6144,0.000000843
733,6144,0.000000876
734,6144,0.000000823
735,6144,0.000000735
736,6144,0.000000900
737,6144,0.000000787
738,6144,0.000000811
739,6144,0.000001147
740,6144,0.000000807
741,6144,0.000000852
742,6144,0.000000822
743,6144,0.000000703
744,6144,0.000000858
745,6144,0.000000836
746,6144,0.000001082
747,6144,0.000000788
748,6144,0.000000919
749,6144,0.000000838
750,6144,0.000000941
751,6144,0.000000708
752,6144,0.000000796
753,6144,0.000000827
754,6144,0.000000939
755,6144,0.000000795
756,6144,0.000000885
757,6144,0.000000765
758,6144,0.000000915
759,6144,0.000001152
760,6144,0.000000908
761,6144,0.000000801
762,6144,0.000000898
763,6144,0.000000787
764,6144,0.000000889
765,6144,0.000000767
766,6144,0.000000885
767,6144,0.000000918
768,6144,0.000000903
769,6144,0.000000752
770,6144,0.000000884
771,6144,0.000000862
772,6144,0.000000749
773,6144,0.000000765
774,6144,0.000000954
775,6144,0.000000823
776,6144,0.000000801
777,6144,0.000000793
778,6144,0.000000873
779,6144,0.000000920
780,6144,0.000000911
781,6144,0.000000822
782,6144,0.000000819
783,6144,0.000000715
784,6144,0.000000874
785,6144,0.000000705
786,6144,0.000000948
787,6144,0.000000720
788,6144,0.000000831
789,6144,0.000000701
790,6144,0.000000960
791,6144,0.000000906
792,6144,0.000000993
793,6144,0.000000784
794,6144,0.000000829
795,6144,0.000000898
796,6144,0.000000923
797,6144,0.000000811
798,6144,0.000000817
799,6144,0.000000745
800,6144,0.000000887
801,6144,0.000001140
802,6144,0.000000846
803,6144,0.000000806
804,6144,0.000000924
805,6144,0.000000815
806,6144,0.000000895
807,6144,0.000000733
808,6144,0.000000785
809,6144,0.000000776
810,6144,0.000000948
811,6144,0.000000766
812,6144,0.000000720
813,6144,0.000000787
814,6144,0.000000842
815,6144,0.000000779
816,6144,0.000000956
817,6144,0.000000859
818,6144,0.000000831
819,6144,0.000001077
820,6144,0.000000944
821,6144,0.000001042
822,6144,0.000000831
823,6144,0.000000751
824,6144,0.000000900
825,6144,0.000000773
826,6144,0.000000923
827,6144,0.000000741
828,6144,0.000000876
829,6144,0.000000872
830,6144,0.000000912
831,6144,0.000000763
832,6144,0.000000924
833,6144,0.000000751
834,6144,0.000000817
835,6144,0.000000887
836,6144,0.000000871
837,6144,0.000000690
838,6144,0.000001001
839,6144,0.000000818
840,6144,0.000000838
841,6144,0.000000742
842,6144,0.000000795
843,6144,0.000000826
844,6144,0.000000919
845,6144,0.000000806
846,6144,0.000000829
847,6144,0.000000807
848,6144,0.000000926
849,6144,0.000000805
850,6144,0.000000789
851,6144,0.000000834
852,6144,0.000000916
853,6144,0.000000786
854,6144,0.000000871
855,6144,0.000000860
856,6144,0.000000843
857,6144,0.000000813
858,6144,0.000000972
859,6144,0.000000852
860,6144,0.000000890
861,6144,0.000000761
862,6144,0.000000956
863,6144,0.000000892
864,6144,0.000000824
865,6144,0.000000779
866,6144,0.000000975
867,6144,0.000000915
868,6144,0.000000971
869,6144,0.000000807
870,6144,0.000000957
871,6144,0.000000838
872,6144,0.000001040
873,6144,0.000000796
874,6144,0.000000835
875,6144,0.000000748
876,6144,0.000001026
877,6144,0.000000797
878,6144,0.000000816
879,6144,0.000000807
880,6144,0.000000938
881,6144,0.000000790
882,6144,0.000000867
883,6144,0.000000714
884,6144,0.000000885
885,6144,0.000000803
886,6144,0.000000842
887,6144,0.000000751
888,6144,0.000000819
889,6144,0.000000826
890,6144,0.000000865
891,6144,0.000000796
892,6144,0.000000855
893,6144,0.000000797
894,6144,0.000000769
895,6144,0.000000810
896,6144,0.000000794
897,6144,0.000000830
898,6144,0.000000777
899,6144,0.000000682
900,6144,0.000000804
901,6144,0.000000772
902,6144,0.000000754
903,6144,0.000000688
904,6144,0.000001078
905,6144,0.000000838
906,6144,0.000000948
907,6144,0.000000703
908,6144,0.000000792
909,6144,0.000000750
910,6144,0.000000906
911,6144,0.000000800
912,6144,0.000000918
913,6144,0.000000749
914,6144,0.000000887
915,6144,0.000000727
916,6144,0.000000952
917,6144,0.000000785
918,6144,0.000000834
919,6144,0.000000863
920,6144,0.000000794
921,6144,0.000000689
922,6144,0.000000939
923,6144,0.000000843
924,6144,0.000000851
925,6144,0.000000787
926,6144,0.000000807
927,6144,0.000000796
928,6144,0.000000860
929,6144,0.000000769
930,6144,0.000000897
931,6144,0.000000777
932,6144,0.000000806
933,6144,0.000000720
934,6144,0.000001093
935,6144,0.000000795
936,6144,0.000000832
937,6144,0.000000707
938,6144,0.000001236
939,6144,0.000000894
940,6144,0.000001207
941,6144,0.000000804
942,6144,0.000000963
943,6144,0.000000817
944,6144,0.000001035
945,6144,0.000000792
946,6144,0.000001127
947,6144,0.000000782
948,6144,0.000000882
949,6144,0.000000713
950,6144,0.000000861
951,6144,0.000000811
952,6144,0.000000883
953,6144,0.000000737
954,6144,0.000000983
955,6144,0.000001117
956,6144,0.000000904
957,6144,0.000000763
958,6144,0.000001040
959,6144,0.000001055
960,6144,0.000001025
961,6144,0.000000970
962,6144,0.000001015
963,6144,0.000000863
964,6144,0.000000958
965,6144,0.000001058
966,6144,0.000000971
967,6144,0.000000833
968,6144,0.000001035
969,6144,0.000001004
970,6144,0.000001070
971,6144,0.000000836
972,6144,0.000000949
973,6144,0.000001422
974,6144,0.000001101
975,6144,0.000000909
976,6144,0.000001376
977,6144,0.000001008
978,6144,0.000001136
979,6144,0.000000795
980,6144,0.000001057
981,6144,0.000001063
982,6144,0.000001015
983,6144,0.000000844
984,6144,0.000000932
985,6144,0.000001005
986,6144,0.000001088
987,6144,0.000000829
988,6144,0.000000933
989,6144,0.000000961
990,6144,0.000001034
991,6144,0.000001181
992,6144,0.000001045
993,6144,0.000000934
994,6144,0.000001051
995,6144,0.000000833
996,6144,0.000001037
997,6144,0.000000967
998,6144,0.000001021
999,6144,0.000000836
0,6400,0.000001868
1,6400,0.000001453
2,6400,0.000001169
3,6400,0.000001458
4,6400,0.000001294
5,6400,0.000001170
6,6400,0.000001178
7,6400,0.000001181
8,6400,0.000001031
9,6400,0.000001515
10,6400,0.000001610
11,6400,0.000001031
12,6400,0.000001008
13,6400,0.000001053
14,6400,0.000001324
15,6400,0.000001480
16,6400,0.000001199
17,6400,0.000001183
18,6400,0.000001377
19,6400,0.000001062
20,6400,0.000001023
21,6400,0.000001246
22,6400,0.000001075
23,6400,0.000001370
24,6400,0.000001404
25,6400,0.000001157
26,6400,0.000001399
27,6400,0.000000883
28,6400,0.000001126
29,6400,0.000001074
30,6400,0.000001411
31,6400,0.000000993
32,6400,0.000001114
33,6400,0.000001056
34,6400,0.000001648
35,6400,0.000001179
36,6400,0.000000979
37,6400,0.000001492
38,6400,0.000001106
39,6400,0.000001672
40,6400,0.000001341
41,6400,0.000001090
42,6400,0.000001289
43,6400,0.000001039
44,6400,0.000001281
45,6400,0.000001068
46,6400,0.000001463
47,6400,0.000001369
48,6400,0.000001073
49,6400,0.000001100
50,6400,0.000000981
51,6400,0.000001040
52,6400,0.000000922
53,6400,0.000001272
54,6400,0.000000988
55,6400,0.000001308
56,6400,0.000001030
57,6400,0.000001054
58,6400,0.000001427
59,6400,0.000001079
60,6400,0.000001111
61,6400,0.000001444
62,6400,0.000001133
63,6400,0.000001188
64,6400,0.000001072
65,6400,0.000001233
66,6400,0.000001010
67,6400,0.000001128
68,6400,0.000000994
69,6400,0.000001070
70,6400,0.000001112
71,6400,0.000001590
72,6400,0.000001032
73,6400,0.000001047
74,6400,0.000001167
75,6400,0.000001043
76,6400,0.000001234
77,6400,0.000000944
78,6400,0.000001260
79,6400,0.000001346
80,6400,0.000001212
81,6400,0.000001603
82,6400,0.000001275
83,6400,0.000001176
84,6400,0.000001125
85,6400,0.000001265
86,6400,0.000001232
87,6400,0.000001480
88,6400,0.000001106
89,6400,0.000001047
90,6400,0.000001126
91,6400,0.000001223
92,6400,0.000001268
93,6400,0.000001060
94,6400,0.000001204
95,6400,0.000001082
96,6400,0.000001170
97,6400,0.000001237
98,6400,0.000001056
99,6400,0.000001211
100,6400,0.000001504
101,6400,0.000001183
102,6400,0.000001029
103,6400,0.000001173
104,6400,0.000001031
105,6400,0.000001030
106,6400,0.000001190
107,6400,0.000001183
108,6400,0.000001240
109,6400,0.000001393
110,6400,0.000001277
111,6400,0.000001175
112,6400,0.000001225
113,6400,0.000001089
114,6400,0.000001329
115,6400,0.000001258
116,6400,0.000001136
117,6400,0.000001240
118,6400,0.000000967
119,6400,0.000001227
120,6400,0.000001213
121,6400,0.000001248
122,6400,0.000001149
123,6400,0.000001001
124,6400,0.000001381
125,6400,0.000001157
126,6400,0.000001206
127,6400,0.000001060
128,6400,0.000001076
129,6400,0.000012541
130,6400,0.000001947
131,6400,0.000001508
132,6400,0.000000983
133,6400,0.000001249
134,6400,0.000001055
135,6400,0.000001165
136,6400,0.000001214
137,6400,0.000001041
138,6400,0.000001309
139,6400,0.000001137
140,6400,0.000001207
141,6400,0.000001028
142,6400,0.000001170
143,6400,0.000000948
144,6400,0.000001148
145,6400,0.000001200
146,6400,0.000001425
147,6400,0.000001228
148,6400,0.000001012
149,6400,0.000001160
150,6400,0.000001041
151,6400,0.000001226
152,6400,0.000001240
153,6400,0.000001072
154,6400,0.000001181
155,6400,0.000001058
156,6400,0.000001177
157,6400,0.000001031
158,6400,0.000001272
159,6400,0.000001068
160,6400,0.000001209
161,6400,0.000001271
162,6400,0.000001453
163,6400,0.000001177
164,6400,0.000000970
165,6400,0.000001571
166,6400,0.000000944
167,6400,0.000001123
168,6400,0.000001125
169,6400,0.000001053
170,6400,0.000001234
171,6400,0.000000995
172,6400,0.000001106
173,6400,0.000000963
174,6400,0.000001143
175,6400,0.000001054
176,6400,0.000000965
177,6400,0.000001103
178,6400,0.000000974
179,6400,0.000001415
180,6400,0.000000950
181,6400,0.000001094
182,6400,0.000001053
183,6400,0.000001135
184,6400,0.000001417
185,6400,0.000001174
186,6400,0.000001254
187,6400,0.000001106
188,6400,0.000001205
189,6400,0.000001011
190,6400,0.000001165
191,6400,0.000001106
192,6400,0.000001174
193,6400,0.000001201
194,6400,0.000001097
195,6400,0.000001265
196,6400,0.000001060
197,6400,0.000001560
198,6400,0.000001138
199,6400,0.000001176
200,6400,0.000001285
201,6400,0.000001117
202,6400,0.000001307
203,6400,0.000001125
204,6400,0.000001276
205,6400,0.000001051
206,6400,0.000001200
207,6400,0.000001114
208,6400,0.000001154
209,6400,0.000001151
210,6400,0.000001099
211,6400,0.000001170
212,6400,0.000001038
213,6400,0.000001264
214,6400,0.000001134
215,6400,0.000001162
216,6400,0.000001111
217,6400,0.000001079
218,6400,0.000001293
219,6400,0.000001117
220,6400,0.000001160
221,6400,0.000001024
222,6400,0.000001435
223,6400,0.000001057
224,6400,0.000001190
225,6400,0.000027028
226,6400,0.000001201
227,6400,0.000001422
228,6400,0.000001139
229,6400,0.000001340
230,6400,0.000001144
231,6400,0.000001305
232,6400,0.000001310
233,6400,0.000001417
234,6400,0.000001238
235,6400,0.000001070
236,6400,0.000013663
237,6400,0.000001113
238,6400,0.000001262
239,6400,0.000001054
240,6400,0.000001204
241,6400,0.000001202
242,6400,0.000000991
243,6400,0.000001300
244,6400,0.000001218
245,6400,0.000001274
246,6400,0.000000963
247,6400,0.000001250
248,6400,0.000001339
249,6400,0.000001258
250,6400,0.000001301
251,6400,0.000001074
252,6400,0.000001261
253,6400,0.000001385
254,6400,0.000001265
255,6400,0.000001120
256,6400,0.000001335
257,6400,0.000001231
258,6400,0.000001130
259,6400,0.000001319
260,6400,0.000001087
261,6400,0.000001429
262,6400,0.000001040
263,6400,0.000001276
264,6400,0.000001420
265,6400,0.000001153
266,6400,0.000001172
267,6400,0.000001181
268,6400,0.000001272
269,6400,0.000001016
270,6400,0.000001544
271,6400,0.000000985
272,6400,0.000001143
273,6400,0.000001209
274,6400,0.000001070
275,6400,0.000001512
276,6400,0.000001144
277,6400,0.000001190
278,6400,0.000001002
279,6400,0.000001443
280,6400,0.000001258
281,6400,0.000000976
282,6400,0.000001215
283,6400,0.000001137
284,6400,0.000001569
285,6400,0.000001064
286,6400,0.000001297
287,6400,0.000001058
288,6400,0.000001008
289,6400,0.000001434
290,6400,0.000001117
291,6400,0.000001244
292,6400,0.000001388
293,6400,0.000001299
294,6400,0.000001077
295,6400,0.000001238
296,6400,0.000001116
297,6400,0.000001178
298,6400,0.000001350
299,6400,0.000001115
300,6400,0.000001318
301,6400,0.000001102
302,6400,0.000001263
303,6400,0.000001091
304,6400,0.000001195
305,6400,0.000001433
306,6400,0.000001084
307,6400,0.000001257
308,6400,0.000001091
309,6400,0.000001202
310,6400,0.000001103
311,6400,0.000001375
312,6400,0.000001263
313,6400,0.000001089
314,6400,0.000001246
315,6400,0.000001147
316,6400,0.000001210
317,6400,0.000001065
318,6400,0.000001185
319,6400,0.000001006
320,6400,0.000001171
321,6400,0.000001370
322,6400,0.000001144
323,6400,0.000001223
324,6400,0.000001177
325,6400,0.000001619
326,6400,0.000001226
327,6400,0.000001382
328,6400,0.000001373
329,6400,0.000001092
330,6400,0.000001200
331,6400,0.000001061
332,6400,0.000001193
333,6400,0.000001455
334,6400,0.000001262
335,6400,0.000001205
336,6400,0.000001218
337,6400,0.000001289
338,6400,0.000001139
339,6400,0.000001165
340,6400,0.000001061
341,6400,0.000001230
342,6400,0.000001104
343,6400,0.000001278
344,6400,0.000001334
345,6400,0.000001189
346,6400,0.000001274
347,6400,0.000001144
348,6400,0.000001217
349,6400,0.000001077
350,6400,0.000001136
351,6400,0.000001104
352,6400,0.000001216
353,6400,0.000001368
354,6400,0.000001194
355,6400,0.000001153
356,6400,0.000001050
357,6400,0.000001192
358,6400,0.000001142
359,6400,0.000001117
360,6400,0.000001412
361,6400,0.000001151
362,6400,0.000001055
363,6400,0.000001027
364,6400,0.000001169
365,6400,0.000000874
366,6400,0.000001004
367,6400,0.000001002
368,6400,0.000001162
369,6400,0.000001039
370,6400,0.000001428
371,6400,0.000001122
372,6400,0.000001009
373,6400,0.000001061
374,6400,0.000000890
375,6400,0.000001082
376,6400,0.000001182
377,6400,0.000000940
378,6400,0.000001461
379,6400,0.000001124
380,6400,0.000001588
381,6400,0.000001024
382,6400,0.000001680
383,6400,0.000001421
384,6400,0.000001382
385,6400,0.000001085
386,6400,0.000000960
387,6400,0.000001098
388,6400,0.000001028
389,6400,0.000001166
390,6400,0.000001068
391,6400,0.000001029
392,6400,0.000001239
393,6400,0.000001018
394,6400,0.000001211
395,6400,0.000001038
396,6400,0.000001032
397,6400,0.000000983
398,6400,0.000001648
399,6400,0.000001045
400,6400,0.000001383
401,6400,0.000001536
402,6400,0.000001055
403,6400,0.000001061
404,6400,0.000000948
405,6400,0.000001195
406,6400,0.000001006
407,6400,0.000001706
408,6400,0.000001826
409,6400,0.000001139
410,6400,0.000001160
411,6400,0.000001054
412,6400,0.000001415
413,6400,0.000001145
414,6400,0.000001014
415,6400,0.000000954
416,6400,0.000000985
417,6400,0.000001104
418,6400,0.000001175
419,6400,0.000001199
420,6400,0.000000913
421,6400,0.000001047
422,6400,0.000000919
423,6400,0.000001117
424,6400,0.000001041
425,6400,0.000001014
426,6400,0.000001579
427,6400,0.000001054
428,6400,0.000001055
429,6400,0.000000900
430,6400,0.000001382
431,6400,0.000001181
432,6400,0.000001103
433,6400,0.000001059
434,6400,0.000001218
435,6400,0.000001103
436,6400,0.000001169
437,6400,0.000001100
438,6400,0.000001183
439,6400,0.000001320
440,6400,0.000001326
441,6400,0.000001292
442,6400,0.000001416
443,6400,0.000001022
444,6400,0.000001227
445,6400,0.000001183
446,6400,0.000001046
447,6400,0.000001134
448,6400,0.000001141
449,6400,0.000001284
450,6400,0.000001373
451,6400,0.000001207
452,6400,0.000001033
453,6400,0.000001056
454,6400,0.000001047
455,6400,0.000001435
456,6400,0.000001222
457,6400,0.000001037
458,6400,0.000001101
459,6400,0.000001082
460,6400,0.000001195
461,6400,0.000001451
462,6400,0.000001275
463,6400,0.000001020
464,6400,0.000001068
465,6400,0.000001193
466,6400,0.000001030
467,6400,0.000001125
468,6400,0.000001025
469,6400,0.000001094
470,6400,0.000001029
471,6400,0.000001129
472,6400,0.000001111
473,6400,0.000001009
474,6400,0.000001176
475,6400,0.000000969
476,6400,0.000001233
477,6400,0.000000992
478,6400,0.000001128
479,6400,0.000000997
480,6400,0.000001088
481,6400,0.000001101
482,6400,0.000001078
483,6400,0.000001148
484,6400,0.000001122
485,6400,0.000001386
486,6400,0.000001000
487,6400,0.000001091
488,6400,0.000001087
489,6400,0.000001014
490,6400,0.000001242
491,6400,0.000001079
492,6400,0.000001146
493,6400,0.000001125
494,6400,0.000001246
495,6400,0.000001314
496,6400,0.000001092
497,6400,0.000001307
498,6400,0.000001066
499,6400,0.000001302
500,6400,0.000001284
501,6400,0.000001074
502,6400,0.000001245
503,6400,0.000001405
504,6400,0.000001121
505,6400,0.000001000
506,6400,0.000001102
507,6400,0.000001129
508,6400,0.000001230
509,6400,0.000001052
510,6400,0.000001278
511,6400,0.000001362
512,6400,0.000001109
513,6400,0.000000993
514,6400,0.000001039
515,6400,0.000001342
516,6400,0.000001619
517,6400,0.000001251
518,6400,0.000001014
519,6400,0.000001170
520,6400,0.000001285
521,6400,0.000001164
522,6400,0.000001431
523,6400,0.000001202
524,6400,0.000001147
525,6400,0.000001040
526,6400,0.000001219
527,6400,0.000001003
528,6400,0.000001079
529,6400,0.000001166
530,6400,0.000001044
531,6400,0.000001218
532,6400,0.000001048
533,6400,0.000001190
534,6400,0.000001000
535,6400,0.000001386
536,6400,0.000001121
537,6400,0.000001157
538,6400,0.000001147
539,6400,0.000000976
540,6400,0.000001132
541,6400,0.000001054
542,6400,0.000001074
543,6400,0.000001036
544,6400,0.000001041
545,6400,0.000001165
546,6400,0.000001036
547,6400,0.000001074
548,6400,0.000001062
549,6400,0.000001200
550,6400,0.000001055
551,6400,0.000001095
552,6400,0.000001361
553,6400,0.000001103
554,6400,0.000001389
555,6400,0.000000982
556,6400,0.000001341
557,6400,0.000001057
558,6400,0.000001308
559,6400,0.000001228
560,6400,0.000001161
561,6400,0.000001213
562,6400,0.000001261
563,6400,0.000001640
564,6400,0.000001060
565,6400,0.000001405
566,6400,0.000001057
567,6400,0.000001181
568,6400,0.000001230
569,6400,0.000001813
570,6400,0.000001556
571,6400,0.000001084
572,6400,0.000001181
573,6400,0.000001167
574,6400,0.000001298
575,6400,0.000001059
576,6400,0.000001182
577,6400,0.000001189
578,6400,0.000001055
579,6400,0.000001377
580,6400,0.000001000
581,6400,0.000001037
582,6400,0.000000918
583,6400,0.000001038
584,6400,0.000000929
585,6400,0.000001110
586,6400,0.000001171
587,6400,0.000000896
588,6400,0.000001074
589,6400,0.000001353
590,6400,0.000001022
591,6400,0.000000896
592,6400,0.000001114
593,6400,0.000001106
594,6400,0.000001305
595,6400,0.000001144
596,6400,0.000001125
597,6400,0.000001196
598,6400,0.000001135
599,6400,0.000001426
600,6400,0.000001528
601,6400,0.000001097
602,6400,0.000001093
603,6400,0.000000943
604,6400,0.000001006
605,6400,0.000001015
606,6400,0.000001227
607,6400,0.000000891
608,6400,0.000001020
609,6400,0.000001081
610,6400,0.000001007
611,6400,0.000001024
612,6400,0.000000951
613,6400,0.000001323
614,6400,0.000001124
615,6400,0.000001182
616,6400,0.000001035
617,6400,0.000001175
618,6400,0.000001185
619,6400,0.000001040
620,6400,0.000001419
621,6400,0.000001214
622,6400,0.000001106
623,6400,0.000000925
624,6400,0.000001093
625,6400,0.000001229
626,6400,0.000000996
627,6400,0.000001294
628,6400,0.000001227
629,6400,0.000001595
630,6400,0.000001057
631,6400,0.000001288
632,6400,0.000001583
633,6400,0.000001017
634,6400,0.000001167
635,6400,0.000000951
636,6400,0.000001248
637,6400,0.000001056
638,6400,0.000001570
639,6400,0.000001138
640,6400,0.000001076
641,6400,0.000001215
642,6400,0.000001143
643,6400,0.000001238
644,6400,0.000001025
645,6400,0.000001207
646,6400,0.000001450
647,6400,0.000001210
648,6400,0.000001197
649,6400,0.000001095
650,6400,0.000001238
651,6400,0.000001275
652,6400,0.000001227
653,6400,0.000001194
654,6400,0.000001277
655,6400,0.000001016
656,6400,0.000001218
657,6400,0.000001153
658,6400,0.000001080
659,6400,0.000001159
660,6400,0.000001013
661,6400,0.000001439
662,6400,0.000001090
663,6400,0.000001099
664,6400,0.000001473
665,6400,0.000001171
666,6400,0.000001396
667,6400,0.000001074
668,6400,0.000001211
669,6400,0.000001056
670,6400,0.000001261
671,6400,0.000001105
672,6400,0.000001113
673,6400,0.000001250
674,6400,0.000001050
675,6400,0.000001125
676,6400,0.000001025
677,6400,0.000001351
678,6400,0.000001028
679,6400,0.000001339
680,6400,0.000001732
681,6400,0.000001092
682,6400,0.000001155
683,6400,0.000001150
684,6400,0.000001203
685,6400,0.000000999
686,6400,0.000001207
687,6400,0.000001085
688,6400,0.000001090
689,6400,0.000001272
690,6400,0.000001100
691,6400,0.000001189
692,6400,0.000001122
693,6400,0.000001231
694,6400,0.000001018
695,6400,0.000001366
696,6400,0.000001264
697,6400,0.000001127
698,6400,0.000001203
699,6400,0.000001020
700,6400,0.000001260
701,6400,0.000001169
702,6400,0.000001115
703,6400,0.000001023
704,6400,0.000001525
705,6400,0.000001131
706,6400,0.000001160
707,6400,0.000001203
708,6400,0.000000947
709,6400,0.000001143
710,6400,0.000001055
711,6400,0.000001164
712,6400,0.000001174
713,6400,0.000001048
714,6400,0.000001226
715,6400,0.000001281
716,6400,0.000001265
717,6400,0.000001178
718,6400,0.000001551
719,6400,0.000002252
720,6400,0.000001051
721,6400,0.000000816
722,6400,0.000000928
723,6400,0.000001064
724,6400,0.000000857
725,6400,0.000001055
726,6400,0.000000883
727,6400,0.000000964
728,6400,0.000000996
729,6400,0.000000858
730,6400,0.000000978
731,6400,0.000000975
732,6400,0.000000833
733,6400,0.000000824
734,6400,0.000000922
735,6400,0.000000949
736,6400,0.000001066
737,6400,0.000001088
738,6400,0.000000831
739,6400,0.000000955
740,6400,0.000000879
741,6400,0.000000912
742,6400,0.000000819
743,6400,0.000001033
744,6400,0.000001042
745,6400,0.000000811
746,6400,0.000001095
747,6400,0.000000905
748,6400,0.000001059
749,6400,0.000001277
750,6400,0.000000903
751,6400,0.000000764
752,6400,0.000000851
753,6400,0.000001279
754,6400,0.000000955
755,6400,0.000001028
756,6400,0.000000748
757,6400,0.000000978
758,6400,0.000000876
759,6400,0.000001323
760,6400,0.000001159
761,6400,0.000000901
762,6400,0.000000869
763,6400,0.000000972
764,6400,0.000000987
765,6400,0.000000865
766,6400,0.000000974
767,6400,0.000000742
768,6400,0.000000974
769,6400,0.000001031
770,6400,0.000000898
771,6400,0.000001010
772,6400,0.000000878
773,6400,0.000000947
774,6400,0.000000883
775,6400,0.000000913
776,6400,0.000000988
777,6400,0.000000837
778,6400,0.000000953
779,6400,0.000000761
780,6400,0.000001013
781,6400,0.000000862
782,6400,0.000000917
783,6400,0.000000898
784,6400,0.000000919
785,6400,0.000001214
786,6400,0.000000846
787,6400,0.000001242
788,6400,0.000000876
789,6400,0.000000863
790,6400,0.000000723
791,6400,0.000001006
792,6400,0.000000957
793,6400,0.000000862
794,6400,0.000000868
795,6400,0.000001195
796,6400,0.000001067
797,6400,0.000000870
798,6400,0.000001004
799,6400,0.000000832
800,6400,0.000000903
801,6400,0.000001061
802,6400,0.000000791
803,6400,0.000001303
804,6400,0.000001044
805,6400,0.000000937
806,6400,0.000000809
807,6400,0.000000917
808,6400,0.000000994
809,6400,0.000000863
810,6400,0.000001145
811,6400,0.000000887
812,6400,0.000000998
813,6400,0.000000960
814,6400,0.000000927
815,6400,0.000000819
816,6400,0.000000865
817,6400,0.000001093
818,6400,0.000000969
819,6400,0.000000944
820,6400,0.000000803
821,6400,0.000001040
822,6400,0.000000940
823,6400,0.000001051
824,6400,0.000000976
825,6400,0.000000990
826,6400,0.000001036
827,6400,0.000000849
828,6400,0.000000962
829,6400,0.000000833
830,6400,0.000000953
831,6400,0.000000962
832,6400,0.000000924
833,6400,0.000000983
834,6400,0.000000772
835,6400,0.000000961
836,6400,0.000000863
837,6400,0.000000972
838,6400,0.000000971
839,6400,0.000001228
840,6400,0.000001123
841,6400,0.000000851
842,6400,0.000001369
843,6400,0.000000864
844,6400,0.000000997
845,6400,0.000000875
846,6400,0.000001351
847,6400,0.000001026
848,6400,0.000000986
849,6400,0.000000946
850,6400,0.000000780
851,6400,0.000000954
852,6400,0.000000844
853,6400,0.000000959
854,6400,0.000000774
855,6400,0.000000979
856,6400,0.000000985
857,6400,0.000000820
858,6400,0.000000918
859,6400,0.000000905
860,6400,0.000001383
861,6400,0.000000920
862,6400,0.000000968
863,6400,0.000000804
864,6400,0.000000876
865,6400,0.000000986
866,6400,0.000000754
867,6400,0.000000896
868,6400,0.000000812
869,6400,0.000001017
870,6400,0.000000996
871,6400,0.000000890
872,6400,0.000001323
873,6400,0.000000907
874,6400,0.000001426
875,6400,0.000001035
876,6400,0.000001027
877,6400,0.000000850
878,6400,0.000001026
879,6400,0.000001062
880,6400,0.000000933
881,6400,0.000001064
882,6400,0.000000819
883,6400,0.000001068
884,6400,0.000000821
885,6400,0.000001021
886,6400,0.000000952
887,6400,0.000000941
888,6400,0.000001058
889,6400,0.000000918
890,6400,0.000001030
891,6400,0.000001036
892,6400,0.000001030
893,6400,0.000000780
894,6400,0.000000953
895,6400,0.000000923
896,6400,0.000000930
897,6400,0.000001078
898,6400,0.000000849
899,6400,0.000000968
900,6400,0.000000983
901,6400,0.000000935
902,6400,0.000000794
903,6400,0.000000991
904,6400,0.000001097
905,6400,0.000001326
906,6400,0.000001031
907,6400,0.000000861
908,6400,0.000001044
909,6400,0.000001013
910,6400,0.000000924
911,6400,0.000000732
912,6400,0.000000942
913,6400,0.000001180
914,6400,0.000013772
915,6400,0.000000973
916,6400,0.000000943
917,6400,0.000000995
918,6400,0.000000896
919,6400,0.000000929
920,6400,0.000001108
921,6400,0.000000996
922,6400,0.000001102
923,6400,0.000000978
924,6400,0.000001214
925,6400,0.000000888
926,6400,0.000001037
927,6400,0.000000839
928,6400,0.000000975
929,6400,0.000001257
930,6400,0.000000949
931,6400,0.000001017
932,6400,0.000000861
933,6400,0.000001075
934,6400,0.000001005
935,6400,0.000001065
936,6400,0.000000989
937,6400,0.000000852
938,6400,0.000001292
939,6400,0.000001097
940,6400,0.000001011
941,6400,0.000000859
942,6400,0.000001007
943,6400,0.000000988
944,6400,0.000001006
945,6400,0.000013672
946,6400,0.000000915
947,6400,0.000001173
948,6400,0.000000881
949,6400,0.000000951
950,6400,0.000000816
951,6400,0.000001085
952,6400,0.000001160
953,6400,0.000000938
954,6400,0.000001504
955,6400,0.000000942
956,6400,0.000001190
957,6400,0.000001029
958,6400,0.000001034
959,6400,0.000000828
960,6400,0.000001179
961,6400,0.000001119
962,6400,0.000001092
963,6400,0.000001227
964,6400,0.000014543
965,6400,0.000001564
966,6400,0.000001164
967,6400,0.000001319
968,6400,0.000001837
969,6400,0.000001129
970,6400,0.000001501
971,6400,0.000001488
972,6400,0.000001278
973,6400,0.000001014
974,6400,0.000001276
975,6400,0.000001159
976,6400,0.000001185
977,6400,0.000001293
978,6400,0.000001062
979,6400,0.000001226
980,6400,0.000001221
981,6400,0.000001267
982,6400,0.000001118
983,6400,0.000001289
984,6400,0.000001488
985,6400,0.000001445
986,6400,0.000001365
987,6400,0.000001181
988,6400,0.000001377
989,6400,0.000001128
990,6400,0.000001260
991,6400,0.000001055
992,6400,0.000001252
993,6400,0.000001406
994,6400,0.000001375
995,6400,0.000001344
996,6400,0.000001034
997,6400,0.000001324
998,6400,0.000001176
999,6400,0.000001292
0,6656,0.000002144
1,6656,0.000001311
2,6656,0.000001334
3,6656,0.000001496
4,6656,0.000001513
5,6656,0.000001214
6,6656,0.000001269
7,6656,0.000001076
8,6656,0.000001192
9,6656,0.000001704
10,6656,0.000001108
11,6656,0.000001193
12,6656,0.000001292
13,6656,0.000001167
14,6656,0.000001184
15,6656,0.000001392
16,6656,0.000001199
17,6656,0.000001272
18,6656,0.000001185
19,6656,0.000001029
20,6656,0.000001299
21,6656,0.000001308
22,6656,0.000001500
23,6656,0.000001574
24,6656,0.000001152
25,6656,0.000001200
26,6656,0.000001076
27,6656,0.000001141
28,6656,0.000001233
29,6656,0.000001533
30,6656,0.000001154
31,6656,0.000001015
32,6656,0.000001086
33,6656,0.000001208
34,6656,0.000001093
35,6656,0.000001170
36,6656,0.000001324
37,6656,0.000001492
38,6656,0.000001363
39,6656,0.000001298
40,6656,0.000001411
41,6656,0.000001264
42,6656,0.000001157
43,6656,0.000001754
44,6656,0.000001239
45,6656,0.000001049
46,6656,0.000001433
47,6656,0.000001455
48,6656,0.000001084
49,6656,0.000001409
50,6656,0.000001264
51,6656,0.000001288
52,6656,0.000001213
53,6656,0.000001239
54,6656,0.000001136
55,6656,0.000001036
56,6656,0.000001163
57,6656,0.000001291
58,6656,0.000001071
59,6656,0.000001172
60,6656,0.000001160
61,6656,0.000001029
62,6656,0.000001165
63,6656,0.000001389
64,6656,0.000001146
65,6656,0.000001145
66,6656,0.000001020
67,6656,0.000001210
68,6656,0.000001258
69,6656,0.000001073
70,6656,0.000001116
71,6656,0.000001019
72,6656,0.000001503
73,6656,0.000001344
74,6656,0.000001035
75,6656,0.000001346
76,6656,0.000001399
77,6656,0.000001070
78,6656,0.000001271
79,6656,0.000001027
80,6656,0.000001172
81,6656,0.000001211
82,6656,0.000001356
83,6656,0.000001210
84,6656,0.000001215
85,6656,0.000001051
86,6656,0.000001142
87,6656,0.000001024
88,6656,0.000001218
89,6656,0.000001258
90,6656,0.000001238
91,6656,0.000001269
92,6656,0.000001210
93,6656,0.000001069
94,6656,0.000001185
95,6656,0.000001119
96,6656,0.000001197
97,6656,0.000001213
98,6656,0.000001151
99,6656,0.000001172
100,6656,0.000001306
101,6656,0.000001336
102,6656,0.000001293
103,6656,0.000001118
104,6656,0.000001253
105,6656,0.000001332
106,6656,0.000001014
107,6656,0.000001301
108,6656,0.000001251
109,6656,0.000001092
110,6656,0.000001195
111,6656,0.000001022
112,6656,0.000001313
113,6656,0.000001294
114,6656,0.000001056
115,6656,0.000001245
116,6656,0.000001306
117,6656,0.000000932
118,6656,0.000001196
119,6656,0.000001123
120,6656,0.000001145
121,6656,0.000001209
122,6656,0.000000995
123,6656,0.000001130
124,6656,0.000001188
125,6656,0.000001126
126,6656,0.000001185
127,6656,0.000001063
128,6656,0.000001201
129,6656,0.000001271
130,6656,0.000001168
131,6656,0.000001171
132,6656,0.000001286
133,6656,0.000001309
134,6656,0.000001214
135,6656,0.000001167
136,6656,0.000001147
137,6656,0.000001236
138,6656,0.000001158
139,6656,0.000001176
140,6656,0.000001241
141,6656,0.000001061
142,6656,0.000001174
143,6656,0.000001026
144,6656,0.000001171
145,6656,0.000001285
146,6656,0.000001275
147,6656,0.000001237
148,6656,0.000001215
149,6656,0.000001077
150,6656,0.000001128
151,6656,0.000001018
152,6656,0.000001250
153,6656,0.000001333
154,6656,0.000001024
155,6656,0.000001318
156,6656,0.000001252
157,6656,0.000001070
158,6656,0.000001191
159,6656,0.000001037
160,6656,0.000001147
161,6656,0.000001276
162,6656,0.000001036
163,6656,0.000001232
164,6656,0.000001272
165,6656,0.000001021
166,6656,0.000001156
167,6656,0.000001483
168,6656,0.000001126
169,6656,0.000001201
170,6656,0.000001273
171,6656,0.000001185
172,6656,0.000001304
173,6656,0.000001051
174,6656,0.000001283
175,6656,0.000001087
176,6656,0.000001356
177,6656,0.000001268
178,6656,0.000001036
179,6656,0.000001708
180,6656,0.000001234
181,6656,0.000001177
182,6656,0.000001227
183,6656,0.000001131
184,6656,0.000001355
185,6656,0.000001288
186,6656,0.000001187
187,6656,0.000001640
188,6656,0.000001168
189,6656,0.000000836
190,6656,0.000001146
191,6656,0.000000853
192,6656,0.000001255
193,6656,0.000001099
194,6656,0.000000911
195,6656,0.000000964
196,6656,0.000001066
197,6656,0.000000926
198,6656,0.000001111
199,6656,0.000001072
200,6656,0.000001024
201,6656,0.000000984
202,6656,0.000000819
203,6656,0.000001210
204,6656,0.000000971
205,6656,0.000001035
206,6656,0.000001050
207,6656,0.000000837
208,6656,0.000000913
209,6656,0.000000984
210,6656,0.000000834
211,6656,0.000001002
212,6656,0.000000999
213,6656,0.000000922
214,6656,0.000000918
215,6656,0.000000827
216,6656,0.000000991
217,6656,0.000000987
218,6656,0.000000841
219,6656,0.000001046
220,6656,0.000001043
221,6656,0.000000871
222,6656,0.000001127
223,6656,0.000001049
224,6656,0.000000981
225,6656,0.000001036
226,6656,0.000000825
227,6656,0.000000965
228,6656,0.000001420
229,6656,0.000000912
230,6656,0.000001197
231,6656,0.000000827
232,6656,0.000000955
233,6656,0.000001015
234,6656,0.000000892
235,6656,0.000001132
236,6656,0.000000991
237,6656,0.000000934
238,6656,0.000001053
239,6656,0.000000770
240,6656,0.000000939
241,6656,0.000000972
242,6656,0.000001033
243,6656,0.000001104
244,6656,0.000000971
245,6656,0.000000894
246,6656,0.000001108
247,6656,0.000000889
248,6656,0.000000938
249,6656,0.000001028
250,6656,0.000000818
251,6656,0.000001057
252,6656,0.000001045
253,6656,0.000000846
254,6656,0.000000995
255,6656,0.000000828
256,6656,0.000000952
257,6656,0.000001075
258,6656,0.000000917
259,6656,0.000001285
260,6656,0.000000964
261,6656,0.000001123
262,6656,0.000000880
263,6656,0.000000816
264,6656,0.000000849
265,6656,0.000001042
266,6656,0.000000851
267,6656,0.000000981
268,6656,0.000001079
269,6656,0.000000943
270,6656,0.000000887
271,6656,0.000001086
272,6656,0.000000881
273,6656,0.000001142
274,6656,0.000000823
275,6656,0.000000999
276,6656,0.000001010
277,6656,0.000000947
278,6656,0.000000992
279,6656,0.000000819
280,6656,0.000000946
281,6656,0.000000960
282,6656,0.000000840
283,6656,0.000001030
284,6656,0.000001041
285,6656,0.000001098
286,6656,0.000000961
287,6656,0.000000753
288,6656,0.000000993
289,6656,0.000001140
290,6656,0.000000903
291,6656,0.000000938
292,6656,0.000000932
293,6656,0.000000917
294,6656,0.000001009
295,6656,0.000000955
296,6656,0.000000831
297,6656,0.000000913
298,6656,0.000001094
299,6656,0.000001005
300,6656,0.000001074
301,6656,0.000000852
302,6656,0.000000937
303,6656,0.000000763
304,6656,0.000000887
305,6656,0.000001071
306,6656,0.000000957
307,6656,0.000000899
308,6656,0.000001005
309,6656,0.000000933
310,6656,0.000000892
311,6656,0.000000792
312,6656,0.000000969
313,6656,0.000001227
314,6656,0.000000825
315,6656,0.000001021
316,6656,0.000000983
317,6656,0.000000862
318,6656,0.000000892
319,6656,0.000000965
320,6656,0.000000925
321,6656,0.000000996
322,6656,0.000000978
323,6656,0.000001017
324,6656,0.000001017
325,6656,0.000000892
326,6656,0.000000998
327,6656,0.000000947
328,6656,0.000000877
329,6656,0.000001020
330,6656,0.000000794
331,6656,0.000001173
332,6656,0.000001406
333,6656,0.000000876
334,6656,0.000000944
335,6656,0.000000742
336,6656,0.000000913
337,6656,0.000000956
338,6656,0.000000960
339,6656,0.000001044
340,6656,0.000001012
341,6656,0.000000929
342,6656,0.000001005
343,6656,0.000000815
344,6656,0.000000915
345,6656,0.000000975
346,6656,0.000000815
347,6656,0.000000979
348,6656,0.000000835
349,6656,0.000000944
350,6656,0.000000888
351,6656,0.000000813
352,6656,0.000000888
353,6656,0.000001100
354,6656,0.000000951
355,6656,0.000000859
356,6656,0.000001001
357,6656,0.000000889
358,6656,0.000001003
359,6656,0.000000838
360,6656,0.000000861
361,6656,0.000001153
362,6656,0.000000786
363,6656,0.000001401
364,6656,0.000001093
365,6656,0.000000932
366,6656,0.000000855
367,6656,0.000000821
368,6656,0.000000951
369,6656,0.000000946
370,6656,0.000000921
371,6656,0.000000908
372,6656,0.000000973
373,6656,0.000000864
374,6656,0.000000980
375,6656,0.000000931
376,6656,0.000000916
377,6656,0.000001016
378,6656,0.000000827
379,6656,0.000001051
380,6656,0.000000992
381,6656,0.000000830
382,6656,0.000000966
383,6656,0.000000817
384,6656,0.000000921
385,6656,0.000000905
386,6656,0.000000945
387,6656,0.000001004
388,6656,0.000000960
389,6656,0.000000811
390,6656,0.000000929
391,6656,0.000000970
392,6656,0.000001006
393,6656,0.000001254
394,6656,0.000000745
395,6656,0.000001139
396,6656,0.000001081
397,6656,0.000000830
398,6656,0.000000956
399,6656,0.000000824
400,6656,0.000000975
401,6656,0.000000971
402,6656,0.000000967
403,6656,0.000000933
404,6656,0.000000945
405,6656,0.000000875
406,6656,0.000001179
407,6656,0.000000943
408,6656,0.000000905
409,6656,0.000001008
410,6656,0.000000829
411,6656,0.000000943
412,6656,0.000000958
413,6656,0.000000952
414,6656,0.000000945
415,6656,0.000000786
416,6656,0.000000903
417,6656,0.000000949
418,6656,0.000000913
419,6656,0.000000932
420,6656,0.000000955
421,6656,0.000000939
422,6656,0.000000927
423,6656,0.000001083
424,6656,0.000000880
425,6656,0.000000967
426,6656,0.000000850
427,6656,0.000000985
428,6656,0.000001339
429,6656,0.000000847
430,6656,0.000000994
431,6656,0.000000814
432,6656,0.000001059
433,6656,0.000001016
434,6656,0.000000877
435,6656,0.000000942
436,6656,0.000000934
437,6656,0.000000909
438,6656,0.000001065
439,6656,0.000000898
440,6656,0.000000913
441,6656,0.000001019
442,6656,0.000000774
443,6656,0.000001108
444,6656,0.000001083
445,6656,0.000000925
446,6656,0.000000973
447,6656,0.000000829
448,6656,0.000000985
449,6656,0.000000922
450,6656,0.000000917
451,6656,0.000000880
452,6656,0.000001004
453,6656,0.000000848
454,6656,0.000000946
455,6656,0.000000836
456,6656,0.000000921
457,6656,0.000000969
458,6656,0.000001030
459,6656,0.000001011
460,6656,0.000001113
461,6656,0.000000833
462,6656,0.000000989
463,6656,0.000000777
464,6656,0.000000949
465,6656,0.000000939
466,6656,0.000000985
467,6656,0.000000950
468,6656,0.000001018
469,6656,0.000000823
470,6656,0.000000947
471,6656,0.000001086
472,6656,0.000000902
473,6656,0.000000995
474,6656,0.000000786
475,6656,0.000000975
476,6656,0.000001017
477,6656,0.000000848
478,6656,0.000000851
479,6656,0.000000852
480,6656,0.000001048
481,6656,0.000000883
482,6656,0.000000845
483,6656,0.000001053
484,6656,0.000000954
485,6656,0.000000811
486,6656,0.000000941
487,6656,0.000000892
488,6656,0.000000897
489,6656,0.000001169
490,6656,0.000000824
491,6656,0.000000947
492,6656,0.000001047
493,6656,0.000001005
494,6656,0.000000960
495,6656,0.000001141
496,6656,0.000000940
497,6656,0.000001194
498,6656,0.000000818
499,6656,0.000001032
500,6656,0.000001061
501,6656,0.000011985
502,6656,0.000001136
503,6656,0.000001057
504,6656,0.000000896
505,6656,0.000001069
506,6656,0.000000837
507,6656,0.000001030
508,6656,0.000001053
509,6656,0.000000848
510,6656,0.000000904
511,6656,0.000000831
512,6656,0.000000930
513,6656,0.000001259
514,6656,0.000000886
515,6656,0.000000838
516,6656,0.000001087
517,6656,0.000000866
518,6656,0.000000925
519,6656,0.000001015
520,6656,0.000000906
521,6656,0.000001080
522,6656,0.000000827
523,6656,0.000000940
524,6656,0.000000953
525,6656,0.000000819
526,6656,0.000000957
527,6656,0.000000786
528,6656,0.000000949
529,6656,0.000000996
530,6656,0.000000796
531,6656,0.000001028
532,6656,0.000000981
533,6656,0.000000781
534,6656,0.000000905
535,6656,0.000000894
536,6656,0.000000916
537,6656,0.000001067
538,6656,0.000000868
539,6656,0.000000954
540,6656,0.000001024
541,6656,0.000000820
542,6656,0.000000880
543,6656,0.000000858
544,6656,0.000001005
545,6656,0.000001132
546,6656,0.000000905
547,6656,0.000001027
548,6656,0.000001161
549,6656,0.000000899
550,6656,0.000000948
551,6656,0.000001162
552,6656,0.000001005
553,6656,0.000001078
554,6656,0.000000837
555,6656,0.000001212
556,6656,0.000001023
557,6656,0.000000840
558,6656,0.000000977
559,6656,0.000000914
560,6656,0.000000900
561,6656,0.000000981
562,6656,0.000000776
563,6656,0.000000947
564,6656,0.000000917
565,6656,0.000000801
566,6656,0.000001027
567,6656,0.000000836
568,6656,0.000000845
569,6656,0.000001009
570,6656,0.000000882
571,6656,0.000000970
572,6656,0.000001130
573,6656,0.000000913
574,6656,0.000000952
575,6656,0.000000977
576,6656,0.000000852
577,6656,0.000000928
578,6656,0.000000774
579,6656,0.000001266
580,6656,0.000000969
581,6656,0.000000864
582,6656,0.000001037
583,6656,0.000001071
584,6656,0.000000927
585,6656,0.000000983
586,6656,0.000000847
587,6656,0.000000973
588,6656,0.000001085
589,6656,0.000000873
590,6656,0.000001066
591,6656,0.000000859
592,6656,0.000001064
593,6656,0.000000994
594,6656,0.000000917
595,6656,0.000000989
596,6656,0.000000893
597,6656,0.000000909
598,6656,0.000001023
599,6656,0.000000854
600,6656,0.000000904
601,6656,0.000001107
602,6656,0.000000838
603,6656,0.000000957
604,6656,0.000001039
605,6656,0.000000894
606,6656,0.000000962
607,6656,0.000000975
608,6656,0.000000900
609,6656,0.000000995
610,6656,0.000000859
611,6656,0.000001197
612,6656,0.000001085
613,6656,0.000000938
614,6656,0.000000953
615,6656,0.000000823
616,6656,0.000001044
617,6656,0.000000968
618,6656,0.000000806
619,6656,0.000001118
620,6656,0.000001069
621,6656,0.000000927
622,6656,0.000001092
623,6656,0.000000998
624,6656,0.000000919
625,6656,0.000000994
626,6656,0.000000846
627,6656,0.000001012
628,6656,0.000001035
629,6656,0.000000981
630,6656,0.000001353
631,6656,0.000000808
632,6656,0.000001009
633,6656,0.000001002
634,6656,0.000001056
635,6656,0.000001005
636,6656,0.000001034
637,6656,0.000000813
638,6656,0.000001041
639,6656,0.000000842
640,6656,0.000001058
641,6656,0.000001109
642,6656,0.000001149
643,6656,0.000001026
644,6656,0.000001068
645,6656,0.000001020
646,6656,0.000000981
647,6656,0.000000830
648,6656,0.000000965
649,6656,0.000000979
650,6656,0.000000922
651,6656,0.000000948
652,6656,0.000000972
653,6656,0.000000869
654,6656,0.000001095
655,6656,0.000000828
656,6656,0.000000977
657,6656,0.000000950
658,6656,0.000000995
659,6656,0.000000998
660,6656,0.000000979
661,6656,0.000000889
662,6656,0.000000993
663,6656,0.000000939
664,6656,0.000000871
665,6656,0.000000958
666,6656,0.000000854
667,6656,0.000000990
668,6656,0.000001163
669,6656,0.000000916
670,6656,0.000000999
671,6656,0.000000809
672,6656,0.000001001
673,6656,0.000000950
674,6656,0.000001091
675,6656,0.000000914
676,6656,0.000000970
677,6656,0.000000927
678,6656,0.000001103
679,6656,0.000000901
680,6656,0.000000926
681,6656,0.000000922
682,6656,0.000000848
683,6656,0.000000951
684,6656,0.000001028
685,6656,0.000000877
686,6656,0.000000906
687,6656,0.000000810
688,6656,0.000000952
689,6656,0.000000977
690,6656,0.000000895
691,6656,0.000001018
692,6656,0.000001040
693,6656,0.000000800
694,6656,0.000000907
695,6656,0.000000821
696,6656,0.000000974
697,6656,0.000000961
698,6656,0.000000913
699,6656,0.000001050
700,6656,0.000001092
701,6656,0.000000941
702,6656,0.000001087
703,6656,0.000000898
704,6656,0.000000986
705,6656,0.000000969
706,6656,0.000000795
707,6656,0.000001083
708,6656,0.000001507
709,6656,0.000000968
710,6656,0.000000997
711,6656,0.000000933
712,6656,0.000000944
713,6656,0.000000955
714,6656,0.000001093
715,6656,0.000000997
716,6656,0.000000928
717,6656,0.000000903
718,6656,0.000001052
719,6656,0.000000840
720,6656,0.000000941
721,6656,0.000000957
722,6656,0.000000781
723,6656,0.000000890
724,6656,0.000001002
725,6656,0.000000944
726,6656,0.000001025
727,6656,0.000000796
728,6656,0.000000953
729,6656,0.000001061
730,6656,0.000000935
731,6656,0.000001035
732,6656,0.000001073
733,6656,0.000000847
734,6656,0.000000900
735,6656,0.000000828
736,6656,0.000000915
737,6656,0.000000988
738,6656,0.000001274
739,6656,0.000000970
740,6656,0.000000930
741,6656,0.000000837
742,6656,0.000000996
743,6656,0.000000888
744,6656,0.000000971
745,6656,0.000000983
746,6656,0.000000891
747,6656,0.000000991
748,6656,0.000001028
749,6656,0.000000832
750,6656,0.000001119
751,6656,0.000000798
752,6656,0.000000920
753,6656,0.000000979
754,6656,0.000000924
755,6656,0.000000927
756,6656,0.000001088
757,6656,0.000000846
758,6656,0.000001173
759,6656,0.000000883
760,6656,0.000000853
761,6656,0.000000975
762,6656,0.000000767
763,6656,0.000001003
764,6656,0.000000985
765,6656,0.000000919
766,6656,0.000000929
767,6656,0.000000849
768,6656,0.000000970
769,6656,0.000000915
770,6656,0.000000833
771,6656,0.000001034
772,6656,0.000001200
773,6656,0.000000965
774,6656,0.000000922
775,6656,0.000000805
776,6656,0.000000884
777,6656,0.000000965
778,6656,0.000000903
779,6656,0.000001064
780,6656,0.000001103
781,6656,0.000000881
782,6656,0.000001039
783,6656,0.000000825
784,6656,0.000001033
785,6656,0.000001024
786,6656,0.000000825
787,6656,0.000001004
788,6656,0.000001045
789,6656,0.000000891
790,6656,0.000000915
791,6656,0.000000826
792,6656,0.000001233
793,6656,0.000001038
794,6656,0.000000904
795,6656,0.000000915
796,6656,0.000000926
797,6656,0.000000897
798,6656,0.000001049
799,6656,0.000000854
800,6656,0.000000958
801,6656,0.000000957
802,6656,0.000000783
803,6656,0.000001226
804,6656,0.000000991
805,6656,0.000000940
806,6656,0.000001071
807,6656,0.000000861
808,6656,0.000001007
809,6656,0.000000954
810,6656,0.000000769
811,6656,0.000001056
812,6656,0.000001045
813,6656,0.000000929
814,6656,0.000000953
815,6656,0.000000841
816,6656,0.000000951
817,6656,0.000000947
818,6656,0.000000950
819,6656,0.000000884
820,6656,0.000000932
821,6656,0.000000793
822,6656,0.000001169
823,6656,0.000000985
824,6656,0.000000897
825,6656,0.000001040
826,6656,0.000000817
827,6656,0.000000948
828,6656,0.000001031
829,6656,0.000000875
830,6656,0.000000900
831,6656,0.000000804
832,6656,0.000000895
833,6656,0.000000901
834,6656,0.000000954
835,6656,0.000000953
836,6656,0.000001031
837,6656,0.000000810
838,6656,0.000001210
839,6656,0.000000976
840,6656,0.000000952
841,6656,0.000000993
842,6656,0.000000788
843,6656,0.000001018
844,6656,0.000001081
845,6656,0.000000935
846,6656,0.000001038
847,6656,0.000000922
848,6656,0.000000932
849,6656,0.000000969
850,6656,0.000000814
851,6656,0.000001080
852,6656,0.000001137
853,6656,0.000000864
854,6656,0.000000946
855,6656,0.000000835
856,6656,0.000000927
857,6656,0.000000996
858,6656,0.000000822
859,6656,0.000000874
860,6656,0.000001024
861,6656,0.000000797
862,6656,0.000000923
863,6656,0.000000956
864,6656,0.000000917
865,6656,0.000000949
866,6656,0.000000823
867,6656,0.000000898
868,6656,0.000001610
869,6656,0.000000828
870,6656,0.000000932
871,6656,0.000000768
872,6656,0.000001064
873,6656,0.000000978
874,6656,0.000001000
875,6656,0.000000934
876,6656,0.000000951
877,6656,0.000000887
878,6656,0.000001027
879,6656,0.000000870
880,6656,0.000000918
881,6656,0.000001058
882,6656,0.000000798
883,6656,0.000001017
884,6656,0.000000998
885,6656,0.000000872
886,6656,0.000001050
887,6656,0.000000952
888,6656,0.000000943
889,6656,0.000000876
890,6656,0.000000770
891,6656,0.000001003
892,6656,0.000001083
893,6656,0.000000877
894,6656,0.000000935
895,6656,0.000000818
896,6656,0.000000960
897,6656,0.000001078
898,6656,0.000000842
899,6656,0.000000981
900,6656,0.000000949
901,6656,0.000000869
902,6656,0.000001090
903,6656,0.000000967
904,6656,0.000000939
905,6656,0.000001003
906,6656,0.000000816
907,6656,0.000001109
908,6656,0.000001100
909,6656,0.000001035
910,6656,0.000001044
911,6656,0.000000816
912,6656,0.000000934
913,6656,0.000000942
914,6656,0.000000906
915,6656,0.000001346
916,6656,0.000000969
917,6656,0.000000847
918,6656,0.000001115
919,6656,0.000001259
920,6656,0.000000877
921,6656,0.000001100
922,6656,0.000000812
923,6656,0.000001174
924,6656,0.000001403
925,6656,0.000001004
926,6656,0.000000948
927,6656,0.000000839
928,6656,0.000001044
929,6656,0.000001147
930,6656,0.000000956
931,6656,0.000001297
932,6656,0.000001018
933,6656,0.000001223
934,6656,0.000001124
935,6656,0.000001069
936,6656,0.000001045
937,6656,0.000001097
938,6656,0.000000822
939,6656,0.000001094
940,6656,0.000001371
941,6656,0.000000997
942,6656,0.000001123
943,6656,0.000000844
944,6656,0.000001449
945,6656,0.000001077
946,6656,0.000000920
947,6656,0.000001289
948,6656,0.000001005
949,6656,0.000000893
950,6656,0.000001121
951,6656,0.000000983
952,6656,0.000001036
953,6656,0.000001128
954,6656,0.000000838
955,6656,0.000001192
956,6656,0.000001211
957,6656,0.000001041
958,6656,0.000001068
959,6656,0.000000819
960,6656,0.000001262
961,6656,0.000001206
962,6656,0.000000849
963,6656,0.000001435
964,6656,0.000001058
965,6656,0.000001234
966,6656,0.000001074
967,6656,0.000000858
968,6656,0.000001049
969,6656,0.000001220
970,6656,0.000001160
971,6656,0.000001073
972,6656,0.000001041
973,6656,0.000000872
974,6656,0.000001096
975,6656,0.000000997
976,6656,0.000001070
977,6656,0.000001060
978,6656,0.000000851
979,6656,0.000001211
980,6656,0.000001139
981,6656,0.000001294
982,6656,0.000001075
983,6656,0.000000854
984,6656,0.000001150
985,6656,0.000001071
986,6656,0.000001280
987,6656,0.000001020
988,6656,0.000001314
989,6656,0.000000877
990,6656,0.000001093
991,6656,0.000001029
992,6656,0.000001070
993,6656,0.000001128
994,6656,0.000000822
995,6656,0.000001414
996,6656,0.000001132
997,6656,0.000001017
998,6656,0.000001053
999,6656,0.000000870
0,6912,0.000001461
1,6912,0.000000997
2,6912,0.000001008
3,6912,0.000001157
4,6912,0.000001086
5,6912,0.000001108
6,6912,0.000000874
7,6912,0.000001373
8,6912,0.000000989
9,6912,0.000000956
10,6912,0.000001053
11,6912,0.000001010
12,6912,0.000000843
13,6912,0.000001018
14,6912,0.000001113
15,6912,0.000000852
16,6912,0.000000903
17,6912,0.000001087
18,6912,0.000000982
19,6912,0.000000944
20,6912,0.000001329
21,6912,0.000001085
22,6912,0.000000950
23,6912,0.000000999
24,6912,0.000001164
25,6912,0.000000916
26,6912,0.000000955
27,6912,0.000001213
28,6912,0.000001441
29,6912,0.000001328
30,6912,0.000001254
31,6912,0.000001006
32,6912,0.000001641
33,6912,0.000001205
34,6912,0.000002153
35,6912,0.000001494
36,6912,0.000001171
37,6912,0.000001547
38,6912,0.000001158
39,6912,0.000001405
40,6912,0.000001246
41,6912,0.000001143
42,6912,0.000001394
43,6912,0.000001269
44,6912,0.000015683
45,6912,0.000001431
46,6912,0.000001114
47,6912,0.000000966
48,6912,0.000001143
49,6912,0.000001392
50,6912,0.000001386
51,6912,0.000001672
52,6912,0.000001276
53,6912,0.000001183
54,6912,0.000000980
55,6912,0.000001189
56,6912,0.000001233
57,6912,0.000001005
58,6912,0.000001102
59,6912,0.000001124
60,6912,0.000001255
61,6912,0.000001417
62,6912,0.000001205
63,6912,0.000001039
64,6912,0.000001333
65,6912,0.000001244
66,6912,0.000001313
67,6912,0.000013622
68,6912,0.000001130
69,6912,0.000001121
70,6912,0.000001170
71,6912,0.000001566
72,6912,0.000001479
73,6912,0.000001149
74,6912,0.000001707
75,6912,0.000001244
76,6912,0.000001189
77,6912,0.000001761
78,6912,0.000001244
79,6912,0.000001088
80,6912,0.000001193
81,6912,0.000001604
82,6912,0.000001219
83,6912,0.000001039
84,6912,0.000001552
85,6912,0.000001626
86,6912,0.000001212
87,6912,0.000001225
88,6912,0.000001247
89,6912,0.000001089
90,6912,0.000001229
91,6912,0.000001657
92,6912,0.000001034
93,6912,0.000001298
94,6912,0.000001197
95,6912,0.000001039
96,6912,0.000001154
97,6912,0.000001186
98,6912,0.000001204
99,6912,0.000001237
100,6912,0.000001254
101,6912,0.000001216
102,6912,0.000001053
103,6912,0.000001282
104,6912,0.000001232
105,6912,0.000001094
106,6912,0.000001251
107,6912,0.000001219
108,6912,0.000001072
109,6912,0.000001405
110,6912,0.000001300
111,6912,0.000001099
112,6912,0.000001126
113,6912,0.000001371
114,6912,0.000001223
115,6912,0.000001050
116,6912,0.000001194
117,6912,0.000001188
118,6912,0.000001067
119,6912,0.000001135
120,6912,0.000001254
121,6912,0.000001381
122,6912,0.000001205
123,6912,0.000001157
124,6912,0.000001076
125,6912,0.000001234
126,6912,0.000001217
127,6912,0.000001022
128,6912,0.000001166
129,6912,0.000001519
130,6912,0.000001266
131,6912,0.000001096
132,6912,0.000001214
133,6912,0.000001222
134,6912,0.000001415
135,6912,0.000001207
136,6912,0.000001235
137,6912,0.000001059
138,6912,0.000001097
139,6912,0.000001254
140,6912,0.000001168
141,6912,0.000001223
142,6912,0.000001141
143,6912,0.000001396
144,6912,0.000001236
145,6912,0.000001157
146,6912,0.000001264
147,6912,0.000001200
148,6912,0.000001265
149,6912,0.000001347
150,6912,0.000001150
151,6912,0.000001197
152,6912,0.000001385
153,6912,0.000001144
154,6912,0.000001224
155,6912,0.000001249
156,6912,0.000001390
157,6912,0.000001832
158,6912,0.000000991
159,6912,0.000000999
160,6912,0.000000944
161,6912,0.000001018
162,6912,0.000001107
163,6912,0.000000838
164,6912,0.000000944
165,6912,0.000001004
166,6912,0.000000977
167,6912,0.000001006
168,6912,0.000000960
169,6912,0.000000845
170,6912,0.000000972
171,6912,0.000001073
172,6912,0.000000935
173,6912,0.000000928
174,6912,0.000000921
175,6912,0.000000806
176,6912,0.000000933
177,6912,0.000000947
178,6912,0.000001003
179,6912,0.000000936
180,6912,0.000000983
181,6912,0.000000878
182,6912,0.000000819
183,6912,0.000000981
184,6912,0.000000954
185,6912,0.000001095
186,6912,0.000001075
187,6912,0.000001419
188,6912,0.000000894
189,6912,0.000001020
190,6912,0.000001040
191,6912,0.000000999
192,6912,0.000001060
193,6912,0.000001013
194,6912,0.000001008
195,6912,0.000000878
196,6912,0.000000875
197,6912,0.000000876
198,6912,0.000000947
199,6912,0.000000878
200,6912,0.000000980
201,6912,0.000000818
202,6912,0.000001053
203,6912,0.000001119
204,6912,0.000000831
205,6912,0.000001030
206,6912,0.000000916
207,6912,0.000000792
208,6912,0.000000990
209,6912,0.000001028
210,6912,0.000001022
211,6912,0.000000952
212,6912,0.000000956
213,6912,0.000001076
214,6912,0.000000875
215,6912,0.000001057
216,6912,0.000001016
217,6912,0.000000923
218,6912,0.000000932
219,6912,0.000000990
220,6912,0.000000776
221,6912,0.000001160
222,6912,0.000001399
223,6912,0.000000765
224,6912,0.000000968
225,6912,0.000001042
226,6912,0.000001369
227,6912,0.000000872
228,6912,0.000000994
229,6912,0.000001028
230,6912,0.000000818
231,6912,0.000000972
232,6912,0.000001090
233,6912,0.000000988
234,6912,0.000000997
235,6912,0.000000935
236,6912,0.000000861
237,6912,0.000001029
238,6912,0.000000999
239,6912,0.000000888
240,6912,0.000012590
241,6912,0.000001034
242,6912,0.000001312
243,6912,0.000000860
244,6912,0.000001048
245,6912,0.000001183
246,6912,0.000000969
247,6912,0.000000993
248,6912,0.000001048
249,6912,0.000000905
250,6912,0.000000993
251,6912,0.000001048
252,6912,0.000000959
253,6912,0.000000902
254,6912,0.000000887
255,6912,0.000000910
256,6912,0.000000986
257,6912,0.000000976
258,6912,0.000000980
259,6912,0.000000931
260,6912,0.000000865
261,6912,0.000001013
262,6912,0.000000853
263,6912,0.000000927
264,6912,0.000001034
265,6912,0.000000837
266,6912,0.000000955
267,6912,0.000000953
268,6912,0.000000846
269,6912,0.000001316
270,6912,0.000000990
271,6912,0.000000966
272,6912,0.000000930
273,6912,0.000000915
274,6912,0.000001211
275,6912,0.000000912
276,6912,0.000001041
277,6912,0.000000980
278,6912,0.000001305
279,6912,0.000001027
280,6912,0.000000915
281,6912,0.000000783
282,6912,0.000001196
283,6912,0.000000973
284,6912,0.000000972
285,6912,0.000000903
286,6912,0.000001048
287,6912,0.000000836
288,6912,0.000000968
289,6912,0.000000965
290,6912,0.000000988
291,6912,0.000000933
292,6912,0.000000878
293,6912,0.000000965
294,6912,0.000000844
295,6912,0.000000919
296,6912,0.000001041
297,6912,0.000000775
298,6912,0.000001018
299,6912,0.000001055
300,6912,0.000000931
301,6912,0.000001052
302,6912,0.000001247
303,6912,0.000000912
304,6912,0.000000950
305,6912,0.000001110
306,6912,0.000000928
307,6912,0.000000844
308,6912,0.000000927
309,6912,0.000001011
310,6912,0.000000952
311,6912,0.000001015
312,6912,0.000001034
313,6912,0.000001222
314,6912,0.000000952
315,6912,0.000001009
316,6912,0.000000883
317,6912,0.000001033
318,6912,0.000000963
319,6912,0.000000785
320,6912,0.000001022
321,6912,0.000000991
322,6912,0.000000984
323,6912,0.000000829
324,6912,0.000000880
325,6912,0.000000927
326,6912,0.000000969
327,6912,0.000001035
328,6912,0.000001116
329,6912,0.000000953
330,6912,0.000001041
331,6912,0.000001027
332,6912,0.000000841
333,6912,0.000000951
334,6912,0.000001028
335,6912,0.000000777
336,6912,0.000000965
337,6912,0.000001108
338,6912,0.000000913
339,6912,0.000000852
340,6912,0.000001115
341,6912,0.000001137
342,6912,0.000000825
343,6912,0.000000976
344,6912,0.000000954
345,6912,0.000000855
346,6912,0.000000892
347,6912,0.000000974
348,6912,0.000000922
349,6912,0.000001012
350,6912,0.000000912
351,6912,0.000000815
352,6912,0.000000975
353,6912,0.000001127
354,6912,0.000001059
355,6912,0.000000877
356,6912,0.000000910
357,6912,0.000001051
358,6912,0.000000868
359,6912,0.000001034
360,6912,0.000000993
361,6912,0.000000874
362,6912,0.000001020
363,6912,0.000001003
364,6912,0.000000988
365,6912,0.000001028
366,6912,0.000001173
367,6912,0.000000855
368,6912,0.000000934
369,6912,0.000000900
370,6912,0.000001044
371,6912,0.000000796
372,6912,0.000001012
373,6912,0.000000996
374,6912,0.000000784
375,6912,0.000000884
376,6912,0.000001269
377,6912,0.000000850
378,6912,0.000001415
379,6912,0.000001010
380,6912,0.000000867
381,6912,0.000000915
382,6912,0.000000995
383,6912,0.000000828
384,6912,0.000001179
385,6912,0.000000954
386,6912,0.000001029
387,6912,0.000000876
388,6912,0.000000894
389,6912,0.000001019
390,6912,0.000000843
391,6912,0.000001003
392,6912,0.000000960
393,6912,0.000000954
394,6912,0.000000952
395,6912,0.000001002
396,6912,0.000000859
397,6912,0.000000943
398,6912,0.000001124
399,6912,0.000000851
400,6912,0.000000977
401,6912,0.000001028
402,6912,0.000001062
403,6912,0.000000939
404,6912,0.000000921
405,6912,0.000000971
406,6912,0.000000828
407,6912,0.000000946
408,6912,0.000000949
409,6912,0.000000839
410,6912,0.000001049
411,6912,0.000001023
412,6912,0.000000954
413,6912,0.000001014
414,6912,0.000001024
415,6912,0.000000779
416,6912,0.000001048
417,6912,0.000000984
418,6912,0.000001068
419,6912,0.000001168
420,6912,0.000000892
421,6912,0.000001026
422,6912,0.000000877
423,6912,0.000001021
424,6912,0.000001010
425,6912,0.000000890
426,6912,0.000000954
427,6912,0.000001324
428,6912,0.000000847
429,6912,0.000001017
430,6912,0.000001019
431,6912,0.000000934
432,6912,0.000001108
433,6912,0.000000968
434,6912,0.000000920
435,6912,0.000000953
436,6912,0.000001011
437,6912,0.000000991
438,6912,0.000001180
439,6912,0.000000986
440,6912,0.000000885
441,6912,0.000000932
442,6912,0.000001068
443,6912,0.000001093
444,6912,0.000000850
445,6912,0.000000915
446,6912,0.000001034
447,6912,0.000000824
448,6912,0.000000978
449,6912,0.000001013
450,6912,0.000000953
451,6912,0.000000887
452,6912,0.000001248
453,6912,0.000001060
454,6912,0.000000880
455,6912,0.000000971
456,6912,0.000000933
457,6912,0.000000891
458,6912,0.000000984
459,6912,0.000000877
460,6912,0.000000862
461,6912,0.000000948
462,6912,0.000000989
463,6912,0.000000950
464,6912,0.000001106
465,6912,0.000000901
466,6912,0.000000947
467,6912,0.000000836
468,6912,0.000000960
469,6912,0.000000975
470,6912,0.000001046
471,6912,0.000001058
472,6912,0.000001038
473,6912,0.000000794
474,6912,0.000000911
475,6912,0.000000960
476,6912,0.000000806
477,6912,0.000000945
478,6912,0.000000982
479,6912,0.000001065
480,6912,0.000000958
481,6912,0.000000955
482,6912,0.000001128
483,6912,0.000000934
484,6912,0.000001039
485,6912,0.000000960
486,6912,0.000000901
487,6912,0.000001140
488,6912,0.000001061
489,6912,0.000001298
490,6912,0.000000974
491,6912,0.000000899
492,6912,0.000000840
493,6912,0.000001000
494,6912,0.000001072
495,6912,0.000000895
496,6912,0.000000834
497,6912,0.000000928
498,6912,0.000001030
499,6912,0.000000924
500,6912,0.000000948
501,6912,0.000001002
502,6912,0.000000891
503,6912,0.000000963
504,6912,0.000000883
505,6912,0.000000851
506,6912,0.000000947
507,6912,0.000001058
508,6912,0.000000926
509,6912,0.000001114
510,6912,0.000000888
511,6912,0.000000819
512,6912,0.000000995
513,6912,0.000000998
514,6912,0.000001009
515,6912,0.000000937
516,6912,0.000000926
517,6912,0.000001079
518,6912,0.000000887
519,6912,0.000001071
520,6912,0.000001033
521,6912,0.000000911
522,6912,0.000001048
523,6912,0.000001099
524,6912,0.000000916
525,6912,0.000001077
526,6912,0.000001001
527,6912,0.000001235
528,6912,0.000001109
529,6912,0.000000944
530,6912,0.000001071
531,6912,0.000000924
532,6912,0.000000965
533,6912,0.000001012
534,6912,0.000000864
535,6912,0.000000890
536,6912,0.000000928
537,6912,0.000000907
538,6912,0.000000865
539,6912,0.000000960
540,6912,0.000000828
541,6912,0.000000904
542,6912,0.000001017
543,6912,0.000000845
544,6912,0.000000865
545,6912,0.000000970
546,6912,0.000001310
547,6912,0.000000892
548,6912,0.000001049
549,6912,0.000000945
550,6912,0.000000958
551,6912,0.000000983
552,6912,0.000000930
553,6912,0.000000837
554,6912,0.000001132
555,6912,0.000000949
556,6912,0.000000847
557,6912,0.000001099
558,6912,0.000000991
559,6912,0.000000831
560,6912,0.000000884
561,6912,0.000000950
562,6912,0.000000989
563,6912,0.000000961
564,6912,0.000000928
565,6912,0.000000982
566,6912,0.000000922
567,6912,0.000000974
568,6912,0.000001119
569,6912,0.000000858
570,6912,0.000001144
571,6912,0.000001038
572,6912,0.000000844
573,6912,0.000000931
574,6912,0.000000956
575,6912,0.000000869
576,6912,0.000001017
577,6912,0.000000959
578,6912,0.000001022
579,6912,0.000001232
580,6912,0.000000952
581,6912,0.000001062
582,6912,0.000000868
583,6912,0.000001027
584,6912,0.000000971
585,6912,0.000000862
586,6912,0.000000942
587,6912,0.000001072
588,6912,0.000000897
589,6912,0.000001169
590,6912,0.000001043
591,6912,0.000001087
592,6912,0.000000978
593,6912,0.000001151
594,6912,0.000001046
595,6912,0.000000917
596,6912,0.000001495
597,6912,0.000000938
598,6912,0.000000872
599,6912,0.000001073
600,6912,0.000001128
601,6912,0.000000906
602,6912,0.000000941
603,6912,0.000001046
604,6912,0.000000787
605,6912,0.000001450
606,6912,0.000001144
607,6912,0.000001001
608,6912,0.000000924
609,6912,0.000000944
610,6912,0.000000970
611,6912,0.000000864
612,6912,0.000000941
613,6912,0.000001052
614,6912,0.000000917
615,6912,0.000000956
616,6912,0.000001084
617,6912,0.000000879
618,6912,0.000001084
619,6912,0.000001051
620,6912,0.000000937
621,6912,0.000001220
622,6912,0.000000966
623,6912,0.000000816
624,6912,0.000001121
625,6912,0.000000960
626,6912,0.000001065
627,6912,0.000000884
628,6912,0.000001254
629,6912,0.000001077
630,6912,0.000000950
631,6912,0.000000953
632,6912,0.000000985
633,6912,0.000000978
634,6912,0.000001049
635,6912,0.000001420
636,6912,0.000000846
637,6912,0.000001035
638,6912,0.000001080
639,6912,0.000000828
640,6912,0.000000983
641,6912,0.000001019
642,6912,0.000001071
643,6912,0.000000906
644,6912,0.000001068
645,6912,0.000001037
646,6912,0.000000945
647,6912,0.000001144
648,6912,0.000000949
649,6912,0.000001007
650,6912,0.000001198
651,6912,0.000001419
652,6912,0.000000850
653,6912,0.000000932
654,6912,0.000001015
655,6912,0.000000840
656,6912,0.000000895
657,6912,0.000000968
658,6912,0.000001092
659,6912,0.000000902
660,6912,0.000001026
661,6912,0.000001016
662,6912,0.000000874
663,6912,0.000000980
664,6912,0.000001051
665,6912,0.000000849
666,6912,0.000001098
667,6912,0.000000805
668,6912,0.000000736
669,6912,0.000000996
670,6912,0.000001091
671,6912,0.000000884
672,6912,0.000000924
673,6912,0.000000928
674,6912,0.000001050
675,6912,0.000000920
676,6912,0.000000987
677,6912,0.000001026
678,6912,0.000000922
679,6912,0.000001003
680,6912,0.000001085
681,6912,0.000000863
682,6912,0.000001048
683,6912,0.000001124
684,6912,0.000000897
685,6912,0.000001010
686,6912,0.000000957
687,6912,0.000000835
688,6912,0.000000937
689,6912,0.000000950
690,6912,0.000001006
691,6912,0.000000867
692,6912,0.000000979
693,6912,0.000000992
694,6912,0.000000920
695,6912,0.000001033
696,6912,0.000000964
697,6912,0.000000943
698,6912,0.000001000
699,6912,0.000001011
700,6912,0.000000785
701,6912,0.000001015
702,6912,0.000001069
703,6912,0.000000930
704,6912,0.000001039
705,6912,0.000001000
706,6912,0.000001012
707,6912,0.000000922
708,6912,0.000001035
709,6912,0.000000998
710,6912,0.000000910
711,6912,0.000001074
712,6912,0.000001048
713,6912,0.000000861
714,6912,0.000000995
715,6912,0.000001043
716,6912,0.000000846
717,6912,0.000001062
718,6912,0.000000941
719,6912,0.000000840
720,6912,0.000001008
721,6912,0.000000877
722,6912,0.000000974
723,6912,0.000000864
724,6912,0.000001066
725,6912,0.000001041
726,6912,0.000000887
727,6912,0.000000880
728,6912,0.000000950
729,6912,0.000000883
730,6912,0.000000973
731,6912,0.000000910
732,6912,0.000000845
733,6912,0.000000995
734,6912,0.000000960
735,6912,0.000000821
736,6912,0.000000947
737,6912,0.000000956
738,6912,0.000000987
739,6912,0.000000933
740,6912,0.000001017
741,6912,0.000001000
742,6912,0.000000963
743,6912,0.000000920
744,6912,0.000001073
745,6912,0.000000852
746,6912,0.000001015
747,6912,0.000000964
748,6912,0.000000899
749,6912,0.000000885
750,6912,0.000000970
751,6912,0.000000868
752,6912,0.000000939
753,6912,0.000001003
754,6912,0.000001010
755,6912,0.000000819
756,6912,0.000000978
757,6912,0.000001043
758,6912,0.000000852
759,6912,0.000000964
760,6912,0.000001088
761,6912,0.000000994
762,6912,0.000001003
763,6912,0.000000963
764,6912,0.000000869
765,6912,0.000000935
766,6912,0.000000973
767,6912,0.000000954
768,6912,0.000000870
769,6912,0.000000991
770,6912,0.000000994
771,6912,0.000000841
772,6912,0.000001010
773,6912,0.000001034
774,6912,0.000000933
775,6912,0.000000881
776,6912,0.000001096
777,6912,0.000000789
778,6912,0.000000921
779,6912,0.000000957
780,6912,0.000000829
781,6912,0.000001046
782,6912,0.000001005
783,6912,0.000001047
784,6912,0.000000920
785,6912,0.000000956
786,6912,0.000001001
787,6912,0.000000786
788,6912,0.000000996
789,6912,0.000000968
790,6912,0.000000897
791,6912,0.000001004
792,6912,0.000000985
793,6912,0.000000834
794,6912,0.000000971
795,6912,0.000001049
796,6912,0.000000823
797,6912,0.000001075
798,6912,0.000000951
799,6912,0.000000817
800,6912,0.000000864
801,6912,0.000000953
802,6912,0.000000899
803,6912,0.000000815
804,6912,0.000000885
805,6912,0.000001257
806,6912,0.000000910
807,6912,0.000001022
808,6912,0.000001028
809,6912,0.000000863
810,6912,0.000000922
811,6912,0.000000934
812,6912,0.000000792
813,6912,0.000001238
814,6912,0.000001147
815,6912,0.000000915
816,6912,0.000000942
817,6912,0.000000927
818,6912,0.000001018
819,6912,0.000000976
820,6912,0.000001030
821,6912,0.000000934
822,6912,0.000000876
823,6912,0.000000976
824,6912,0.000001024
825,6912,0.000000919
826,6912,0.000001198
827,6912,0.000000929
828,6912,0.000001260
829,6912,0.000001056
830,6912,0.000001058
831,6912,0.000000888
832,6912,0.000000899
833,6912,0.000001065
834,6912,0.000000958
835,6912,0.000000843
836,6912,0.000000924
837,6912,0.000001044
838,6912,0.000000895
839,6912,0.000000944
840,6912,0.000001087
841,6912,0.000000812
842,6912,0.000000975
843,6912,0.000001114
844,6912,0.000000882
845,6912,0.000000968
846,6912,0.000000935
847,6912,0.000000797
848,6912,0.000000941
849,6912,0.000001008
850,6912,0.000000977
851,6912,0.000000836
852,6912,0.000001006
853,6912,0.000001051
854,6912,0.000000845
855,6912,0.000001084
856,6912,0.000000912
857,6912,0.000000855
858,6912,0.000001058
859,6912,0.000001024
860,6912,0.000000880
861,6912,0.000000938
862,6912,0.000001059
863,6912,0.000000823
864,6912,0.000000948
865,6912,0.000000996
866,6912,0.000001092
867,6912,0.000001221
868,6912,0.000000891
869,6912,0.000001078
870,6912,0.000000879
871,6912,0.000001275
872,6912,0.000001054
873,6912,0.000000931
874,6912,0.000000960
875,6912,0.000001280
876,6912,0.000000776
877,6912,0.000000982
878,6912,0.000000951
879,6912,0.000000950
880,6912,0.000000894
881,6912,0.000000958
882,6912,0.000000967
883,6912,0.000000847
884,6912,0.000000914
885,6912,0.000001055
886,6912,0.000000851
887,6912,0.000000979
888,6912,0.000001369
889,6912,0.000000826
890,6912,0.000001462
891,6912,0.000001076
892,6912,0.000000971
893,6912,0.000001060
894,6912,0.000001050
895,6912,0.000000882
896,6912,0.000000927
897,6912,0.000001439
898,6912,0.000001097
899,6912,0.000001037
900,6912,0.000001032
901,6912,0.000001037
902,6912,0.000000889
903,6912,0.000001081
904,6912,0.000001054
905,6912,0.000000899
906,6912,0.000001047
907,6912,0.000001152
908,6912,0.000000838
909,6912,0.000000910
910,6912,0.000000936
911,6912,0.000000963
912,6912,0.000001227
913,6912,0.000001082
914,6912,0.000001002
915,6912,0.000000966
916,6912,0.000001159
917,6912,0.000001156
918,6912,0.000001010
919,6912,0.000001065
920,6912,0.000001056
921,6912,0.000000859
922,6912,0.000001125
923,6912,0.000001205
924,6912,0.000000961
925,6912,0.000001055
926,6912,0.000001143
927,6912,0.000001005
928,6912,0.000001067
929,6912,0.000001121
930,6912,0.000001097
931,6912,0.000000973
932,6912,0.000001330
933,6912,0.000001492
934,6912,0.000001038
935,6912,0.000001184
936,6912,0.000001029
937,6912,0.000000874
938,6912,0.000001087
939,6912,0.000001153
940,6912,0.000000898
941,6912,0.000001044
942,6912,0.000001047
943,6912,0.000000767
944,6912,0.000001037
945,6912,0.000001058
946,6912,0.000001082
947,6912,0.000001074
948,6912,0.000001091
949,6912,0.000001097
950,6912,0.000000934
951,6912,0.000000992
952,6912,0.000001149
953,6912,0.000000995
954,6912,0.000001073
955,6912,0.000001341
956,6912,0.000000800
957,6912,0.000001005
958,6912,0.000001130
959,6912,0.000000902
960,6912,0.000001049
961,6912,0.000000991
962,6912,0.000001116
963,6912,0.000001055
964,6912,0.000001216
965,6912,0.000001126
966,6912,0.000000898
967,6912,0.000001111
968,6912,0.000001176
969,6912,0.000001150
970,6912,0.000001081
971,6912,0.000001093
972,6912,0.000000854
973,6912,0.000001487
974,6912,0.000001197
975,6912,0.000001136
976,6912,0.000001074
977,6912,0.000001220
978,6912,0.000001040
979,6912,0.000000873
980,6912,0.000001104
981,6912,0.000001211
982,6912,0.000001037
983,6912,0.000001320
984,6912,0.000001132
985,6912,0.000000896
986,6912,0.000001076
987,6912,0.000001095
988,6912,0.000001134
989,6912,0.000001107
990,6912,0.000001038
991,6912,0.000000833
992,6912,0.000001026
993,6912,0.000000971
994,6912,0.000001203
995,6912,0.000001006
996,6912,0.000001061
997,6912,0.000001085
998,6912,0.000000940
999,6912,0.000001117
0,7168,0.000002398
1,7168,0.000001565
2,7168,0.000001395
3,7168,0.000001372
4,7168,0.000001521
5,7168,0.000002243
6,7168,0.000001300
7,7168,0.000001118
8,7168,0.000001822
9,7168,0.000001189
10,7168,0.000001226
11,7168,0.000000929
12,7168,0.000001214
13,7168,0.000001232
14,7168,0.000001338
15,7168,0.000001167
16,7168,0.000001184
17,7168,0.000001190
18,7168,0.000001451
19,7168,0.000000945
20,7168,0.000001111
21,7168,0.000001381
22,7168,0.000001291
23,7168,0.000001235
24,7168,0.000001364
25,7168,0.000001174
26,7168,0.000001494
27,7168,0.000000959
28,7168,0.000001219
29,7168,0.000001371
30,7168,0.000001797
31,7168,0.000001411
32,7168,0.000001378
33,7168,0.000001260
34,7168,0.000001546
35,7168,0.000001080
36,7168,0.000001280
37,7168,0.000001180
38,7168,0.000001241
39,7168,0.000001240
40,7168,0.000001381
41,7168,0.000001536
42,7168,0.000001442
43,7168,0.000001199
44,7168,0.000001241
45,7168,0.000001201
46,7168,0.000001661
47,7168,0.000001050
48,7168,0.000001164
49,7168,0.000001244
50,7168,0.000001296
51,7168,0.000001020
52,7168,0.000001319
53,7168,0.000001335
54,7168,0.000001315
55,7168,0.000001186
56,7168,0.000001196
57,7168,0.000001666
58,7168,0.000001398
59,7168,0.000001132
60,7168,0.000001243
61,7168,0.000001335
62,7168,0.000001173
63,7168,0.000000990
64,7168,0.000001204
65,7168,0.000001146
66,7168,0.000001207
67,7168,0.000001022
68,7168,0.000001279
69,7168,0.000001505
70,7168,0.000001224
71,7168,0.000001172
72,7168,0.000001260
73,7168,0.000001261
74,7168,0.000001298
75,7168,0.000001174
76,7168,0.000001869
77,7168,0.000001301
78,7168,0.000001300
79,7168,0.000001017
80,7168,0.000001095
81,7168,0.000001931
82,7168,0.000001341
83,7168,0.000001046
84,7168,0.000001190
85,7168,0.000001339
86,7168,0.000001289
87,7168,0.000001152
88,7168,0.000001468
89,7168,0.000001254
90,7168,0.000001276
91,7168,0.000001071
92,7168,0.000001184
93,7168,0.000001278
94,7168,0.000001199
95,7168,0.000001088
96,7168,0.000001293
97,7168,0.000001407
98,7168,0.000001598
99,7168,0.000001239
100,7168,0.000001313
101,7168,0.000001440
102,7168,0.000001242
103,7168,0.000001062
104,7168,0.000001287
105,7168,0.000001569
106,7168,0.000001213
107,7168,0.000001266
108,7168,0.000001169
109,7168,0.000001220
110,7168,0.000001192
111,7168,0.000001134
112,7168,0.000001350
113,7168,0.000001596
114,7168,0.000001687
115,7168,0.000001205
116,7168,0.000001398
117,7168,0.000001264
118,7168,0.000001204
119,7168,0.000001014
120,7168,0.000001173
121,7168,0.000001166
122,7168,0.000001150
123,7168,0.000001288
124,7168,0.000001281
125,7168,0.000001365
126,7168,0.000001286
127,7168,0.000001136
128,7168,0.000001162
129,7168,0.000001308
130,7168,0.000001304
131,7168,0.000001076
132,7168,0.000001210
133,7168,0.000001161
134,7168,0.000001277
135,7168,0.000001169
136,7168,0.000001196
137,7168,0.000001204
138,7168,0.000001264
139,7168,0.000001035
140,7168,0.000001181
141,7168,0.000001358
142,7168,0.000001450
143,7168,0.000001042
144,7168,0.000001400
145,7168,0.000001382
146,7168,0.000001253
147,7168,0.000001154
148,7168,0.000001201
149,7168,0.000001245
150,7168,0.000001229
151,7168,0.000001073
152,7168,0.000001242
153,7168,0.000001247
154,7168,0.000001282
155,7168,0.000001186
156,7168,0.000001175
157,7168,0.000001206
158,7168,0.000001232
159,7168,0.000001448
160,7168,0.000001249
161,7168,0.000001282
162,7168,0.000001258
163,7168,0.000001068
164,7168,0.000001310
165,7168,0.000001233
166,7168,0.000001306
167,7168,0.000001108
168,7168,0.000001134
169,7168,0.000001224
170,7168,0.000001279
171,7168,0.000001497
172,7168,0.000001206
173,7168,0.000001213
174,7168,0.000001211
175,7168,0.000001103
176,7168,0.000001111
177,7168,0.000001189
178,7168,0.000001423
179,7168,0.000001178
180,7168,0.000001274
181,7168,0.000001332
182,7168,0.000001416
183,7168,0.000001116
184,7168,0.000001191
185,7168,0.000001255
186,7168,0.000001268
187,7168,0.000001111
188,7168,0.000001260
189,7168,0.000001273
190,7168,0.000001038
191,7168,0.000001193
192,7168,0.000001043
193,7168,0.000001285
194,7168,0.000001588
195,7168,0.000001025
196,7168,0.000001285
197,7168,0.000001309
198,7168,0.000001407
199,7168,0.000001164
200,7168,0.000001518
201,7168,0.000001298
202,7168,0.000001278
203,7168,0.000001496
204,7168,0.000001648
205,7168,0.000001381
206,7168,0.000001350
207,7168,0.000001268
208,7168,0.000001273
209,7168,0.000001307
210,7168,0.000001289
211,7168,0.000001103
212,7168,0.000001264
213,7168,0.000001361
214,7168,0.000001682
215,7168,0.000001049
216,7168,0.000001181
217,7168,0.000001474
218,7168,0.000001393
219,7168,0.000001136
220,7168,0.000001403
221,7168,0.000001485
222,7168,0.000001246
223,7168,0.000001260
224,7168,0.000001728
225,7168,0.000001420
226,7168,0.000001292
227,7168,0.000001300
228,7168,0.000001299
229,7168,0.000001287
230,7168,0.000001450
231,7168,0.000001300
232,7168,0.000001354
233,7168,0.000001360
234,7168,0.000001271
235,7168,0.000001207
236,7168,0.000001267
237,7168,0.000001333
238,7168,0.000001318
239,7168,0.000001117
240,7168,0.000001429
241,7168,0.000001228
242,7168,0.000001255
243,7168,0.000001117
244,7168,0.000001240
245,7168,0.000001255
246,7168,0.000001402
247,7168,0.000001053
248,7168,0.000001200
249,7168,0.000001371
250,7168,0.000001473
251,7168,0.000001088
252,7168,0.000001529
253,7168,0.000001297
254,7168,0.000001399
255,7168,0.000001315
256,7168,0.000001652
257,7168,0.000001304
258,7168,0.000001198
259,7168,0.000001229
260,7168,0.000001180
261,7168,0.000001281
262,7168,0.000001734
263,7168,0.000001115
264,7168,0.000001180
265,7168,0.000001414
266,7168,0.000001313
267,7168,0.000001109
268,7168,0.000001201
269,7168,0.000001799
270,7168,0.000001276
271,7168,0.000001093
272,7168,0.000001238
273,7168,0.000001275
274,7168,0.000001758
275,7168,0.000001391
276,7168,0.000001604
277,7168,0.000001454
278,7168,0.000001231
279,7168,0.000001125
280,7168,0.000001195
281,7168,0.000001357
282,7168,0.000001237
283,7168,0.000001196
284,7168,0.000001161
285,7168,0.000001209
286,7168,0.000001278
287,7168,0.000001296
288,7168,0.000001235
289,7168,0.000001335
290,7168,0.000001408
291,7168,0.000001213
292,7168,0.000001300
293,7168,0.000001346
294,7168,0.000001247
295,7168,0.000001173
296,7168,0.000001239
297,7168,0.000001376
298,7168,0.000001450
299,7168,0.000001195
300,7168,0.000001178
301,7168,0.000001287
302,7168,0.000001291
303,7168,0.000001148
304,7168,0.000001304
305,7168,0.000001312
306,7168,0.000001447
307,7168,0.000001134
308,7168,0.000001288
309,7168,0.000001302
310,7168,0.000001295
311,7168,0.000001014
312,7168,0.000001347
313,7168,0.000001335
314,7168,0.000001330
315,7168,0.000001313
316,7168,0.000001345
317,7168,0.000001286
318,7168,0.000001357
319,7168,0.000001119
320,7168,0.000001273
321,7168,0.000001327
322,7168,0.000001616
323,7168,0.000001158
324,7168,0.000001314
325,7168,0.000001229
326,7168,0.000001361
327,7168,0.000001103
328,7168,0.000001319
329,7168,0.000001499
330,7168,0.000001254
331,7168,0.000001169
332,7168,0.000001273
333,7168,0.000001234
334,7168,0.000001058
335,7168,0.000001085
336,7168,0.000001130
337,7168,0.000001758
338,7168,0.000001227
339,7168,0.000001232
340,7168,0.000001213
341,7168,0.000001335
342,7168,0.000001296
343,7168,0.000001354
344,7168,0.000001260
345,7168,0.000001311
346,7168,0.000001512
347,7168,0.000001164
348,7168,0.000001281
349,7168,0.000001354
350,7168,0.000001249
351,7168,0.000001125
352,7168,0.000001387
353,7168,0.000001307
354,7168,0.000001342
355,7168,0.000001263
356,7168,0.000001438
357,7168,0.000001293
358,7168,0.000001323
359,7168,0.000001118
360,7168,0.000001366
361,7168,0.000001184
362,7168,0.000001595
363,7168,0.000001523
364,7168,0.000001368
365,7168,0.000001404
366,7168,0.000001248
367,7168,0.000001002
368,7168,0.000001474
369,7168,0.000001535
370,7168,0.000001225
371,7168,0.000001144
372,7168,0.000001329
373,7168,0.000001381
374,7168,0.000001145
375,7168,0.000001116
376,7168,0.000001234
377,7168,0.000001207
378,7168,0.000001235
379,7168,0.000001185
380,7168,0.000001202
381,7168,0.000001370
382,7168,0.000001530
383,7168,0.000000919
384,7168,0.000001404
385,7168,0.000001241
386,7168,0.000001462
387,7168,0.000001392
388,7168,0.000001205
389,7168,0.000001488
390,7168,0.000001136
391,7168,0.000001061
392,7168,0.000001232
393,7168,0.000001249
394,7168,0.000001454
395,7168,0.000001132
396,7168,0.000001333
397,7168,0.000001252
398,7168,0.000001411
399,7168,0.000001312
400,7168,0.000001181
401,7168,0.000001383
402,7168,0.000001316
403,7168,0.000001049
404,7168,0.000001282
405,7168,0.000001731
406,7168,0.000001563
407,7168,0.000000989
408,7168,0.000001461
409,7168,0.000001220
410,7168,0.000001118
411,7168,0.000001132
412,7168,0.000001139
413,7168,0.000001300
414,7168,0.000001123
415,7168,0.000000960
416,7168,0.000001242
417,7168,0.000001639
418,7168,0.000001256
419,7168,0.000001106
420,7168,0.000001460
421,7168,0.000001445
422,7168,0.000001134
423,7168,0.000001049
424,7168,0.000001260
425,7168,0.000001249
426,7168,0.000001159
427,7168,0.000001130
428,7168,0.000001701
429,7168,0.000001320
430,7168,0.000001517
431,7168,0.000001062
432,7168,0.000001219
433,7168,0.000001870
434,7168,0.000001187
435,7168,0.000001019
436,7168,0.000001609
437,7168,0.000001478
438,7168,0.000001358
439,7168,0.000001264
440,7168,0.000001332
441,7168,0.000001362
442,7168,0.000001458
443,7168,0.000001047
444,7168,0.000001068
445,7168,0.000001312
446,7168,0.000001324
447,7168,0.000000969
448,7168,0.000001527
449,7168,0.000001495
450,7168,0.000001198
451,7168,0.000001201
452,7168,0.000001333
453,7168,0.000001143
454,7168,0.000001360
455,7168,0.000001077
456,7168,0.000001197
457,7168,0.000001224
458,7168,0.000001464
459,7168,0.000001084
460,7168,0.000001270
461,7168,0.000001351
462,7168,0.000001333
463,7168,0.000001135
464,7168,0.000001473
465,7168,0.000001345
466,7168,0.000001477
467,7168,0.000001126
468,7168,0.000001176
469,7168,0.000001411
470,7168,0.000001233
471,7168,0.000001085
472,7168,0.000001212
473,7168,0.000001553
474,7168,0.000001282
475,7168,0.000001166
476,7168,0.000001214
477,7168,0.000001200
478,7168,0.000001196
479,7168,0.000001130
480,7168,0.000001255
481,7168,0.000001230
482,7168,0.000001298
483,7168,0.000001133
484,7168,0.000001144
485,7168,0.000001203
486,7168,0.000001138
487,7168,0.000001395
488,7168,0.000001159
489,7168,0.000001206
490,7168,0.000001334
491,7168,0.000001162
492,7168,0.000001169
493,7168,0.000001472
494,7168,0.000001258
495,7168,0.000001035
496,7168,0.000001431
497,7168,0.000001300
498,7168,0.000001300
499,7168,0.000001265
500,7168,0.000001172
501,7168,0.000001231
502,7168,0.000001305
503,7168,0.000001088
504,7168,0.000001254
505,7168,0.000001265
506,7168,0.000001358
507,7168,0.000001119
508,7168,0.000001240
509,7168,0.000001319
510,7168,0.000001346
511,7168,0.000001274
512,7168,0.000001250
513,7168,0.000001216
514,7168,0.000001254
515,7168,0.000001226
516,7168,0.000001557
517,7168,0.000001238
518,7168,0.000001245
519,7168,0.000001059
520,7168,0.000001173
521,7168,0.000001226
522,7168,0.000001398
523,7168,0.000001060
524,7168,0.000001127
525,7168,0.000001235
526,7168,0.000001259
527,7168,0.000001091
528,7168,0.000001203
529,7168,0.000001184
530,7168,0.000001253
531,7168,0.000001174
532,7168,0.000001181
533,7168,0.000001275
534,7168,0.000001325
535,7168,0.000001039
536,7168,0.000001211
537,7168,0.000001272
538,7168,0.000001223
539,7168,0.000001058
540,7168,0.000001142
541,7168,0.000001463
542,7168,0.000001635
543,7168,0.000001158
544,7168,0.000001176
545,7168,0.000001249
546,7168,0.000001289
547,7168,0.000001166
548,7168,0.000001714
549,7168,0.000001438
550,7168,0.000001343
551,7168,0.000001128
552,7168,0.000001142
553,7168,0.000001272
554,7168,0.000001216
555,7168,0.000001092
556,7168,0.000001275
557,7168,0.000001296
558,7168,0.000001312
559,7168,0.000001093
560,7168,0.000001195
561,7168,0.000001276
562,7168,0.000001215
563,7168,0.000001040
564,7168,0.000001195
565,7168,0.000001371
566,7168,0.000001308
567,7168,0.000001103
568,7168,0.000001205
569,7168,0.000001231
570,7168,0.000001181
571,7168,0.000001083
572,7168,0.000001202
573,7168,0.000001225
574,7168,0.000001311
575,7168,0.000001076
576,7168,0.000001070
577,7168,0.000001327
578,7168,0.000001285
579,7168,0.000001085
580,7168,0.000001395
581,7168,0.000001234
582,7168,0.000001210
583,7168,0.000015248
584,7168,0.000001375
585,7168,0.000001329
586,7168,0.000001226
587,7168,0.000001029
588,7168,0.000001199
589,7168,0.000001588
590,7168,0.000001220
591,7168,0.000001189
592,7168,0.000001222
593,7168,0.000001253
594,7168,0.000001312
595,7168,0.000001480
596,7168,0.000001103
597,7168,0.000001317
598,7168,0.000001485
599,7168,0.000002085
600,7168,0.000001082
601,7168,0.000001170
602,7168,0.000001403
603,7168,0.000001122
604,7168,0.000001116
605,7168,0.000001122
606,7168,0.000001398
607,7168,0.000001098
608,7168,0.000001339
609,7168,0.000001225
610,7168,0.000001111
611,7168,0.000001160
612,7168,0.000001176
613,7168,0.000001161
614,7168,0.000001331
615,7168,0.000001169
616,7168,0.000001683
617,7168,0.000001360
618,7168,0.000001210
619,7168,0.000001055
620,7168,0.000001265
621,7168,0.000001375
622,7168,0.000001203
623,7168,0.000001182
624,7168,0.000001186
625,7168,0.000001142
626,7168,0.000001129
627,7168,0.000001430
628,7168,0.000001310
629,7168,0.000001210
630,7168,0.000001356
631,7168,0.000001389
632,7168,0.000001588
633,7168,0.000001200
634,7168,0.000001125
635,7168,0.000001031
636,7168,0.000001327
637,7168,0.000001164
638,7168,0.000001190
639,7168,0.000001019
640,7168,0.000001195
641,7168,0.000001207
642,7168,0.000001644
643,7168,0.000001201
644,7168,0.000001025
645,7168,0.000001198
646,7168,0.000001288
647,7168,0.000001034
648,7168,0.000001125
649,7168,0.000001250
650,7168,0.000001304
651,7168,0.000001064
652,7168,0.000001318
653,7168,0.000001515
654,7168,0.000001564
655,7168,0.000001085
656,7168,0.000001081
657,7168,0.000001367
658,7168,0.000001301
659,7168,0.000001041
660,7168,0.000001735
661,7168,0.000001230
662,7168,0.000001212
663,7168,0.000001091
664,7168,0.000001159
665,7168,0.000001224
666,7168,0.000001494
667,7168,0.000001286
668,7168,0.000001436
669,7168,0.000001294
670,7168,0.000001315
671,7168,0.000001144
672,7168,0.000001197
673,7168,0.000001261
674,7168,0.000001167
675,7168,0.000001027
676,7168,0.000001206
677,7168,0.000001591
678,7168,0.000001284
679,7168,0.000001202
680,7168,0.000001201
681,7168,0.000001185
682,7168,0.000001230
683,7168,0.000001100
684,7168,0.000001101
685,7168,0.000001162
686,7168,0.000001195
687,7168,0.000000997
688,7168,0.000001139
689,7168,0.000001207
690,7168,0.000001293
691,7168,0.000001210
692,7168,0.000001144
693,7168,0.000001187
694,7168,0.000001183
695,7168,0.000001027
696,7168,0.000001173
697,7168,0.000001324
698,7168,0.000001211
699,7168,0.000001373
700,7168,0.000001125
701,7168,0.000001213
702,7168,0.000001200
703,7168,0.000001069
704,7168,0.000001166
705,7168,0.000001150
706,7168,0.000001162
707,7168,0.000001308
708,7168,0.000001215
709,7168,0.000001106
710,7168,0.000001136
711,7168,0.000001072
712,7168,0.000001290
713,7168,0.000001354
714,7168,0.000001365
715,7168,0.000001093
716,7168,0.000001193
717,7168,0.000001887
718,7168,0.000001188
719,7168,0.000000864
720,7168,0.000000903
721,7168,0.000001272
722,7168,0.000000956
723,7168,0.000000990
724,7168,0.000000948
725,7168,0.000001000
726,7168,0.000001052
727,7168,0.000000976
728,7168,0.000000924
729,7168,0.000000919
730,7168,0.000001063
731,7168,0.000000988
732,7168,0.000000877
733,7168,0.000000983
734,7168,0.000000970
735,7168,0.000000936
736,7168,0.000000925
737,7168,0.000000950
738,7168,0.000000959
739,7168,0.000000829
740,7168,0.000001045
741,7168,0.000000930
742,7168,0.000000951
743,7168,0.000001011
744,7168,0.000000914
745,7168,0.000001006
746,7168,0.000001038
747,7168,0.000000795
748,7168,0.000000924
749,7168,0.000000977
750,7168,0.000001050
751,7168,0.000000832
752,7168,0.000000871
753,7168,0.000000970
754,7168,0.000001101
755,7168,0.000000845
756,7168,0.000000959
757,7168,0.000001042
758,7168,0.000001030
759,7168,0.000000751
760,7168,0.000000932
761,7168,0.000000969
762,7168,0.000001077
763,7168,0.000000978
764,7168,0.000000909
765,7168,0.000000916
766,7168,0.000000902
767,7168,0.000000786
768,7168,0.000000935
769,7168,0.000000935
770,7168,0.000000891
771,7168,0.000000938
772,7168,0.000000893
773,7168,0.000001079
774,7168,0.000000925
775,7168,0.000000833
776,7168,0.000001037
777,7168,0.000000979
778,7168,0.000000921
779,7168,0.000000967
780,7168,0.000000942
781,7168,0.000001025
782,7168,0.000000863
783,7168,0.000000828
784,7168,0.000000885
785,7168,0.000001236
786,7168,0.000000947
787,7168,0.000000848
788,7168,0.000000960
789,7168,0.000000887
790,7168,0.000001043
791,7168,0.000001137
792,7168,0.000000870
793,7168,0.000000899
794,7168,0.000000983
795,7168,0.000000782
796,7168,0.000000997
797,7168,0.000000995
798,7168,0.000000957
799,7168,0.000000827
800,7168,0.000000932
801,7168,0.000000942
802,7168,0.000001006
803,7168,0.000000961
804,7168,0.000000934
805,7168,0.000001137
806,7168,0.000001089
807,7168,0.000000948
808,7168,0.000000950
809,7168,0.000000892
810,7168,0.000000961
811,7168,0.000000823
812,7168,0.000000912
813,7168,0.000001066
814,7168,0.000001001
815,7168,0.000000871
816,7168,0.000000876
817,7168,0.000000982
818,7168,0.000001014
819,7168,0.000000925
820,7168,0.000000900
821,7168,0.000000979
822,7168,0.000001006
823,7168,0.000000842
824,7168,0.000000957
825,7168,0.000000963
826,7168,0.000000919
827,7168,0.000000864
828,7168,0.000000931
829,7168,0.000001191
830,7168,0.000000974
831,7168,0.000000919
832,7168,0.000001005
833,7168,0.000001018
834,7168,0.000000949
835,7168,0.000000866
836,7168,0.000000907
837,7168,0.000000982
838,7168,0.000000947
839,7168,0.000000788
840,7168,0.000001014
841,7168,0.000000980
842,7168,0.000001024
843,7168,0.000000914
844,7168,0.000000858
845,7168,0.000000862
846,7168,0.000000890
847,7168,0.000000792
848,7168,0.000000947
849,7168,0.000000926
850,7168,0.000001065
851,7168,0.000001045
852,7168,0.000000835
853,7168,0.000001060
854,7168,0.000000969
855,7168,0.000000937
856,7168,0.000000908
857,7168,0.000001284
858,7168,0.000001105
859,7168,0.000000876
860,7168,0.000000904
861,7168,0.000001078
862,7168,0.000000956
863,7168,0.000000829
864,7168,0.000000941
865,7168,0.000000999
866,7168,0.000000941
867,7168,0.000000840
868,7168,0.000000918
869,7168,0.000000924
870,7168,0.000000872
871,7168,0.000000791
872,7168,0.000001173
873,7168,0.000001310
874,7168,0.000001314
875,7168,0.000001163
876,7168,0.000001108
877,7168,0.000001325
878,7168,0.000001342
879,7168,0.000001046
880,7168,0.000002042
881,7168,0.000001150
882,7168,0.000001170
883,7168,0.000001097
884,7168,0.000001210
885,7168,0.000001304
886,7168,0.000001591
887,7168,0.000001086
888,7168,0.000001403
889,7168,0.000001526
890,7168,0.000001127
891,7168,0.000001051
892,7168,0.000001075
893,7168,0.000001143
894,7168,0.000001138
895,7168,0.000001034
896,7168,0.000000976
897,7168,0.000001248
898,7168,0.000001380
899,7168,0.000001313
900,7168,0.000001167
901,7168,0.000001175
902,7168,0.000001195
903,7168,0.000000992
904,7168,0.000001043
905,7168,0.000001202
906,7168,0.000001115
907,7168,0.000001023
908,7168,0.000001178
909,7168,0.000001178
910,7168,0.000001464
911,7168,0.000001075
912,7168,0.000001510
913,7168,0.000001400
914,7168,0.000001443
915,7168,0.000000972
916,7168,0.000001117
917,7168,0.000001153
918,7168,0.000001648
919,7168,0.000001225
920,7168,0.000001078
921,7168,0.000001852
922,7168,0.000001243
923,7168,0.000001105
924,7168,0.000001108
925,7168,0.000001295
926,7168,0.000001121
927,7168,0.000001043
928,7168,0.000001463
929,7168,0.000001231
930,7168,0.000001285
931,7168,0.000001096
932,7168,0.000001113
933,7168,0.000001201
934,7168,0.000001436
935,7168,0.000001064
936,7168,0.000001216
937,7168,0.000001156
938,7168,0.000001216
939,7168,0.000001027
940,7168,0.000001215
941,7168,0.000001290
942,7168,0.000001185
943,7168,0.000001077
944,7168,0.000001345
945,7168,0.000001174
946,7168,0.000001286
947,7168,0.000001196
948,7168,0.000001359
949,7168,0.000001437
950,7168,0.000001502
951,7168,0.000001405
952,7168,0.000000932
953,7168,0.000001024
954,7168,0.000001154
955,7168,0.000001070
956,7168,0.000001314
957,7168,0.000001266
958,7168,0.000001304
959,7168,0.000001403
960,7168,0.000001246
961,7168,0.000001940
962,7168,0.000001474
963,7168,0.000001303
964,7168,0.000001510
965,7168,0.000001975
966,7168,0.000001423
967,7168,0.000001238
968,7168,0.000001234
969,7168,0.000001551
970,7168,0.000001418
971,7168,0.000001356
972,7168,0.000001431
973,7168,0.000001341
974,7168,0.000001364
975,7168,0.000001032
976,7168,0.000001226
977,7168,0.000001159
978,7168,0.000001695
979,7168,0.000001131
980,7168,0.000001238
981,7168,0.000001561
982,7168,0.000001613
983,7168,0.000001237
984,7168,0.000001285
985,7168,0.000001928
986,7168,0.000001537
987,7168,0.000001125
988,7168,0.000001278
989,7168,0.000001312
990,7168,0.000001795
991,7168,0.000001285
992,7168,0.000001351
993,7168,0.000001355
994,7168,0.000001309
995,7168,0.000001077
996,7168,0.000001406
997,7168,0.000001400
998,7168,0.000001278
999,7168,0.000001192
0,7424,0.000001941
1,7424,0.000001416
2,7424,0.000001292
3,7424,0.000001478
4,7424,0.000001305
5,7424,0.000001098
6,7424,0.000001372
7,7424,0.000001567
8,7424,0.000001233
9,7424,0.000001563
10,7424,0.000001187
11,7424,0.000001418
12,7424,0.000001347
13,7424,0.000001261
14,7424,0.000002204
15,7424,0.000001571
16,7424,0.000001476
17,7424,0.000001210
18,7424,0.000001430
19,7424,0.000001225
20,7424,0.000001279
21,7424,0.000001306
22,7424,0.000001408
23,7424,0.000001502
24,7424,0.000001339
25,7424,0.000001635
26,7424,0.000001250
27,7424,0.000001298
28,7424,0.000001356
29,7424,0.000001398
30,7424,0.000001259
31,7424,0.000001095
32,7424,0.000001120
33,7424,0.000001378
34,7424,0.000001457
35,7424,0.000001439
36,7424,0.000001402
37,7424,0.000001128
38,7424,0.000001340
39,7424,0.000001316
40,7424,0.000001356
41,7424,0.000001364
42,7424,0.000001182
43,7424,0.000001269
44,7424,0.000001519
45,7424,0.000001202
46,7424,0.000001305
47,7424,0.000001311
48,7424,0.000001563
49,7424,0.000001431
50,7424,0.000001326
51,7424,0.000001246
52,7424,0.000001422
53,7424,0.000001500
54,7424,0.000001338
55,7424,0.000001290
56,7424,0.000001345
57,7424,0.000001279
58,7424,0.000001109
59,7424,0.000001176
60,7424,0.000001293
61,7424,0.000001249
62,7424,0.000001713
63,7424,0.000001111
64,7424,0.000001328
65,7424,0.000001302
66,7424,0.000001320
67,7424,0.000001605
68,7424,0.000001468
69,7424,0.000001149
70,7424,0.000001428
71,7424,0.000001276
72,7424,0.000001202
73,7424,0.000001316
74,7424,0.000001234
75,7424,0.000001306
76,7424,0.000001571
77,7424,0.000001277
78,7424,0.000001345
79,7424,0.000001162
80,7424,0.000001282
81,7424,0.000001231
82,7424,0.000001245
83,7424,0.000001242
84,7424,0.000001286
85,7424,0.000001249
86,7424,0.000001289
87,7424,0.000001318
88,7424,0.000001523
89,7424,0.000001497
90,7424,0.000001183
91,7424,0.000001215
92,7424,0.000001325
93,7424,0.000001254
94,7424,0.000001338
95,7424,0.000001075
96,7424,0.000001305
97,7424,0.000001217
98,7424,0.000001224
99,7424,0.000001275
100,7424,0.000001504
101,7424,0.000001170
102,7424,0.000001271
103,7424,0.000001339
104,7424,0.000001225
105,7424,0.000001271
106,7424,0.000001090
107,7424,0.000001282
108,7424,0.000001320
109,7424,0.000001265
110,7424,0.000001255
111,7424,0.000001090
112,7424,0.000001255
113,7424,0.000001206
114,7424,0.000001215
115,7424,0.000001234
116,7424,0.000001292
117,7424,0.000001095
118,7424,0.000001578
119,7424,0.000001344
120,7424,0.000001262
121,7424,0.000001471
122,7424,0.000001265
123,7424,0.000001252
124,7424,0.000001351
125,7424,0.000001382
126,7424,0.000001432
127,7424,0.000001328
128,7424,0.000001570
129,7424,0.000001053
130,7424,0.000001054
131,7424,0.000001065
132,7424,0.000001072
133,7424,0.000001075
134,7424,0.000001083
135,7424,0.000001116
136,7424,0.000001163
137,7424,0.000001225
138,7424,0.000000888
139,7424,0.000001028
140,7424,0.000001121
141,7424,0.000001042
142,7424,0.000001071
143,7424,0.000000880
144,7424,0.000000905
145,7424,0.000001007
146,7424,0.000001053
147,7424,0.000000976
148,7424,0.000000941
149,7424,0.000000830
150,7424,0.000001000
151,7424,0.000000999
152,7424,0.000000996
153,7424,0.000001143
154,7424,0.000000893
155,7424,0.000001044
156,7424,0.000000995
157,7424,0.000001031
158,7424,0.000001038
159,7424,0.000001274
160,7424,0.000000982
161,7424,0.000000934
162,7424,0.000001022
163,7424,0.000000971
164,7424,0.000000998
165,7424,0.000000900
166,7424,0.000001069
167,7424,0.000001053
168,7424,0.000001008
169,7424,0.000001017
170,7424,0.000000884
171,7424,0.000000987
172,7424,0.000001086
173,7424,0.000001121
174,7424,0.000001028
175,7424,0.000001147
176,7424,0.000001044
177,7424,0.000001040
178,7424,0.000001063
179,7424,0.000001498
180,7424,0.000001001
181,7424,0.000000872
182,7424,0.000000921
183,7424,0.000001183
184,7424,0.000001055
185,7424,0.000000944
186,7424,0.000000885
187,7424,0.000001062
188,7424,0.000001053
189,7424,0.000001063
190,7424,0.000001550
191,7424,0.000000963
192,7424,0.000000982
193,7424,0.000001021
194,7424,0.000001001
195,7424,0.000001308
196,7424,0.000001152
197,7424,0.000000990
198,7424,0.000001051
199,7424,0.000001059
200,7424,0.000001487
201,7424,0.000001076
202,7424,0.000000994
203,7424,0.000001080
204,7424,0.000001092
205,7424,0.000001065
206,7424,0.000001069
207,7424,0.000000979
208,7424,0.000000902
209,7424,0.000001003
210,7424,0.000001055
211,7424,0.000001092
212,7424,0.000001080
213,7424,0.000000892
214,7424,0.000001165
215,7424,0.000001142
216,7424,0.000001186
217,7424,0.000001100
218,7424,0.000001114
219,7424,0.000000959
220,7424,0.000001096
221,7424,0.000001011
222,7424,0.000001168
223,7424,0.000000861
224,7424,0.000001109
225,7424,0.000001419
226,7424,0.000000990
227,7424,0.000000995
228,7424,0.000001155
229,7424,0.000001045
230,7424,0.000001042
231,7424,0.000000993
232,7424,0.000000955
233,7424,0.000000942
234,7424,0.000000839
235,7424,0.000000944
236,7424,0.000000989
237,7424,0.000001111
238,7424,0.000001212
239,7424,0.000000977
240,7424,0.000001062
241,7424,0.000000979
242,7424,0.000000885
243,7424,0.000001036
244,7424,0.000000957
245,7424,0.000001004
246,7424,0.000001040
247,7424,0.000001026
248,7424,0.000001018
249,7424,0.000001030
250,7424,0.000000968
251,7424,0.000001006
252,7424,0.000000979
253,7424,0.000001016
254,7424,0.000001001
255,7424,0.000000876
256,7424,0.000001040
257,7424,0.000001561
258,7424,0.000001053
259,7424,0.000001407
260,7424,0.000001083
261,7424,0.000000891
262,7424,0.000000972
263,7424,0.000000971
264,7424,0.000001052
265,7424,0.000000963
266,7424,0.000000864
267,7424,0.000001093
268,7424,0.000001137
269,7424,0.000001017
270,7424,0.000001017
271,7424,0.000001174
272,7424,0.000000925
273,7424,0.000000995
274,7424,0.000000988
275,7424,0.000001333
276,7424,0.000001035
277,7424,0.000000994
278,7424,0.000000997
279,7424,0.000000937
280,7424,0.000001065
281,7424,0.000001036
282,7424,0.000000992
283,7424,0.000001018
284,7424,0.000000921
285,7424,0.000000935
286,7424,0.000001297
287,7424,0.000000855
288,7424,0.000001238
289,7424,0.000001047
290,7424,0.000000987
291,7424,0.000001083
292,7424,0.000001106
293,7424,0.000000936
294,7424,0.000000988
295,7424,0.000000975
296,7424,0.000001058
297,7424,0.000001048
298,7424,0.000000912
299,7424,0.000001040
300,7424,0.000000932
301,7424,0.000001064
302,7424,0.000001101
303,7424,0.000000957
304,7424,0.000001107
305,7424,0.000001083
306,7424,0.000001151
307,7424,0.000001140
308,7424,0.000001355
309,7424,0.000000925
310,7424,0.000001030
311,7424,0.000001022
312,7424,0.000000974
313,7424,0.000001068
314,7424,0.000000940
315,7424,0.000001331
316,7424,0.000001095
317,7424,0.000001204
318,7424,0.000001200
319,7424,0.000000874
320,7424,0.000001069
321,7424,0.000001140
322,7424,0.000001210
323,7424,0.000001033
324,7424,0.000001061
325,7424,0.000000881
326,7424,0.000000975
327,7424,0.000001046
328,7424,0.000001049
329,7424,0.000001078
330,7424,0.000000857
331,7424,0.000001027
332,7424,0.000000959
333,7424,0.000001102
334,7424,0.000001055
335,7424,0.000001225
336,7424,0.000001019
337,7424,0.000001090
338,7424,0.000001017
339,7424,0.000001183
340,7424,0.000000961
341,7424,0.000000819
342,7424,0.000001074
343,7424,0.000001096
344,7424,0.000001136
345,7424,0.000001018
346,7424,0.000001020
347,7424,0.000001032
348,7424,0.000001224
349,7424,0.000001239
350,7424,0.000001128
351,7424,0.000001006
352,7424,0.000001145
353,7424,0.000001089
354,7424,0.000001147
355,7424,0.000001165
356,7424,0.000001117
357,7424,0.000000951
358,7424,0.000001126
359,7424,0.000000967
360,7424,0.000001041
361,7424,0.000000986
362,7424,0.000000881
363,7424,0.000001082
364,7424,0.000001098
365,7424,0.000001338
366,7424,0.000001146
367,7424,0.000000977
368,7424,0.000000989
369,7424,0.000001010
370,7424,0.000000954
371,7424,0.000001013
372,7424,0.000001086
373,7424,0.000000827
374,7424,0.000000997
375,7424,0.000001056
376,7424,0.000001032
377,7424,0.000001228
378,7424,0.000000840
379,7424,0.000001030
380,7424,0.000000940
381,7424,0.000001002
382,7424,0.000001090
383,7424,0.000000919
384,7424,0.000001134
385,7424,0.000001059
386,7424,0.000001081
387,7424,0.000001127
388,7424,0.000001000
389,7424,0.000000894
390,7424,0.000000995
391,7424,0.000001389
392,7424,0.000001027
393,7424,0.000000941
394,7424,0.000000889
395,7424,0.000001087
396,7424,0.000001053
397,7424,0.000001053
398,7424,0.000001432
399,7424,0.000000950
400,7424,0.000001015
401,7424,0.000001036
402,7424,0.000001044
403,7424,0.000001053
404,7424,0.000001032
405,7424,0.000000909
406,7424,0.000001110
407,7424,0.000001040
408,7424,0.000000995
409,7424,0.000001426
410,7424,0.000000869
411,7424,0.000001126
412,7424,0.000001039
413,7424,0.000001031
414,7424,0.000001102
415,7424,0.000000871
416,7424,0.000001017
417,7424,0.000001017
418,7424,0.000001035
419,7424,0.000001100
420,7424,0.000001136
421,7424,0.000000930
422,7424,0.000001039
423,7424,0.000001100
424,7424,0.000000993
425,7424,0.000001002
426,7424,0.000000878
427,7424,0.000001054
428,7424,0.000001047
429,7424,0.000001076
430,7424,0.000001053
431,7424,0.000001038
432,7424,0.000000951
433,7424,0.000000952
434,7424,0.000000988
435,7424,0.000001002
436,7424,0.000001034
437,7424,0.000000954
438,7424,0.000000999
439,7424,0.000001003
440,7424,0.000000994
441,7424,0.000001128
442,7424,0.000000905
443,7424,0.000001062
444,7424,0.000001136
445,7424,0.000001068
446,7424,0.000001474
447,7424,0.000001090
448,7424,0.000000919
449,7424,0.000001092
450,7424,0.000001114
451,7424,0.000001100
452,7424,0.000001101
453,7424,0.000001033
454,7424,0.000000947
455,7424,0.000001025
456,7424,0.000000976
457,7424,0.000000987
458,7424,0.000000898
459,7424,0.000001043
460,7424,0.000001076
461,7424,0.000000950
462,7424,0.000000964
463,7424,0.000001190
464,7424,0.000001287
465,7424,0.000000998
466,7424,0.000000938
467,7424,0.000000993
468,7424,0.000001006
469,7424,0.000000791
470,7424,0.000001031
471,7424,0.000000952
472,7424,0.000001031
473,7424,0.000001048
474,7424,0.000000965
475,7424,0.000000948
476,7424,0.000001086
477,7424,0.000001002
478,7424,0.000000948
479,7424,0.000001365
480,7424,0.000001052
481,7424,0.000001078
482,7424,0.000001255
483,7424,0.000001107
484,7424,0.000001064
485,7424,0.000000948
486,7424,0.000001085
487,7424,0.000001032
488,7424,0.000001182
489,7424,0.000001185
490,7424,0.000000980
491,7424,0.000001075
492,7424,0.000001098
493,7424,0.000001345
494,7424,0.000001511
495,7424,0.000001025
496,7424,0.000001158
497,7424,0.000000985
498,7424,0.000000984
499,7424,0.000001072
500,7424,0.000001175
501,7424,0.000000903
502,7424,0.000001078
503,7424,0.000001067
504,7424,0.000001026
505,7424,0.000001036
506,7424,0.000000892
507,7424,0.000001008
508,7424,0.000001009
509,7424,0.000001067
510,7424,0.000001103
511,7424,0.000000989
512,7424,0.000000946
513,7424,0.000001081
514,7424,0.000000996
515,7424,0.000001039
516,7424,0.000000956
517,7424,0.000000993
518,7424,0.000001067
519,7424,0.000001210
520,7424,0.000001016
521,7424,0.000000963
522,7424,0.000000996
523,7424,0.000001084
524,7424,0.000001244
525,7424,0.000001029
526,7424,0.000001146
527,7424,0.000001284
528,7424,0.000001099
529,7424,0.000001201
530,7424,0.000001056
531,7424,0.000001088
532,7424,0.000001311
533,7424,0.000000882
534,7424,0.000001072
535,7424,0.000001068
536,7424,0.000001100
537,7424,0.000001142
538,7424,0.000000989
539,7424,0.000001063
540,7424,0.000000960
541,7424,0.000000988
542,7424,0.000001050
543,7424,0.000000912
544,7424,0.000001016
545,7424,0.000000957
546,7424,0.000001102
547,7424,0.000001038
548,7424,0.000001058
549,7424,0.000000942
550,7424,0.000001114
551,7424,0.000001142
552,7424,0.000001501
553,7424,0.000001270
554,7424,0.000000902
555,7424,0.000001115
556,7424,0.000001016
557,7424,0.000001129
558,7424,0.000001052
559,7424,0.000000866
560,7424,0.000001125
561,7424,0.000001073
562,7424,0.000001105
563,7424,0.000001118
564,7424,0.000001401
565,7424,0.000001039
566,7424,0.000001028
567,7424,0.000000970
568,7424,0.000001027
569,7424,0.000001371
570,7424,0.000000864
571,7424,0.000001043
572,7424,0.000001167
573,7424,0.000001029
574,7424,0.000001181
575,7424,0.000000958
576,7424,0.000001018
577,7424,0.000001098
578,7424,0.000000985
579,7424,0.000000992
580,7424,0.000000957
581,7424,0.000000939
582,7424,0.000001177
583,7424,0.000001030
584,7424,0.000001103
585,7424,0.000001101
586,7424,0.000000969
587,7424,0.000001441
588,7424,0.000000961
589,7424,0.000000945
590,7424,0.000001151
591,7424,0.000000866
592,7424,0.000001069
593,7424,0.000001023
594,7424,0.000001108
595,7424,0.000001069
596,7424,0.000001230
597,7424,0.000000901
598,7424,0.000001101
599,7424,0.000001269
600,7424,0.000001181
601,7424,0.000001380
602,7424,0.000000912
603,7424,0.000001196
604,7424,0.000000976
605,7424,0.000001038
606,7424,0.000001101
607,7424,0.000000896
608,7424,0.000000973
609,7424,0.000001091
610,7424,0.000000993
611,7424,0.000001139
612,7424,0.000000993
613,7424,0.000000985
614,7424,0.000001215
615,7424,0.000001026
616,7424,0.000000966
617,7424,0.000001044
618,7424,0.000000886
619,7424,0.000001042
620,7424,0.000001161
621,7424,0.000000941
622,7424,0.000000961
623,7424,0.000000887
624,7424,0.000001060
625,7424,0.000001041
626,7424,0.000001023
627,7424,0.000001157
628,7424,0.000001000
629,7424,0.000000944
630,7424,0.000001106
631,7424,0.000001040
632,7424,0.000000973
633,7424,0.000000985
634,7424,0.000000902
635,7424,0.000001064
636,7424,0.000001075
637,7424,0.000001107
638,7424,0.000000993
639,7424,0.000000891
640,7424,0.000000966
641,7424,0.000000995
642,7424,0.000000950
643,7424,0.000000993
644,7424,0.000000966
645,7424,0.000000863
646,7424,0.000001400
647,7424,0.000000955
648,7424,0.000001037
649,7424,0.000001068
650,7424,0.000001003
651,7424,0.000000955
652,7424,0.000000901
653,7424,0.000001025
654,7424,0.000000975
655,7424,0.000000976
656,7424,0.000000985
657,7424,0.000001259
658,7424,0.000000949
659,7424,0.000001100
660,7424,0.000000951
661,7424,0.000000858
662,7424,0.000001099
663,7424,0.000001109
664,7424,0.000001042
665,7424,0.000001040
666,7424,0.000000964
667,7424,0.000001092
668,7424,0.000001198
669,7424,0.000000992
670,7424,0.000001300
671,7424,0.000000854
672,7424,0.000000885
673,7424,0.000000985
674,7424,0.000001124
675,7424,0.000001518
676,7424,0.000001101
677,7424,0.000000942
678,7424,0.000000998
679,7424,0.000001061
680,7424,0.000001149
681,7424,0.000000952
682,7424,0.000000855
683,7424,0.000001071
684,7424,0.000001064
685,7424,0.000001012
686,7424,0.000001029
687,7424,0.000000915
688,7424,0.000001028
689,7424,0.000000981
690,7424,0.000001361
691,7424,0.000001059
692,7424,0.000001064
693,7424,0.000001043
694,7424,0.000000967
695,7424,0.000000931
696,7424,0.000001030
697,7424,0.000000966
698,7424,0.000000874
699,7424,0.000001352
700,7424,0.000001030
701,7424,0.000001265
702,7424,0.000001186
703,7424,0.000001018
704,7424,0.000001124
705,7424,0.000001108
706,7424,0.000001030
707,7424,0.000001030
708,7424,0.000000893
709,7424,0.000000864
710,7424,0.000001095
711,7424,0.000001082
712,7424,0.000000992
713,7424,0.000000977
714,7424,0.000001018
715,7424,0.000000936
716,7424,0.000000926
717,7424,0.000001109
718,7424,0.000001029
719,7424,0.000000861
720,7424,0.000001066
721,7424,0.000000982
722,7424,0.000001053
723,7424,0.000001074
724,7424,0.000001006
725,7424,0.000000999
726,7424,0.000000972
727,7424,0.000000981
728,7424,0.000001126
729,7424,0.000001119
730,7424,0.000001281
731,7424,0.000000984
732,7424,0.000001005
733,7424,0.000000982
734,7424,0.000000995
735,7424,0.000000870
736,7424,0.000000986
737,7424,0.000001115
738,7424,0.000000951
739,7424,0.000001024
740,7424,0.000001052
741,7424,0.000000952
742,7424,0.000001010
743,7424,0.000000912
744,7424,0.000000941
745,7424,0.000001425
746,7424,0.000000880
747,7424,0.000000917
748,7424,0.000001059
749,7424,0.000001171
750,7424,0.000001142
751,7424,0.000000994
752,7424,0.000000974
753,7424,0.000001010
754,7424,0.000001351
755,7424,0.000001009
756,7424,0.000001003
757,7424,0.000000830
758,7424,0.000000985
759,7424,0.000000986
760,7424,0.000000910
761,7424,0.000001289
762,7424,0.000000842
763,7424,0.000001056
764,7424,0.000001014
765,7424,0.000001014
766,7424,0.000001079
767,7424,0.000000993
768,7424,0.000001000
769,7424,0.000001109
770,7424,0.000000999
771,7424,0.000001067
772,7424,0.000001040
773,7424,0.000000895
774,7424,0.000001017
775,7424,0.000001019
776,7424,0.000001059
777,7424,0.000001096
778,7424,0.000000956
779,7424,0.000000978
780,7424,0.000001040
781,7424,0.000001043
782,7424,0.000000958
783,7424,0.000000892
784,7424,0.000001024
785,7424,0.000000970
786,7424,0.000000982
787,7424,0.000001164
788,7424,0.000001046
789,7424,0.000000975
790,7424,0.000001041
791,7424,0.000001011
792,7424,0.000001210
793,7424,0.000001047
794,7424,0.000000984
795,7424,0.000000978
796,7424,0.000000938
797,7424,0.000001226
798,7424,0.000001030
799,7424,0.000001108
800,7424,0.000001001
801,7424,0.000001076
802,7424,0.000001026
803,7424,0.000001104
804,7424,0.000001064
805,7424,0.000000913
806,7424,0.000001005
807,7424,0.000000945
808,7424,0.000001106
809,7424,0.000000986
810,7424,0.000001174
811,7424,0.000001028
812,7424,0.000001023
813,7424,0.000001105
814,7424,0.000001021
815,7424,0.000000849
816,7424,0.000000914
817,7424,0.000000905
818,7424,0.000001041
819,7424,0.000001007
820,7424,0.000001051
821,7424,0.000000927
822,7424,0.000001070
823,7424,0.000001038
824,7424,0.000001033
825,7424,0.000001126
826,7424,0.000000936
827,7424,0.000000975
828,7424,0.000001033
829,7424,0.000001101
830,7424,0.000001009
831,7424,0.000000884
832,7424,0.000000978
833,7424,0.000001018
834,7424,0.000001050
835,7424,0.000001067
836,7424,0.000001082
837,7424,0.000000894
838,7424,0.000001010
839,7424,0.000000990
840,7424,0.000001297
841,7424,0.000000987
842,7424,0.000000904
843,7424,0.000001007
844,7424,0.000001120
845,7424,0.000001160
846,7424,0.000001119
847,7424,0.000000904
848,7424,0.000000940
849,7424,0.000001138
850,7424,0.000001053
851,7424,0.000000925
852,7424,0.000013136
853,7424,0.000001005
854,7424,0.000001440
855,7424,0.000001173
856,7424,0.000001164
857,7424,0.000001499
858,7424,0.000000850
859,7424,0.000001091
860,7424,0.000000995
861,7424,0.000001008
862,7424,0.000001048
863,7424,0.000001049
864,7424,0.000001120
865,7424,0.000001123
866,7424,0.000001320
867,7424,0.000001078
868,7424,0.000000984
869,7424,0.000001013
870,7424,0.000001012
871,7424,0.000001023
872,7424,0.000001015
873,7424,0.000001478
874,7424,0.000000937
875,7424,0.000001103
876,7424,0.000000961
877,7424,0.000000972
878,7424,0.000001102
879,7424,0.000000857
880,7424,0.000000965
881,7424,0.000001032
882,7424,0.000001104
883,7424,0.000001053
884,7424,0.000001036
885,7424,0.000000880
886,7424,0.000001014
887,7424,0.000001136
888,7424,0.000000931
889,7424,0.000001016
890,7424,0.000000840
891,7424,0.000001034
892,7424,0.000001311
893,7424,0.000001064
894,7424,0.000001064
895,7424,0.000001025
896,7424,0.000000946
897,7424,0.000001042
898,7424,0.000001032
899,7424,0.000001070
900,7424,0.000001162
901,7424,0.000001090
902,7424,0.000000955
903,7424,0.000001015
904,7424,0.000001029
905,7424,0.000001071
906,7424,0.000000888
907,7424,0.000001010
908,7424,0.000001111
909,7424,0.000001166
910,7424,0.000001356
911,7424,0.000001100
912,7424,0.000000992
913,7424,0.000001011
914,7424,0.000000918
915,7424,0.000001050
916,7424,0.000000953
917,7424,0.000001230
918,7424,0.000001039
919,7424,0.000001266
920,7424,0.000001108
921,7424,0.000001129
922,7424,0.000000951
923,7424,0.000000989
924,7424,0.000000972
925,7424,0.000001064
926,7424,0.000001077
927,7424,0.000000910
928,7424,0.000001228
929,7424,0.000001093
930,7424,0.000001115
931,7424,0.000001644
932,7424,0.000001091
933,7424,0.000000878
934,7424,0.000001472
935,7424,0.000001071
936,7424,0.000001103
937,7424,0.000001133
938,7424,0.000000915
939,7424,0.000001268
940,7424,0.000001073
941,7424,0.000001108
942,7424,0.000001231
943,7424,0.000000915
944,7424,0.000000987
945,7424,0.000001050
946,7424,0.000001117
947,7424,0.000001155
948,7424,0.000001505
949,7424,0.000001057
950,7424,0.000001030
951,7424,0.000001075
952,7424,0.000001170
953,7424,0.000001375
954,7424,0.000000871
955,7424,0.000001344
956,7424,0.000001516
957,7424,0.000001240
958,7424,0.000001167
959,7424,0.000001021
960,7424,0.000001093
961,7424,0.000001164
962,7424,0.000001074
963,7424,0.000001239
964,7424,0.000001178
965,7424,0.000001059
966,7424,0.000001269
967,7424,0.000001172
968,7424,0.000001118
969,7424,0.000001432
970,7424,0.000000901
971,7424,0.000001214
972,7424,0.000001234
973,7424,0.000001197
974,7424,0.000001237
975,7424,0.000001193
976,7424,0.000001078
977,7424,0.000001102
978,7424,0.000001102
979,7424,0.000001368
980,7424,0.000001128
981,7424,0.000000910
982,7424,0.000001184
983,7424,0.000001267
984,7424,0.000001455
985,7424,0.000001598
986,7424,0.000001095
987,7424,0.000001160
988,7424,0.000001173
989,7424,0.000001078
990,7424,0.000001362
991,7424,0.000001021
992,7424,0.000001164
993,7424,0.000001175
994,7424,0.000001258
995,7424,0.000001278
996,7424,0.000001470
997,7424,0.000001067
998,7424,0.000001183
999,7424,0.000001039
0,7680,0.000001708
1,7680,0.000001355
2,7680,0.000001345
3,7680,0.000001380
4,7680,0.000001244
5,7680,0.000001184
6,7680,0.000001381
7,7680,0.000001110
8,7680,0.000001212
9,7680,0.000001250
10,7680,0.000001177
11,7680,0.000001216
12,7680,0.000001247
13,7680,0.000001379
14,7680,0.000001214
15,7680,0.000001121
16,7680,0.000001341
17,7680,0.000001342
18,7680,0.000001206
19,7680,0.000001258
20,7680,0.000001317
21,7680,0.000001147
22,7680,0.000001215
23,7680,0.000001199
24,7680,0.000001225
25,7680,0.000001575
26,7680,0.000001232
27,7680,0.000001221
28,7680,0.000001212
29,7680,0.000001234
30,7680,0.000001179
31,7680,0.000001068
32,7680,0.000001302
33,7680,0.000001350
34,7680,0.000001545
35,7680,0.000001410
36,7680,0.000001191
37,7680,0.000001261
38,7680,0.000001251
39,7680,0.000001340
40,7680,0.000001366
41,7680,0.000001354
42,7680,0.000007454
43,7680,0.000001443
44,7680,0.000001220
45,7680,0.000001313
46,7680,0.000001288
47,7680,0.000001369
48,7680,0.000001773
49,7680,0.000001331
50,7680,0.000001437
51,7680,0.000001219
52,7680,0.000001217
53,7680,0.000001249
54,7680,0.000001267
55,7680,0.000001107
56,7680,0.000001158
57,7680,0.000001149
58,7680,0.000001306
59,7680,0.000001211
60,7680,0.000001233
61,7680,0.000001221
62,7680,0.000001238
63,7680,0.000001125
64,7680,0.000001385
65,7680,0.000001315
66,7680,0.000001390
67,7680,0.000001399
68,7680,0.000001328
69,7680,0.000001242
70,7680,0.000001218
71,7680,0.000001164
72,7680,0.000001254
73,7680,0.000001309
74,7680,0.000001225
75,7680,0.000001213
76,7680,0.000001339
77,7680,0.000001337
78,7680,0.000001355
79,7680,0.000001116
80,7680,0.000001183
81,7680,0.000001161
82,7680,0.000001236
83,7680,0.000001291
84,7680,0.000001663
85,7680,0.000001728
86,7680,0.000001299
87,7680,0.000001362
88,7680,0.000001398
89,7680,0.000001629
90,7680,0.000001322
91,7680,0.000001209
92,7680,0.000001524
93,7680,0.000001550
94,7680,0.000001531
95,7680,0.000001069
96,7680,0.000001275
97,7680,0.000001523
98,7680,0.000001259
99,7680,0.000001283
100,7680,0.000001444
101,7680,0.000001263
102,7680,0.000001300
103,7680,0.000001510
104,7680,0.000001163
105,7680,0.000001247
106,7680,0.000001268
107,7680,0.000001328
108,7680,0.000001786
109,7680,0.000001241
110,7680,0.000001161
111,7680,0.000001103
112,7680,0.000001480
113,7680,0.000001656
114,7680,0.000001240
115,7680,0.000001253
116,7680,0.000001605
117,7680,0.000002008
118,7680,0.000001378
119,7680,0.000001086
120,7680,0.000001318
121,7680,0.000001330
122,7680,0.000001283
123,7680,0.000001200
124,7680,0.000001554
125,7680,0.000001296
126,7680,0.000001295
127,7680,0.000001332
128,7680,0.000001226
129,7680,0.000001250
130,7680,0.000001262
131,7680,0.000001238
132,7680,0.000001219
133,7680,0.000001429
134,7680,0.000001296
135,7680,0.000001069
136,7680,0.000001216
137,7680,0.000001222
138,7680,0.000001199
139,7680,0.000001282
140,7680,0.000001222
141,7680,0.000001235
142,7680,0.000001338
143,7680,0.000001101
144,7680,0.000001218
145,7680,0.000001586
146,7680,0.000001237
147,7680,0.000001106
148,7680,0.000001196
149,7680,0.000001278
150,7680,0.000001241
151,7680,0.000001099
152,7680,0.000001185
153,7680,0.000001128
154,7680,0.000001187
155,7680,0.000001285
156,7680,0.000001405
157,7680,0.000001209
158,7680,0.000001249
159,7680,0.000001453
160,7680,0.000001106
161,7680,0.000001240
162,7680,0.000001297
163,7680,0.000001150
164,7680,0.000001240
165,7680,0.000001159
166,7680,0.000001349
167,7680,0.000001174
168,7680,0.000001499
169,7680,0.000001310
170,7680,0.000001362
171,7680,0.000001297
172,7680,0.000001211
173,7680,0.000001261
174,7680,0.000001402
175,7680,0.000001112
176,7680,0.000001158
177,7680,0.000001307
178,7680,0.000001293
179,7680,0.000001134
180,7680,0.000001213
181,7680,0.000001219
182,7680,0.000001234
183,7680,0.000001428
184,7680,0.000001196
185,7680,0.000001262
186,7680,0.000001562
187,7680,0.000001221
188,7680,0.000001255
189,7680,0.000001295
190,7680,0.000001351
191,7680,0.000001116
192,7680,0.000001271
193,7680,0.000001540
194,7680,0.000001232
195,7680,0.000001289
196,7680,0.000001506
197,7680,0.000001356
198,7680,0.000001343
199,7680,0.000015660
200,7680,0.000001313
201,7680,0.000001205
202,7680,0.000001273
203,7680,0.000001263
204,7680,0.000001709
205,7680,0.000001326
206,7680,0.000001347
207,7680,0.000001153
208,7680,0.000001257
209,7680,0.000001496
210,7680,0.000001529
211,7680,0.000001235
212,7680,0.000001263
213,7680,0.000001332
214,7680,0.000001757
215,7680,0.000001680
216,7680,0.000001399
217,7680,0.000001343
218,7680,0.000012374
219,7680,0.000001521
220,7680,0.000001425
221,7680,0.000001407
222,7680,0.000001553
223,7680,0.000001271
224,7680,0.000001340
225,7680,0.000001398
226,7680,0.000001068
227,7680,0.000000929
228,7680,0.000001028
229,7680,0.000001110
230,7680,0.000001530
231,7680,0.000000895
232,7680,0.000001170
233,7680,0.000001033
234,7680,0.000000889
235,7680,0.000001027
236,7680,0.000001060
237,7680,0.000001141
238,7680,0.000001109
239,7680,0.000000968
240,7680,0.000001005
241,7680,0.000001108
242,7680,0.000001050
243,7680,0.000001080
244,7680,0.000001196
245,7680,0.000001074
246,7680,0.000001135
247,7680,0.000001060
248,7680,0.000001028
249,7680,0.000000962
250,7680,0.000000951
251,7680,0.000001136
252,7680,0.000000999
253,7680,0.000000991
254,7680,0.000001013
255,7680,0.000000884
256,7680,0.000001032
257,7680,0.000000966
258,7680,0.000001026
259,7680,0.000001044
260,7680,0.000000993
261,7680,0.000001089
262,7680,0.000001092
263,7680,0.000000916
264,7680,0.000001030
265,7680,0.000001026
266,7680,0.000000990
267,7680,0.000001047
268,7680,0.000001502
269,7680,0.000001173
270,7680,0.000001308
271,7680,0.000000898
272,7680,0.000001063
273,7680,0.000001395
274,7680,0.000001047
275,7680,0.000001112
276,7680,0.000001232
277,7680,0.000001063
278,7680,0.000001172
279,7680,0.000001022
280,7680,0.000001051
281,7680,0.000001040
282,7680,0.000001049
283,7680,0.000001024
284,7680,0.000000978
285,7680,0.000001004
286,7680,0.000001041
287,7680,0.000000886
288,7680,0.000001023
289,7680,0.000001059
290,7680,0.000001016
291,7680,0.000001460
292,7680,0.000001064
293,7680,0.000001098
294,7680,0.000001181
295,7680,0.000001085
296,7680,0.000001001
297,7680,0.000000956
298,7680,0.000001080
299,7680,0.000001023
300,7680,0.000001105
301,7680,0.000001028
302,7680,0.000001044
303,7680,0.000000865
304,7680,0.000001000
305,7680,0.000001020
306,7680,0.000001138
307,7680,0.000001008
308,7680,0.000011901
309,7680,0.000001602
310,7680,0.000001158
311,7680,0.000001196
312,7680,0.000000964
313,7680,0.000001158
314,7680,0.000000991
315,7680,0.000001013
316,7680,0.000001321
317,7680,0.000001051
318,7680,0.000001072
319,7680,0.000000872
320,7680,0.000013896
321,7680,0.000000976
322,7680,0.000001056
323,7680,0.000001044
324,7680,0.000001092
325,7680,0.000001123
326,7680,0.000001120
327,7680,0.000000932
328,7680,0.000000998
329,7680,0.000000890
330,7680,0.000000990
331,7680,0.000001042
332,7680,0.000001087
333,7680,0.000001106
334,7680,0.000001198
335,7680,0.000001245
336,7680,0.000001102
337,7680,0.000000912
338,7680,0.000001013
339,7680,0.000001118
340,7680,0.000001240
341,7680,0.000001072
342,7680,0.000001467
343,7680,0.000000891
344,7680,0.000001072
345,7680,0.000001022
346,7680,0.000001096
347,7680,0.000001025
348,7680,0.000001034
349,7680,0.000000992
350,7680,0.000000985
351,7680,0.000000905
352,7680,0.000000984
353,7680,0.000001051
354,7680,0.000001002
355,7680,0.000001143
356,7680,0.000001011
357,7680,0.000001027
358,7680,0.000001065
359,7680,0.000000959
360,7680,0.000001051
361,7680,0.000000994
362,7680,0.000001043
363,7680,0.000001016
364,7680,0.000001003
365,7680,0.000001061
366,7680,0.000001051
367,7680,0.000000871
368,7680,0.000001167
369,7680,0.000001069
370,7680,0.000001054
371,7680,0.000001453
372,7680,0.000001047
373,7680,0.000001339
374,7680,0.000001081
375,7680,0.000000951
376,7680,0.000000973
377,7680,0.000001003
378,7680,0.000001068
379,7680,0.000001033
380,7680,0.000001257
381,7680,0.000001062
382,7680,0.000001054
383,7680,0.000000850
384,7680,0.000000958
385,7680,0.000001052
386,7680,0.000001028
387,7680,0.000001130
388,7680,0.000001079
389,7680,0.000001072
390,7680,0.000001072
391,7680,0.000000928
392,7680,0.000000976
393,7680,0.000000907
394,7680,0.000000933
395,7680,0.000001061
396,7680,0.000001013
397,7680,0.000001125
398,7680,0.000001030
399,7680,0.000000962
400,7680,0.000001350
401,7680,0.000001119
402,7680,0.000001092
403,7680,0.000001072
404,7680,0.000001094
405,7680,0.000001117
406,7680,0.000001136
407,7680,0.000001117
408,7680,0.000000993
409,7680,0.000001158
410,7680,0.000000935
411,7680,0.000000970
412,7680,0.000001100
413,7680,0.000000983
414,7680,0.000000949
415,7680,0.000000901
416,7680,0.000000989
417,7680,0.000000976
418,7680,0.000001020
419,7680,0.000000975
420,7680,0.000001041
421,7680,0.000001079
422,7680,0.000001071
423,7680,0.000001000
424,7680,0.000001154
425,7680,0.000001059
426,7680,0.000001015
427,7680,0.000001091
428,7680,0.000001077
429,7680,0.000001145
430,7680,0.000001087
431,7680,0.000001402
432,7680,0.000001004
433,7680,0.000000933
434,7680,0.000001402
435,7680,0.000001090
436,7680,0.000001148
437,7680,0.000001122
438,7680,0.000001230
439,7680,0.000001208
440,7680,0.000000994
441,7680,0.000000958
442,7680,0.000000966
443,7680,0.000001176
444,7680,0.000001041
445,7680,0.000000983
446,7680,0.000000915
447,7680,0.000000932
448,7680,0.000001060
449,7680,0.000000982
450,7680,0.000001050
451,7680,0.000001029
452,7680,0.000001104
453,7680,0.000000975
454,7680,0.000001004
455,7680,0.000000863
456,7680,0.000001140
457,7680,0.000001104
458,7680,0.000000967
459,7680,0.000000927
460,7680,0.000001039
461,7680,0.000000984
462,7680,0.000000921
463,7680,0.000001024
464,7680,0.000001015
465,7680,0.000001047
466,7680,0.000001157
467,7680,0.000001094
468,7680,0.000001056
469,7680,0.000001142
470,7680,0.000001051
471,7680,0.000000910
472,7680,0.000001130
473,7680,0.000001135
474,7680,0.000001058
475,7680,0.000001061
476,7680,0.000001417
477,7680,0.000001498
478,7680,0.000001141
479,7680,0.000000928
480,7680,0.000001057
481,7680,0.000001074
482,7680,0.000001091
483,7680,0.000001085
484,7680,0.000001005
485,7680,0.000001071
486,7680,0.000000967
487,7680,0.000000895
488,7680,0.000000983
489,7680,0.000000939
490,7680,0.000000955
491,7680,0.000001018
492,7680,0.000001345
493,7680,0.000001568
494,7680,0.000000940
495,7680,0.000000972
496,7680,0.000001045
497,7680,0.000000976
498,7680,0.000001010
499,7680,0.000001001
500,7680,0.000001110
501,7680,0.000001177
502,7680,0.000000998
503,7680,0.000000932
504,7680,0.000000903
505,7680,0.000001126
506,7680,0.000001394
507,7680,0.000001098
508,7680,0.000001071
509,7680,0.000001264
510,7680,0.000001079
511,7680,0.000001298
512,7680,0.000001165
513,7680,0.000001138
514,7680,0.000001420
515,7680,0.000000983
516,7680,0.000001090
517,7680,0.000001066
518,7680,0.000001027
519,7680,0.000000924
520,7680,0.000001019
521,7680,0.000001371
522,7680,0.000000969
523,7680,0.000001136
524,7680,0.000001055
525,7680,0.000001064
526,7680,0.000001150
527,7680,0.000000883
528,7680,0.000001050
529,7680,0.000001022
530,7680,0.000001339
531,7680,0.000001110
532,7680,0.000001076
533,7680,0.000001460
534,7680,0.000000992
535,7680,0.000000909
536,7680,0.000001204
537,7680,0.000001077
538,7680,0.000001497
539,7680,0.000001151
540,7680,0.000001084
541,7680,0.000001243
542,7680,0.000001154
543,7680,0.000001762
544,7680,0.000001504
545,7680,0.000001176
546,7680,0.000001130
547,7680,0.000001195
548,7680,0.000001081
549,7680,0.000000996
550,7680,0.000000997
551,7680,0.000000888
552,7680,0.000001021
553,7680,0.000001281
554,7680,0.000001388
555,7680,0.000001160
556,7680,0.000001065
557,7680,0.000001178
558,7680,0.000001118
559,7680,0.000000931
560,7680,0.000000957
561,7680,0.000000983
562,7680,0.000000999
563,7680,0.000001108
564,7680,0.000000974
565,7680,0.000001286
566,7680,0.000001178
567,7680,0.000000986
568,7680,0.000000937
569,7680,0.000000940
570,7680,0.000001010
571,7680,0.000001365
572,7680,0.000001306
573,7680,0.000001075
574,7680,0.000001104
575,7680,0.000000873
576,7680,0.000000978
577,7680,0.000001086
578,7680,0.000001129
579,7680,0.000001380
580,7680,0.000001056
581,7680,0.000001078
582,7680,0.000001392
583,7680,0.000000900
584,7680,0.000000950
585,7680,0.000000991
586,7680,0.000001138
587,7680,0.000001019
588,7680,0.000001094
589,7680,0.000000968
590,7680,0.000000967
591,7680,0.000000885
592,7680,0.000000929
593,7680,0.000001080
594,7680,0.000001029
595,7680,0.000001329
596,7680,0.000001063
597,7680,0.000001076
598,7680,0.000001060
599,7680,0.000001060
600,7680,0.000001601
601,7680,0.000000859
602,7680,0.000001015
603,7680,0.000001045
604,7680,0.000001021
605,7680,0.000000987
606,7680,0.000001008
607,7680,0.000000904
608,7680,0.000000975
609,7680,0.000001499
610,7680,0.000001081
611,7680,0.000000949
612,7680,0.000000999
613,7680,0.000001273
614,7680,0.000001092
615,7680,0.000000871
616,7680,0.000000989
617,7680,0.000000953
618,7680,0.000001372
619,7680,0.000001052
620,7680,0.000001017
621,7680,0.000001017
622,7680,0.000001007
623,7680,0.000000912
624,7680,0.000001061
625,7680,0.000000975
626,7680,0.000000948
627,7680,0.000001011
628,7680,0.000001072
629,7680,0.000000988
630,7680,0.000000953
631,7680,0.000000841
632,7680,0.000001101
633,7680,0.000001234
634,7680,0.000001010
635,7680,0.000001000
636,7680,0.000000984
637,7680,0.000001097
638,7680,0.000000966
639,7680,0.000000885
640,7680,0.000001004
641,7680,0.000001052
642,7680,0.000001089
643,7680,0.000001044
644,7680,0.000001433
645,7680,0.000001153
646,7680,0.000000986
647,7680,0.000000958
648,7680,0.000001097
649,7680,0.000000920
650,7680,0.000000972
651,7680,0.000001010
652,7680,0.000001051
653,7680,0.000001422
654,7680,0.000000968
655,7680,0.000000936
656,7680,0.000000985
657,7680,0.000001008
658,7680,0.000000943
659,7680,0.000001400
660,7680,0.000001336
661,7680,0.000001016
662,7680,0.000001015
663,7680,0.000000938
664,7680,0.000000919
665,7680,0.000000974
666,7680,0.000001020
667,7680,0.000001104
668,7680,0.000001039
669,7680,0.000001111
670,7680,0.000001190
671,7680,0.000000963
672,7680,0.000000951
673,7680,0.000001040
674,7680,0.000000998
675,7680,0.000000972
676,7680,0.000001035
677,7680,0.000001136
678,7680,0.000001447
679,7680,0.000000886
680,7680,0.000000881
681,7680,0.000000997
682,7680,0.000001121
683,7680,0.000001009
684,7680,0.000001253
685,7680,0.000000973
686,7680,0.000001032
687,7680,0.000000895
688,7680,0.000000991
689,7680,0.000000965
690,7680,0.000000985
691,7680,0.000000928
692,7680,0.000001014
693,7680,0.000001025
694,7680,0.000001005
695,7680,0.000000831
696,7680,0.000001058
697,7680,0.000000939
698,7680,0.000001079
699,7680,0.000000960
700,7680,0.000001066
701,7680,0.000000997
702,7680,0.000000976
703,7680,0.000000872
704,7680,0.000001098
705,7680,0.000000968
706,7680,0.000000960
707,7680,0.000001026
708,7680,0.000001005
709,7680,0.000001062
710,7680,0.000001057
711,7680,0.000000979
712,7680,0.000000976
713,7680,0.000001106
714,7680,0.000001415
715,7680,0.000000965
716,7680,0.000000918
717,7680,0.000001038
718,7680,0.000001043
719,7680,0.000001076
720,7680,0.000000907
721,7680,0.000000960
722,7680,0.000000895
723,7680,0.000001006
724,7680,0.000001106
725,7680,0.000001374
726,7680,0.000001078
727,7680,0.000001075
728,7680,0.000001004
729,7680,0.000001012
730,7680,0.000000975
731,7680,0.000001095
732,7680,0.000001000
733,7680,0.000001128
734,7680,0.000001315
735,7680,0.000000935
736,7680,0.000000919
737,7680,0.000001058
738,7680,0.000000951
739,7680,0.000001066
740,7680,0.000001033
741,7680,0.000000950
742,7680,0.000000961
743,7680,0.000000912
744,7680,0.000001027
745,7680,0.000001041
746,7680,0.000001079
747,7680,0.000001086
748,7680,0.000001132
749,7680,0.000001281
750,7680,0.000001041
751,7680,0.000000918
752,7680,0.000000984
753,7680,0.000000979
754,7680,0.000001018
755,7680,0.000000977
756,7680,0.000001144
757,7680,0.000001046
758,7680,0.000001039
759,7680,0.000000807
760,7680,0.000001227
761,7680,0.000000985
762,7680,0.000000926
763,7680,0.000001097
764,7680,0.000001023
765,7680,0.000001024
766,7680,0.000001010
767,7680,0.000000863
768,7680,0.000001003
769,7680,0.000001012
770,7680,0.000000997
771,7680,0.000001017
772,7680,0.000001058
773,7680,0.000001020
774,7680,0.000001048
775,7680,0.000001146
776,7680,0.000001002
777,7680,0.000001018
778,7680,0.000000915
779,7680,0.000001411
780,7680,0.000001383
781,7680,0.000001041
782,7680,0.000000972
783,7680,0.000000861
784,7680,0.000001050
785,7680,0.000001008
786,7680,0.000001040
787,7680,0.000001363
788,7680,0.000000987
789,7680,0.000001058
790,7680,0.000000970
791,7680,0.000001067
792,7680,0.000000870
793,7680,0.000000981
794,7680,0.000000940
795,7680,0.000000973
796,7680,0.000000998
797,7680,0.000000947
798,7680,0.000001032
799,7680,0.000000824
800,7680,0.000001015
801,7680,0.000001007
802,7680,0.000001028
803,7680,0.000001010
804,7680,0.000001040
805,7680,0.000001030
806,7680,0.000001143
807,7680,0.000000922
808,7680,0.000000895
809,7680,0.000000968
810,7680,0.000001105
811,7680,0.000001006
812,7680,0.000000967
813,7680,0.000000946
814,7680,0.000001003
815,7680,0.000000868
816,7680,0.000001115
817,7680,0.000001073
818,7680,0.000000997
819,7680,0.000001058
820,7680,0.000001089
821,7680,0.000001016
822,7680,0.000001081
823,7680,0.000000877
824,7680,0.000000940
825,7680,0.000001113
826,7680,0.000001033
827,7680,0.000001017
828,7680,0.000000953
829,7680,0.000001038
830,7680,0.000001035
831,7680,0.000000890
832,7680,0.000001048
833,7680,0.000001085
834,7680,0.000000990
835,7680,0.000001156
836,7680,0.000001548
837,7680,0.000001030
838,7680,0.000001049
839,7680,0.000001167
840,7680,0.000001071
841,7680,0.000001330
842,7680,0.000001136
843,7680,0.000001092
844,7680,0.000001110
845,7680,0.000001171
846,7680,0.000001425
847,7680,0.000000920
848,7680,0.000000992
849,7680,0.000001053
850,7680,0.000000958
851,7680,0.000001002
852,7680,0.000001160
853,7680,0.000001159
854,7680,0.000001057
855,7680,0.000000870
856,7680,0.000001069
857,7680,0.000001048
858,7680,0.000001133
859,7680,0.000000998
860,7680,0.000001083
861,7680,0.000001113
862,7680,0.000001058
863,7680,0.000000901
864,7680,0.000001513
865,7680,0.000001045
866,7680,0.000001053
867,7680,0.000001417
868,7680,0.000001065
869,7680,0.000001175
870,7680,0.000001047
871,7680,0.000000943
872,7680,0.000000961
873,7680,0.000001069
874,7680,0.000001085
875,7680,0.000001011
876,7680,0.000001071
877,7680,0.000001110
878,7680,0.000001122
879,7680,0.000000875
880,7680,0.000000946
881,7680,0.000001026
882,7680,0.000001051
883,7680,0.000001017
884,7680,0.000001085
885,7680,0.000001217
886,7680,0.000001144
887,7680,0.000000976
888,7680,0.000001019
889,7680,0.000001047
890,7680,0.000001020
891,7680,0.000001110
892,7680,0.000001316
893,7680,0.000000985
894,7680,0.000001060
895,7680,0.000000886
896,7680,0.000001536
897,7680,0.000001239
898,7680,0.000001148
899,7680,0.000001112
900,7680,0.000001576
901,7680,0.000001062
902,7680,0.000001145
903,7680,0.000000899
904,7680,0.000001096
905,7680,0.000001182
906,7680,0.000001155
907,7680,0.000001408
908,7680,0.000001106
909,7680,0.000001188
910,7680,0.000001401
911,7680,0.000001043
912,7680,0.000001045
913,7680,0.000000995
914,7680,0.000001025
915,7680,0.000001107
916,7680,0.000001095
917,7680,0.000001097
918,7680,0.000001092
919,7680,0.000000904
920,7680,0.000001014
921,7680,0.000001270
922,7680,0.000001151
923,7680,0.000001508
924,7680,0.000001246
925,7680,0.000001498
926,7680,0.000001022
927,7680,0.000001051
928,7680,0.000001020
929,7680,0.000001185
930,7680,0.000001092
931,7680,0.000001184
932,7680,0.000001307
933,7680,0.000001154
934,7680,0.000001153
935,7680,0.000001273
936,7680,0.000001078
937,7680,0.000001131
938,7680,0.000001111
939,7680,0.000001127
940,7680,0.000001099
941,7680,0.000001121
942,7680,0.000001124
943,7680,0.000000904
944,7680,0.000001080
945,7680,0.000001096
946,7680,0.000001158
947,7680,0.000001228
948,7680,0.000001183
949,7680,0.000001200
950,7680,0.000001393
951,7680,0.000001024
952,7680,0.000001383
953,7680,0.000001055
954,7680,0.000001145
955,7680,0.000001051
956,7680,0.000001055
957,7680,0.000001353
958,7680,0.000001188
959,7680,0.000000898
960,7680,0.000001072
961,7680,0.000001117
962,7680,0.000001336
963,7680,0.000001093
964,7680,0.000001165
965,7680,0.000001405
966,7680,0.000001279
967,7680,0.000000904
968,7680,0.000001092
969,7680,0.000001052
970,7680,0.000001137
971,7680,0.000001209
972,7680,0.000001257
973,7680,0.000001492
974,7680,0.000001145
975,7680,0.000001224
976,7680,0.000001029
977,7680,0.000001080
978,7680,0.000001116
979,7680,0.000001143
980,7680,0.000001311
981,7680,0.000001141
982,7680,0.000001072
983,7680,0.000000894
984,7680,0.000001091
985,7680,0.000001171
986,7680,0.000001092
987,7680,0.000001108
988,7680,0.000001157
989,7680,0.000001217
990,7680,0.000001269
991,7680,0.000001038
992,7680,0.000001119
993,7680,0.000001201
994,7680,0.000001123
995,7680,0.000001400
996,7680,0.000001127
997,7680,0.000001157
998,7680,0.000001176
999,7680,0.000000905
0,7936,0.000001882
1,7936,0.000001432
2,7936,0.000001400
3,7936,0.000001723
4,7936,0.000001396
5,7936,0.000001287
6,7936,0.000001405
7,7936,0.000001238
8,7936,0.000001441
9,7936,0.000001210
10,7936,0.000001293
11,7936,0.000001696
12,7936,0.000001230
13,7936,0.000001302
14,7936,0.000001512
15,7936,0.000001165
16,7936,0.000001178
17,7936,0.000001361
18,7936,0.000001319
19,7936,0.000001269
20,7936,0.000001284
21,7936,0.000001300
22,7936,0.000001270
23,7936,0.000001306
24,7936,0.000001327
25,7936,0.000001310
26,7936,0.000001281
27,7936,0.000001539
28,7936,0.000001753
29,7936,0.000001281
30,7936,0.000001430
31,7936,0.000001086
32,7936,0.000001412
33,7936,0.000001753
34,7936,0.000001478
35,7936,0.000001328
36,7936,0.000001287
37,7936,0.000001272
38,7936,0.000001460
39,7936,0.000001350
40,7936,0.000001249
41,7936,0.000001312
42,7936,0.000001221
43,7936,0.000001304
44,7936,0.000001292
45,7936,0.000001382
46,7936,0.000001389
47,7936,0.000001095
48,7936,0.000001279
49,7936,0.000001214
50,7936,0.000001262
51,7936,0.000001223
52,7936,0.000001286
53,7936,0.000001299
54,7936,0.000001202
55,7936,0.000001174
56,7936,0.000001249
57,7936,0.000001355
58,7936,0.000001175
59,7936,0.000001198
60,7936,0.000001219
61,7936,0.000001409
62,7936,0.000001445
63,7936,0.000001063
64,7936,0.000001360
65,7936,0.000001327
66,7936,0.000001567
67,7936,0.000001589
68,7936,0.000001233
69,7936,0.000001294
70,7936,0.000001533
71,7936,0.000001364
72,7936,0.000001278
73,7936,0.000001355
74,7936,0.000001406
75,7936,0.000001226
76,7936,0.000001304
77,7936,0.000001260
78,7936,0.000001249
79,7936,0.000001086
80,7936,0.000001181
81,7936,0.000001339
82,7936,0.000001292
83,7936,0.000001275
84,7936,0.000001198
85,7936,0.000001284
86,7936,0.000001409
87,7936,0.000001314
88,7936,0.000001281
89,7936,0.000001304
90,7936,0.000001258
91,7936,0.000001207
92,7936,0.000001255
93,7936,0.000001267
94,7936,0.000001549
95,7936,0.000001157
96,7936,0.000001261
97,7936,0.000001310
98,7936,0.000001177
99,7936,0.000001317
100,7936,0.000001319
101,7936,0.000001298
102,7936,0.000001299
103,7936,0.000001325
104,7936,0.000001223
105,7936,0.000001269
106,7936,0.000001347
107,7936,0.000001280
108,7936,0.000001254
109,7936,0.000001232
110,7936,0.000001263
111,7936,0.000001190
112,7936,0.000001210
113,7936,0.000001388
114,7936,0.000001203
115,7936,0.000001223
116,7936,0.000001521
117,7936,0.000001547
118,7936,0.000001554
119,7936,0.000001241
120,7936,0.000001182
121,7936,0.000001335
122,7936,0.000001297
123,7936,0.000001295
124,7936,0.000001275
125,7936,0.000001276
126,7936,0.000001284
127,7936,0.000001174
128,7936,0.000001222
129,7936,0.000001340
130,7936,0.000001308
131,7936,0.000001257
132,7936,0.000001244
133,7936,0.000001615
134,7936,0.000001233
135,7936,0.000001182
136,7936,0.000001525
137,7936,0.000001294
138,7936,0.000001242
139,7936,0.000001254
140,7936,0.000001657
141,7936,0.000001269
142,7936,0.000001282
143,7936,0.000001377
144,7936,0.000001192
145,7936,0.000001258
146,7936,0.000001255
147,7936,0.000001214
148,7936,0.000001306
149,7936,0.000001535
150,7936,0.000001224
151,7936,0.000001185
152,7936,0.000001234
153,7936,0.000001285
154,7936,0.000001268
155,7936,0.000001362
156,7936,0.000001389
157,7936,0.000001297
158,7936,0.000001203
159,7936,0.000001109
160,7936,0.000001120
161,7936,0.000001662
162,7936,0.000001742
163,7936,0.000001332
164,7936,0.000001425
165,7936,0.000002008
166,7936,0.000001187
167,7936,0.000001485
168,7936,0.000001097
169,7936,0.000001227
170,7936,0.000001170
171,7936,0.000001083
172,7936,0.000001153
173,7936,0.000000983
174,7936,0.000000987
175,7936,0.000000850
176,7936,0.000001360
177,7936,0.000001023
178,7936,0.000001083
179,7936,0.000001058
180,7936,0.000001021
181,7936,0.000001057
182,7936,0.000001033
183,7936,0.000001415
184,7936,0.000001609
185,7936,0.000001223
186,7936,0.000001167
187,7936,0.000001193
188,7936,0.000001102
189,7936,0.000001095
190,7936,0.000001140
191,7936,0.000000973
192,7936,0.000001071
193,7936,0.000001059
194,7936,0.000001095
195,7936,0.000001043
196,7936,0.000001129
197,7936,0.000001130
198,7936,0.000001070
199,7936,0.000001120
200,7936,0.000001292
201,7936,0.000001149
202,7936,0.000001111
203,7936,0.000001121
204,7936,0.000001485
205,7936,0.000001190
206,7936,0.000001109
207,7936,0.000000975
208,7936,0.000001054
209,7936,0.000001361
210,7936,0.000001063
211,7936,0.000001070
212,7936,0.000001014
213,7936,0.000001069
214,7936,0.000001010
215,7936,0.000001044
216,7936,0.000001086
217,7936,0.000001012
218,7936,0.000001066
219,7936,0.000001050
220,7936,0.000001354
221,7936,0.000000989
222,7936,0.000001144
223,7936,0.000000884
224,7936,0.000001004
225,7936,0.000001058
226,7936,0.000000998
227,7936,0.000001171
228,7936,0.000001031
229,7936,0.000001213
230,7936,0.000000942
231,7936,0.000001034
232,7936,0.000001088
233,7936,0.000001226
234,7936,0.000001071
235,7936,0.000001142
236,7936,0.000001129
237,7936,0.000001199
238,7936,0.000000998
239,7936,0.000000921
240,7936,0.000001036
241,7936,0.000000968
242,7936,0.000001060
243,7936,0.000001044
244,7936,0.000000933
245,7936,0.000001304
246,7936,0.000001005
247,7936,0.000001078
248,7936,0.000001435
249,7936,0.000001018
250,7936,0.000001226
251,7936,0.000001013
252,7936,0.000001046
253,7936,0.000001089
254,7936,0.000001008
255,7936,0.000000875
256,7936,0.000001029
257,7936,0.000000973
258,7936,0.000001065
259,7936,0.000001051
260,7936,0.000000986
261,7936,0.000001140
262,7936,0.000001149
263,7936,0.000001254
264,7936,0.000001441
265,7936,0.000001046
266,7936,0.000001121
267,7936,0.000001061
268,7936,0.000001164
269,7936,0.000001406
270,7936,0.000001090
271,7936,0.000000916
272,7936,0.000000940
273,7936,0.000001078
274,7936,0.000000990
275,7936,0.000000957
276,7936,0.000001049
277,7936,0.000001014
278,7936,0.000001404
279,7936,0.000001084
280,7936,0.000001028
281,7936,0.000000975
282,7936,0.000001058
283,7936,0.000001090
284,7936,0.000001182
285,7936,0.000001122
286,7936,0.000001065
287,7936,0.000000891
288,7936,0.000001025
289,7936,0.000001090
290,7936,0.000001032
291,7936,0.000001037
292,7936,0.000000999
293,7936,0.000001162
294,7936,0.000001353
295,7936,0.000001154
296,7936,0.000001294
297,7936,0.000001075
298,7936,0.000000999
299,7936,0.000001251
300,7936,0.000001185
301,7936,0.000001051
302,7936,0.000001026
303,7936,0.000000998
304,7936,0.000000967
305,7936,0.000000985
306,7936,0.000001075
307,7936,0.000001037
308,7936,0.000001050
309,7936,0.000001018
310,7936,0.000001009
311,7936,0.000001161
312,7936,0.000001151
313,7936,0.000000976
314,7936,0.000001015
315,7936,0.000001047
316,7936,0.000001013
317,7936,0.000001077
318,7936,0.000000949
319,7936,0.000000828
320,7936,0.000001028
321,7936,0.000001040
322,7936,0.000000998
323,7936,0.000001079
324,7936,0.000001145
325,7936,0.000000996
326,7936,0.000000992
327,7936,0.000001199
328,7936,0.000001156
329,7936,0.000001175
330,7936,0.000001122
331,7936,0.000001164
332,7936,0.000001062
333,7936,0.000001128
334,7936,0.000001430
335,7936,0.000001012
336,7936,0.000000945
337,7936,0.000001030
338,7936,0.000001260
339,7936,0.000001033
340,7936,0.000001030
341,7936,0.000000957
342,7936,0.000001061
343,7936,0.000001008
344,7936,0.000001030
345,7936,0.000001078
346,7936,0.000000942
347,7936,0.000001302
348,7936,0.000001103
349,7936,0.000001166
350,7936,0.000001078
351,7936,0.000000895
352,7936,0.000000982
353,7936,0.000001037
354,7936,0.000000936
355,7936,0.000001062
356,7936,0.000001164
357,7936,0.000001137
358,7936,0.000001223
359,7936,0.000001160
360,7936,0.000001114
361,7936,0.000001493
362,7936,0.000001556
363,7936,0.000001053
364,7936,0.000001577
365,7936,0.000001632
366,7936,0.000001478
367,7936,0.000001264
368,7936,0.000001228
369,7936,0.000001281
370,7936,0.000002305
371,7936,0.000001350
372,7936,0.000001416
373,7936,0.000001320
374,7936,0.000001513
375,7936,0.000001571
376,7936,0.000001198
377,7936,0.000001292
378,7936,0.000001369
379,7936,0.000001207
380,7936,0.000001264
381,7936,0.000001192
382,7936,0.000001278
383,7936,0.000001054
384,7936,0.000001098
385,7936,0.000001484
386,7936,0.000001513
387,7936,0.000001629
388,7936,0.000001239
389,7936,0.000001403
390,7936,0.000001506
391,7936,0.000001230
392,7936,0.000001255
393,7936,0.000001486
394,7936,0.000001480
395,7936,0.000001732
396,7936,0.000001249
397,7936,0.000001369
398,7936,0.000001551
399,7936,0.000001150
400,7936,0.000001057
401,7936,0.000001228
402,7936,0.000001436
403,7936,0.000001280
404,7936,0.000001138
405,7936,0.000001149
406,7936,0.000001450
407,7936,0.000002030
408,7936,0.000001522
409,7936,0.000001418
410,7936,0.000001251
411,7936,0.000001148
412,7936,0.000001329
413,7936,0.000001362
414,7936,0.000001397
415,7936,0.000001095
416,7936,0.000001108
417,7936,0.000001254
418,7936,0.000001258
419,7936,0.000001126
420,7936,0.000001301
421,7936,0.000001378
422,7936,0.000001225
423,7936,0.000001213
424,7936,0.000001252
425,7936,0.000001128
426,7936,0.000001541
427,7936,0.000001301
428,7936,0.000001203
429,7936,0.000001331
430,7936,0.000001197
431,7936,0.000001248
432,7936,0.000013371
433,7936,0.000002086
434,7936,0.000001449
435,7936,0.000001173
436,7936,0.000001169
437,7936,0.000001259
438,7936,0.000001137
439,7936,0.000001129
440,7936,0.000001492
441,7936,0.000001246
442,7936,0.000001205
443,7936,0.000001608
444,7936,0.000001205
445,7936,0.000001301
446,7936,0.000001222
447,7936,0.000001049
448,7936,0.000001500
449,7936,0.000001422
450,7936,0.000001316
451,7936,0.000001613
452,7936,0.000001193
453,7936,0.000001207
454,7936,0.000001205
455,7936,0.000001266
456,7936,0.000001370
457,7936,0.000001283
458,7936,0.000001526
459,7936,0.000001522
460,7936,0.000001580
461,7936,0.000001724
462,7936,0.000001482
463,7936,0.000001178
464,7936,0.000001300
465,7936,0.000001233
466,7936,0.000001218
467,7936,0.000001503
468,7936,0.000001130
469,7936,0.000001246
470,7936,0.000001403
471,7936,0.000001109
472,7936,0.000001491
473,7936,0.000001233
474,7936,0.000001120
475,7936,0.000001296
476,7936,0.000001644
477,7936,0.000001628
478,7936,0.000001255
479,7936,0.000001032
480,7936,0.000001257
481,7936,0.000001109
482,7936,0.000001301
483,7936,0.000001403
484,7936,0.000001234
485,7936,0.000001386
486,7936,0.000001810
487,7936,0.000001431
488,7936,0.000001320
489,7936,0.000001360
490,7936,0.000001563
491,7936,0.000001502
492,7936,0.000016075
493,7936,0.000001651
494,7936,0.000001403
495,7936,0.000001225
496,7936,0.000001152
497,7936,0.000001280
498,7936,0.000001294
499,7936,0.000001315
500,7936,0.000001207
501,7936,0.000001258
502,7936,0.000001241
503,7936,0.000001640
504,7936,0.000014300
505,7936,0.000001590
506,7936,0.000001601
507,7936,0.000001246
508,7936,0.000001348
509,7936,0.000001465
510,7936,0.000001287
511,7936,0.000001242
512,7936,0.000001342
513,7936,0.000001440
514,7936,0.000001380
515,7936,0.000001315
516,7936,0.000001305
517,7936,0.000001327
518,7936,0.000001349
519,7936,0.000001533
520,7936,0.000001350
521,7936,0.000001285
522,7936,0.000001322
523,7936,0.000001334
524,7936,0.000001235
525,7936,0.000001329
526,7936,0.000001389
527,7936,0.000001149
528,7936,0.000001265
529,7936,0.000001615
530,7936,0.000001338
531,7936,0.000001293
532,7936,0.000001264
533,7936,0.000001314
534,7936,0.000001260
535,7936,0.000001404
536,7936,0.000001299
537,7936,0.000001410
538,7936,0.000001375
539,7936,0.000001542
540,7936,0.000001880
541,7936,0.000001749
542,7936,0.000001253
543,7936,0.000001286
544,7936,0.000001171
545,7936,0.000001395
546,7936,0.000001354
547,7936,0.000001229
548,7936,0.000001330
549,7936,0.000001391
550,7936,0.000001103
551,7936,0.000001234
552,7936,0.000001288
553,7936,0.000001415
554,7936,0.000001213
555,7936,0.000001268
556,7936,0.000001350
557,7936,0.000001609
558,7936,0.000001642
559,7936,0.000001354
560,7936,0.000001281
561,7936,0.000001621
562,7936,0.000001441
563,7936,0.000001240
564,7936,0.000001467
565,7936,0.000001388
566,7936,0.000001579
567,7936,0.000001395
568,7936,0.000001317
569,7936,0.000001271
570,7936,0.000001223
571,7936,0.000001243
572,7936,0.000001694
573,7936,0.000001636
574,7936,0.000001614
575,7936,0.000001098
576,7936,0.000001259
577,7936,0.000001347
578,7936,0.000001336
579,7936,0.000001233
580,7936,0.000001469
581,7936,0.000001231
582,7936,0.000001219
583,7936,0.000001390
584,7936,0.000001314
585,7936,0.000001503
586,7936,0.000001268
587,7936,0.000001247
588,7936,0.000001294
589,7936,0.000001377
590,7936,0.000001685
591,7936,0.000001118
592,7936,0.000001230
593,7936,0.000001403
594,7936,0.000001799
595,7936,0.000001309
596,7936,0.000001275
597,7936,0.000001501
598,7936,0.000001302
599,7936,0.000001298
600,7936,0.000001229
601,7936,0.000001338
602,7936,0.000001260
603,7936,0.000001245
604,7936,0.000001376
605,7936,0.000001434
606,7936,0.000001300
607,7936,0.000001370
608,7936,0.000001488
609,7936,0.000001179
610,7936,0.000001174
611,7936,0.000001185
612,7936,0.000001520
613,7936,0.000001279
614,7936,0.000001616
615,7936,0.000001219
616,7936,0.000001212
617,7936,0.000001355
618,7936,0.000001360
619,7936,0.000001469
620,7936,0.000001445
621,7936,0.000001485
622,7936,0.000001437
623,7936,0.000001206
624,7936,0.000001313
625,7936,0.000001298
626,7936,0.000001291
627,7936,0.000001518
628,7936,0.000001208
629,7936,0.000001357
630,7936,0.000001305
631,7936,0.000001692
632,7936,0.000001399
633,7936,0.000001406
634,7936,0.000001347
635,7936,0.000001520
636,7936,0.000001350
637,7936,0.000001303
638,7936,0.000001271
639,7936,0.000001162
640,7936,0.000001272
641,7936,0.000001277
642,7936,0.000001314
643,7936,0.000001337
644,7936,0.000001395
645,7936,0.000001714
646,7936,0.000001362
647,7936,0.000001234
648,7936,0.000001357
649,7936,0.000001331
650,7936,0.000001296
651,7936,0.000001278
652,7936,0.000001466
653,7936,0.000001669
654,7936,0.000001366
655,7936,0.000001140
656,7936,0.000001459
657,7936,0.000001388
658,7936,0.000001285
659,7936,0.000001229
660,7936,0.000001325
661,7936,0.000001275
662,7936,0.000001489
663,7936,0.000001284
664,7936,0.000001338
665,7936,0.000001352
666,7936,0.000001414
667,7936,0.000001263
668,7936,0.000001383
669,7936,0.000001283
670,7936,0.000001459
671,7936,0.000001300
672,7936,0.000001313
673,7936,0.000001327
674,7936,0.000001357
675,7936,0.000001343
676,7936,0.000001453
677,7936,0.000001165
678,7936,0.000001325
679,7936,0.000001305
680,7936,0.000001390
681,7936,0.000001412
682,7936,0.000001318
683,7936,0.000001378
684,7936,0.000001337
685,7936,0.000001258
686,7936,0.000001358
687,7936,0.000001129
688,7936,0.000001328
689,7936,0.000001272
690,7936,0.000001277
691,7936,0.000001268
692,7936,0.000001134
693,7936,0.000001344
694,7936,0.000001283
695,7936,0.000001281
696,7936,0.000001253
697,7936,0.000001280
698,7936,0.000001265
699,7936,0.000001234
700,7936,0.000001497
701,7936,0.000001658
702,7936,0.000001268
703,7936,0.000001110
704,7936,0.000001336
705,7936,0.000001265
706,7936,0.000001382
707,7936,0.000001321
708,7936,0.000001281
709,7936,0.000001652
710,7936,0.000001274
711,7936,0.000001421
712,7936,0.000001285
713,7936,0.000001573
714,7936,0.000001367
715,7936,0.000001304
716,7936,0.000001402
717,7936,0.000001335
718,7936,0.000001339
719,7936,0.000001193
720,7936,0.000001560
721,7936,0.000001330
722,7936,0.000001324
723,7936,0.000001685
724,7936,0.000001493
725,7936,0.000001415
726,7936,0.000001358
727,7936,0.000001335
728,7936,0.000001311
729,7936,0.000001372
730,7936,0.000001331
731,7936,0.000001460
732,7936,0.000001465
733,7936,0.000001444
734,7936,0.000001627
735,7936,0.000001221
736,7936,0.000001234
737,7936,0.000001323
738,7936,0.000001290
739,7936,0.000001440
740,7936,0.000001301
741,7936,0.000001298
742,7936,0.000001316
743,7936,0.000001389
744,7936,0.000001427
745,7936,0.000001331
746,7936,0.000001357
747,7936,0.000001318
748,7936,0.000001367
749,7936,0.000001375
750,7936,0.000001382
751,7936,0.000001217
752,7936,0.000001164
753,7936,0.000001274
754,7936,0.000001377
755,7936,0.000001613
756,7936,0.000001563
757,7936,0.000001304
758,7936,0.000001276
759,7936,0.000001457
760,7936,0.000001259
761,7936,0.000001322
762,7936,0.000001311
763,7936,0.000001378
764,7936,0.000001368
765,7936,0.000001361
766,7936,0.000001686
767,7936,0.000001278
768,7936,0.000001532
769,7936,0.000001385
770,7936,0.000001228
771,7936,0.000001239
772,7936,0.000001375
773,7936,0.000001252
774,7936,0.000001431
775,7936,0.000001252
776,7936,0.000001270
777,7936,0.000001323
778,7936,0.000001357
779,7936,0.000001435
780,7936,0.000001401
781,7936,0.000001327
782,7936,0.000001311
783,7936,0.000001330
784,7936,0.000001203
785,7936,0.000001305
786,7936,0.000001642
787,7936,0.000001225
788,7936,0.000001129
789,7936,0.000001626
790,7936,0.000001276
791,7936,0.000001600
792,7936,0.000001241
793,7936,0.000001346
794,7936,0.000001243
795,7936,0.000001259
796,7936,0.000001265
797,7936,0.000001514
798,7936,0.000001252
799,7936,0.000001018
800,7936,0.000001213
801,7936,0.000001387
802,7936,0.000001267
803,7936,0.000001496
804,7936,0.000001301
805,7936,0.000001291
806,7936,0.000001363
807,7936,0.000001153
808,7936,0.000001256
809,7936,0.000001593
810,7936,0.000001433
811,7936,0.000001493
812,7936,0.000001277
813,7936,0.000001361
814,7936,0.000001221
815,7936,0.000001045
816,7936,0.000001170
817,7936,0.000001137
818,7936,0.000001786
819,7936,0.000001252
820,7936,0.000001229
821,7936,0.000001352
822,7936,0.000001386
823,7936,0.000001239
824,7936,0.000001308
825,7936,0.000001383
826,7936,0.000001198
827,7936,0.000001358
828,7936,0.000001196
829,7936,0.000001368
830,7936,0.000001452
831,7936,0.000001143
832,7936,0.000001255
833,7936,0.000001331
834,7936,0.000001086
835,7936,0.000001465
836,7936,0.000001136
837,7936,0.000001400
838,7936,0.000001156
839,7936,0.000001254
840,7936,0.000001755
841,7936,0.000001231
842,7936,0.000001144
843,7936,0.000001501
844,7936,0.000001485
845,7936,0.000001816
846,7936,0.000001495
847,7936,0.000001082
848,7936,0.000001351
849,7936,0.000001322
850,7936,0.000001427
851,7936,0.000001438
852,7936,0.000001223
853,7936,0.000001141
854,7936,0.000001130
855,7936,0.000001254
856,7936,0.000001338
857,7936,0.000001105
858,7936,0.000001144
859,7936,0.000001095
860,7936,0.000001139
861,7936,0.000001168
862,7936,0.000001165
863,7936,0.000001112
864,7936,0.000001106
865,7936,0.000001150
866,7936,0.000001336
867,7936,0.000001181
868,7936,0.000001627
869,7936,0.000001397
870,7936,0.000001399
871,7936,0.000001256
872,7936,0.000001139
873,7936,0.000001174
874,7936,0.000001274
875,7936,0.000001544
876,7936,0.000001314
877,7936,0.000001424
878,7936,0.000001192
879,7936,0.000000988
880,7936,0.000001217
881,7936,0.000001191
882,7936,0.000001205
883,7936,0.000001548
884,7936,0.000001576
885,7936,0.000001379
886,7936,0.000001346
887,7936,0.000001397
888,7936,0.000001660
889,7936,0.000001384
890,7936,0.000001204
891,7936,0.000001627
892,7936,0.000001495
893,7936,0.000001538
894,7936,0.000001313
895,7936,0.000001113
896,7936,0.000001184
897,7936,0.000001255
898,7936,0.000001185
899,7936,0.000001172
900,7936,0.000001268
901,7936,0.000001116
902,7936,0.000001220
903,7936,0.000001630
904,7936,0.000001267
905,7936,0.000002048
906,7936,0.000001468
907,7936,0.000001234
908,7936,0.000001330
909,7936,0.000001925
910,7936,0.000001267
911,7936,0.000001321
912,7936,0.000001431
913,7936,0.000001248
914,7936,0.000001719
915,7936,0.000001363
916,7936,0.000001237
917,7936,0.000001836
918,7936,0.000001368
919,7936,0.000001324
920,7936,0.000001192
921,7936,0.000001241
922,7936,0.000001235
923,7936,0.000001248
924,7936,0.000001338
925,7936,0.000001410
926,7936,0.000001294
927,7936,0.000001163
928,7936,0.000001269
929,7936,0.000001302
930,7936,0.000001357
931,7936,0.000001295
932,7936,0.000001426
933,7936,0.000001263
934,7936,0.000001178
935,7936,0.000001239
936,7936,0.000001334
937,7936,0.000001557
938,7936,0.000001228
939,7936,0.000001336
940,7936,0.000001330
941,7936,0.000001238
942,7936,0.000001274
943,7936,0.000001033
944,7936,0.000001283
945,7936,0.000001216
946,7936,0.000001224
947,7936,0.000001269
948,7936,0.000001241
949,7936,0.000001273
950,7936,0.000001228
951,7936,0.000001204
952,7936,0.000001293
953,7936,0.000001334
954,7936,0.000001410
955,7936,0.000001242
956,7936,0.000001399
957,7936,0.000001432
958,7936,0.000001321
959,7936,0.000001233
960,7936,0.000001177
961,7936,0.000001309
962,7936,0.000001704
963,7936,0.000001278
964,7936,0.000001314
965,7936,0.000001444
966,7936,0.000001564
967,7936,0.000001367
968,7936,0.000001258
969,7936,0.000001343
970,7936,0.000001309
971,7936,0.000001344
972,7936,0.000001343
973,7936,0.000001820
974,7936,0.000001401
975,7936,0.000001271
976,7936,0.000001392
977,7936,0.000001379
978,7936,0.000001593
979,7936,0.000001568
980,7936,0.000001433
981,7936,0.000001631
982,7936,0.000002047
983,7936,0.000001725
984,7936,0.000001479
985,7936,0.000001157
986,7936,0.000001145
987,7936,0.000001138
988,7936,0.000001155
989,7936,0.000001278
990,7936,0.000001270
991,7936,0.000000932
992,7936,0.000001000
993,7936,0.000001141
994,7936,0.000001225
995,7936,0.000001302
996,7936,0.000001244
997,7936,0.000001176
998,7936,0.000001157
999,7936,0.000001390
0,8192,0.000001551
1,8192,0.000001079
2,8192,0.000001392
3,8192,0.000001181
4,8192,0.000001195
5,8192,0.000000901
6,8192,0.000001115
7,8192,0.000000932
8,8192,0.000001034
9,8192,0.000001278
10,8192,0.000000994
11,8192,0.000001062
12,8192,0.000000935
13,8192,0.000000971
14,8192,0.000000929
15,8192,0.000001033
16,8192,0.000001150
17,8192,0.000001613
18,8192,0.000001405
19,8192,0.000001341
20,8192,0.000001351
21,8192,0.000001317
22,8192,0.000001559
23,8192,0.000002460
24,8192,0.000001273
25,8192,0.000001195
26,8192,0.000001204
27,8192,0.000001165
28,8192,0.000001385
29,8192,0.000001233
30,8192,0.000001343
31,8192,0.000001379
32,8192,0.000001233
33,8192,0.000001514
34,8192,0.000001677
35,8192,0.000001419
36,8192,0.000001187
37,8192,0.000001205
38,8192,0.000001138
39,8192,0.000001394
40,8192,0.000001151
41,8192,0.000001298
42,8192,0.000001262
43,8192,0.000001321
44,8192,0.000001427
45,8192,0.000001286
46,8192,0.000001179
47,8192,0.000001126
48,8192,0.000001078
49,8192,0.000001396
50,8192,0.000001268
51,8192,0.000001180
52,8192,0.000001295
53,8192,0.000001142
54,8192,0.000001267
55,8192,0.000001669
56,8192,0.000001164
57,8192,0.000001200
58,8192,0.000001294
59,8192,0.000001195
60,8192,0.000001617
61,8192,0.000001650
62,8192,0.000001509
63,8192,0.000001363
64,8192,0.000001213
65,8192,0.000001263
66,8192,0.000001174
67,8192,0.000001424
68,8192,0.000001286
69,8192,0.000001536
70,8192,0.000001212
71,8192,0.000001304
72,8192,0.000001230
73,8192,0.000001174
74,8192,0.000001247
75,8192,0.000001184
76,8192,0.000001506
77,8192,0.000001137
78,8192,0.000001553
79,8192,0.000001207
80,8192,0.000001211
81,8192,0.000001165
82,8192,0.000001162
83,8192,0.000001283
84,8192,0.000001233
85,8192,0.000001171
86,8192,0.000001255
87,8192,0.000001228
88,8192,0.000001199
89,8192,0.000001177
90,8192,0.000001183
91,8192,0.000001282
92,8192,0.000001210
93,8192,0.000001280
94,8192,0.000001209
95,8192,0.000001133
96,8192,0.000001226
97,8192,0.000001255
98,8192,0.000001234
99,8192,0.000001189
100,8192,0.000001131
101,8192,0.000001153
102,8192,0.000001243
103,8192,0.000001377
104,8192,0.000001652
105,8192,0.000001276
106,8192,0.000001270
107,8192,0.000001302
108,8192,0.000001516
109,8192,0.000001061
110,8192,0.000000944
111,8192,0.000000958
112,8192,0.000000916
113,8192,0.000001018
114,8192,0.000001018
115,8192,0.000000972
116,8192,0.000000951
117,8192,0.000001019
118,8192,0.000001180
119,8192,0.000000945
120,8192,0.000000948
121,8192,0.000000953
122,8192,0.000000924
123,8192,0.000001019
124,8192,0.000000994
125,8192,0.000001067
126,8192,0.000001014
127,8192,0.000000996
128,8192,0.000000944
129,8192,0.000001753
130,8192,0.000000918
131,8192,0.000000902
132,8192,0.000000983
133,8192,0.000001113
134,8192,0.000000956
135,8192,0.000000999
136,8192,0.000000998
137,8192,0.000001042
138,8192,0.000000962
139,8192,0.000000994
140,8192,0.000001339
141,8192,0.000000942
142,8192,0.000000974
143,8192,0.000001084
144,8192,0.000001050
145,8192,0.000000958
146,8192,0.000000925
147,8192,0.000000968
148,8192,0.000000985
149,8192,0.000000968
150,8192,0.000000984
151,8192,0.000001362
152,8192,0.000000914
153,8192,0.000000924
154,8192,0.000000891
155,8192,0.000000930
156,8192,0.000001002
157,8192,0.000001037
158,8192,0.000000950
159,8192,0.000001592
160,8192,0.000001360
161,8192,0.000000951
162,8192,0.000001110
163,8192,0.000001040
164,8192,0.000001025
165,8192,0.000000967
166,8192,0.000000989
167,8192,0.000001348
168,8192,0.000000894
169,8192,0.000000992
170,8192,0.000001003
171,8192,0.000000985
172,8192,0.000000942
173,8192,0.000001248
174,8192,0.000000987
175,8192,0.000001003
176,8192,0.000001017
177,8192,0.000000919
178,8192,0.000001092
179,8192,0.000000974
180,8192,0.000001023
181,8192,0.000001042
182,8192,0.000001398
183,8192,0.000000992
184,8192,0.000001046
185,8192,0.000000969
186,8192,0.000001034
187,8192,0.000001021
188,8192,0.000001030
189,8192,0.000000940
190,8192,0.000001001
191,8192,0.000001117
192,8192,0.000001055
193,8192,0.000001138
194,8192,0.000001084
195,8192,0.000001045
196,8192,0.000001147
197,8192,0.000001023
198,8192,0.000001014
199,8192,0.000000943
200,8192,0.000001017
201,8192,0.000000986
202,8192,0.000001048
203,8192,0.000001076
204,8192,0.000001333
205,8192,0.000000935
206,8192,0.000000959
207,8192,0.000001057
208,8192,0.000000939
209,8192,0.000001040
210,8192,0.000001030
211,8192,0.000001004
212,8192,0.000000978
213,8192,0.000000967
214,8192,0.000000983
215,8192,0.000001367
216,8192,0.000001002
217,8192,0.000000988
218,8192,0.000001357
219,8192,0.000000939
220,8192,0.000000879
221,8192,0.000000963
222,8192,0.000001023
223,8192,0.000000994
224,8192,0.000001012
225,8192,0.000000998
226,8192,0.000001281
227,8192,0.000001022
228,8192,0.000000987
229,8192,0.000001008
230,8192,0.000001054
231,8192,0.000001110
232,8192,0.000001001
233,8192,0.000001318
234,8192,0.000000990
235,8192,0.000001026
236,8192,0.000000953
237,8192,0.000000974
238,8192,0.000000995
239,8192,0.000000897
240,8192,0.000000961
241,8192,0.000001077
242,8192,0.000000965
243,8192,0.000001005
244,8192,0.000000957
245,8192,0.000000905
246,8192,0.000000971
247,8192,0.000000907
248,8192,0.000000921
249,8192,0.000000864
250,8192,0.000000983
251,8192,0.000000964
252,8192,0.000000905
253,8192,0.000000978
254,8192,0.000001024
255,8192,0.000001060
256,8192,0.000000992
257,8192,0.000000885
258,8192,0.000000965
259,8192,0.000000902
260,8192,0.000000868
261,8192,0.000000960
262,8192,0.000001009
263,8192,0.000000958
264,8192,0.000001362
265,8192,0.000000959
266,8192,0.000000970
267,8192,0.000000952
268,8192,0.000001135
269,8192,0.000000869
270,8192,0.000000963
271,8192,0.000000964
272,8192,0.000000879
273,8192,0.000000981
274,8192,0.000000954
275,8192,0.000000975
276,8192,0.000001011
277,8192,0.000001030
278,8192,0.000000941
279,8192,0.000000924
280,8192,0.000001050
281,8192,0.000000883
282,8192,0.000000941
283,8192,0.000000889
284,8192,0.000000926
285,8192,0.000000869
286,8192,0.000000916
287,8192,0.000000954
288,8192,0.000000961
289,8192,0.000000922
290,8192,0.000001017
291,8192,0.000000957
292,8192,0.000000887
293,8192,0.000000868
294,8192,0.000001006
295,8192,0.000000964
296,8192,0.000000997
297,8192,0.000000900
298,8192,0.000001019
299,8192,0.000000973
300,8192,0.000000994
301,8192,0.000000863
302,8192,0.000000938
303,8192,0.000000943
304,8192,0.000000961
305,8192,0.000000907
306,8192,0.000001161
307,8192,0.000000889
308,8192,0.000000886
309,8192,0.000000882
310,8192,0.000001129
311,8192,0.000000979
312,8192,0.000000933
313,8192,0.000001021
314,8192,0.000000903
315,8192,0.000001015
316,8192,0.000000895
317,8192,0.000000967
318,8192,0.000000950
319,8192,0.000001057
320,8192,0.000000922
321,8192,0.000001026
322,8192,0.000001005
323,8192,0.000000961
324,8192,0.000000948
325,8192,0.000000971
326,8192,0.000000866
327,8192,0.000000926
328,8192,0.000000913
329,8192,0.000001012
330,8192,0.000001009
331,8192,0.000000920
332,8192,0.000001014
333,8192,0.000000961
334,8192,0.000000855
335,8192,0.000000960
336,8192,0.000000973
337,8192,0.000000957
338,8192,0.000000967
339,8192,0.000001071
340,8192,0.000000960
341,8192,0.000001211
342,8192,0.000000899
343,8192,0.000001112
344,8192,0.000000923
345,8192,0.000000879
346,8192,0.000000974
347,8192,0.000000953
348,8192,0.000000953
349,8192,0.000001123
350,8192,0.000000915
351,8192,0.000000991
352,8192,0.000000873
353,8192,0.000000953
354,8192,0.000000931
355,8192,0.000000977
356,8192,0.000000871
357,8192,0.000000880
358,8192,0.000000900
359,8192,0.000000930
360,8192,0.000000938
361,8192,0.000000946
362,8192,0.000000885
363,8192,0.000001217
364,8192,0.000001039
365,8192,0.000000940
366,8192,0.000000966
367,8192,0.000000955
368,8192,0.000000907
369,8192,0.000000890
370,8192,0.000000874
371,8192,0.000001005
372,8192,0.000000948
373,8192,0.000000868
374,8192,0.000000943
375,8192,0.000000926
376,8192,0.000000989
377,8192,0.000001210
378,8192,0.000001039
379,8192,0.000000953
380,8192,0.000000933
381,8192,0.000001074
382,8192,0.000001340
383,8192,0.000001034
384,8192,0.000000951
385,8192,0.000000908
386,8192,0.000001104
387,8192,0.000000916
388,8192,0.000000934
389,8192,0.000000986
390,8192,0.000001017
391,8192,0.000000920
392,8192,0.000001107
393,8192,0.000000989
394,8192,0.000000924
395,8192,0.000000948
396,8192,0.000000998
397,8192,0.000000952
398,8192,0.000001034
399,8192,0.000000885
400,8192,0.000001094
401,8192,0.000000990
402,8192,0.000000912
403,8192,0.000000948
404,8192,0.000000970
405,8192,0.000001274
406,8192,0.000001023
407,8192,0.000000996
408,8192,0.000001043
409,8192,0.000001100
410,8192,0.000001011
411,8192,0.000001051
412,8192,0.000000880
413,8192,0.000001021
414,8192,0.000000976
415,8192,0.000000967
416,8192,0.000000949
417,8192,0.000000944
418,8192,0.000000846
419,8192,0.000000923
420,8192,0.000000952
421,8192,0.000000924
422,8192,0.000000894
423,8192,0.000000892
424,8192,0.000000901
425,8192,0.000000860
426,8192,0.000000874
427,8192,0.000001170
428,8192,0.000000914
429,8192,0.000000942
430,8192,0.000000942
431,8192,0.000000848
432,8192,0.000001023
433,8192,0.000000985
434,8192,0.000000960
435,8192,0.000000920
436,8192,0.000000964
437,8192,0.000001127
438,8192,0.000001040
439,8192,0.000001024
440,8192,0.000000966
441,8192,0.000000958
442,8192,0.000000932
443,8192,0.000001047
444,8192,0.000000956
445,8192,0.000001015
446,8192,0.000000958
447,8192,0.000001025
448,8192,0.000001251
449,8192,0.000000977
450,8192,0.000000957
451,8192,0.000000948
452,8192,0.000000990
453,8192,0.000000954
454,8192,0.000000959
455,8192,0.000000912
456,8192,0.000000897
457,8192,0.000000933
458,8192,0.000000951
459,8192,0.000000928
460,8192,0.000000999
461,8192,0.000000911
462,8192,0.000000943
463,8192,0.000000964
464,8192,0.000000957
465,8192,0.000001038
466,8192,0.000000937
467,8192,0.000000971
468,8192,0.000000915
469,8192,0.000000997
470,8192,0.000001003
471,8192,0.000000950
472,8192,0.000000893
473,8192,0.000001015
474,8192,0.000001042
475,8192,0.000001163
476,8192,0.000001032
477,8192,0.000001333
478,8192,0.000001029
479,8192,0.000001021
480,8192,0.000000997
481,8192,0.000000930
482,8192,0.000001011
483,8192,0.000000964
484,8192,0.000000950
485,8192,0.000000935
486,8192,0.000000928
487,8192,0.000000975
488,8192,0.000000983
489,8192,0.000000974
490,8192,0.000000975
491,8192,0.000000972
492,8192,0.000001032
493,8192,0.000000900
494,8192,0.000000867
495,8192,0.000001026
496,8192,0.000000960
497,8192,0.000000985
498,8192,0.000000948
499,8192,0.000000990
500,8192,0.000000931
501,8192,0.000000870
502,8192,0.000000865
503,8192,0.000001184
504,8192,0.000000960
505,8192,0.000000928
506,8192,0.000000985
507,8192,0.000001007
508,8192,0.000001325
509,8192,0.000001058
510,8192,0.000000931
511,8192,0.000000917
512,8192,0.000000941
513,8192,0.000000911
514,8192,0.000000917
515,8192,0.000001019
516,8192,0.000000985
517,8192,0.000000978
518,8192,0.000000924
519,8192,0.000000953
520,8192,0.000001049
521,8192,0.000001091
522,8192,0.000000958
523,8192,0.000000970
524,8192,0.000000963
525,8192,0.000000897
526,8192,0.000001028
527,8192,0.000000891
528,8192,0.000000960
529,8192,0.000000979
530,8192,0.000000949
531,8192,0.000000889
532,8192,0.000001001
533,8192,0.000000954
534,8192,0.000001167
535,8192,0.000000950
536,8192,0.000001008
537,8192,0.000000852
538,8192,0.000000971
539,8192,0.000000941
540,8192,0.000000979
541,8192,0.000000956
542,8192,0.000001051
543,8192,0.000001241
544,8192,0.000000994
545,8192,0.000000970
546,8192,0.000000986
547,8192,0.000000953
548,8192,0.000000933
549,8192,0.000001066
550,8192,0.000001063
551,8192,0.000000931
552,8192,0.000000978
553,8192,0.000000924
554,8192,0.000000956
555,8192,0.000000985
556,8192,0.000001003
557,8192,0.000000926
558,8192,0.000000908
559,8192,0.000001047
560,8192,0.000001001
561,8192,0.000000954
562,8192,0.000001012
563,8192,0.000000835
564,8192,0.000000914
565,8192,0.000001430
566,8192,0.000000988
567,8192,0.000001025
568,8192,0.000000972
569,8192,0.000000998
570,8192,0.000000946
571,8192,0.000001002
572,8192,0.000000972
573,8192,0.000000973
574,8192,0.000000949
575,8192,0.000001018
576,8192,0.000001033
577,8192,0.000000998
578,8192,0.000000945
579,8192,0.000000953
580,8192,0.000000926
581,8192,0.000000992
582,8192,0.000000967
583,8192,0.000000946
584,8192,0.000000971
585,8192,0.000001047
586,8192,0.000001008
587,8192,0.000000902
588,8192,0.000000967
589,8192,0.000000988
590,8192,0.000000945
591,8192,0.000000869
592,8192,0.000000993
593,8192,0.000000944
594,8192,0.000001057
595,8192,0.000000951
596,8192,0.000001070
597,8192,0.000000939
598,8192,0.000000969
599,8192,0.000001237
600,8192,0.000001017
601,8192,0.000000958
602,8192,0.000000932
603,8192,0.000000952
604,8192,0.000001024
605,8192,0.000001028
606,8192,0.000000923
607,8192,0.000000963
608,8192,0.000001000
609,8192,0.000000862
610,8192,0.000000999
611,8192,0.000000930
612,8192,0.000000967
613,8192,0.000000970
614,8192,0.000000916
615,8192,0.000001049
616,8192,0.000000957
617,8192,0.000000882
618,8192,0.000000922
619,8192,0.000000890
620,8192,0.000000959
621,8192,0.000000900
622,8192,0.000000936
623,8192,0.000000973
624,8192,0.000001051
625,8192,0.000000960
626,8192,0.000000930
627,8192,0.000000858
628,8192,0.000001057
629,8192,0.000000906
630,8192,0.000000884
631,8192,0.000000919
632,8192,0.000000924
633,8192,0.000000969
634,8192,0.000000965
635,8192,0.000000948
636,8192,0.000000951
637,8192,0.000000905
638,8192,0.000000911
639,8192,0.000000963
640,8192,0.000000890
641,8192,0.000000943
642,8192,0.000000917
643,8192,0.000000952
644,8192,0.000000939
645,8192,0.000000915
646,8192,0.000000907
647,8192,0.000000944
648,8192,0.000000878
649,8192,0.000000851
650,8192,0.000000873
651,8192,0.000000886
652,8192,0.000000943
653,8192,0.000001238
654,8192,0.000000874
655,8192,0.000000866
656,8192,0.000000893
657,8192,0.000001294
658,8192,0.000001223
659,8192,0.000001154
660,8192,0.000001283
661,8192,0.000001200
662,8192,0.000001180
663,8192,0.000001223
664,8192,0.000001138
665,8192,0.000001965
666,8192,0.000001129
667,8192,0.000001130
668,8192,0.000001139
669,8192,0.000001190
670,8192,0.000001195
671,8192,0.000001413
672,8192,0.000001845
673,8192,0.000001531
674,8192,0.000001125
675,8192,0.000001350
676,8192,0.000000994
677,8192,0.000001009
678,8192,0.000001237
679,8192,0.000001165
680,8192,0.000001221
681,8192,0.000001097
682,8192,0.000001185
683,8192,0.000001256
684,8192,0.000001361
685,8192,0.000001429
686,8192,0.000001102
687,8192,0.000001304
688,8192,0.000001120
689,8192,0.000001103
690,8192,0.000001052
691,8192,0.000001232
692,8192,0.000001155
693,8192,0.000001106
694,8192,0.000001067
695,8192,0.000001210
696,8192,0.000001321
697,8192,0.000001388
698,8192,0.000001609
699,8192,0.000001105
700,8192,0.000001838
701,8192,0.000001166
702,8192,0.000001021
703,8192,0.000001125
704,8192,0.000001063
705,8192,0.000001212
706,8192,0.000001114
707,8192,0.000001206
708,8192,0.000001666
709,8192,0.000001252
710,8192,0.000001567
711,8192,0.000001169
712,8192,0.000001102
713,8192,0.000001162
714,8192,0.000001350
715,8192,0.000001441
716,8192,0.000001341
717,8192,0.000001161
718,8192,0.000001140
719,8192,0.000001108
720,8192,0.000001134
721,8192,0.000001457
722,8192,0.000001211
723,8192,0.000001099
724,8192,0.000001158
725,8192,0.000001152
726,8192,0.000001210
727,8192,0.000001203
728,8192,0.000001194
729,8192,0.000001405
730,8192,0.000001172
731,8192,0.000001269
732,8192,0.000001137
733,8192,0.000001414
734,8192,0.000001262
735,8192,0.000001321
736,8192,0.000001166
737,8192,0.000001233
738,8192,0.000001380
739,8192,0.000001931
740,8192,0.000001254
741,8192,0.000001098
742,8192,0.000001245
743,8192,0.000001379
744,8192,0.000001186
745,8192,0.000001312
746,8192,0.000001227
747,8192,0.000001396
748,8192,0.000001135
749,8192,0.000001172
750,8192,0.000001225
751,8192,0.000001484
752,8192,0.000001255
753,8192,0.000001295
754,8192,0.000001384
755,8192,0.000001675
756,8192,0.000001171
757,8192,0.000001174
758,8192,0.000001535
759,8192,0.000001977
760,8192,0.000001328
761,8192,0.000001193
762,8192,0.000001273
763,8192,0.000001303
764,8192,0.000001613
765,8192,0.000001233
766,8192,0.000001634
767,8192,0.000001132
768,8192,0.000001157
769,8192,0.000001230
770,8192,0.000001171
771,8192,0.000001173
772,8192,0.000001207
773,8192,0.000001209
774,8192,0.000001206
775,8192,0.000001220
776,8192,0.000001494
777,8192,0.000001239
778,8192,0.000001220
779,8192,0.000001506
780,8192,0.000001196
781,8192,0.000001387
782,8192,0.000001834
783,8192,0.000001352
784,8192,0.000001112
785,8192,0.000001080
786,8192,0.000001245
787,8192,0.000001188
788,8192,0.000001507
789,8192,0.000001203
790,8192,0.000001178
791,8192,0.000001117
792,8192,0.000001049
793,8192,0.000001171
794,8192,0.000001223
795,8192,0.000001424
796,8192,0.000001117
797,8192,0.000001182
798,8192,0.000001158
799,8192,0.000001131
800,8192,0.000001117
801,8192,0.000001367
802,8192,0.000000978
803,8192,0.000001095
804,8192,0.000001060
805,8192,0.000001104
806,8192,0.000001070
807,8192,0.000001109
808,8192,0.000001046
809,8192,0.000001119
810,8192,0.000001306
811,8192,0.000001249
812,8192,0.000001291
813,8192,0.000001471
814,8192,0.000001273
815,8192,0.000001137
816,8192,0.000001204
817,8192,0.000001227
818,8192,0.000001258
819,8192,0.000001535
820,8192,0.000001473
821,8192,0.000001168
822,8192,0.000001277
823,8192,0.000001263
824,8192,0.000001173
825,8192,0.000001215
826,8192,0.000001550
827,8192,0.000001178
828,8192,0.000001392
829,8192,0.000001513
830,8192,0.000001218
831,8192,0.000001209
832,8192,0.000001308
833,8192,0.000001550
834,8192,0.000001177
835,8192,0.000001486
836,8192,0.000001299
837,8192,0.000001226
838,8192,0.000001164
839,8192,0.000001220
840,8192,0.000001203
841,8192,0.000001168
842,8192,0.000001212
843,8192,0.000001196
844,8192,0.000001312
845,8192,0.000001212
846,8192,0.000001194
847,8192,0.000001258
848,8192,0.000001167
849,8192,0.000001306
850,8192,0.000001284
851,8192,0.000001377
852,8192,0.000001233
853,8192,0.000001288
854,8192,0.000001625
855,8192,0.000001193
856,8192,0.000014969
857,8192,0.000001605
858,8192,0.000001687
859,8192,0.000001275
860,8192,0.000001324
861,8192,0.000001199
862,8192,0.000000867
863,8192,0.000001115
864,8192,0.000001024
865,8192,0.000000967
866,8192,0.000000960
867,8192,0.000001003
868,8192,0.000001042
869,8192,0.000000977
870,8192,0.000001061
871,8192,0.000001231
872,8192,0.000000962
873,8192,0.000000924
874,8192,0.000000992
875,8192,0.000001078
876,8192,0.000000990
877,8192,0.000000988
878,8192,0.000000921
879,8192,0.000001021
880,8192,0.000000914
881,8192,0.000001006
882,8192,0.000000994
883,8192,0.000001054
884,8192,0.000000980
885,8192,0.000000977
886,8192,0.000000998
887,8192,0.000001012
888,8192,0.000000910
889,8192,0.000000971
890,8192,0.000001094
891,8192,0.000001133
892,8192,0.000001057
893,8192,0.000000993
894,8192,0.000000949
895,8192,0.000001065
896,8192,0.000000949
897,8192,0.000000996
898,8192,0.000001012
899,8192,0.000000964
900,8192,0.000001073
901,8192,0.000000971
902,8192,0.000001123
903,8192,0.000000978
904,8192,0.000001045
905,8192,0.000000963
906,8192,0.000001047
907,8192,0.000000914
908,8192,0.000000962
909,8192,0.000000927
910,8192,0.000001305
911,8192,0.000001070
912,8192,0.000000932
913,8192,0.000000967
914,8192,0.000001105
915,8192,0.000001083
916,8192,0.000001024
917,8192,0.000001050
918,8192,0.000001084
919,8192,0.000001289
920,8192,0.000001035
921,8192,0.000001180
922,8192,0.000001080
923,8192,0.000001106
924,8192,0.000001349
925,8192,0.000001072
926,8192,0.000001180
927,8192,0.000001259
928,8192,0.000001223
929,8192,0.000001231
930,8192,0.000001606
931,8192,0.000001142
932,8192,0.000001082
933,8192,0.000001614
934,8192,0.000001110
935,8192,0.000001147
936,8192,0.000001040
937,8192,0.000001176
938,8192,0.000001158
939,8192,0.000001146
940,8192,0.000001237
941,8192,0.000001420
942,8192,0.000001050
943,8192,0.000001196
944,8192,0.000001133
945,8192,0.000001158
946,8192,0.000001226
947,8192,0.000001190
948,8192,0.000001204
949,8192,0.000001605
950,8192,0.000001191
951,8192,0.000001197
952,8192,0.000001191
953,8192,0.000001176
954,8192,0.000001139
955,8192,0.000026052
956,8192,0.000001850
957,8192,0.000001228
958,8192,0.000001152
959,8192,0.000001335
960,8192,0.000001192
961,8192,0.000001016
962,8192,0.000001154
963,8192,0.000001491
964,8192,0.000001183
965,8192,0.000001162
966,8192,0.000001582
967,8192,0.000001047
968,8192,0.000001170
969,8192,0.000001265
970,8192,0.000001068
971,8192,0.000001197
972,8192,0.000001094
973,8192,0.000001251
974,8192,0.000001382
975,8192,0.000001144
976,8192,0.000001232
977,8192,0.000001123
978,8192,0.000001201
979,8192,0.000001197
980,8192,0.000001153
981,8192,0.000001181
982,8192,0.000001301
983,8192,0.000001131
984,8192,0.000001123
985,8192,0.000001252
986,8192,0.000001413
987,8192,0.000001090
988,8192,0.000001093
989,8192,0.000001124
990,8192,0.000001101
991,8192,0.000001250
992,8192,0.000001185
993,8192,0.000001123
994,8192,0.000001210
995,8192,0.000001196
996,8192,0.000001148
997,8192,0.000001180
998,8192,0.000001557
999,8192,0.000001270
